BEGIN TRANSACTION;

INSERT INTO patients (id, name, age, gender, address_line1, city, county, postcode, country, telephone, email, gp_name, gp_practice, gp_address, national_insurance_number, passport_number, cache_status, last_synced_at, meta_region) VALUES ('pt-0001', 'Hugo Webb', 84, 'Male', 'Unit 40, 73 Park Row', 'Leeds', 'West Yorkshire', 'LS1 1UR', 'UK', '+44 7335 717024', 'hugo.webb@gmail.com', 'Dr Sarah Walsh', 'Brownlow Group Practice', '150 Mt Pleasant, Liverpool L69 3GD, United Kingdom', 'HC949401A', '923026480', 'cached_stale', '2026-02-15T00:00:00Z', 'Leeds');
INSERT INTO patient_conditions (patient_id, condition_name, status, since_date) VALUES ('pt-0001', 'Chronic kidney disease', 'controlled', '2023-11-27');
INSERT INTO patient_appointments (patient_id, appointment_date, appointment_time, type, location, reason, verified_up_to_date) VALUES ('pt-0001', '2026-08-31', '10:15', 'Medication review', 'Telehealth', 'symptom check', 1);
INSERT INTO patient_appointments (patient_id, appointment_date, appointment_time, type, location, reason, verified_up_to_date) VALUES ('pt-0001', '2026-11-15', '14:20', 'Mental health check-in', 'Community clinic', 'vaccination', 1);

INSERT INTO patients (id, name, age, gender, address_line1, city, county, postcode, country, telephone, email, gp_name, gp_practice, gp_address, national_insurance_number, passport_number, cache_status, last_synced_at, meta_region) VALUES ('pt-0002', 'Maisie Howard', 66, 'Female', '163 Princes Street', 'Edinburgh', 'City of Edinburgh', 'EH1 1BQ', 'UK', '+44 7513 225710', 'maisiehoward@gmail.com', 'Dr Daniel Evans', 'Brownlow Group Practice', '150 Mt Pleasant, Liverpool L69 3GD, United Kingdom', 'TC439589C', '279995032', 'verified_online', '2026-02-04T00:00:00Z', 'Edinburgh');
INSERT INTO patient_conditions (patient_id, condition_name, status, since_date) VALUES ('pt-0002', 'Asthma', 'history', '2014-04-29');
INSERT INTO patient_conditions (patient_id, condition_name, status, since_date) VALUES ('pt-0002', 'Type 2 diabetes', 'monitoring', '2021-07-22');
INSERT INTO patient_conditions (patient_id, condition_name, status, since_date) VALUES ('pt-0002', 'Heart failure', 'active', '2021-02-13');
INSERT INTO patient_conditions (patient_id, condition_name, status, since_date) VALUES ('pt-0002', 'Atrial fibrillation', 'active', '2023-07-11');
INSERT INTO patient_conditions (patient_id, condition_name, status, since_date) VALUES ('pt-0002', 'Overactive bladder', 'active', '2013-04-10');
INSERT INTO patient_conditions (patient_id, condition_name, status, since_date) VALUES ('pt-0002', 'Hypercholesterolaemia', 'active', '2016-06-25');
INSERT INTO patient_prescriptions (patient_id, drug, indication, dose, frequency, start_date, prescriber) VALUES ('pt-0002', 'Beclometasone dipropionate', 'Asthma/COPD', '1 tablet', 'once daily', '2024-02-05', 'Dr Fatima Taylor');
INSERT INTO patient_appointments (patient_id, appointment_date, appointment_time, type, location, reason, verified_up_to_date) VALUES ('pt-0002', '2025-05-02', '17:00', 'Physiotherapy', 'GP practice', 'routine review', 0);
INSERT INTO patient_appointments (patient_id, appointment_date, appointment_time, type, location, reason, verified_up_to_date) VALUES ('pt-0002', '2025-09-21', '12:45', 'Mental health check-in', 'Home visit', 'symptom check', 1);
INSERT INTO patient_vaccine_records (patient_id, vaccine, vaccine_date, product) VALUES ('pt-0002', 'COVID-19', '2019-09-13', 'Nuvaxovid');
INSERT INTO patient_vaccine_records (patient_id, vaccine, vaccine_date, product) VALUES ('pt-0002', 'COVID-19 booster', '2017-08-24', 'Spikevax');
INSERT INTO patient_vaccine_records (patient_id, vaccine, vaccine_date, product) VALUES ('pt-0002', 'Influenza (seasonal)', '2019-07-17', NULL);
INSERT INTO patient_vaccine_records (patient_id, vaccine, vaccine_date, product) VALUES ('pt-0002', 'Hepatitis B', '2023-02-22', NULL);

INSERT INTO patients (id, name, age, gender, address_line1, city, county, postcode, country, telephone, email, gp_name, gp_practice, gp_address, national_insurance_number, passport_number, cache_status, last_synced_at, meta_region) VALUES ('pt-0003', 'David Morgan', 29, 'Male', 'Apt 56, 16 St Andrew Square', 'Edinburgh', 'City of Edinburgh', 'EH1 1BQ', 'UK', '+44 7674 110139', 'davidmorgan@gmail.com', 'Dr Chloe Foster', 'Brownlow Group Practice', '150 Mt Pleasant, Liverpool L69 3GD, United Kingdom', 'LS579364B', '461479973', 'cached_stale', '2026-02-05T00:00:00Z', 'Edinburgh');
INSERT INTO patient_conditions (patient_id, condition_name, status, since_date) VALUES ('pt-0003', 'Coronary heart disease', 'monitoring', '2024-11-24');
INSERT INTO patient_conditions (patient_id, condition_name, status, since_date) VALUES ('pt-0003', 'Chronic kidney disease', 'active', '2025-11-06');
INSERT INTO patient_conditions (patient_id, condition_name, status, since_date) VALUES ('pt-0003', 'Depression', 'monitoring', '2026-01-22');
INSERT INTO patient_prescriptions (patient_id, drug, indication, dose, frequency, start_date, prescriber) VALUES ('pt-0003', 'Amlodipine', 'Hypertension/Angina', '2 puffs', 'with meals', '2024-01-17', 'Dr Priya Patel');
INSERT INTO patient_appointments (patient_id, appointment_date, appointment_time, type, location, reason, verified_up_to_date) VALUES ('pt-0003', '2027-02-05', '12:50', 'Respiratory review', 'GP practice', 'routine review', 0);

INSERT INTO patients (id, name, age, gender, address_line1, city, county, postcode, country, telephone, email, gp_name, gp_practice, gp_address, national_insurance_number, passport_number, cache_status, last_synced_at, meta_region) VALUES ('pt-0004', 'Abigail Campbell', 88, 'Female', '62 The Headrow', 'Leeds', 'West Yorkshire', 'LS1 1UR', 'UK', '+44 7979 593554', 'abigail237@hotmail.co.uk', 'Dr Maya Patel', 'Brownlow Group Practice', '150 Mt Pleasant, Liverpool L69 3GD, United Kingdom', 'JZ913648B', '239362341', 'cached_stale', '2026-03-04T00:00:00Z', 'Leeds');
INSERT INTO patient_vaccine_records (patient_id, vaccine, vaccine_date, product) VALUES ('pt-0004', 'COVID-19', '2020-08-24', 'Comirnaty');

INSERT INTO patients (id, name, age, gender, address_line1, city, county, postcode, country, telephone, email, gp_name, gp_practice, gp_address, national_insurance_number, passport_number, cache_status, last_synced_at, meta_region) VALUES ('pt-0005', 'Harry Walker', 56, 'Male', 'Flat 42, 7 West Nile Street', 'Glasgow', 'Glasgow City', 'G2 2PG', 'UK', '+44 7407 631756', 'harry326@hotmail.co.uk', 'Dr Tom Morgan', 'Brownlow Group Practice', '150 Mt Pleasant, Liverpool L69 3GD, United Kingdom', 'MW310016B', '205986733', 'cached_recent', '2026-02-11T00:00:00Z', 'Glasgow');
INSERT INTO patient_conditions (patient_id, condition_name, status, since_date) VALUES ('pt-0005', 'Gout', 'active', '2013-10-10');
INSERT INTO patient_prescriptions (patient_id, drug, indication, dose, frequency, start_date, prescriber) VALUES ('pt-0005', 'Latanoprost', 'Glaucoma', '200 mg', 'once daily', '2026-02-01', 'Dr Owen Jones');

INSERT INTO patients (id, name, age, gender, address_line1, city, county, postcode, country, telephone, email, gp_name, gp_practice, gp_address, national_insurance_number, passport_number, cache_status, last_synced_at, meta_region) VALUES ('pt-0006', 'Victoria Young', 59, 'Female', 'Flat 19, 219 Donegall Square South', 'Belfast', 'County Antrim', 'BT1 5UB', 'UK', '+44 7616 547470', 'victoria860@outlook.com', 'Dr Rachel Ahmed', 'Brownlow Group Practice', '150 Mt Pleasant, Liverpool L69 3GD, United Kingdom', 'XP471932C', '807214179', 'cached_stale', '2026-02-11T00:00:00Z', 'Belfast');
INSERT INTO patient_conditions (patient_id, condition_name, status, since_date) VALUES ('pt-0006', 'Overactive bladder', 'monitoring', '2022-09-28');
INSERT INTO patient_conditions (patient_id, condition_name, status, since_date) VALUES ('pt-0006', 'Depression', 'monitoring', '2013-04-11');
INSERT INTO patient_appointments (patient_id, appointment_date, appointment_time, type, location, reason, verified_up_to_date) VALUES ('pt-0006', '2025-09-23', '10:00', 'GP review', 'Community clinic', 'results discussion', 1);
INSERT INTO patient_appointments (patient_id, appointment_date, appointment_time, type, location, reason, verified_up_to_date) VALUES ('pt-0006', '2026-12-08', '17:20', 'Vaccination appointment', 'Home visit', 'results discussion', 1);
INSERT INTO patient_appointments (patient_id, appointment_date, appointment_time, type, location, reason, verified_up_to_date) VALUES ('pt-0006', '2027-02-06', '08:10', 'Vaccination appointment', 'Community clinic', 'symptom check', 0);

INSERT INTO patients (id, name, age, gender, address_line1, city, county, postcode, country, telephone, email, gp_name, gp_practice, gp_address, national_insurance_number, passport_number, cache_status, last_synced_at, meta_region) VALUES ('pt-0007', 'Lucy Price', 67, 'Female', 'Flat 24, 132 Lower College Street', 'Bristol', 'Bristol', 'BS1 5QH', 'UK', '+44 7230 752483', 'lucy556@gmail.com', 'Dr Kate Evans', 'Brownlow Group Practice', '150 Mt Pleasant, Liverpool L69 3GD, United Kingdom', 'CU449433B', '930774552', 'verified_online', '2026-02-17T00:00:00Z', 'Bristol');
INSERT INTO patient_prescriptions (patient_id, drug, indication, dose, frequency, start_date, prescriber) VALUES ('pt-0007', 'Metformin', 'Type 2 diabetes', '200 mg', 'once weekly', '2025-01-10', 'Dr Owen Jones');
INSERT INTO patient_appointments (patient_id, appointment_date, appointment_time, type, location, reason, verified_up_to_date) VALUES ('pt-0007', '2025-05-10', '17:00', 'Ophthalmology', 'Home visit', 'results discussion', 1);
INSERT INTO patient_vaccine_records (patient_id, vaccine, vaccine_date, product) VALUES ('pt-0007', 'COVID-19', '2019-02-04', 'Comirnaty');
INSERT INTO patient_vaccine_records (patient_id, vaccine, vaccine_date, product) VALUES ('pt-0007', 'Influenza (seasonal)', '2019-11-04', NULL);

INSERT INTO patients (id, name, age, gender, address_line1, city, county, postcode, country, telephone, email, gp_name, gp_practice, gp_address, national_insurance_number, passport_number, cache_status, last_synced_at, meta_region) VALUES ('pt-0008', 'Clara Johnson', 76, 'Female', 'Apt 64, 144 Chicheley Street', 'London', 'Greater London', 'SW1A 1JR', 'UK', '+44 7484 515922', 'clarajohnson@gmail.com', 'Dr Kieran Khan', 'Brownlow Group Practice', '150 Mt Pleasant, Liverpool L69 3GD, United Kingdom', 'SW870917B', '109415691', 'cached_stale', '2026-02-12T00:00:00Z', 'London');
INSERT INTO patient_conditions (patient_id, condition_name, status, since_date) VALUES ('pt-0008', 'Type 2 diabetes', 'controlled', '2015-08-27');
INSERT INTO patient_appointments (patient_id, appointment_date, appointment_time, type, location, reason, verified_up_to_date) VALUES ('pt-0008', '2025-06-29', '17:20', 'Medication review', 'Hospital outpatient department', 'annual monitoring', 1);
INSERT INTO patient_vaccine_records (patient_id, vaccine, vaccine_date, product) VALUES ('pt-0008', 'Influenza (seasonal)', '2023-11-07', NULL);
INSERT INTO patient_vaccine_records (patient_id, vaccine, vaccine_date, product) VALUES ('pt-0008', 'Shingles (Shingrix)', '2022-07-11', 'Shingrix');

INSERT INTO patients (id, name, age, gender, address_line1, city, county, postcode, country, telephone, email, gp_name, gp_practice, gp_address, national_insurance_number, passport_number, cache_status, last_synced_at, meta_region) VALUES ('pt-0009', 'Maisie Shaw', 29, 'Female', 'Unit 36, 32 Calverley Street', 'Leeds', 'West Yorkshire', 'LS1 1UR', 'UK', '+44 7629 300337', 'maisie97@icloud.com', 'Dr Sophie Taylor', 'Brownlow Group Practice', '150 Mt Pleasant, Liverpool L69 3GD, United Kingdom', 'RY251997D', '693532952', 'cached_stale', '2026-02-20T00:00:00Z', 'Leeds');
INSERT INTO patient_conditions (patient_id, condition_name, status, since_date) VALUES ('pt-0009', 'Glaucoma', 'monitoring', '2024-12-29');
INSERT INTO patient_conditions (patient_id, condition_name, status, since_date) VALUES ('pt-0009', 'COPD', 'active', '2023-04-02');
INSERT INTO patient_conditions (patient_id, condition_name, status, since_date) VALUES ('pt-0009', 'Dementia', 'history', '2020-12-13');
INSERT INTO patient_appointments (patient_id, appointment_date, appointment_time, type, location, reason, verified_up_to_date) VALUES ('pt-0009', '2025-05-31', '12:50', 'Cardiology follow-up', 'Home visit', 'treatment follow-up', 0);
INSERT INTO patient_vaccine_records (patient_id, vaccine, vaccine_date, product) VALUES ('pt-0009', 'Td/Tdap (tetanus, diphtheria, pertussis)', '2019-06-24', NULL);

INSERT INTO patients (id, name, age, gender, address_line1, city, county, postcode, country, telephone, email, gp_name, gp_practice, gp_address, national_insurance_number, passport_number, cache_status, last_synced_at, meta_region) VALUES ('pt-0010', 'Abigail Webb', 62, 'Female', 'Unit 7, 93 Corporation Street', 'Birmingham', 'West Midlands', 'B1 1BB', 'UK', '+44 7358 600935', 'abigail126@icloud.com', 'Dr David Reid', 'Brownlow Group Practice', '150 Mt Pleasant, Liverpool L69 3GD, United Kingdom', 'CS660021A', '162915636', 'cached_recent', '2026-02-16T00:00:00Z', 'Birmingham');
INSERT INTO patient_conditions (patient_id, condition_name, status, since_date) VALUES ('pt-0010', 'Hypothyroidism', 'controlled', '2018-04-04');
INSERT INTO patient_conditions (patient_id, condition_name, status, since_date) VALUES ('pt-0010', 'Chronic kidney disease', 'controlled', '2015-06-24');
INSERT INTO patient_conditions (patient_id, condition_name, status, since_date) VALUES ('pt-0010', 'Hypercholesterolaemia', 'history', '2017-05-20');
INSERT INTO patient_prescriptions (patient_id, drug, indication, dose, frequency, start_date, prescriber) VALUES ('pt-0010', 'Clopidogrel', 'Antiplatelet (post-MI/stroke)', '10 mg', 'twice daily', '2024-10-31', 'Dr Ibrahim Khan');
INSERT INTO patient_appointments (patient_id, appointment_date, appointment_time, type, location, reason, verified_up_to_date) VALUES ('pt-0010', '2023-11-19', '12:00', 'GP review', 'Telehealth', 'annual monitoring', 1);
INSERT INTO patient_vaccine_records (patient_id, vaccine, vaccine_date, product) VALUES ('pt-0010', 'COVID-19', '2019-08-02', 'Nuvaxovid');
INSERT INTO patient_vaccine_records (patient_id, vaccine, vaccine_date, product) VALUES ('pt-0010', 'COVID-19 booster', '2017-07-04', 'Comirnaty');

INSERT INTO patients (id, name, age, gender, address_line1, city, county, postcode, country, telephone, email, gp_name, gp_practice, gp_address, national_insurance_number, passport_number, cache_status, last_synced_at, meta_region) VALUES ('pt-0011', 'Archie Graham', 64, 'Male', '22 Paradise Street', 'Liverpool', 'Merseyside', 'L1 8BQ', 'UK', '+44 7709 885339', 'agraham@icloud.com', 'Dr Sanjay Reid', 'Brownlow Group Practice', '150 Mt Pleasant, Liverpool L69 3GD, United Kingdom', 'DO722131C', '751333320', 'cached_stale', '2026-02-10T00:00:00Z', 'Liverpool');
INSERT INTO patient_appointments (patient_id, appointment_date, appointment_time, type, location, reason, verified_up_to_date) VALUES ('pt-0011', '2025-09-19', '09:20', 'Respiratory review', 'Telehealth', 'vaccination', 1);
INSERT INTO patient_appointments (patient_id, appointment_date, appointment_time, type, location, reason, verified_up_to_date) VALUES ('pt-0011', '2025-11-29', '09:15', 'Cardiology follow-up', 'Community clinic', 'treatment follow-up', 1);
INSERT INTO patient_appointments (patient_id, appointment_date, appointment_time, type, location, reason, verified_up_to_date) VALUES ('pt-0011', '2026-04-26', '15:50', 'Respiratory review', 'GP practice', 'symptom check', 1);
INSERT INTO patient_vaccine_records (patient_id, vaccine, vaccine_date, product) VALUES ('pt-0011', 'COVID-19', '2021-10-15', 'Spikevax');

INSERT INTO patients (id, name, age, gender, address_line1, city, county, postcode, country, telephone, email, gp_name, gp_practice, gp_address, national_insurance_number, passport_number, cache_status, last_synced_at, meta_region) VALUES ('pt-0012', 'Charlotte Taylor', 86, 'Female', '33 Donegall Square South', 'Belfast', 'County Antrim', 'BT1 5JA', 'UK', '+44 7418 677596', 'charlotte24@gmail.com', 'Dr Matthew Ahmed', 'Brownlow Group Practice', '150 Mt Pleasant, Liverpool L69 3GD, United Kingdom', 'HD483863A', '695472980', 'cached_stale', '2026-02-18T00:00:00Z', 'Belfast');
INSERT INTO patient_conditions (patient_id, condition_name, status, since_date) VALUES ('pt-0012', 'Depression', 'history', '2017-06-02');
INSERT INTO patient_conditions (patient_id, condition_name, status, since_date) VALUES ('pt-0012', 'Gastro-oesophageal reflux disease (GORD)', 'history', '2025-06-02');
INSERT INTO patient_prescriptions (patient_id, drug, indication, dose, frequency, start_date, prescriber) VALUES ('pt-0012', 'Budesonide', 'Respiratory/Inflammation', '100 mg', 'as needed', '2023-10-05', 'Dr Kieran Ahmed');
INSERT INTO patient_appointments (patient_id, appointment_date, appointment_time, type, location, reason, verified_up_to_date) VALUES ('pt-0012', '2026-03-09', '17:50', 'Medication review', 'GP practice', 'symptom check', 1);
INSERT INTO patient_appointments (patient_id, appointment_date, appointment_time, type, location, reason, verified_up_to_date) VALUES ('pt-0012', '2026-04-18', '16:00', 'Medication review', 'GP practice', 'annual monitoring', 1);
INSERT INTO patient_appointments (patient_id, appointment_date, appointment_time, type, location, reason, verified_up_to_date) VALUES ('pt-0012', '2026-04-21', '16:00', 'Mental health check-in', 'Home visit', 'results discussion', 1);
INSERT INTO patient_vaccine_records (patient_id, vaccine, vaccine_date, product) VALUES ('pt-0012', 'Influenza (seasonal)', '2024-03-19', NULL);

INSERT INTO patients (id, name, age, gender, address_line1, city, county, postcode, country, telephone, email, gp_name, gp_practice, gp_address, national_insurance_number, passport_number, cache_status, last_synced_at, meta_region) VALUES ('pt-0013', 'Oscar Patel', 43, 'Male', '202 West Nile Street', 'Glasgow', 'Glasgow City', 'G2 2EN', 'UK', '+44 7344 699573', 'oscar402@gmail.com', 'Dr Richard Patel', 'Brownlow Group Practice', '150 Mt Pleasant, Liverpool L69 3GD, United Kingdom', 'KX495951D', '414548900', 'verified_online', '2026-02-18T00:00:00Z', 'Glasgow');
INSERT INTO patient_conditions (patient_id, condition_name, status, since_date) VALUES ('pt-0013', 'Chronic back pain', 'active', '2017-07-11');

INSERT INTO patients (id, name, age, gender, address_line1, city, county, postcode, country, telephone, email, gp_name, gp_practice, gp_address, national_insurance_number, passport_number, cache_status, last_synced_at, meta_region) VALUES ('pt-0014', 'Alexander Evans', 79, 'Male', 'Flat 13, 118 Constitution Hill', 'London', 'Greater London', 'SW1A 1BD', 'UK', '+44 7136 747453', 'aevans@outlook.com', 'Dr Kieran Khan', 'Brownlow Group Practice', '150 Mt Pleasant, Liverpool L69 3GD, United Kingdom', 'XC455052A', '816440738', 'verified_online', '2026-02-18T00:00:00Z', 'London');
INSERT INTO patient_appointments (patient_id, appointment_date, appointment_time, type, location, reason, verified_up_to_date) VALUES ('pt-0014', '2024-01-15', '09:50', 'Respiratory review', 'Hospital outpatient department', 'treatment follow-up', 0);

INSERT INTO patients (id, name, age, gender, address_line1, city, county, postcode, country, telephone, email, gp_name, gp_practice, gp_address, national_insurance_number, passport_number, cache_status, last_synced_at, meta_region) VALUES ('pt-0015', 'Jasmine Harris', 20, 'Female', 'Flat 29, 172 The Mall', 'London', 'Greater London', 'SW1A 1BB', 'UK', '+44 7402 123005', 'jasmine859@hotmail.co.uk', 'Dr Grace Evans', 'Brownlow Group Practice', '150 Mt Pleasant, Liverpool L69 3GD, United Kingdom', 'AS907088A', '977767507', 'cached_stale', '2026-02-27T00:00:00Z', 'London');
INSERT INTO patient_conditions (patient_id, condition_name, status, since_date) VALUES ('pt-0015', 'Epilepsy', 'controlled', '2016-05-22');
INSERT INTO patient_appointments (patient_id, appointment_date, appointment_time, type, location, reason, verified_up_to_date) VALUES ('pt-0015', '2026-06-23', '12:15', 'Blood test', 'Home visit', 'annual monitoring', 1);

INSERT INTO patients (id, name, age, gender, address_line1, city, county, postcode, country, telephone, email, gp_name, gp_practice, gp_address, national_insurance_number, passport_number, cache_status, last_synced_at, meta_region) VALUES ('pt-0016', 'Eliza Martin', 86, 'Female', 'Flat 21, 173 Little Lever Street', 'Manchester', 'Greater Manchester', 'M1 1AE', 'UK', '+44 7860 830316', 'eliza978@outlook.com', 'Dr Aisha Clarke', 'Brownlow Group Practice', '150 Mt Pleasant, Liverpool L69 3GD, United Kingdom', 'NU103831D', '661051532', 'verified_online', '2026-03-04T00:00:00Z', 'Manchester');
INSERT INTO patient_conditions (patient_id, condition_name, status, since_date) VALUES ('pt-0016', 'COPD', 'history', '2011-12-06');
INSERT INTO patient_conditions (patient_id, condition_name, status, since_date) VALUES ('pt-0016', 'Benign prostatic hyperplasia (BPH)', 'controlled', '2013-03-15');
INSERT INTO patient_conditions (patient_id, condition_name, status, since_date) VALUES ('pt-0016', 'Asthma', 'active', '2018-07-05');
INSERT INTO patient_conditions (patient_id, condition_name, status, since_date) VALUES ('pt-0016', 'Type 2 diabetes', 'controlled', '2015-09-07');
INSERT INTO patient_prescriptions (patient_id, drug, indication, dose, frequency, start_date, prescriber) VALUES ('pt-0016', 'Colecalciferol', 'Vitamin D deficiency', '1 g', 'as needed', '2024-02-04', 'Dr Alex Wilson');
INSERT INTO patient_appointments (patient_id, appointment_date, appointment_time, type, location, reason, verified_up_to_date) VALUES ('pt-0016', '2024-10-29', '13:10', 'Medication review', 'GP practice', 'symptom check', 1);
INSERT INTO patient_appointments (patient_id, appointment_date, appointment_time, type, location, reason, verified_up_to_date) VALUES ('pt-0016', '2025-05-26', '16:40', 'Blood test', 'Home visit', 'routine review', 1);
INSERT INTO patient_appointments (patient_id, appointment_date, appointment_time, type, location, reason, verified_up_to_date) VALUES ('pt-0016', '2025-10-29', '15:00', 'Ophthalmology', 'Telehealth', 'annual monitoring', 1);
INSERT INTO patient_appointments (patient_id, appointment_date, appointment_time, type, location, reason, verified_up_to_date) VALUES ('pt-0016', '2026-06-12', '13:30', 'Ophthalmology', 'Home visit', 'vaccination', 1);
INSERT INTO patient_appointments (patient_id, appointment_date, appointment_time, type, location, reason, verified_up_to_date) VALUES ('pt-0016', '2026-12-14', '15:30', 'Vaccination appointment', 'GP practice', 'symptom check', 1);
INSERT INTO patient_vaccine_records (patient_id, vaccine, vaccine_date, product) VALUES ('pt-0016', 'COVID-19', '2016-07-18', 'Spikevax');

INSERT INTO patients (id, name, age, gender, address_line1, city, county, postcode, country, telephone, email, gp_name, gp_practice, gp_address, national_insurance_number, passport_number, cache_status, last_synced_at, meta_region) VALUES ('pt-0017', 'Sebastian Thompson', 85, 'Male', 'Unit 1, 64 The Mall', 'London', 'Greater London', 'SW1A 1BA', 'UK', '+44 7829 440981', 'sebastian.thompson77@hotmail.co.uk', 'Dr Owen Evans', 'Brownlow Group Practice', '150 Mt Pleasant, Liverpool L69 3GD, United Kingdom', 'OQ634836D', '106492059', 'cached_recent', '2026-02-15T00:00:00Z', 'London');
INSERT INTO patient_conditions (patient_id, condition_name, status, since_date) VALUES ('pt-0017', 'Atrial fibrillation', 'controlled', '2024-05-01');
INSERT INTO patient_conditions (patient_id, condition_name, status, since_date) VALUES ('pt-0017', 'Hypercholesterolaemia', 'controlled', '2018-07-20');
INSERT INTO patient_conditions (patient_id, condition_name, status, since_date) VALUES ('pt-0017', 'COPD', 'active', '2017-05-26');
INSERT INTO patient_conditions (patient_id, condition_name, status, since_date) VALUES ('pt-0017', 'Heart failure (reduced ejection fraction)', 'active', '2014-06-05');
INSERT INTO patient_conditions (patient_id, condition_name, status, since_date) VALUES ('pt-0017', 'History of stroke/TIA', 'active', '2023-04-19');
INSERT INTO patient_conditions (patient_id, condition_name, status, since_date) VALUES ('pt-0017', 'Generalised anxiety disorder', 'controlled', '2013-08-24');
INSERT INTO patient_prescriptions (patient_id, drug, indication, dose, frequency, start_date, prescriber) VALUES ('pt-0017', 'Citalopram', 'Depression/Anxiety', '5 mg', 'twice daily', '2024-08-29', 'Dr Rachel Smith');
INSERT INTO patient_prescriptions (patient_id, drug, indication, dose, frequency, start_date, prescriber) VALUES ('pt-0017', 'Warfarin', 'Anticoagulant', '20 mg', 'at night', '2025-07-14', 'Dr Holly Taylor');
INSERT INTO patient_prescriptions (patient_id, drug, indication, dose, frequency, start_date, prescriber) VALUES ('pt-0017', 'Furosemide', 'Oedema/Heart failure', '10 mg', 'at night', '2023-07-13', 'Dr Richard Wilson');
INSERT INTO patient_appointments (patient_id, appointment_date, appointment_time, type, location, reason, verified_up_to_date) VALUES ('pt-0017', '2025-04-04', '08:50', 'Vaccination appointment', 'Home visit', 'vaccination', 1);
INSERT INTO patient_appointments (patient_id, appointment_date, appointment_time, type, location, reason, verified_up_to_date) VALUES ('pt-0017', '2026-06-09', '16:20', 'Ophthalmology', 'GP practice', 'vaccination', 1);
INSERT INTO patient_vaccine_records (patient_id, vaccine, vaccine_date, product) VALUES ('pt-0017', 'Influenza (seasonal)', '2023-07-09', NULL);

INSERT INTO patients (id, name, age, gender, address_line1, city, county, postcode, country, telephone, email, gp_name, gp_practice, gp_address, national_insurance_number, passport_number, cache_status, last_synced_at, meta_region) VALUES ('pt-0018', 'Ethan Graham', 53, 'Male', '108 Sauchiehall Street', 'Glasgow', 'Glasgow City', 'G2 2NR', 'UK', '+44 7126 738577', 'egraham@gmail.com', 'Dr Richard Taylor', 'Brownlow Group Practice', '150 Mt Pleasant, Liverpool L69 3GD, United Kingdom', 'FI736833C', '989493377', 'verified_online', '2026-02-25T00:00:00Z', 'Glasgow');
INSERT INTO patient_conditions (patient_id, condition_name, status, since_date) VALUES ('pt-0018', 'Gastro-oesophageal reflux disease (GORD)', 'active', '2013-04-09');
INSERT INTO patient_prescriptions (patient_id, drug, indication, dose, frequency, start_date, prescriber) VALUES ('pt-0018', 'Bisoprolol', 'Hypertension/Heart failure/Arrhythmia', '1 g', 'once daily', '2025-01-08', 'Dr Owen Hughes');
INSERT INTO patient_appointments (patient_id, appointment_date, appointment_time, type, location, reason, verified_up_to_date) VALUES ('pt-0018', '2025-07-18', '08:30', 'Ophthalmology', 'Hospital outpatient department', 'annual monitoring', 1);
INSERT INTO patient_appointments (patient_id, appointment_date, appointment_time, type, location, reason, verified_up_to_date) VALUES ('pt-0018', '2025-10-07', '10:50', 'Cardiology follow-up', 'GP practice', 'annual monitoring', 1);

INSERT INTO patients (id, name, age, gender, address_line1, city, county, postcode, country, telephone, email, gp_name, gp_practice, gp_address, national_insurance_number, passport_number, cache_status, last_synced_at, meta_region) VALUES ('pt-0019', 'Samuel Stewart', 50, 'Male', '9 Newhall Street', 'Birmingham', 'West Midlands', 'B1 1BB', 'UK', '+44 7689 550137', 'samuel597@hotmail.co.uk', 'Dr Chloe Roberts', 'Brownlow Group Practice', '150 Mt Pleasant, Liverpool L69 3GD, United Kingdom', 'DM021869C', '184547422', 'cached_recent', '2026-03-01T00:00:00Z', 'Birmingham');
INSERT INTO patient_conditions (patient_id, condition_name, status, since_date) VALUES ('pt-0019', 'History of stroke/TIA', 'active', '2014-09-02');
INSERT INTO patient_conditions (patient_id, condition_name, status, since_date) VALUES ('pt-0019', 'Gout', 'active', '2013-01-04');
INSERT INTO patient_conditions (patient_id, condition_name, status, since_date) VALUES ('pt-0019', 'Osteoarthritis', 'history', '2022-01-27');
INSERT INTO patient_prescriptions (patient_id, drug, indication, dose, frequency, start_date, prescriber) VALUES ('pt-0019', 'Alendronic acid', 'Osteoporosis', '10 mg', 'as needed', '2025-08-01', 'Dr Helen Morgan');
INSERT INTO patient_appointments (patient_id, appointment_date, appointment_time, type, location, reason, verified_up_to_date) VALUES ('pt-0019', '2026-01-06', '11:15', 'Respiratory review', 'Hospital outpatient department', 'annual monitoring', 1);
INSERT INTO patient_appointments (patient_id, appointment_date, appointment_time, type, location, reason, verified_up_to_date) VALUES ('pt-0019', '2026-05-18', '10:15', 'Vaccination appointment', 'Telehealth', 'vaccination', 1);
INSERT INTO patient_appointments (patient_id, appointment_date, appointment_time, type, location, reason, verified_up_to_date) VALUES ('pt-0019', '2027-01-16', '12:00', 'Cardiology follow-up', 'Home visit', 'treatment follow-up', 1);

INSERT INTO patients (id, name, age, gender, address_line1, city, county, postcode, country, telephone, email, gp_name, gp_practice, gp_address, national_insurance_number, passport_number, cache_status, last_synced_at, meta_region) VALUES ('pt-0020', 'Phoebe Byrne', 57, 'Female', 'Apt 38, 90 Newton Street', 'Manchester', 'Greater Manchester', 'M1 1AL', 'UK', '+44 7561 208529', 'phoebe.byrne@outlook.com', 'Dr Priya O''Neill', 'Brownlow Group Practice', '150 Mt Pleasant, Liverpool L69 3GD, United Kingdom', 'BH741995D', '471825556', 'cached_stale', '2026-02-22T00:00:00Z', 'Manchester');
INSERT INTO patient_conditions (patient_id, condition_name, status, since_date) VALUES ('pt-0020', 'Hypercholesterolaemia', 'active', '2023-01-30');
INSERT INTO patient_conditions (patient_id, condition_name, status, since_date) VALUES ('pt-0020', 'Atrial fibrillation', 'monitoring', '2019-01-21');
INSERT INTO patient_conditions (patient_id, condition_name, status, since_date) VALUES ('pt-0020', 'Depression', 'controlled', '2016-06-24');
INSERT INTO patient_prescriptions (patient_id, drug, indication, dose, frequency, start_date, prescriber) VALUES ('pt-0020', 'Atorvastatin', 'High cholesterol/Cardiovascular risk', '20 mg', 'at night', '2025-12-10', 'Dr Kieran Smith');
INSERT INTO patient_prescriptions (patient_id, drug, indication, dose, frequency, start_date, prescriber) VALUES ('pt-0020', 'Sitagliptin', 'Type 2 diabetes', '1 puff', 'with meals', '2025-09-09', 'Dr Robert Jones');
INSERT INTO patient_prescriptions (patient_id, drug, indication, dose, frequency, start_date, prescriber) VALUES ('pt-0020', 'Metformin', 'Type 2 diabetes', '1 tablet', 'with meals', '2024-12-25', 'Dr Priya Campbell');
INSERT INTO patient_appointments (patient_id, appointment_date, appointment_time, type, location, reason, verified_up_to_date) VALUES ('pt-0020', '2026-06-09', '08:00', 'Physiotherapy', 'Hospital outpatient department', 'routine review', 1);
INSERT INTO patient_appointments (patient_id, appointment_date, appointment_time, type, location, reason, verified_up_to_date) VALUES ('pt-0020', '2026-12-10', '12:30', 'Ophthalmology', 'GP practice', 'annual monitoring', 1);

INSERT INTO patients (id, name, age, gender, address_line1, city, county, postcode, country, telephone, email, gp_name, gp_practice, gp_address, national_insurance_number, passport_number, cache_status, last_synced_at, meta_region) VALUES ('pt-0021', 'Lucy Evans', 57, 'Female', '27 Belvedere Road', 'London', 'Greater London', 'SE1 7PB', 'UK', '+44 7928 273580', 'lucy.evans@icloud.com', 'Dr Owen Evans', 'Brownlow Group Practice', '150 Mt Pleasant, Liverpool L69 3GD, United Kingdom', 'LV754540B', '476954730', 'verified_online', '2026-02-13T00:00:00Z', 'London');
INSERT INTO patient_conditions (patient_id, condition_name, status, since_date) VALUES ('pt-0021', 'Epilepsy', 'controlled', '2019-01-10');
INSERT INTO patient_conditions (patient_id, condition_name, status, since_date) VALUES ('pt-0021', 'Gout', 'history', '2014-01-27');
INSERT INTO patient_conditions (patient_id, condition_name, status, since_date) VALUES ('pt-0021', 'COPD', 'active', '2018-02-15');
INSERT INTO patient_prescriptions (patient_id, drug, indication, dose, frequency, start_date, prescriber) VALUES ('pt-0021', 'Bisoprolol', 'Hypertension/Heart failure/Arrhythmia', '0.5 mg', 'at night', '2026-02-15', 'Dr David Wilson');
INSERT INTO patient_appointments (patient_id, appointment_date, appointment_time, type, location, reason, verified_up_to_date) VALUES ('pt-0021', '2025-07-22', '10:10', 'Respiratory review', 'GP practice', 'treatment follow-up', 1);
INSERT INTO patient_appointments (patient_id, appointment_date, appointment_time, type, location, reason, verified_up_to_date) VALUES ('pt-0021', '2026-03-10', '12:15', 'Cardiology follow-up', 'Hospital outpatient department', 'results discussion', 1);

INSERT INTO patients (id, name, age, gender, address_line1, city, county, postcode, country, telephone, email, gp_name, gp_practice, gp_address, national_insurance_number, passport_number, cache_status, last_synced_at, meta_region) VALUES ('pt-0022', 'Jude Murray', 54, 'Male', 'Apt 55, 50 Park Row', 'Leeds', 'West Yorkshire', 'LS1 1UR', 'UK', '+44 7240 140163', 'judemurray@icloud.com', 'Dr Fatima Morgan', 'Brownlow Group Practice', '150 Mt Pleasant, Liverpool L69 3GD, United Kingdom', 'OT005506A', '020405269', 'cached_recent', '2026-02-05T00:00:00Z', 'Leeds');
INSERT INTO patient_conditions (patient_id, condition_name, status, since_date) VALUES ('pt-0022', 'Dementia', 'active', '2024-09-28');
INSERT INTO patient_conditions (patient_id, condition_name, status, since_date) VALUES ('pt-0022', 'Depression', 'monitoring', '2012-05-08');
INSERT INTO patient_prescriptions (patient_id, drug, indication, dose, frequency, start_date, prescriber) VALUES ('pt-0022', 'Amlodipine', 'Hypertension/Angina', '2 puffs', 'with meals', '2023-11-15', 'Dr Chloe Clarke');
INSERT INTO patient_appointments (patient_id, appointment_date, appointment_time, type, location, reason, verified_up_to_date) VALUES ('pt-0022', '2026-08-11', '10:45', 'Blood test', 'Community clinic', 'results discussion', 1);

INSERT INTO patients (id, name, age, gender, address_line1, city, county, postcode, country, telephone, email, gp_name, gp_practice, gp_address, national_insurance_number, passport_number, cache_status, last_synced_at, meta_region) VALUES ('pt-0023', 'Maisie Powell', 15, 'Female', '196 Corporation Street', 'Birmingham', 'West Midlands', 'B1 1BB', 'UK', '+44 7994 592972', 'maisie54@hotmail.co.uk', 'Dr Hannah Taylor', 'Brownlow Group Practice', '150 Mt Pleasant, Liverpool L69 3GD, United Kingdom', 'IX017031C', '846666926', 'cached_recent', '2026-02-19T00:00:00Z', 'Birmingham');
INSERT INTO patient_conditions (patient_id, condition_name, status, since_date) VALUES ('pt-0023', 'Chronic back pain', 'controlled', '2017-09-18');

INSERT INTO patients (id, name, age, gender, address_line1, city, county, postcode, country, telephone, email, gp_name, gp_practice, gp_address, national_insurance_number, passport_number, cache_status, last_synced_at, meta_region) VALUES ('pt-0024', 'Ada Wood', 86, 'Female', 'Apt 78, 26 Bakers Row', 'Cardiff', 'South Glamorgan', 'CF10 1GB', 'UK', '+44 7969 737086', 'ada.wood@outlook.com', 'Dr Daniel Hughes', 'Brownlow Group Practice', '150 Mt Pleasant, Liverpool L69 3GD, United Kingdom', 'CH816332C', '388856231', 'verified_online', '2026-02-02T00:00:00Z', 'Cardiff');
INSERT INTO patient_conditions (patient_id, condition_name, status, since_date) VALUES ('pt-0024', 'COPD', 'history', '2012-01-04');
INSERT INTO patient_conditions (patient_id, condition_name, status, since_date) VALUES ('pt-0024', 'Osteoarthritis', 'active', '2015-08-28');
INSERT INTO patient_conditions (patient_id, condition_name, status, since_date) VALUES ('pt-0024', 'Glaucoma', 'active', '2018-04-05');
INSERT INTO patient_appointments (patient_id, appointment_date, appointment_time, type, location, reason, verified_up_to_date) VALUES ('pt-0024', '2024-11-21', '15:45', 'Diabetes clinic', 'Home visit', 'annual monitoring', 0);
INSERT INTO patient_appointments (patient_id, appointment_date, appointment_time, type, location, reason, verified_up_to_date) VALUES ('pt-0024', '2025-09-04', '16:30', 'Physiotherapy', 'GP practice', 'routine review', 1);
INSERT INTO patient_appointments (patient_id, appointment_date, appointment_time, type, location, reason, verified_up_to_date) VALUES ('pt-0024', '2025-11-18', '08:20', 'Respiratory review', 'Hospital outpatient department', 'routine review', 1);
INSERT INTO patient_appointments (patient_id, appointment_date, appointment_time, type, location, reason, verified_up_to_date) VALUES ('pt-0024', '2026-03-15', '14:45', 'Medication review', 'Home visit', 'annual monitoring', 1);
INSERT INTO patient_appointments (patient_id, appointment_date, appointment_time, type, location, reason, verified_up_to_date) VALUES ('pt-0024', '2026-07-26', '13:30', 'Blood test', 'Home visit', 'routine review', 0);

INSERT INTO patients (id, name, age, gender, address_line1, city, county, postcode, country, telephone, email, gp_name, gp_practice, gp_address, national_insurance_number, passport_number, cache_status, last_synced_at, meta_region) VALUES ('pt-0025', 'Adam Knight', 62, 'Male', '15 West Nile Street', 'Glasgow', 'Glasgow City', 'G2 2NR', 'UK', '+44 7555 192055', 'aknight@hotmail.co.uk', 'Dr Richard Patel', 'Brownlow Group Practice', '150 Mt Pleasant, Liverpool L69 3GD, United Kingdom', 'WC576713C', '957060109', 'verified_online', '2026-02-27T00:00:00Z', 'Glasgow');

INSERT INTO patients (id, name, age, gender, address_line1, city, county, postcode, country, telephone, email, gp_name, gp_practice, gp_address, national_insurance_number, passport_number, cache_status, last_synced_at, meta_region) VALUES ('pt-0026', 'Victoria Simpson', 17, 'Female', 'Unit 8, 159 Chicheley Street', 'London', 'Greater London', 'SW1A 1BA', 'UK', '+44 7951 230192', 'vsimpson@outlook.com', 'Dr Fatima Ahmed', 'Brownlow Group Practice', '150 Mt Pleasant, Liverpool L69 3GD, United Kingdom', 'FK980143B', '371539452', 'verified_online', '2026-02-22T00:00:00Z', 'London');
INSERT INTO patient_conditions (patient_id, condition_name, status, since_date) VALUES ('pt-0026', 'Obesity', 'active', '2012-08-27');
INSERT INTO patient_prescriptions (patient_id, drug, indication, dose, frequency, start_date, prescriber) VALUES ('pt-0026', 'Colecalciferol', 'Vitamin D deficiency', '200 mg', 'once weekly', '2023-08-03', 'Dr Zoe Jones');
INSERT INTO patient_vaccine_records (patient_id, vaccine, vaccine_date, product) VALUES ('pt-0026', 'Hepatitis B', '2018-05-19', NULL);

INSERT INTO patients (id, name, age, gender, address_line1, city, county, postcode, country, telephone, email, gp_name, gp_practice, gp_address, national_insurance_number, passport_number, cache_status, last_synced_at, meta_region) VALUES ('pt-0027', 'Clara Thompson', 50, 'Female', '205 Belvedere Road', 'London', 'Greater London', 'SW1A 1BH', 'UK', '+44 7225 380464', 'clarathompson@gmail.com', 'Dr Owen Evans', 'Brownlow Group Practice', '150 Mt Pleasant, Liverpool L69 3GD, United Kingdom', 'BJ991307D', '927888868', 'verified_online', '2026-02-26T00:00:00Z', 'London');
INSERT INTO patient_conditions (patient_id, condition_name, status, since_date) VALUES ('pt-0027', 'Depression', 'monitoring', '2023-10-28');
INSERT INTO patient_conditions (patient_id, condition_name, status, since_date) VALUES ('pt-0027', 'Epilepsy', 'active', '2013-01-01');
INSERT INTO patient_prescriptions (patient_id, drug, indication, dose, frequency, start_date, prescriber) VALUES ('pt-0027', 'Sitagliptin', 'Type 2 diabetes', '25 mg', 'with meals', '2025-07-05', 'Dr Fatima Morgan');
INSERT INTO patient_appointments (patient_id, appointment_date, appointment_time, type, location, reason, verified_up_to_date) VALUES ('pt-0027', '2025-05-04', '10:50', 'Vaccination appointment', 'Home visit', 'results discussion', 1);
INSERT INTO patient_appointments (patient_id, appointment_date, appointment_time, type, location, reason, verified_up_to_date) VALUES ('pt-0027', '2025-12-25', '12:50', 'Cardiology follow-up', 'Home visit', 'annual monitoring', 0);
INSERT INTO patient_vaccine_records (patient_id, vaccine, vaccine_date, product) VALUES ('pt-0027', 'Td/Tdap (tetanus, diphtheria, pertussis)', '2025-11-18', NULL);

INSERT INTO patients (id, name, age, gender, address_line1, city, county, postcode, country, telephone, email, gp_name, gp_practice, gp_address, national_insurance_number, passport_number, cache_status, last_synced_at, meta_region) VALUES ('pt-0028', 'Harriet Howard', 54, 'Female', '24 Little Lever Street', 'Manchester', 'Greater Manchester', 'M1 1AE', 'UK', '+44 7471 680096', 'harriet305@icloud.com', 'Dr Lucy Brown', 'Brownlow Group Practice', '150 Mt Pleasant, Liverpool L69 3GD, United Kingdom', 'YR293308A', '138151258', 'verified_online', '2026-02-21T00:00:00Z', 'Manchester');
INSERT INTO patient_conditions (patient_id, condition_name, status, since_date) VALUES ('pt-0028', 'Heart failure', 'controlled', '2016-01-03');
INSERT INTO patient_appointments (patient_id, appointment_date, appointment_time, type, location, reason, verified_up_to_date) VALUES ('pt-0028', '2027-01-02', '15:30', 'Mental health check-in', 'GP practice', 'routine review', 0);

INSERT INTO patients (id, name, age, gender, address_line1, city, county, postcode, country, telephone, email, gp_name, gp_practice, gp_address, national_insurance_number, passport_number, cache_status, last_synced_at, meta_region) VALUES ('pt-0029', 'Harriet Wilson', 4, 'Female', '210 Chicheley Street', 'London', 'Greater London', 'SW1A 1JR', 'UK', '+44 7371 787436', 'harriet.wilson75@outlook.com', 'Dr Sophie Roberts', 'Brownlow Group Practice', '150 Mt Pleasant, Liverpool L69 3GD, United Kingdom', 'XB611868D', '183085932', 'verified_online', '2026-02-02T00:00:00Z', 'London');
INSERT INTO patient_conditions (patient_id, condition_name, status, since_date) VALUES ('pt-0029', 'Chronic back pain', 'controlled', '2018-07-15');
INSERT INTO patient_conditions (patient_id, condition_name, status, since_date) VALUES ('pt-0029', 'Osteoporosis', 'active', '2018-04-29');
INSERT INTO patient_prescriptions (patient_id, drug, indication, dose, frequency, start_date, prescriber) VALUES ('pt-0029', 'Aspirin', 'Antiplatelet/Pain', '2.5 mg', 'as needed', '2026-01-06', 'Dr Ibrahim Ahmed');

INSERT INTO patients (id, name, age, gender, address_line1, city, county, postcode, country, telephone, email, gp_name, gp_practice, gp_address, national_insurance_number, passport_number, cache_status, last_synced_at, meta_region) VALUES ('pt-0030', 'Maisie Thomas', 51, 'Female', 'Flat 27, 34 Donegall Square South', 'Belfast', 'County Antrim', 'BT1 5GB', 'UK', '+44 7771 368900', 'maisiethomas@outlook.com', 'Dr Aisha O''Neill', 'Brownlow Group Practice', '150 Mt Pleasant, Liverpool L69 3GD, United Kingdom', 'RI978346C', '147395716', 'cached_recent', '2026-02-12T00:00:00Z', 'Belfast');
INSERT INTO patient_conditions (patient_id, condition_name, status, since_date) VALUES ('pt-0030', 'Gastro-oesophageal reflux disease (GORD)', 'controlled', '2023-10-05');
INSERT INTO patient_conditions (patient_id, condition_name, status, since_date) VALUES ('pt-0030', 'Overactive bladder', 'history', '2022-12-19');
INSERT INTO patient_conditions (patient_id, condition_name, status, since_date) VALUES ('pt-0030', 'Type 2 diabetes', 'controlled', '2021-06-28');
INSERT INTO patient_appointments (patient_id, appointment_date, appointment_time, type, location, reason, verified_up_to_date) VALUES ('pt-0030', '2024-08-27', '17:50', 'Cardiology follow-up', 'Community clinic', 'annual monitoring', 1);
INSERT INTO patient_appointments (patient_id, appointment_date, appointment_time, type, location, reason, verified_up_to_date) VALUES ('pt-0030', '2026-01-02', '12:20', 'Medication review', 'Hospital outpatient department', 'results discussion', 1);

INSERT INTO patients (id, name, age, gender, address_line1, city, county, postcode, country, telephone, email, gp_name, gp_practice, gp_address, national_insurance_number, passport_number, cache_status, last_synced_at, meta_region) VALUES ('pt-0031', 'Arthur Green', 17, 'Male', 'Flat 11, 138 The Mall', 'London', 'Greater London', 'SW1A 1BB', 'UK', '+44 7435 190951', 'arthur.green@outlook.com', 'Dr Kieran Smith', 'Brownlow Group Practice', '150 Mt Pleasant, Liverpool L69 3GD, United Kingdom', 'EP339320B', '007333788', 'cached_recent', '2026-02-22T00:00:00Z', 'London');
INSERT INTO patient_conditions (patient_id, condition_name, status, since_date) VALUES ('pt-0031', 'Benign prostatic hyperplasia (BPH)', 'active', '2021-11-06');
INSERT INTO patient_appointments (patient_id, appointment_date, appointment_time, type, location, reason, verified_up_to_date) VALUES ('pt-0031', '2024-02-26', '14:15', 'GP review', 'Home visit', 'results discussion', 1);
INSERT INTO patient_appointments (patient_id, appointment_date, appointment_time, type, location, reason, verified_up_to_date) VALUES ('pt-0031', '2024-10-17', '08:00', 'Respiratory review', 'Telehealth', 'treatment follow-up', 1);
INSERT INTO patient_appointments (patient_id, appointment_date, appointment_time, type, location, reason, verified_up_to_date) VALUES ('pt-0031', '2025-01-19', '12:50', 'Mental health check-in', 'Telehealth', 'results discussion', 1);
INSERT INTO patient_appointments (patient_id, appointment_date, appointment_time, type, location, reason, verified_up_to_date) VALUES ('pt-0031', '2025-10-18', '12:20', 'Blood test', 'Hospital outpatient department', 'symptom check', 0);
INSERT INTO patient_appointments (patient_id, appointment_date, appointment_time, type, location, reason, verified_up_to_date) VALUES ('pt-0031', '2026-12-25', '08:10', 'Ophthalmology', 'Community clinic', 'treatment follow-up', 1);

INSERT INTO patients (id, name, age, gender, address_line1, city, county, postcode, country, telephone, email, gp_name, gp_practice, gp_address, national_insurance_number, passport_number, cache_status, last_synced_at, meta_region) VALUES ('pt-0032', 'Aria Davies', 79, 'Female', 'Apt 70, 69 Westminster Bridge Road', 'London', 'Greater London', 'SW1A 1JR', 'UK', '+44 7788 946112', 'aria.davies@icloud.com', 'Dr Sophie Roberts', 'Brownlow Group Practice', '150 Mt Pleasant, Liverpool L69 3GD, United Kingdom', 'IA782032B', '620956992', 'cached_recent', '2026-03-02T00:00:00Z', 'London');
INSERT INTO patient_conditions (patient_id, condition_name, status, since_date) VALUES ('pt-0032', 'Glaucoma', 'monitoring', '2019-06-04');
INSERT INTO patient_conditions (patient_id, condition_name, status, since_date) VALUES ('pt-0032', 'Chronic kidney disease', 'controlled', '2014-03-06');
INSERT INTO patient_prescriptions (patient_id, drug, indication, dose, frequency, start_date, prescriber) VALUES ('pt-0032', 'Rivaroxaban', 'Anticoagulant (AF/VTE)', '200 mg', 'at night', '2025-10-24', 'Dr Eleanor Foster');
INSERT INTO patient_appointments (patient_id, appointment_date, appointment_time, type, location, reason, verified_up_to_date) VALUES ('pt-0032', '2025-11-12', '17:10', 'Mental health check-in', 'Home visit', 'treatment follow-up', 1);
INSERT INTO patient_appointments (patient_id, appointment_date, appointment_time, type, location, reason, verified_up_to_date) VALUES ('pt-0032', '2026-08-18', '15:10', 'Cardiology follow-up', 'Telehealth', 'results discussion', 1);
INSERT INTO patient_appointments (patient_id, appointment_date, appointment_time, type, location, reason, verified_up_to_date) VALUES ('pt-0032', '2026-10-02', '09:00', 'Mental health check-in', 'Telehealth', 'symptom check', 1);
INSERT INTO patient_vaccine_records (patient_id, vaccine, vaccine_date, product) VALUES ('pt-0032', 'COVID-19', '2020-01-16', 'Spikevax');
INSERT INTO patient_vaccine_records (patient_id, vaccine, vaccine_date, product) VALUES ('pt-0032', 'Influenza (seasonal)', '2016-11-07', NULL);
INSERT INTO patient_vaccine_records (patient_id, vaccine, vaccine_date, product) VALUES ('pt-0032', 'Shingles (Shingrix)', '2021-06-21', 'Shingrix');

INSERT INTO patients (id, name, age, gender, address_line1, city, county, postcode, country, telephone, email, gp_name, gp_practice, gp_address, national_insurance_number, passport_number, cache_status, last_synced_at, meta_region) VALUES ('pt-0033', 'Maria O''Connor', 62, 'Female', 'Flat 19, 171 Paradise Street', 'Liverpool', 'Merseyside', 'L1 8JQ', 'UK', '+44 7705 870925', 'maria943@icloud.com', 'Dr Niamh Campbell', 'Brownlow Group Practice', '150 Mt Pleasant, Liverpool L69 3GD, United Kingdom', 'BL987324D', '843751263', 'cached_recent', '2026-03-01T00:00:00Z', 'Liverpool');
INSERT INTO patient_appointments (patient_id, appointment_date, appointment_time, type, location, reason, verified_up_to_date) VALUES ('pt-0033', '2023-10-22', '08:45', 'Ophthalmology', 'GP practice', 'symptom check', 1);
INSERT INTO patient_appointments (patient_id, appointment_date, appointment_time, type, location, reason, verified_up_to_date) VALUES ('pt-0033', '2025-07-12', '11:00', 'GP review', 'Hospital outpatient department', 'results discussion', 0);
INSERT INTO patient_appointments (patient_id, appointment_date, appointment_time, type, location, reason, verified_up_to_date) VALUES ('pt-0033', '2025-10-25', '11:50', 'Physiotherapy', 'Community clinic', 'annual monitoring', 1);
INSERT INTO patient_appointments (patient_id, appointment_date, appointment_time, type, location, reason, verified_up_to_date) VALUES ('pt-0033', '2025-10-29', '16:20', 'GP review', 'Community clinic', 'treatment follow-up', 1);
INSERT INTO patient_appointments (patient_id, appointment_date, appointment_time, type, location, reason, verified_up_to_date) VALUES ('pt-0033', '2026-11-02', '08:50', 'Ophthalmology', 'GP practice', 'symptom check', 1);

INSERT INTO patients (id, name, age, gender, address_line1, city, county, postcode, country, telephone, email, gp_name, gp_practice, gp_address, national_insurance_number, passport_number, cache_status, last_synced_at, meta_region) VALUES ('pt-0034', 'Stephen Howard', 82, 'Male', '44 The Mall', 'London', 'Greater London', 'SW1A 1BB', 'UK', '+44 7367 680189', 'stephen.howard75@icloud.com', 'Dr Fatima Ahmed', 'Brownlow Group Practice', '150 Mt Pleasant, Liverpool L69 3GD, United Kingdom', 'JE205721C', '246980616', 'verified_online', '2026-02-06T00:00:00Z', 'London');
INSERT INTO patient_conditions (patient_id, condition_name, status, since_date) VALUES ('pt-0034', 'Heart failure', 'monitoring', '2025-09-07');
INSERT INTO patient_conditions (patient_id, condition_name, status, since_date) VALUES ('pt-0034', 'Hypercholesterolaemia', 'history', '2019-07-03');
INSERT INTO patient_prescriptions (patient_id, drug, indication, dose, frequency, start_date, prescriber) VALUES ('pt-0034', 'Amitriptyline', 'Neuropathic pain/Migraine prevention', '200 mg', 'at night', '2023-05-24', 'Dr Maya Patel');
INSERT INTO patient_appointments (patient_id, appointment_date, appointment_time, type, location, reason, verified_up_to_date) VALUES ('pt-0034', '2023-10-31', '15:20', 'Ophthalmology', 'Community clinic', 'results discussion', 1);
INSERT INTO patient_appointments (patient_id, appointment_date, appointment_time, type, location, reason, verified_up_to_date) VALUES ('pt-0034', '2024-05-22', '15:20', 'Physiotherapy', 'Hospital outpatient department', 'routine review', 1);
INSERT INTO patient_appointments (patient_id, appointment_date, appointment_time, type, location, reason, verified_up_to_date) VALUES ('pt-0034', '2025-12-18', '14:50', 'Mental health check-in', 'Hospital outpatient department', 'annual monitoring', 1);
INSERT INTO patient_vaccine_records (patient_id, vaccine, vaccine_date, product) VALUES ('pt-0034', 'COVID-19', '2021-10-11', 'Comirnaty');

INSERT INTO patients (id, name, age, gender, address_line1, city, county, postcode, country, telephone, email, gp_name, gp_practice, gp_address, national_insurance_number, passport_number, cache_status, last_synced_at, meta_region) VALUES ('pt-0035', 'Adam Harris', 82, 'Male', '149 The Mall', 'London', 'Greater London', 'SE1 7PB', 'UK', '+44 7439 693343', 'adam.harris13@gmail.com', 'Dr Grace Evans', 'Brownlow Group Practice', '150 Mt Pleasant, Liverpool L69 3GD, United Kingdom', 'HG945053D', '291086098', 'cached_recent', '2026-03-03T00:00:00Z', 'London');
INSERT INTO patient_conditions (patient_id, condition_name, status, since_date) VALUES ('pt-0035', 'Osteoarthritis', 'active', '2016-05-15');
INSERT INTO patient_conditions (patient_id, condition_name, status, since_date) VALUES ('pt-0035', 'Epilepsy', 'controlled', '2011-05-21');
INSERT INTO patient_conditions (patient_id, condition_name, status, since_date) VALUES ('pt-0035', 'Type 2 diabetes', 'history', '2019-07-21');
INSERT INTO patient_conditions (patient_id, condition_name, status, since_date) VALUES ('pt-0035', 'Hypertension', 'history', '2025-12-19');
INSERT INTO patient_conditions (patient_id, condition_name, status, since_date) VALUES ('pt-0035', 'Dementia', 'active', '2023-02-12');
INSERT INTO patient_conditions (patient_id, condition_name, status, since_date) VALUES ('pt-0035', 'COPD', 'active', '2011-07-23');
INSERT INTO patient_prescriptions (patient_id, drug, indication, dose, frequency, start_date, prescriber) VALUES ('pt-0035', 'Semaglutide', 'Type 2 diabetes/Weight management', '1 injection', 'at night', '2025-08-02', 'Dr Grace Khan');
INSERT INTO patient_prescriptions (patient_id, drug, indication, dose, frequency, start_date, prescriber) VALUES ('pt-0035', 'Alendronic acid', 'Osteoporosis', '10 mg', 'once daily', '2026-02-10', 'Dr Fatima Morgan');
INSERT INTO patient_appointments (patient_id, appointment_date, appointment_time, type, location, reason, verified_up_to_date) VALUES ('pt-0035', '2026-03-01', '12:45', 'Blood test', 'Hospital outpatient department', 'results discussion', 0);
INSERT INTO patient_appointments (patient_id, appointment_date, appointment_time, type, location, reason, verified_up_to_date) VALUES ('pt-0035', '2027-02-15', '11:30', 'Blood test', 'GP practice', 'routine review', 0);
INSERT INTO patient_vaccine_records (patient_id, vaccine, vaccine_date, product) VALUES ('pt-0035', 'COVID-19', '2023-11-08', 'Comirnaty');
INSERT INTO patient_vaccine_records (patient_id, vaccine, vaccine_date, product) VALUES ('pt-0035', 'Shingles (Shingrix)', '2025-09-18', 'Shingrix');

INSERT INTO patients (id, name, age, gender, address_line1, city, county, postcode, country, telephone, email, gp_name, gp_practice, gp_address, national_insurance_number, passport_number, cache_status, last_synced_at, meta_region) VALUES ('pt-0036', 'Mia Lee', 57, 'Female', '137 Paradise Place', 'Liverpool', 'Merseyside', 'L1 8BQ', 'UK', '+44 7126 193972', 'mia.lee@hotmail.co.uk', 'Dr Hannah Hughes', 'Brownlow Group Practice', '150 Mt Pleasant, Liverpool L69 3GD, United Kingdom', 'MA306024D', '416396603', 'cached_stale', '2026-02-14T00:00:00Z', 'Liverpool');
INSERT INTO patient_conditions (patient_id, condition_name, status, since_date) VALUES ('pt-0036', 'Heart failure', 'active', '2022-05-31');
INSERT INTO patient_conditions (patient_id, condition_name, status, since_date) VALUES ('pt-0036', 'Overactive bladder', 'monitoring', '2012-05-20');
INSERT INTO patient_prescriptions (patient_id, drug, indication, dose, frequency, start_date, prescriber) VALUES ('pt-0036', 'Nitrofurantoin', 'UTI', '1 puff', 'as needed', '2023-05-04', 'Dr Priya Campbell');
INSERT INTO patient_prescriptions (patient_id, drug, indication, dose, frequency, start_date, prescriber) VALUES ('pt-0036', 'Amoxicillin', 'Bacterial infection', '50 mg', 'once weekly', '2025-12-03', 'Dr Ibrahim Khan');
INSERT INTO patient_prescriptions (patient_id, drug, indication, dose, frequency, start_date, prescriber) VALUES ('pt-0036', 'Beclometasone dipropionate', 'Asthma/COPD', '100 mg', 'with meals', '2025-04-11', 'Dr Richard Patel');
INSERT INTO patient_appointments (patient_id, appointment_date, appointment_time, type, location, reason, verified_up_to_date) VALUES ('pt-0036', '2026-11-27', '12:20', 'Blood test', 'GP practice', 'annual monitoring', 1);
INSERT INTO patient_appointments (patient_id, appointment_date, appointment_time, type, location, reason, verified_up_to_date) VALUES ('pt-0036', '2026-12-13', '10:45', 'Physiotherapy', 'Hospital outpatient department', 'routine review', 1);

INSERT INTO patients (id, name, age, gender, address_line1, city, county, postcode, country, telephone, email, gp_name, gp_practice, gp_address, national_insurance_number, passport_number, cache_status, last_synced_at, meta_region) VALUES ('pt-0037', 'Matilda Watson', 22, 'Female', 'Flat 35, 113 Donegall Square South', 'Belfast', 'County Antrim', 'BT1 5GS', 'UK', '+44 7489 943135', 'matilda892@hotmail.co.uk', 'Dr Grace Patel', 'Brownlow Group Practice', '150 Mt Pleasant, Liverpool L69 3GD, United Kingdom', 'NU623266B', '322589929', 'cached_stale', '2026-02-17T00:00:00Z', 'Belfast');
INSERT INTO patient_vaccine_records (patient_id, vaccine, vaccine_date, product) VALUES ('pt-0037', 'COVID-19', '2018-06-06', 'Nuvaxovid');
INSERT INTO patient_vaccine_records (patient_id, vaccine, vaccine_date, product) VALUES ('pt-0037', 'Td/Tdap (tetanus, diphtheria, pertussis)', '2020-08-23', NULL);

INSERT INTO patients (id, name, age, gender, address_line1, city, county, postcode, country, telephone, email, gp_name, gp_practice, gp_address, national_insurance_number, passport_number, cache_status, last_synced_at, meta_region) VALUES ('pt-0038', 'John Baker', 53, 'Male', 'Apt 61, 183 Westminster Bridge Road', 'London', 'Greater London', 'SW1A 1BA', 'UK', '+44 7760 810380', 'jbaker@icloud.com', 'Dr Sophie Roberts', 'Brownlow Group Practice', '150 Mt Pleasant, Liverpool L69 3GD, United Kingdom', 'DA103396C', '238371847', 'cached_recent', '2026-02-02T00:00:00Z', 'London');
INSERT INTO patient_conditions (patient_id, condition_name, status, since_date) VALUES ('pt-0038', 'Asthma', 'active', '2015-08-30');
INSERT INTO patient_appointments (patient_id, appointment_date, appointment_time, type, location, reason, verified_up_to_date) VALUES ('pt-0038', '2026-01-08', '11:30', 'Diabetes clinic', 'Home visit', 'results discussion', 1);
INSERT INTO patient_appointments (patient_id, appointment_date, appointment_time, type, location, reason, verified_up_to_date) VALUES ('pt-0038', '2026-06-19', '11:50', 'Respiratory review', 'GP practice', 'results discussion', 0);
INSERT INTO patient_appointments (patient_id, appointment_date, appointment_time, type, location, reason, verified_up_to_date) VALUES ('pt-0038', '2026-11-06', '15:45', 'Mental health check-in', 'Telehealth', 'vaccination', 0);

INSERT INTO patients (id, name, age, gender, address_line1, city, county, postcode, country, telephone, email, gp_name, gp_practice, gp_address, national_insurance_number, passport_number, cache_status, last_synced_at, meta_region) VALUES ('pt-0039', 'Sienna Stewart', 67, 'Female', '169 College Green', 'Bristol', 'Bristol', 'BS1 5QL', 'UK', '+44 7268 876459', 'siennastewart@outlook.com', 'Dr Ibrahim Hughes', 'Brownlow Group Practice', '150 Mt Pleasant, Liverpool L69 3GD, United Kingdom', 'KR447080D', '248952994', 'cached_stale', '2026-02-15T00:00:00Z', 'Bristol');
INSERT INTO patient_appointments (patient_id, appointment_date, appointment_time, type, location, reason, verified_up_to_date) VALUES ('pt-0039', '2025-10-01', '16:50', 'Physiotherapy', 'Home visit', 'routine review', 0);
INSERT INTO patient_vaccine_records (patient_id, vaccine, vaccine_date, product) VALUES ('pt-0039', 'Influenza (seasonal)', '2018-04-08', NULL);

INSERT INTO patients (id, name, age, gender, address_line1, city, county, postcode, country, telephone, email, gp_name, gp_practice, gp_address, national_insurance_number, passport_number, cache_status, last_synced_at, meta_region) VALUES ('pt-0040', 'Lola Ward', 42, 'Female', '201 Constitution Hill', 'London', 'Greater London', 'SW1A 1BB', 'UK', '+44 7986 476479', 'lola984@outlook.com', 'Dr Fatima Ahmed', 'Brownlow Group Practice', '150 Mt Pleasant, Liverpool L69 3GD, United Kingdom', 'GM588861D', '439304662', 'cached_recent', '2026-02-03T00:00:00Z', 'London');
INSERT INTO patient_conditions (patient_id, condition_name, status, since_date) VALUES ('pt-0040', 'History of stroke/TIA', 'monitoring', '2015-08-08');
INSERT INTO patient_conditions (patient_id, condition_name, status, since_date) VALUES ('pt-0040', 'Asthma', 'monitoring', '2022-02-27');
INSERT INTO patient_conditions (patient_id, condition_name, status, since_date) VALUES ('pt-0040', 'Obesity', 'monitoring', '2024-07-27');
INSERT INTO patient_prescriptions (patient_id, drug, indication, dose, frequency, start_date, prescriber) VALUES ('pt-0040', 'Apixaban', 'Anticoagulant (AF/VTE)', '2.5 mg', 'twice daily', '2024-11-03', 'Dr Fatima Morgan');
INSERT INTO patient_prescriptions (patient_id, drug, indication, dose, frequency, start_date, prescriber) VALUES ('pt-0040', 'Losartan', 'Hypertension', '2.5 mg', 'once daily', '2023-12-04', 'Dr Kieran O''Neill');
INSERT INTO patient_appointments (patient_id, appointment_date, appointment_time, type, location, reason, verified_up_to_date) VALUES ('pt-0040', '2027-02-12', '10:45', 'Vaccination appointment', 'Telehealth', 'symptom check', 0);

INSERT INTO patients (id, name, age, gender, address_line1, city, county, postcode, country, telephone, email, gp_name, gp_practice, gp_address, national_insurance_number, passport_number, cache_status, last_synced_at, meta_region) VALUES ('pt-0041', 'Clara Scott', 32, 'Female', 'Unit 35, 181 Hilton Street', 'Manchester', 'Greater Manchester', 'M1 1EE', 'UK', '+44 7795 954779', 'clara107@gmail.com', 'Dr Grace Roberts', 'Brownlow Group Practice', '150 Mt Pleasant, Liverpool L69 3GD, United Kingdom', 'IU133051B', '268088898', 'verified_online', '2026-02-22T00:00:00Z', 'Manchester');
INSERT INTO patient_conditions (patient_id, condition_name, status, since_date) VALUES ('pt-0041', 'Gastro-oesophageal reflux disease (GORD)', 'active', '2017-03-10');
INSERT INTO patient_conditions (patient_id, condition_name, status, since_date) VALUES ('pt-0041', 'Obesity', 'monitoring', '2023-05-04');
INSERT INTO patient_appointments (patient_id, appointment_date, appointment_time, type, location, reason, verified_up_to_date) VALUES ('pt-0041', '2025-06-01', '15:10', 'Cardiology follow-up', 'Community clinic', 'vaccination', 1);
INSERT INTO patient_appointments (patient_id, appointment_date, appointment_time, type, location, reason, verified_up_to_date) VALUES ('pt-0041', '2025-07-28', '10:15', 'Cardiology follow-up', 'Community clinic', 'routine review', 1);
INSERT INTO patient_appointments (patient_id, appointment_date, appointment_time, type, location, reason, verified_up_to_date) VALUES ('pt-0041', '2026-05-13', '09:20', 'Respiratory review', 'GP practice', 'results discussion', 1);
INSERT INTO patient_vaccine_records (patient_id, vaccine, vaccine_date, product) VALUES ('pt-0041', 'COVID-19', '2025-06-20', 'Spikevax');
INSERT INTO patient_vaccine_records (patient_id, vaccine, vaccine_date, product) VALUES ('pt-0041', 'COVID-19 booster', '2021-08-31', 'Spikevax');
INSERT INTO patient_vaccine_records (patient_id, vaccine, vaccine_date, product) VALUES ('pt-0041', 'Td/Tdap (tetanus, diphtheria, pertussis)', '2023-04-09', NULL);

INSERT INTO patients (id, name, age, gender, address_line1, city, county, postcode, country, telephone, email, gp_name, gp_practice, gp_address, national_insurance_number, passport_number, cache_status, last_synced_at, meta_region) VALUES ('pt-0042', 'Robert Thompson', 53, 'Male', '1 Donegall Square', 'Belfast', 'County Antrim', 'BT1 5GB', 'UK', '+44 7451 956800', 'robertthompson@icloud.com', 'Dr Matthew Ahmed', 'Brownlow Group Practice', '150 Mt Pleasant, Liverpool L69 3GD, United Kingdom', 'CH401677A', '784651200', 'cached_stale', '2026-02-23T00:00:00Z', 'Belfast');
INSERT INTO patient_conditions (patient_id, condition_name, status, since_date) VALUES ('pt-0042', 'Osteoporosis', 'active', '2021-06-18');
INSERT INTO patient_conditions (patient_id, condition_name, status, since_date) VALUES ('pt-0042', 'Gastro-oesophageal reflux disease (GORD)', 'monitoring', '2012-08-07');
INSERT INTO patient_conditions (patient_id, condition_name, status, since_date) VALUES ('pt-0042', 'Atrial fibrillation', 'history', '2016-01-25');
INSERT INTO patient_conditions (patient_id, condition_name, status, since_date) VALUES ('pt-0042', 'History of stroke/TIA', 'active', '2015-12-07');
INSERT INTO patient_prescriptions (patient_id, drug, indication, dose, frequency, start_date, prescriber) VALUES ('pt-0042', 'Tamsulosin', 'BPH', '20 mg', 'with meals', '2025-11-22', 'Dr Alex Brown');
INSERT INTO patient_prescriptions (patient_id, drug, indication, dose, frequency, start_date, prescriber) VALUES ('pt-0042', 'Finasteride', 'BPH', '1 tablet', 'at night', '2023-06-12', 'Dr Holly Khan');
INSERT INTO patient_appointments (patient_id, appointment_date, appointment_time, type, location, reason, verified_up_to_date) VALUES ('pt-0042', '2023-11-30', '12:15', 'Respiratory review', 'GP practice', 'vaccination', 1);
INSERT INTO patient_appointments (patient_id, appointment_date, appointment_time, type, location, reason, verified_up_to_date) VALUES ('pt-0042', '2025-07-09', '10:50', 'Medication review', 'GP practice', 'results discussion', 1);
INSERT INTO patient_appointments (patient_id, appointment_date, appointment_time, type, location, reason, verified_up_to_date) VALUES ('pt-0042', '2026-03-19', '10:00', 'Vaccination appointment', 'Hospital outpatient department', 'vaccination', 1);

INSERT INTO patients (id, name, age, gender, address_line1, city, county, postcode, country, telephone, email, gp_name, gp_practice, gp_address, national_insurance_number, passport_number, cache_status, last_synced_at, meta_region) VALUES ('pt-0043', 'Eleanor Jones', 70, 'Female', '117 Briggate', 'Leeds', 'West Yorkshire', 'LS1 1UR', 'UK', '+44 7172 653948', 'ejones@hotmail.co.uk', 'Dr Maya Patel', 'Brownlow Group Practice', '150 Mt Pleasant, Liverpool L69 3GD, United Kingdom', 'EM902628D', '392358645', 'cached_stale', '2026-02-24T00:00:00Z', 'Leeds');
INSERT INTO patient_conditions (patient_id, condition_name, status, since_date) VALUES ('pt-0043', 'Benign prostatic hyperplasia (BPH)', 'active', '2024-12-30');
INSERT INTO patient_conditions (patient_id, condition_name, status, since_date) VALUES ('pt-0043', 'Overactive bladder', 'controlled', '2013-02-15');
INSERT INTO patient_conditions (patient_id, condition_name, status, since_date) VALUES ('pt-0043', 'COPD', 'active', '2014-04-27');
INSERT INTO patient_prescriptions (patient_id, drug, indication, dose, frequency, start_date, prescriber) VALUES ('pt-0043', 'Salbutamol', 'Asthma/COPD (reliever)', '100 mg', 'twice daily', '2024-07-24', 'Dr Priya Patel');
INSERT INTO patient_appointments (patient_id, appointment_date, appointment_time, type, location, reason, verified_up_to_date) VALUES ('pt-0043', '2026-11-16', '12:00', 'Respiratory review', 'Community clinic', 'treatment follow-up', 1);
INSERT INTO patient_vaccine_records (patient_id, vaccine, vaccine_date, product) VALUES ('pt-0043', 'COVID-19', '2024-09-24', 'Comirnaty');
INSERT INTO patient_vaccine_records (patient_id, vaccine, vaccine_date, product) VALUES ('pt-0043', 'Pneumococcal', '2022-10-06', NULL);

INSERT INTO patients (id, name, age, gender, address_line1, city, county, postcode, country, telephone, email, gp_name, gp_practice, gp_address, national_insurance_number, passport_number, cache_status, last_synced_at, meta_region) VALUES ('pt-0044', 'Maisie Graham', 67, 'Female', 'Unit 24, 8 Anchor Road', 'Bristol', 'Bristol', 'BS1 5TL', 'UK', '+44 7742 180813', 'maisie.graham59@hotmail.co.uk', 'Dr Grace Foster', 'Brownlow Group Practice', '150 Mt Pleasant, Liverpool L69 3GD, United Kingdom', 'BP901104B', '394801749', 'verified_online', '2026-02-07T00:00:00Z', 'Bristol');
INSERT INTO patient_conditions (patient_id, condition_name, status, since_date) VALUES ('pt-0044', 'COPD', 'active', '2022-08-25');
INSERT INTO patient_conditions (patient_id, condition_name, status, since_date) VALUES ('pt-0044', 'Hypothyroidism', 'active', '2014-08-31');
INSERT INTO patient_prescriptions (patient_id, drug, indication, dose, frequency, start_date, prescriber) VALUES ('pt-0044', 'Sitagliptin', 'Type 2 diabetes', '0.5 mg', 'at night', '2023-07-18', 'Dr Chloe Khan');
INSERT INTO patient_appointments (patient_id, appointment_date, appointment_time, type, location, reason, verified_up_to_date) VALUES ('pt-0044', '2023-07-01', '11:10', 'Vaccination appointment', 'GP practice', 'results discussion', 1);
INSERT INTO patient_appointments (patient_id, appointment_date, appointment_time, type, location, reason, verified_up_to_date) VALUES ('pt-0044', '2026-02-22', '16:30', 'Diabetes clinic', 'Hospital outpatient department', 'symptom check', 1);
INSERT INTO patient_appointments (patient_id, appointment_date, appointment_time, type, location, reason, verified_up_to_date) VALUES ('pt-0044', '2027-01-06', '10:10', 'GP review', 'Community clinic', 'vaccination', 1);
INSERT INTO patient_vaccine_records (patient_id, vaccine, vaccine_date, product) VALUES ('pt-0044', 'COVID-19', '2022-08-12', 'Comirnaty');
INSERT INTO patient_vaccine_records (patient_id, vaccine, vaccine_date, product) VALUES ('pt-0044', 'Influenza (seasonal)', '2024-06-26', NULL);
INSERT INTO patient_vaccine_records (patient_id, vaccine, vaccine_date, product) VALUES ('pt-0044', 'Td/Tdap (tetanus, diphtheria, pertussis)', '2025-11-08', NULL);

INSERT INTO patients (id, name, age, gender, address_line1, city, county, postcode, country, telephone, email, gp_name, gp_practice, gp_address, national_insurance_number, passport_number, cache_status, last_synced_at, meta_region) VALUES ('pt-0045', 'Matthew Williams', 58, 'Male', '145 Hilton Street', 'Manchester', 'Greater Manchester', 'M1 1AL', 'UK', '+44 7877 789233', 'mwilliams@gmail.com', 'Dr Grace Roberts', 'Brownlow Group Practice', '150 Mt Pleasant, Liverpool L69 3GD, United Kingdom', 'GQ249736D', '528311983', 'cached_recent', '2026-02-24T00:00:00Z', 'Manchester');
INSERT INTO patient_conditions (patient_id, condition_name, status, since_date) VALUES ('pt-0045', 'Overactive bladder', 'active', '2024-01-01');
INSERT INTO patient_prescriptions (patient_id, drug, indication, dose, frequency, start_date, prescriber) VALUES ('pt-0045', 'Levothyroxine', 'Hypothyroidism', '25 mg', 'with meals', '2023-06-07', 'Dr Ibrahim Campbell');
INSERT INTO patient_appointments (patient_id, appointment_date, appointment_time, type, location, reason, verified_up_to_date) VALUES ('pt-0045', '2026-01-16', '13:10', 'Mental health check-in', 'Home visit', 'routine review', 1);
INSERT INTO patient_appointments (patient_id, appointment_date, appointment_time, type, location, reason, verified_up_to_date) VALUES ('pt-0045', '2026-10-02', '12:20', 'Medication review', 'Hospital outpatient department', 'treatment follow-up', 0);
INSERT INTO patient_vaccine_records (patient_id, vaccine, vaccine_date, product) VALUES ('pt-0045', 'MMR', '2019-04-26', NULL);
INSERT INTO patient_vaccine_records (patient_id, vaccine, vaccine_date, product) VALUES ('pt-0045', 'Hepatitis B', '2018-10-10', NULL);

INSERT INTO patients (id, name, age, gender, address_line1, city, county, postcode, country, telephone, email, gp_name, gp_practice, gp_address, national_insurance_number, passport_number, cache_status, last_synced_at, meta_region) VALUES ('pt-0046', 'Sebastian Wright', 61, 'Male', 'Apt 75, 44 Rose Street', 'Edinburgh', 'City of Edinburgh', 'EH2 2SA', 'UK', '+44 7261 946826', 'sebastian.wright39@gmail.com', 'Dr Ibrahim Reid', 'Brownlow Group Practice', '150 Mt Pleasant, Liverpool L69 3GD, United Kingdom', 'GK155528A', '763599447', 'cached_recent', '2026-03-01T00:00:00Z', 'Edinburgh');
INSERT INTO patient_appointments (patient_id, appointment_date, appointment_time, type, location, reason, verified_up_to_date) VALUES ('pt-0046', '2025-07-15', '11:30', 'Respiratory review', 'Hospital outpatient department', 'results discussion', 1);
INSERT INTO patient_appointments (patient_id, appointment_date, appointment_time, type, location, reason, verified_up_to_date) VALUES ('pt-0046', '2025-12-07', '11:10', 'Cardiology follow-up', 'Community clinic', 'treatment follow-up', 1);

INSERT INTO patients (id, name, age, gender, address_line1, city, county, postcode, country, telephone, email, gp_name, gp_practice, gp_address, national_insurance_number, passport_number, cache_status, last_synced_at, meta_region) VALUES ('pt-0047', 'Nora Baker', 3, 'Female', '169 Wharton Street', 'Cardiff', 'South Glamorgan', 'CF10 1AA', 'UK', '+44 7556 255851', 'nora.baker79@outlook.com', 'Dr David Smith', 'Brownlow Group Practice', '150 Mt Pleasant, Liverpool L69 3GD, United Kingdom', 'UJ523125D', '947876276', 'cached_stale', '2026-02-27T00:00:00Z', 'Cardiff');
INSERT INTO patient_conditions (patient_id, condition_name, status, since_date) VALUES ('pt-0047', 'Hypertension', 'controlled', '2014-02-10');
INSERT INTO patient_prescriptions (patient_id, drug, indication, dose, frequency, start_date, prescriber) VALUES ('pt-0047', 'Sitagliptin', 'Type 2 diabetes', '10 mg', 'with meals', '2024-08-16', 'Dr Maya Patel');
INSERT INTO patient_appointments (patient_id, appointment_date, appointment_time, type, location, reason, verified_up_to_date) VALUES ('pt-0047', '2025-08-29', '10:10', 'Physiotherapy', 'GP practice', 'routine review', 0);

INSERT INTO patients (id, name, age, gender, address_line1, city, county, postcode, country, telephone, email, gp_name, gp_practice, gp_address, national_insurance_number, passport_number, cache_status, last_synced_at, meta_region) VALUES ('pt-0048', 'George O''Connor', 76, 'Male', '174 South John Street', 'Liverpool', 'Merseyside', 'L1 8BJ', 'UK', '+44 7598 780714', 'george.oconnor23@hotmail.co.uk', 'Dr Niamh Campbell', 'Brownlow Group Practice', '150 Mt Pleasant, Liverpool L69 3GD, United Kingdom', 'HV617558B', '406286844', 'cached_stale', '2026-02-20T00:00:00Z', 'Liverpool');
INSERT INTO patient_conditions (patient_id, condition_name, status, since_date) VALUES ('pt-0048', 'History of stroke/TIA', 'active', '2018-05-02');
INSERT INTO patient_conditions (patient_id, condition_name, status, since_date) VALUES ('pt-0048', 'Chronic back pain', 'active', '2017-06-25');
INSERT INTO patient_conditions (patient_id, condition_name, status, since_date) VALUES ('pt-0048', 'Atrial fibrillation', 'history', '2023-01-21');
INSERT INTO patient_conditions (patient_id, condition_name, status, since_date) VALUES ('pt-0048', 'Heart failure', 'controlled', '2014-10-05');
INSERT INTO patient_prescriptions (patient_id, drug, indication, dose, frequency, start_date, prescriber) VALUES ('pt-0048', 'Dapagliflozin', 'Type 2 diabetes/Heart failure/CKD', '1 puff', 'twice daily', '2025-05-08', 'Dr Hannah Wilson');
INSERT INTO patient_appointments (patient_id, appointment_date, appointment_time, type, location, reason, verified_up_to_date) VALUES ('pt-0048', '2023-12-21', '17:20', 'Medication review', 'Telehealth', 'annual monitoring', 1);
INSERT INTO patient_appointments (patient_id, appointment_date, appointment_time, type, location, reason, verified_up_to_date) VALUES ('pt-0048', '2025-06-04', '08:20', 'Ophthalmology', 'Community clinic', 'routine review', 0);
INSERT INTO patient_appointments (patient_id, appointment_date, appointment_time, type, location, reason, verified_up_to_date) VALUES ('pt-0048', '2025-11-01', '17:40', 'Physiotherapy', 'Telehealth', 'routine review', 1);
INSERT INTO patient_appointments (patient_id, appointment_date, appointment_time, type, location, reason, verified_up_to_date) VALUES ('pt-0048', '2026-10-25', '10:10', 'Mental health check-in', 'Hospital outpatient department', 'routine review', 1);
INSERT INTO patient_appointments (patient_id, appointment_date, appointment_time, type, location, reason, verified_up_to_date) VALUES ('pt-0048', '2026-11-22', '11:15', 'Physiotherapy', 'Community clinic', 'annual monitoring', 1);
INSERT INTO patient_vaccine_records (patient_id, vaccine, vaccine_date, product) VALUES ('pt-0048', 'COVID-19', '2019-06-25', 'Nuvaxovid');

INSERT INTO patients (id, name, age, gender, address_line1, city, county, postcode, country, telephone, email, gp_name, gp_practice, gp_address, national_insurance_number, passport_number, cache_status, last_synced_at, meta_region) VALUES ('pt-0049', 'Zara Hall', 47, 'Female', 'Unit 39, 204 Donegall Square South', 'Belfast', 'County Antrim', 'BT1 5UB', 'UK', '+44 7519 831063', 'zara.hall93@hotmail.co.uk', 'Dr Aisha O''Neill', 'Brownlow Group Practice', '150 Mt Pleasant, Liverpool L69 3GD, United Kingdom', 'VJ311847B', '102988942', 'verified_online', '2026-02-05T00:00:00Z', 'Belfast');
INSERT INTO patient_conditions (patient_id, condition_name, status, since_date) VALUES ('pt-0049', 'Depression', 'controlled', '2016-10-11');
INSERT INTO patient_conditions (patient_id, condition_name, status, since_date) VALUES ('pt-0049', 'Benign prostatic hyperplasia (BPH)', 'monitoring', '2016-12-08');
INSERT INTO patient_conditions (patient_id, condition_name, status, since_date) VALUES ('pt-0049', 'Osteoarthritis', 'active', '2012-04-05');
INSERT INTO patient_conditions (patient_id, condition_name, status, since_date) VALUES ('pt-0049', 'Glaucoma', 'history', '2014-11-29');
INSERT INTO patient_conditions (patient_id, condition_name, status, since_date) VALUES ('pt-0049', 'Atrial fibrillation', 'active', '2022-03-29');
INSERT INTO patient_conditions (patient_id, condition_name, status, since_date) VALUES ('pt-0049', 'Osteoporosis', 'active', '2019-01-22');
INSERT INTO patient_prescriptions (patient_id, drug, indication, dose, frequency, start_date, prescriber) VALUES ('pt-0049', 'Finasteride', 'BPH', '1 puff', 'at night', '2024-06-08', 'Dr Kieran Ahmed');
INSERT INTO patient_prescriptions (patient_id, drug, indication, dose, frequency, start_date, prescriber) VALUES ('pt-0049', 'Sitagliptin', 'Type 2 diabetes', '500 mg', 'once daily', '2023-05-12', 'Dr Chloe Clarke');
INSERT INTO patient_appointments (patient_id, appointment_date, appointment_time, type, location, reason, verified_up_to_date) VALUES ('pt-0049', '2026-02-17', '10:45', 'Diabetes clinic', 'GP practice', 'treatment follow-up', 1);
INSERT INTO patient_vaccine_records (patient_id, vaccine, vaccine_date, product) VALUES ('pt-0049', 'COVID-19', '2022-05-05', 'Nuvaxovid');
INSERT INTO patient_vaccine_records (patient_id, vaccine, vaccine_date, product) VALUES ('pt-0049', 'Td/Tdap (tetanus, diphtheria, pertussis)', '2020-03-22', NULL);
INSERT INTO patient_vaccine_records (patient_id, vaccine, vaccine_date, product) VALUES ('pt-0049', 'MMR', '2017-02-27', NULL);

INSERT INTO patients (id, name, age, gender, address_line1, city, county, postcode, country, telephone, email, gp_name, gp_practice, gp_address, national_insurance_number, passport_number, cache_status, last_synced_at, meta_region) VALUES ('pt-0050', 'Mia Phillips', 80, 'Female', 'Unit 4, 174 Rose Street', 'Edinburgh', 'City of Edinburgh', 'EH2 2PB', 'UK', '+44 7629 939333', 'mia.phillips87@outlook.com', 'Dr Helen Brown', 'Brownlow Group Practice', '150 Mt Pleasant, Liverpool L69 3GD, United Kingdom', 'DY470852B', '179491823', 'cached_recent', '2026-03-03T00:00:00Z', 'Edinburgh');
INSERT INTO patient_conditions (patient_id, condition_name, status, since_date) VALUES ('pt-0050', 'Gastro-oesophageal reflux disease (GORD)', 'active', '2017-02-14');
INSERT INTO patient_prescriptions (patient_id, drug, indication, dose, frequency, start_date, prescriber) VALUES ('pt-0050', 'Sacubitril/valsartan', 'Heart failure', '100 mg', 'twice daily', '2025-09-02', 'Dr Holly Khan');
INSERT INTO patient_appointments (patient_id, appointment_date, appointment_time, type, location, reason, verified_up_to_date) VALUES ('pt-0050', '2025-06-29', '17:20', 'Mental health check-in', 'GP practice', 'results discussion', 0);
INSERT INTO patient_appointments (patient_id, appointment_date, appointment_time, type, location, reason, verified_up_to_date) VALUES ('pt-0050', '2025-12-04', '17:00', 'Diabetes clinic', 'GP practice', 'routine review', 1);
INSERT INTO patient_vaccine_records (patient_id, vaccine, vaccine_date, product) VALUES ('pt-0050', 'Pneumococcal', '2020-12-04', NULL);

INSERT INTO patients (id, name, age, gender, address_line1, city, county, postcode, country, telephone, email, gp_name, gp_practice, gp_address, national_insurance_number, passport_number, cache_status, last_synced_at, meta_region) VALUES ('pt-0051', 'Stephen Patel', 17, 'Male', 'Unit 26, 11 Claremont Road', 'Newcastle upon Tyne', 'Tyne and Wear', 'NE1 4LP', 'UK', '+44 7452 530849', 'stephen280@icloud.com', 'Dr Richard Jones', 'Brownlow Group Practice', '150 Mt Pleasant, Liverpool L69 3GD, United Kingdom', 'BF288792D', '154460628', 'cached_stale', '2026-02-09T00:00:00Z', 'Newcastle upon Tyne');
INSERT INTO patient_conditions (patient_id, condition_name, status, since_date) VALUES ('pt-0051', 'Hypothyroidism', 'active', '2025-02-26');

INSERT INTO patients (id, name, age, gender, address_line1, city, county, postcode, country, telephone, email, gp_name, gp_practice, gp_address, national_insurance_number, passport_number, cache_status, last_synced_at, meta_region) VALUES ('pt-0052', 'Bethany Allen', 65, 'Female', 'Apt 65, 168 Wharton Street', 'Cardiff', 'South Glamorgan', 'CF10 1AG', 'UK', '+44 7226 814263', 'ballen@icloud.com', 'Dr Priya Foster', 'Brownlow Group Practice', '150 Mt Pleasant, Liverpool L69 3GD, United Kingdom', 'TO186209D', '630157871', 'verified_online', '2026-02-07T00:00:00Z', 'Cardiff');
INSERT INTO patient_conditions (patient_id, condition_name, status, since_date) VALUES ('pt-0052', 'Chronic kidney disease', 'active', '2013-05-20');
INSERT INTO patient_conditions (patient_id, condition_name, status, since_date) VALUES ('pt-0052', 'Hypothyroidism', 'active', '2016-04-17');
INSERT INTO patient_conditions (patient_id, condition_name, status, since_date) VALUES ('pt-0052', 'Gastro-oesophageal reflux disease (GORD)', 'history', '2018-05-18');
INSERT INTO patient_prescriptions (patient_id, drug, indication, dose, frequency, start_date, prescriber) VALUES ('pt-0052', 'Omeprazole', 'Reflux/Ulcer prevention', '500 mg', 'twice daily', '2025-06-15', 'Dr Michael Foster');
INSERT INTO patient_appointments (patient_id, appointment_date, appointment_time, type, location, reason, verified_up_to_date) VALUES ('pt-0052', '2025-04-30', '16:15', 'Blood test', 'Hospital outpatient department', 'vaccination', 0);
INSERT INTO patient_appointments (patient_id, appointment_date, appointment_time, type, location, reason, verified_up_to_date) VALUES ('pt-0052', '2026-08-22', '17:00', 'Diabetes clinic', 'Community clinic', 'symptom check', 1);
INSERT INTO patient_vaccine_records (patient_id, vaccine, vaccine_date, product) VALUES ('pt-0052', 'Influenza (seasonal)', '2025-07-28', NULL);

INSERT INTO patients (id, name, age, gender, address_line1, city, county, postcode, country, telephone, email, gp_name, gp_practice, gp_address, national_insurance_number, passport_number, cache_status, last_synced_at, meta_region) VALUES ('pt-0053', 'Robert Ward', 85, 'Male', 'Apt 61, 113 Hilton Street', 'Manchester', 'Greater Manchester', 'M1 1AQ', 'UK', '+44 7771 845635', 'rward@outlook.com', 'Dr Aisha Clarke', 'Brownlow Group Practice', '150 Mt Pleasant, Liverpool L69 3GD, United Kingdom', 'EQ802658B', '966031608', 'verified_online', '2026-02-12T00:00:00Z', 'Manchester');
INSERT INTO patient_conditions (patient_id, condition_name, status, since_date) VALUES ('pt-0053', 'Chronic back pain', 'active', '2021-10-24');
INSERT INTO patient_appointments (patient_id, appointment_date, appointment_time, type, location, reason, verified_up_to_date) VALUES ('pt-0053', '2025-10-13', '15:30', 'Mental health check-in', 'Telehealth', 'results discussion', 1);
INSERT INTO patient_appointments (patient_id, appointment_date, appointment_time, type, location, reason, verified_up_to_date) VALUES ('pt-0053', '2025-11-17', '17:30', 'Respiratory review', 'Home visit', 'results discussion', 1);
INSERT INTO patient_vaccine_records (patient_id, vaccine, vaccine_date, product) VALUES ('pt-0053', 'COVID-19', '2020-09-16', 'Nuvaxovid');
INSERT INTO patient_vaccine_records (patient_id, vaccine, vaccine_date, product) VALUES ('pt-0053', 'Influenza (seasonal)', '2024-04-07', NULL);
INSERT INTO patient_vaccine_records (patient_id, vaccine, vaccine_date, product) VALUES ('pt-0053', 'Pneumococcal', '2021-10-03', NULL);
INSERT INTO patient_vaccine_records (patient_id, vaccine, vaccine_date, product) VALUES ('pt-0053', 'Hepatitis B', '2024-02-13', NULL);

INSERT INTO patients (id, name, age, gender, address_line1, city, county, postcode, country, telephone, email, gp_name, gp_practice, gp_address, national_insurance_number, passport_number, cache_status, last_synced_at, meta_region) VALUES ('pt-0054', 'James Barnes', 86, 'Male', 'Unit 3, 84 College Green', 'Bristol', 'Bristol', 'BS1 5AS', 'UK', '+44 7574 992562', 'james.barnes@gmail.com', 'Dr Maya Hughes', 'Brownlow Group Practice', '150 Mt Pleasant, Liverpool L69 3GD, United Kingdom', 'PG524788A', '931468622', 'cached_recent', '2026-03-01T00:00:00Z', 'Bristol');
INSERT INTO patient_conditions (patient_id, condition_name, status, since_date) VALUES ('pt-0054', 'Epilepsy', 'active', '2015-03-30');
INSERT INTO patient_prescriptions (patient_id, drug, indication, dose, frequency, start_date, prescriber) VALUES ('pt-0054', 'Oxybutynin', 'Overactive bladder', '1 puff', 'with meals', '2024-03-13', 'Dr Robert Jones');
INSERT INTO patient_vaccine_records (patient_id, vaccine, vaccine_date, product) VALUES ('pt-0054', 'Influenza (seasonal)', '2020-10-23', NULL);

INSERT INTO patients (id, name, age, gender, address_line1, city, county, postcode, country, telephone, email, gp_name, gp_practice, gp_address, national_insurance_number, passport_number, cache_status, last_synced_at, meta_region) VALUES ('pt-0055', 'Robert Wright', 50, 'Male', '187 Newhall Street', 'Birmingham', 'West Midlands', 'B1 1BB', 'UK', '+44 7237 459381', 'rwright@outlook.com', 'Dr Ibrahim Wilson', 'Brownlow Group Practice', '150 Mt Pleasant, Liverpool L69 3GD, United Kingdom', 'FZ422986A', '245262270', 'cached_recent', '2026-03-02T00:00:00Z', 'Birmingham');
INSERT INTO patient_conditions (patient_id, condition_name, status, since_date) VALUES ('pt-0055', 'Osteoporosis', 'controlled', '2024-02-08');
INSERT INTO patient_appointments (patient_id, appointment_date, appointment_time, type, location, reason, verified_up_to_date) VALUES ('pt-0055', '2025-03-08', '11:20', 'Physiotherapy', 'Hospital outpatient department', 'symptom check', 1);
INSERT INTO patient_appointments (patient_id, appointment_date, appointment_time, type, location, reason, verified_up_to_date) VALUES ('pt-0055', '2026-09-01', '11:40', 'GP review', 'Hospital outpatient department', 'treatment follow-up', 1);
INSERT INTO patient_appointments (patient_id, appointment_date, appointment_time, type, location, reason, verified_up_to_date) VALUES ('pt-0055', '2026-11-23', '14:45', 'Vaccination appointment', 'Home visit', 'results discussion', 0);

INSERT INTO patients (id, name, age, gender, address_line1, city, county, postcode, country, telephone, email, gp_name, gp_practice, gp_address, national_insurance_number, passport_number, cache_status, last_synced_at, meta_region) VALUES ('pt-0056', 'Robert Johnson', 46, 'Male', 'Apt 26, 48 Claremont Road', 'Newcastle upon Tyne', 'Tyne and Wear', 'NE1 4LP', 'UK', '+44 7192 917392', 'robert.johnson@hotmail.co.uk', 'Dr Grace Smith', 'Brownlow Group Practice', '150 Mt Pleasant, Liverpool L69 3GD, United Kingdom', 'UH478938C', '283602087', 'verified_online', '2026-03-01T00:00:00Z', 'Newcastle upon Tyne');
INSERT INTO patient_conditions (patient_id, condition_name, status, since_date) VALUES ('pt-0056', 'Hypertension', 'history', '2021-02-22');
INSERT INTO patient_conditions (patient_id, condition_name, status, since_date) VALUES ('pt-0056', 'Type 2 diabetes', 'monitoring', '2021-10-27');
INSERT INTO patient_appointments (patient_id, appointment_date, appointment_time, type, location, reason, verified_up_to_date) VALUES ('pt-0056', '2025-06-19', '16:10', 'Respiratory review', 'GP practice', 'routine review', 0);
INSERT INTO patient_appointments (patient_id, appointment_date, appointment_time, type, location, reason, verified_up_to_date) VALUES ('pt-0056', '2025-09-24', '12:20', 'Physiotherapy', 'Home visit', 'annual monitoring', 1);
INSERT INTO patient_appointments (patient_id, appointment_date, appointment_time, type, location, reason, verified_up_to_date) VALUES ('pt-0056', '2026-05-08', '09:30', 'Ophthalmology', 'Telehealth', 'vaccination', 1);

INSERT INTO patients (id, name, age, gender, address_line1, city, county, postcode, country, telephone, email, gp_name, gp_practice, gp_address, national_insurance_number, passport_number, cache_status, last_synced_at, meta_region) VALUES ('pt-0057', 'Harry Jones', 86, 'Male', 'Flat 44, 92 Little Lever Street', 'Manchester', 'Greater Manchester', 'M1 1EB', 'UK', '+44 7821 810859', 'harry.jones99@outlook.com', 'Dr Aisha Clarke', 'Brownlow Group Practice', '150 Mt Pleasant, Liverpool L69 3GD, United Kingdom', 'VK544315A', '464766900', 'verified_online', '2026-02-04T00:00:00Z', 'Manchester');
INSERT INTO patient_conditions (patient_id, condition_name, status, since_date) VALUES ('pt-0057', 'Gout', 'active', '2019-07-16');
INSERT INTO patient_appointments (patient_id, appointment_date, appointment_time, type, location, reason, verified_up_to_date) VALUES ('pt-0057', '2023-07-03', '10:10', 'Vaccination appointment', 'Telehealth', 'results discussion', 0);
INSERT INTO patient_appointments (patient_id, appointment_date, appointment_time, type, location, reason, verified_up_to_date) VALUES ('pt-0057', '2024-09-11', '14:50', 'Vaccination appointment', 'Community clinic', 'routine review', 1);
INSERT INTO patient_vaccine_records (patient_id, vaccine, vaccine_date, product) VALUES ('pt-0057', 'Influenza (seasonal)', '2020-01-21', NULL);
INSERT INTO patient_vaccine_records (patient_id, vaccine, vaccine_date, product) VALUES ('pt-0057', 'RSV', '2016-04-22', 'Abrysvo');
INSERT INTO patient_vaccine_records (patient_id, vaccine, vaccine_date, product) VALUES ('pt-0057', 'MMR', '2025-09-11', NULL);

INSERT INTO patients (id, name, age, gender, address_line1, city, county, postcode, country, telephone, email, gp_name, gp_practice, gp_address, national_insurance_number, passport_number, cache_status, last_synced_at, meta_region) VALUES ('pt-0058', 'Ethan Lee', 53, 'Male', 'Flat 27, 154 Constitution Hill', 'London', 'Greater London', 'SW1A 1AA', 'UK', '+44 7519 212157', 'ethanlee@outlook.com', 'Dr Kieran Khan', 'Brownlow Group Practice', '150 Mt Pleasant, Liverpool L69 3GD, United Kingdom', 'DM226061D', '885358270', 'cached_stale', '2026-02-05T00:00:00Z', 'London');
INSERT INTO patient_prescriptions (patient_id, drug, indication, dose, frequency, start_date, prescriber) VALUES ('pt-0058', 'Citalopram', 'Depression/Anxiety', '10 mg', 'once weekly', '2025-08-30', 'Dr Chloe Ahmed');
INSERT INTO patient_appointments (patient_id, appointment_date, appointment_time, type, location, reason, verified_up_to_date) VALUES ('pt-0058', '2025-03-04', '09:30', 'Mental health check-in', 'Telehealth', 'symptom check', 0);
INSERT INTO patient_appointments (patient_id, appointment_date, appointment_time, type, location, reason, verified_up_to_date) VALUES ('pt-0058', '2025-03-18', '08:20', 'Medication review', 'Hospital outpatient department', 'treatment follow-up', 0);
INSERT INTO patient_appointments (patient_id, appointment_date, appointment_time, type, location, reason, verified_up_to_date) VALUES ('pt-0058', '2025-03-18', '15:10', 'Blood test', 'Community clinic', 'routine review', 1);
INSERT INTO patient_appointments (patient_id, appointment_date, appointment_time, type, location, reason, verified_up_to_date) VALUES ('pt-0058', '2025-07-03', '15:00', 'Blood test', 'Home visit', 'results discussion', 1);
INSERT INTO patient_vaccine_records (patient_id, vaccine, vaccine_date, product) VALUES ('pt-0058', 'MMR', '2020-10-28', NULL);
INSERT INTO patient_vaccine_records (patient_id, vaccine, vaccine_date, product) VALUES ('pt-0058', 'Hepatitis B', '2023-04-12', NULL);

INSERT INTO patients (id, name, age, gender, address_line1, city, county, postcode, country, telephone, email, gp_name, gp_practice, gp_address, national_insurance_number, passport_number, cache_status, last_synced_at, meta_region) VALUES ('pt-0059', 'Logan Powell', 95, 'Male', 'Flat 32, 179 Constitution Hill', 'London', 'Greater London', 'SW1A 1BW', 'UK', '+44 7204 746036', 'logan.powell87@outlook.com', 'Dr Sophie Roberts', 'Brownlow Group Practice', '150 Mt Pleasant, Liverpool L69 3GD, United Kingdom', 'XU588534D', '255116198', 'cached_stale', '2026-03-01T00:00:00Z', 'London');
INSERT INTO patient_conditions (patient_id, condition_name, status, since_date) VALUES ('pt-0059', 'Overactive bladder', 'controlled', '2024-02-27');
INSERT INTO patient_conditions (patient_id, condition_name, status, since_date) VALUES ('pt-0059', 'Type 2 diabetes', 'controlled', '2013-07-03');
INSERT INTO patient_conditions (patient_id, condition_name, status, since_date) VALUES ('pt-0059', 'Obesity', 'monitoring', '2022-06-27');
INSERT INTO patient_conditions (patient_id, condition_name, status, since_date) VALUES ('pt-0059', 'Dementia', 'active', '2020-07-27');
INSERT INTO patient_conditions (patient_id, condition_name, status, since_date) VALUES ('pt-0059', 'Chronic kidney disease (stage 4)', 'active', '2016-09-30');
INSERT INTO patient_conditions (patient_id, condition_name, status, since_date) VALUES ('pt-0059', 'History of stroke/TIA', 'monitoring', '2017-10-11');
INSERT INTO patient_prescriptions (patient_id, drug, indication, dose, frequency, start_date, prescriber) VALUES ('pt-0059', 'Levetiracetam', 'Epilepsy', '50 mg', 'at night', '2024-12-06', 'Dr Maya Brown');
INSERT INTO patient_prescriptions (patient_id, drug, indication, dose, frequency, start_date, prescriber) VALUES ('pt-0059', 'Alendronic acid', 'Osteoporosis', '2 puffs', 'with meals', '2024-05-23', 'Dr Sophie Khan');
INSERT INTO patient_appointments (patient_id, appointment_date, appointment_time, type, location, reason, verified_up_to_date) VALUES ('pt-0059', '2023-12-01', '10:40', 'Blood test', 'Hospital outpatient department', 'treatment follow-up', 0);
INSERT INTO patient_appointments (patient_id, appointment_date, appointment_time, type, location, reason, verified_up_to_date) VALUES ('pt-0059', '2025-07-30', '08:00', 'Cardiology follow-up', 'Hospital outpatient department', 'symptom check', 1);
INSERT INTO patient_appointments (patient_id, appointment_date, appointment_time, type, location, reason, verified_up_to_date) VALUES ('pt-0059', '2027-01-16', '14:30', 'Vaccination appointment', 'GP practice', 'treatment follow-up', 1);
INSERT INTO patient_vaccine_records (patient_id, vaccine, vaccine_date, product) VALUES ('pt-0059', 'COVID-19', '2019-05-28', 'Nuvaxovid');

INSERT INTO patients (id, name, age, gender, address_line1, city, county, postcode, country, telephone, email, gp_name, gp_practice, gp_address, national_insurance_number, passport_number, cache_status, last_synced_at, meta_region) VALUES ('pt-0060', 'Logan Morris', 87, 'Male', 'Flat 45, 51 Park Row', 'Leeds', 'West Yorkshire', 'LS1 1UR', 'UK', '+44 7777 415783', 'logan.morris74@hotmail.co.uk', 'Dr Maya Patel', 'Brownlow Group Practice', '150 Mt Pleasant, Liverpool L69 3GD, United Kingdom', 'CZ742057C', '564138658', 'cached_stale', '2026-02-17T00:00:00Z', 'Leeds');
INSERT INTO patient_conditions (patient_id, condition_name, status, since_date) VALUES ('pt-0060', 'Overactive bladder', 'controlled', '2017-10-11');
INSERT INTO patient_conditions (patient_id, condition_name, status, since_date) VALUES ('pt-0060', 'Gout', 'active', '2015-05-17');
INSERT INTO patient_appointments (patient_id, appointment_date, appointment_time, type, location, reason, verified_up_to_date) VALUES ('pt-0060', '2025-12-14', '16:30', 'Diabetes clinic', 'Community clinic', 'treatment follow-up', 1);
INSERT INTO patient_vaccine_records (patient_id, vaccine, vaccine_date, product) VALUES ('pt-0060', 'COVID-19', '2022-01-06', 'Comirnaty');
INSERT INTO patient_vaccine_records (patient_id, vaccine, vaccine_date, product) VALUES ('pt-0060', 'COVID-19 booster', '2020-11-03', 'Comirnaty');
INSERT INTO patient_vaccine_records (patient_id, vaccine, vaccine_date, product) VALUES ('pt-0060', 'Influenza (seasonal)', '2020-09-13', NULL);
INSERT INTO patient_vaccine_records (patient_id, vaccine, vaccine_date, product) VALUES ('pt-0060', 'Pneumococcal', '2018-08-29', NULL);

INSERT INTO patients (id, name, age, gender, address_line1, city, county, postcode, country, telephone, email, gp_name, gp_practice, gp_address, national_insurance_number, passport_number, cache_status, last_synced_at, meta_region) VALUES ('pt-0061', 'Martin Jones', 29, 'Male', '210 The Mall', 'London', 'Greater London', 'SW1A 1JR', 'UK', '+44 7107 757386', 'martinjones@icloud.com', 'Dr Grace Evans', 'Brownlow Group Practice', '150 Mt Pleasant, Liverpool L69 3GD, United Kingdom', 'DG563876D', '694239754', 'verified_online', '2026-02-04T00:00:00Z', 'London');
INSERT INTO patient_conditions (patient_id, condition_name, status, since_date) VALUES ('pt-0061', 'Gout', 'monitoring', '2019-09-26');
INSERT INTO patient_conditions (patient_id, condition_name, status, since_date) VALUES ('pt-0061', 'Hypercholesterolaemia', 'active', '2013-09-21');
INSERT INTO patient_conditions (patient_id, condition_name, status, since_date) VALUES ('pt-0061', 'Type 2 diabetes', 'monitoring', '2011-09-26');

INSERT INTO patients (id, name, age, gender, address_line1, city, county, postcode, country, telephone, email, gp_name, gp_practice, gp_address, national_insurance_number, passport_number, cache_status, last_synced_at, meta_region) VALUES ('pt-0062', 'Victoria Harrison', 63, 'Female', 'Unit 20, 183 Donegall Square East', 'Belfast', 'County Antrim', 'BT1 5JA', 'UK', '+44 7843 460554', 'victoria.harrison53@outlook.com', 'Dr Aisha O''Neill', 'Brownlow Group Practice', '150 Mt Pleasant, Liverpool L69 3GD, United Kingdom', 'FF231512C', '208656189', 'verified_online', '2026-02-11T00:00:00Z', 'Belfast');
INSERT INTO patient_conditions (patient_id, condition_name, status, since_date) VALUES ('pt-0062', 'Dementia', 'active', '2023-03-06');
INSERT INTO patient_conditions (patient_id, condition_name, status, since_date) VALUES ('pt-0062', 'Heart failure', 'active', '2024-04-25');
INSERT INTO patient_conditions (patient_id, condition_name, status, since_date) VALUES ('pt-0062', 'Osteoporosis', 'active', '2019-03-16');
INSERT INTO patient_conditions (patient_id, condition_name, status, since_date) VALUES ('pt-0062', 'Benign prostatic hyperplasia (BPH)', 'active', '2013-07-24');
INSERT INTO patient_conditions (patient_id, condition_name, status, since_date) VALUES ('pt-0062', 'Atrial fibrillation', 'monitoring', '2024-10-13');
INSERT INTO patient_prescriptions (patient_id, drug, indication, dose, frequency, start_date, prescriber) VALUES ('pt-0062', 'Beclometasone dipropionate', 'Asthma/COPD', '1 injection', 'at night', '2023-05-07', 'Dr Richard Wilson');
INSERT INTO patient_appointments (patient_id, appointment_date, appointment_time, type, location, reason, verified_up_to_date) VALUES ('pt-0062', '2024-10-29', '10:30', 'Physiotherapy', 'GP practice', 'treatment follow-up', 1);
INSERT INTO patient_vaccine_records (patient_id, vaccine, vaccine_date, product) VALUES ('pt-0062', 'COVID-19', '2025-02-22', 'Nuvaxovid');
INSERT INTO patient_vaccine_records (patient_id, vaccine, vaccine_date, product) VALUES ('pt-0062', 'Pneumococcal', '2024-08-07', NULL);

INSERT INTO patients (id, name, age, gender, address_line1, city, county, postcode, country, telephone, email, gp_name, gp_practice, gp_address, national_insurance_number, passport_number, cache_status, last_synced_at, meta_region) VALUES ('pt-0063', 'Freddie Evans', 36, 'Male', 'Flat 39, 90 Corporation Street', 'Birmingham', 'West Midlands', 'B1 1BB', 'UK', '+44 7998 603268', 'fevans@hotmail.co.uk', 'Dr Zoe Campbell', 'Brownlow Group Practice', '150 Mt Pleasant, Liverpool L69 3GD, United Kingdom', 'PR114119B', '693155758', 'cached_stale', '2026-02-04T00:00:00Z', 'Birmingham');
INSERT INTO patient_conditions (patient_id, condition_name, status, since_date) VALUES ('pt-0063', 'COPD', 'controlled', '2013-06-04');
INSERT INTO patient_prescriptions (patient_id, drug, indication, dose, frequency, start_date, prescriber) VALUES ('pt-0063', 'Pregabalin', 'Neuropathic pain/Anxiety', '100 mg', 'with meals', '2024-11-20', 'Dr Grace Khan');
INSERT INTO patient_prescriptions (patient_id, drug, indication, dose, frequency, start_date, prescriber) VALUES ('pt-0063', 'Tiotropium', 'COPD', '2.5 mg', 'twice daily', '2025-03-20', 'Dr Kieran O''Neill');

INSERT INTO patients (id, name, age, gender, address_line1, city, county, postcode, country, telephone, email, gp_name, gp_practice, gp_address, national_insurance_number, passport_number, cache_status, last_synced_at, meta_region) VALUES ('pt-0064', 'Matthew Russell', 91, 'Male', 'Flat 19, 212 Corporation Street', 'Birmingham', 'West Midlands', 'B1 1BB', 'UK', '+44 7431 208239', 'mrussell@hotmail.co.uk', 'Dr Chloe Roberts', 'Brownlow Group Practice', '150 Mt Pleasant, Liverpool L69 3GD, United Kingdom', 'SR597856B', '404435133', 'cached_recent', '2026-02-27T00:00:00Z', 'Birmingham');
INSERT INTO patient_conditions (patient_id, condition_name, status, since_date) VALUES ('pt-0064', 'Type 2 diabetes', 'history', '2025-11-05');
INSERT INTO patient_conditions (patient_id, condition_name, status, since_date) VALUES ('pt-0064', 'Obesity', 'monitoring', '2019-12-26');
INSERT INTO patient_prescriptions (patient_id, drug, indication, dose, frequency, start_date, prescriber) VALUES ('pt-0064', 'Clopidogrel', 'Antiplatelet (post-MI/stroke)', '20 mg', 'once weekly', '2025-12-25', 'Dr Ibrahim Ahmed');
INSERT INTO patient_appointments (patient_id, appointment_date, appointment_time, type, location, reason, verified_up_to_date) VALUES ('pt-0064', '2025-11-03', '17:15', 'Mental health check-in', 'Community clinic', 'results discussion', 1);
INSERT INTO patient_appointments (patient_id, appointment_date, appointment_time, type, location, reason, verified_up_to_date) VALUES ('pt-0064', '2026-10-04', '10:50', 'Physiotherapy', 'GP practice', 'symptom check', 0);
INSERT INTO patient_vaccine_records (patient_id, vaccine, vaccine_date, product) VALUES ('pt-0064', 'Influenza (seasonal)', '2023-07-04', NULL);

INSERT INTO patients (id, name, age, gender, address_line1, city, county, postcode, country, telephone, email, gp_name, gp_practice, gp_address, national_insurance_number, passport_number, cache_status, last_synced_at, meta_region) VALUES ('pt-0065', 'Violet Smith', 49, 'Female', '137 Paradise Street', 'Liverpool', 'Merseyside', 'L1 8BN', 'UK', '+44 7264 241268', 'violet.smith@outlook.com', 'Dr Owen Evans', 'Brownlow Group Practice', '150 Mt Pleasant, Liverpool L69 3GD, United Kingdom', 'BF270804B', '554738715', 'verified_online', '2026-02-08T00:00:00Z', 'Liverpool');
INSERT INTO patient_conditions (patient_id, condition_name, status, since_date) VALUES ('pt-0065', 'Chronic back pain', 'controlled', '2014-07-20');
INSERT INTO patient_prescriptions (patient_id, drug, indication, dose, frequency, start_date, prescriber) VALUES ('pt-0065', 'Ramipril', 'Hypertension/Heart failure', '0.5 mg', 'twice daily', '2025-07-01', 'Dr Alex Brown');
INSERT INTO patient_vaccine_records (patient_id, vaccine, vaccine_date, product) VALUES ('pt-0065', 'Hepatitis B', '2024-03-31', NULL);

INSERT INTO patients (id, name, age, gender, address_line1, city, county, postcode, country, telephone, email, gp_name, gp_practice, gp_address, national_insurance_number, passport_number, cache_status, last_synced_at, meta_region) VALUES ('pt-0066', 'Bethany Fisher', 44, 'Female', 'Apt 72, 85 St Georges Road', 'Bristol', 'Bristol', 'BS1 5QH', 'UK', '+44 7714 140932', 'bethany.fisher69@gmail.com', 'Dr Rachel Reid', 'Brownlow Group Practice', '150 Mt Pleasant, Liverpool L69 3GD, United Kingdom', 'CP691423B', '968498754', 'cached_stale', '2026-02-15T00:00:00Z', 'Bristol');
INSERT INTO patient_conditions (patient_id, condition_name, status, since_date) VALUES ('pt-0066', 'History of stroke/TIA', 'active', '2015-04-05');
INSERT INTO patient_appointments (patient_id, appointment_date, appointment_time, type, location, reason, verified_up_to_date) VALUES ('pt-0066', '2025-09-18', '17:10', 'Cardiology follow-up', 'Home visit', 'results discussion', 1);

INSERT INTO patients (id, name, age, gender, address_line1, city, county, postcode, country, telephone, email, gp_name, gp_practice, gp_address, national_insurance_number, passport_number, cache_status, last_synced_at, meta_region) VALUES ('pt-0067', 'Isla Webb', 60, 'Female', 'Apt 58, 202 Chicheley Street', 'London', 'Greater London', 'SE1 7PB', 'UK', '+44 7507 871523', 'isla.webb@outlook.com', 'Dr Grace Evans', 'Brownlow Group Practice', '150 Mt Pleasant, Liverpool L69 3GD, United Kingdom', 'OZ733281B', '107673349', 'cached_recent', '2026-03-03T00:00:00Z', 'London');
INSERT INTO patient_conditions (patient_id, condition_name, status, since_date) VALUES ('pt-0067', 'History of stroke/TIA', 'active', '2024-02-07');
INSERT INTO patient_prescriptions (patient_id, drug, indication, dose, frequency, start_date, prescriber) VALUES ('pt-0067', 'Sertraline', 'Depression/Anxiety', '50 mg', 'with meals', '2025-06-18', 'Dr Alex Wilson');
INSERT INTO patient_prescriptions (patient_id, drug, indication, dose, frequency, start_date, prescriber) VALUES ('pt-0067', 'Insulin aspart', 'Diabetes', '25 mg', 'once daily', '2023-03-19', 'Dr Chloe Ahmed');
INSERT INTO patient_appointments (patient_id, appointment_date, appointment_time, type, location, reason, verified_up_to_date) VALUES ('pt-0067', '2024-08-05', '12:45', 'Ophthalmology', 'Hospital outpatient department', 'treatment follow-up', 1);
INSERT INTO patient_appointments (patient_id, appointment_date, appointment_time, type, location, reason, verified_up_to_date) VALUES ('pt-0067', '2025-09-30', '13:45', 'Physiotherapy', 'GP practice', 'symptom check', 0);

INSERT INTO patients (id, name, age, gender, address_line1, city, county, postcode, country, telephone, email, gp_name, gp_practice, gp_address, national_insurance_number, passport_number, cache_status, last_synced_at, meta_region) VALUES ('pt-0068', 'Leo Patel', 29, 'Male', 'Apt 13, 167 Claremont Place', 'Newcastle upon Tyne', 'Tyne and Wear', 'NE1 4LP', 'UK', '+44 7815 342924', 'leo.patel@hotmail.co.uk', 'Dr Chloe Smith', 'Brownlow Group Practice', '150 Mt Pleasant, Liverpool L69 3GD, United Kingdom', 'HU000301B', '093246752', 'cached_stale', '2026-02-02T00:00:00Z', 'Newcastle upon Tyne');
INSERT INTO patient_prescriptions (patient_id, drug, indication, dose, frequency, start_date, prescriber) VALUES ('pt-0068', 'Amoxicillin', 'Bacterial infection', '0.5 mg', 'with meals', '2024-10-11', 'Dr Maya Brown');

INSERT INTO patients (id, name, age, gender, address_line1, city, county, postcode, country, telephone, email, gp_name, gp_practice, gp_address, national_insurance_number, passport_number, cache_status, last_synced_at, meta_region) VALUES ('pt-0069', 'Jack Thompson', 62, 'Male', 'Unit 27, 34 Custom House Place', 'Liverpool', 'Merseyside', 'L1 8BJ', 'UK', '+44 7894 581137', 'jack.thompson59@gmail.com', 'Dr Niamh Campbell', 'Brownlow Group Practice', '150 Mt Pleasant, Liverpool L69 3GD, United Kingdom', 'PD270343A', '410892271', 'cached_recent', '2026-03-04T00:00:00Z', 'Liverpool');
INSERT INTO patient_conditions (patient_id, condition_name, status, since_date) VALUES ('pt-0069', 'Hypothyroidism', 'controlled', '2021-05-19');
INSERT INTO patient_appointments (patient_id, appointment_date, appointment_time, type, location, reason, verified_up_to_date) VALUES ('pt-0069', '2025-06-21', '16:10', 'Mental health check-in', 'Hospital outpatient department', 'annual monitoring', 1);

INSERT INTO patients (id, name, age, gender, address_line1, city, county, postcode, country, telephone, email, gp_name, gp_practice, gp_address, national_insurance_number, passport_number, cache_status, last_synced_at, meta_region) VALUES ('pt-0070', 'Clara Jones', 73, 'Female', 'Unit 16, 199 Claremont Place', 'Newcastle upon Tyne', 'Tyne and Wear', 'NE1 4LP', 'UK', '+44 7688 388078', 'clara.jones24@hotmail.co.uk', 'Dr Chloe Smith', 'Brownlow Group Practice', '150 Mt Pleasant, Liverpool L69 3GD, United Kingdom', 'MH786609B', '058141154', 'verified_online', '2026-02-23T00:00:00Z', 'Newcastle upon Tyne');
INSERT INTO patient_conditions (patient_id, condition_name, status, since_date) VALUES ('pt-0070', 'Epilepsy', 'monitoring', '2012-11-19');
INSERT INTO patient_prescriptions (patient_id, drug, indication, dose, frequency, start_date, prescriber) VALUES ('pt-0070', 'Lansoprazole', 'Reflux/Ulcer prevention', '50 mg', 'twice daily', '2024-03-28', 'Dr Matthew Campbell');
INSERT INTO patient_prescriptions (patient_id, drug, indication, dose, frequency, start_date, prescriber) VALUES ('pt-0070', 'Finasteride', 'BPH', '2 puffs', 'twice daily', '2024-06-27', 'Dr Michael Foster');
INSERT INTO patient_appointments (patient_id, appointment_date, appointment_time, type, location, reason, verified_up_to_date) VALUES ('pt-0070', '2025-11-14', '17:40', 'Diabetes clinic', 'GP practice', 'routine review', 1);

INSERT INTO patients (id, name, age, gender, address_line1, city, county, postcode, country, telephone, email, gp_name, gp_practice, gp_address, national_insurance_number, passport_number, cache_status, last_synced_at, meta_region) VALUES ('pt-0071', 'Nancy Evans', 64, 'Female', 'Apt 18, 141 George Street', 'Edinburgh', 'City of Edinburgh', 'EH2 2PF', 'UK', '+44 7933 366642', 'nancy.evans@icloud.com', 'Dr Chloe Foster', 'Brownlow Group Practice', '150 Mt Pleasant, Liverpool L69 3GD, United Kingdom', 'XK272387C', '386876247', 'cached_stale', '2026-03-04T00:00:00Z', 'Edinburgh');
INSERT INTO patient_conditions (patient_id, condition_name, status, since_date) VALUES ('pt-0071', 'Hypothyroidism', 'history', '2024-12-06');
INSERT INTO patient_prescriptions (patient_id, drug, indication, dose, frequency, start_date, prescriber) VALUES ('pt-0071', 'Budesonide', 'Respiratory/Inflammation', '1 puff', 'as needed', '2025-03-21', 'Dr Ibrahim Campbell');
INSERT INTO patient_prescriptions (patient_id, drug, indication, dose, frequency, start_date, prescriber) VALUES ('pt-0071', 'Levetiracetam', 'Epilepsy', '50 mg', 'once weekly', '2024-03-07', 'Dr Chloe Ahmed');
INSERT INTO patient_appointments (patient_id, appointment_date, appointment_time, type, location, reason, verified_up_to_date) VALUES ('pt-0071', '2025-06-14', '12:20', 'Mental health check-in', 'Home visit', 'results discussion', 1);
INSERT INTO patient_appointments (patient_id, appointment_date, appointment_time, type, location, reason, verified_up_to_date) VALUES ('pt-0071', '2025-08-04', '15:00', 'Diabetes clinic', 'Home visit', 'results discussion', 1);
INSERT INTO patient_vaccine_records (patient_id, vaccine, vaccine_date, product) VALUES ('pt-0071', 'Hepatitis B', '2017-07-15', NULL);

INSERT INTO patients (id, name, age, gender, address_line1, city, county, postcode, country, telephone, email, gp_name, gp_practice, gp_address, national_insurance_number, passport_number, cache_status, last_synced_at, meta_region) VALUES ('pt-0072', 'Jude Wood', 74, 'Male', 'Unit 15, 40 Belvedere Road', 'London', 'Greater London', 'SW1A 1JR', 'UK', '+44 7999 596171', 'jude.wood@icloud.com', 'Dr Kieran Khan', 'Brownlow Group Practice', '150 Mt Pleasant, Liverpool L69 3GD, United Kingdom', 'QY087295A', '281805975', 'verified_online', '2026-02-23T00:00:00Z', 'London');
INSERT INTO patient_conditions (patient_id, condition_name, status, since_date) VALUES ('pt-0072', 'Gastro-oesophageal reflux disease (GORD)', 'active', '2019-09-23');
INSERT INTO patient_conditions (patient_id, condition_name, status, since_date) VALUES ('pt-0072', 'Overactive bladder', 'history', '2025-05-07');
INSERT INTO patient_conditions (patient_id, condition_name, status, since_date) VALUES ('pt-0072', 'Osteoporosis', 'active', '2014-12-09');
INSERT INTO patient_prescriptions (patient_id, drug, indication, dose, frequency, start_date, prescriber) VALUES ('pt-0072', 'Amoxicillin', 'Bacterial infection', '2.5 mg', 'once weekly', '2023-07-29', 'Dr David Wilson');
INSERT INTO patient_appointments (patient_id, appointment_date, appointment_time, type, location, reason, verified_up_to_date) VALUES ('pt-0072', '2025-12-27', '12:45', 'Respiratory review', 'Home visit', 'annual monitoring', 0);

INSERT INTO patients (id, name, age, gender, address_line1, city, county, postcode, country, telephone, email, gp_name, gp_practice, gp_address, national_insurance_number, passport_number, cache_status, last_synced_at, meta_region) VALUES ('pt-0073', 'Hannah Barnes', 62, 'Female', '13 Hilton Street', 'Manchester', 'Greater Manchester', 'M1 1FJ', 'UK', '+44 7948 496737', 'hannah.barnes@icloud.com', 'Dr Ben Morgan', 'Brownlow Group Practice', '150 Mt Pleasant, Liverpool L69 3GD, United Kingdom', 'UH541704C', '305669440', 'verified_online', '2026-02-22T00:00:00Z', 'Manchester');
INSERT INTO patient_conditions (patient_id, condition_name, status, since_date) VALUES ('pt-0073', 'COPD', 'history', '2025-05-02');
INSERT INTO patient_conditions (patient_id, condition_name, status, since_date) VALUES ('pt-0073', 'Glaucoma', 'history', '2022-12-03');
INSERT INTO patient_prescriptions (patient_id, drug, indication, dose, frequency, start_date, prescriber) VALUES ('pt-0073', 'Co-codamol', 'Pain', '1 g', 'twice daily', '2023-09-04', 'Dr Aisha Evans');
INSERT INTO patient_appointments (patient_id, appointment_date, appointment_time, type, location, reason, verified_up_to_date) VALUES ('pt-0073', '2025-03-14', '08:15', 'Physiotherapy', 'Hospital outpatient department', 'results discussion', 1);
INSERT INTO patient_appointments (patient_id, appointment_date, appointment_time, type, location, reason, verified_up_to_date) VALUES ('pt-0073', '2025-12-06', '15:30', 'GP review', 'Home visit', 'annual monitoring', 1);
INSERT INTO patient_vaccine_records (patient_id, vaccine, vaccine_date, product) VALUES ('pt-0073', 'Td/Tdap (tetanus, diphtheria, pertussis)', '2018-04-15', NULL);

INSERT INTO patients (id, name, age, gender, address_line1, city, county, postcode, country, telephone, email, gp_name, gp_practice, gp_address, national_insurance_number, passport_number, cache_status, last_synced_at, meta_region) VALUES ('pt-0074', 'Imogen Allen', 80, 'Female', 'Unit 40, 115 Donegall Square South', 'Belfast', 'County Antrim', 'BT1 5LR', 'UK', '+44 7224 905459', 'imogen741@icloud.com', 'Dr Matthew Ahmed', 'Brownlow Group Practice', '150 Mt Pleasant, Liverpool L69 3GD, United Kingdom', 'HX035138B', '494817420', 'cached_stale', '2026-03-03T00:00:00Z', 'Belfast');
INSERT INTO patient_prescriptions (patient_id, drug, indication, dose, frequency, start_date, prescriber) VALUES ('pt-0074', 'Levothyroxine', 'Hypothyroidism', '50 mg', 'as needed', '2023-11-16', 'Dr Maya Brown');
INSERT INTO patient_prescriptions (patient_id, drug, indication, dose, frequency, start_date, prescriber) VALUES ('pt-0074', 'Amlodipine', 'Hypertension/Angina', '500 mg', 'at night', '2023-03-21', 'Dr Ibrahim Khan');
INSERT INTO patient_appointments (patient_id, appointment_date, appointment_time, type, location, reason, verified_up_to_date) VALUES ('pt-0074', '2026-05-08', '12:50', 'Physiotherapy', 'Home visit', 'vaccination', 1);

INSERT INTO patients (id, name, age, gender, address_line1, city, county, postcode, country, telephone, email, gp_name, gp_practice, gp_address, national_insurance_number, passport_number, cache_status, last_synced_at, meta_region) VALUES ('pt-0075', 'Muhammad Harrison', 54, 'Male', 'Apt 23, 11 Newton Street', 'Manchester', 'Greater Manchester', 'M1 1AR', 'UK', '+44 7695 921533', 'muhammad.harrison61@outlook.com', 'Dr Kate Stewart', 'Brownlow Group Practice', '150 Mt Pleasant, Liverpool L69 3GD, United Kingdom', 'LY093826B', '169327426', 'cached_recent', '2026-02-09T00:00:00Z', 'Manchester');
INSERT INTO patient_vaccine_records (patient_id, vaccine, vaccine_date, product) VALUES ('pt-0075', 'COVID-19', '2023-02-11', 'Nuvaxovid');

INSERT INTO patients (id, name, age, gender, address_line1, city, county, postcode, country, telephone, email, gp_name, gp_practice, gp_address, national_insurance_number, passport_number, cache_status, last_synced_at, meta_region) VALUES ('pt-0076', 'Abigail Singh', 79, 'Female', '156 Westminster Bridge Road', 'London', 'Greater London', 'SW1A 1AA', 'UK', '+44 7636 816412', 'abigail.singh99@outlook.com', 'Dr Owen Evans', 'Brownlow Group Practice', '150 Mt Pleasant, Liverpool L69 3GD, United Kingdom', 'TJ338270D', '688165352', 'cached_stale', '2026-02-20T00:00:00Z', 'London');
INSERT INTO patient_conditions (patient_id, condition_name, status, since_date) VALUES ('pt-0076', 'Overactive bladder', 'active', '2022-01-24');
INSERT INTO patient_appointments (patient_id, appointment_date, appointment_time, type, location, reason, verified_up_to_date) VALUES ('pt-0076', '2025-08-09', '15:30', 'Respiratory review', 'Telehealth', 'annual monitoring', 0);
INSERT INTO patient_appointments (patient_id, appointment_date, appointment_time, type, location, reason, verified_up_to_date) VALUES ('pt-0076', '2026-10-05', '10:40', 'Physiotherapy', 'Home visit', 'annual monitoring', 1);
INSERT INTO patient_vaccine_records (patient_id, vaccine, vaccine_date, product) VALUES ('pt-0076', 'COVID-19', '2022-01-17', 'Comirnaty');
INSERT INTO patient_vaccine_records (patient_id, vaccine, vaccine_date, product) VALUES ('pt-0076', 'Influenza (seasonal)', '2017-08-19', NULL);
INSERT INTO patient_vaccine_records (patient_id, vaccine, vaccine_date, product) VALUES ('pt-0076', 'Pneumococcal', '2016-07-12', NULL);
INSERT INTO patient_vaccine_records (patient_id, vaccine, vaccine_date, product) VALUES ('pt-0076', 'Shingles (Shingrix)', '2021-08-15', 'Shingrix');

INSERT INTO patients (id, name, age, gender, address_line1, city, county, postcode, country, telephone, email, gp_name, gp_practice, gp_address, national_insurance_number, passport_number, cache_status, last_synced_at, meta_region) VALUES ('pt-0077', 'Sophie Morris', 67, 'Female', 'Apt 17, 173 Constitution Hill', 'London', 'Greater London', 'SW1A 1BD', 'UK', '+44 7159 963652', 'sophie.morris35@gmail.com', 'Dr Owen Evans', 'Brownlow Group Practice', '150 Mt Pleasant, Liverpool L69 3GD, United Kingdom', 'XC874991C', '083682466', 'cached_stale', '2026-02-22T00:00:00Z', 'London');

INSERT INTO patients (id, name, age, gender, address_line1, city, county, postcode, country, telephone, email, gp_name, gp_practice, gp_address, national_insurance_number, passport_number, cache_status, last_synced_at, meta_region) VALUES ('pt-0078', 'Louis Stewart', 89, 'Male', 'Unit 11, 80 New Street', 'Birmingham', 'West Midlands', 'B1 1BB', 'UK', '+44 7122 909000', 'lstewart@outlook.com', 'Dr Hannah Taylor', 'Brownlow Group Practice', '150 Mt Pleasant, Liverpool L69 3GD, United Kingdom', 'DB482732C', '167618731', 'verified_online', '2026-02-21T00:00:00Z', 'Birmingham');
INSERT INTO patient_conditions (patient_id, condition_name, status, since_date) VALUES ('pt-0078', 'Epilepsy', 'active', '2014-12-03');
INSERT INTO patient_conditions (patient_id, condition_name, status, since_date) VALUES ('pt-0078', 'Dementia', 'history', '2022-07-02');
INSERT INTO patient_prescriptions (patient_id, drug, indication, dose, frequency, start_date, prescriber) VALUES ('pt-0078', 'Tiotropium', 'COPD', '1 tablet', 'as needed', '2024-12-28', 'Dr Kieran Smith');
INSERT INTO patient_prescriptions (patient_id, drug, indication, dose, frequency, start_date, prescriber) VALUES ('pt-0078', 'Apixaban', 'Anticoagulant (AF/VTE)', '200 mg', 'at night', '2025-08-02', 'Dr Sarah Jones');
INSERT INTO patient_appointments (patient_id, appointment_date, appointment_time, type, location, reason, verified_up_to_date) VALUES ('pt-0078', '2026-03-23', '16:30', 'Physiotherapy', 'Home visit', 'results discussion', 0);
INSERT INTO patient_vaccine_records (patient_id, vaccine, vaccine_date, product) VALUES ('pt-0078', 'COVID-19', '2026-02-25', 'Spikevax');
INSERT INTO patient_vaccine_records (patient_id, vaccine, vaccine_date, product) VALUES ('pt-0078', 'Influenza (seasonal)', '2025-04-10', NULL);
INSERT INTO patient_vaccine_records (patient_id, vaccine, vaccine_date, product) VALUES ('pt-0078', 'Pneumococcal', '2022-07-29', NULL);
INSERT INTO patient_vaccine_records (patient_id, vaccine, vaccine_date, product) VALUES ('pt-0078', 'Shingles (Shingrix)', '2018-08-13', 'Shingrix');

INSERT INTO patients (id, name, age, gender, address_line1, city, county, postcode, country, telephone, email, gp_name, gp_practice, gp_address, national_insurance_number, passport_number, cache_status, last_synced_at, meta_region) VALUES ('pt-0079', 'Harry O''Connor', 1, 'Male', 'Flat 44, 130 Belvedere Road', 'London', 'Greater London', 'SE1 7PB', 'UK', '+44 7849 511967', 'harry.oconnor97@gmail.com', 'Dr Fatima Ahmed', 'Brownlow Group Practice', '150 Mt Pleasant, Liverpool L69 3GD, United Kingdom', 'HN303859D', '158927104', 'cached_stale', '2026-02-06T00:00:00Z', 'London');
INSERT INTO patient_conditions (patient_id, condition_name, status, since_date) VALUES ('pt-0079', 'Dementia', 'active', '2016-04-07');
INSERT INTO patient_vaccine_records (patient_id, vaccine, vaccine_date, product) VALUES ('pt-0079', 'COVID-19', '2021-07-07', 'Comirnaty');

INSERT INTO patients (id, name, age, gender, address_line1, city, county, postcode, country, telephone, email, gp_name, gp_practice, gp_address, national_insurance_number, passport_number, cache_status, last_synced_at, meta_region) VALUES ('pt-0080', 'Benjamin Cooper', 63, 'Male', 'Unit 32, 25 Chicheley Street', 'London', 'Greater London', 'SW1A 1BA', 'UK', '+44 7533 483010', 'bcooper@hotmail.co.uk', 'Dr Owen Evans', 'Brownlow Group Practice', '150 Mt Pleasant, Liverpool L69 3GD, United Kingdom', 'TU025382C', '181736451', 'cached_recent', '2026-02-03T00:00:00Z', 'London');

INSERT INTO patients (id, name, age, gender, address_line1, city, county, postcode, country, telephone, email, gp_name, gp_practice, gp_address, national_insurance_number, passport_number, cache_status, last_synced_at, meta_region) VALUES ('pt-0081', 'James Cooper', 69, 'Male', '142 Donegall Square East', 'Belfast', 'County Antrim', 'BT1 5JD', 'UK', '+44 7775 477717', 'james.cooper@hotmail.co.uk', 'Dr Rachel Patel', 'Brownlow Group Practice', '150 Mt Pleasant, Liverpool L69 3GD, United Kingdom', 'UM242397D', '546041020', 'cached_stale', '2026-03-03T00:00:00Z', 'Belfast');
INSERT INTO patient_conditions (patient_id, condition_name, status, since_date) VALUES ('pt-0081', 'Asthma', 'active', '2014-06-29');
INSERT INTO patient_conditions (patient_id, condition_name, status, since_date) VALUES ('pt-0081', 'Overactive bladder', 'active', '2017-08-19');
INSERT INTO patient_conditions (patient_id, condition_name, status, since_date) VALUES ('pt-0081', 'Type 2 diabetes', 'active', '2018-01-09');
INSERT INTO patient_conditions (patient_id, condition_name, status, since_date) VALUES ('pt-0081', 'Hypercholesterolaemia', 'active', '2018-08-16');
INSERT INTO patient_prescriptions (patient_id, drug, indication, dose, frequency, start_date, prescriber) VALUES ('pt-0081', 'Colecalciferol', 'Vitamin D deficiency', '1 puff', 'as needed', '2025-11-18', 'Dr Fatima Morgan');
INSERT INTO patient_appointments (patient_id, appointment_date, appointment_time, type, location, reason, verified_up_to_date) VALUES ('pt-0081', '2023-04-11', '14:00', 'Respiratory review', 'Community clinic', 'routine review', 1);
INSERT INTO patient_vaccine_records (patient_id, vaccine, vaccine_date, product) VALUES ('pt-0081', 'Influenza (seasonal)', '2019-09-19', NULL);

INSERT INTO patients (id, name, age, gender, address_line1, city, county, postcode, country, telephone, email, gp_name, gp_practice, gp_address, national_insurance_number, passport_number, cache_status, last_synced_at, meta_region) VALUES ('pt-0082', 'Harry Baker', 74, 'Male', 'Flat 36, 203 St Andrew Square', 'Edinburgh', 'City of Edinburgh', 'EH1 1BQ', 'UK', '+44 7425 171108', 'harry.baker@outlook.com', 'Dr Chloe Foster', 'Brownlow Group Practice', '150 Mt Pleasant, Liverpool L69 3GD, United Kingdom', 'KE762398A', '821879587', 'verified_online', '2026-02-09T00:00:00Z', 'Edinburgh');
INSERT INTO patient_conditions (patient_id, condition_name, status, since_date) VALUES ('pt-0082', 'Depression', 'monitoring', '2019-02-25');
INSERT INTO patient_conditions (patient_id, condition_name, status, since_date) VALUES ('pt-0082', 'Hypertension', 'controlled', '2022-06-04');
INSERT INTO patient_prescriptions (patient_id, drug, indication, dose, frequency, start_date, prescriber) VALUES ('pt-0082', 'Sacubitril/valsartan', 'Heart failure', '1 g', 'as needed', '2024-06-08', 'Dr Fatima Morgan');
INSERT INTO patient_prescriptions (patient_id, drug, indication, dose, frequency, start_date, prescriber) VALUES ('pt-0082', 'Semaglutide', 'Type 2 diabetes/Weight management', '100 mg', 'once weekly', '2023-12-11', 'Dr David Wilson');
INSERT INTO patient_appointments (patient_id, appointment_date, appointment_time, type, location, reason, verified_up_to_date) VALUES ('pt-0082', '2024-06-12', '14:20', 'Ophthalmology', 'Community clinic', 'results discussion', 1);
INSERT INTO patient_appointments (patient_id, appointment_date, appointment_time, type, location, reason, verified_up_to_date) VALUES ('pt-0082', '2025-01-07', '15:15', 'Cardiology follow-up', 'Community clinic', 'treatment follow-up', 1);
INSERT INTO patient_vaccine_records (patient_id, vaccine, vaccine_date, product) VALUES ('pt-0082', 'COVID-19', '2020-10-15', 'Spikevax');
INSERT INTO patient_vaccine_records (patient_id, vaccine, vaccine_date, product) VALUES ('pt-0082', 'COVID-19 booster', '2017-11-18', 'Spikevax');
INSERT INTO patient_vaccine_records (patient_id, vaccine, vaccine_date, product) VALUES ('pt-0082', 'Pneumococcal', '2018-04-01', NULL);
INSERT INTO patient_vaccine_records (patient_id, vaccine, vaccine_date, product) VALUES ('pt-0082', 'Shingles (Shingrix)', '2023-01-15', 'Shingrix');

INSERT INTO patients (id, name, age, gender, address_line1, city, county, postcode, country, telephone, email, gp_name, gp_practice, gp_address, national_insurance_number, passport_number, cache_status, last_synced_at, meta_region) VALUES ('pt-0083', 'Joseph Wright', 80, 'Male', '170 St Georges Road', 'Bristol', 'Bristol', 'BS1 5AH', 'UK', '+44 7562 579094', 'josephwright@icloud.com', 'Dr Ibrahim Hughes', 'Brownlow Group Practice', '150 Mt Pleasant, Liverpool L69 3GD, United Kingdom', 'XB584791D', '554186806', 'cached_stale', '2026-02-18T00:00:00Z', 'Bristol');
INSERT INTO patient_appointments (patient_id, appointment_date, appointment_time, type, location, reason, verified_up_to_date) VALUES ('pt-0083', '2025-03-19', '12:45', 'Cardiology follow-up', 'Community clinic', 'symptom check', 1);
INSERT INTO patient_appointments (patient_id, appointment_date, appointment_time, type, location, reason, verified_up_to_date) VALUES ('pt-0083', '2026-04-04', '15:50', 'Diabetes clinic', 'Community clinic', 'symptom check', 1);
INSERT INTO patient_appointments (patient_id, appointment_date, appointment_time, type, location, reason, verified_up_to_date) VALUES ('pt-0083', '2026-05-27', '17:50', 'Physiotherapy', 'Home visit', 'symptom check', 0);

INSERT INTO patients (id, name, age, gender, address_line1, city, county, postcode, country, telephone, email, gp_name, gp_practice, gp_address, national_insurance_number, passport_number, cache_status, last_synced_at, meta_region) VALUES ('pt-0084', 'Sebastian Foster', 16, 'Male', 'Apt 65, 19 Corporation Street', 'Birmingham', 'West Midlands', 'B1 1BB', 'UK', '+44 7306 576769', 'sfoster@outlook.com', 'Dr Aisha Hughes', 'Brownlow Group Practice', '150 Mt Pleasant, Liverpool L69 3GD, United Kingdom', 'WX129545A', '122583664', 'cached_recent', '2026-02-19T00:00:00Z', 'Birmingham');

INSERT INTO patients (id, name, age, gender, address_line1, city, county, postcode, country, telephone, email, gp_name, gp_practice, gp_address, national_insurance_number, passport_number, cache_status, last_synced_at, meta_region) VALUES ('pt-0085', 'Katherine Jackson', 83, 'Female', 'Unit 29, 7 Houldsworth Street', 'Manchester', 'Greater Manchester', 'M1 1AQ', 'UK', '+44 7526 286906', 'kjackson@outlook.com', 'Dr Priya O''Neill', 'Brownlow Group Practice', '150 Mt Pleasant, Liverpool L69 3GD, United Kingdom', 'OX607090C', '038482956', 'verified_online', '2026-02-24T00:00:00Z', 'Manchester');
INSERT INTO patient_conditions (patient_id, condition_name, status, since_date) VALUES ('pt-0085', 'COPD', 'monitoring', '2021-03-10');
INSERT INTO patient_conditions (patient_id, condition_name, status, since_date) VALUES ('pt-0085', 'Depression', 'controlled', '2013-10-26');
INSERT INTO patient_conditions (patient_id, condition_name, status, since_date) VALUES ('pt-0085', 'Chronic obstructive pulmonary disease (severe)', 'active', '2015-09-24');
INSERT INTO patient_conditions (patient_id, condition_name, status, since_date) VALUES ('pt-0085', 'Glaucoma', 'monitoring', '2011-06-16');
INSERT INTO patient_conditions (patient_id, condition_name, status, since_date) VALUES ('pt-0085', 'Type 2 diabetes', 'history', '2023-05-16');
INSERT INTO patient_prescriptions (patient_id, drug, indication, dose, frequency, start_date, prescriber) VALUES ('pt-0085', 'Lansoprazole', 'Reflux/Ulcer prevention', '2.5 mg', 'at night', '2025-11-03', 'Dr Kieran Smith');
INSERT INTO patient_appointments (patient_id, appointment_date, appointment_time, type, location, reason, verified_up_to_date) VALUES ('pt-0085', '2025-11-09', '16:30', 'Ophthalmology', 'Telehealth', 'symptom check', 1);
INSERT INTO patient_vaccine_records (patient_id, vaccine, vaccine_date, product) VALUES ('pt-0085', 'COVID-19', '2019-10-19', 'Spikevax');
INSERT INTO patient_vaccine_records (patient_id, vaccine, vaccine_date, product) VALUES ('pt-0085', 'Influenza (seasonal)', '2016-12-08', NULL);
INSERT INTO patient_vaccine_records (patient_id, vaccine, vaccine_date, product) VALUES ('pt-0085', 'RSV', '2017-09-08', 'Arexvy');
INSERT INTO patient_vaccine_records (patient_id, vaccine, vaccine_date, product) VALUES ('pt-0085', 'Td/Tdap (tetanus, diphtheria, pertussis)', '2025-10-25', NULL);

INSERT INTO patients (id, name, age, gender, address_line1, city, county, postcode, country, telephone, email, gp_name, gp_practice, gp_address, national_insurance_number, passport_number, cache_status, last_synced_at, meta_region) VALUES ('pt-0086', 'Ava Walker', 61, 'Female', 'Flat 23, 179 Boar Lane', 'Leeds', 'West Yorkshire', 'LS1 1UR', 'UK', '+44 7441 457943', 'ava.walker93@gmail.com', 'Dr Fatima Wilson', 'Brownlow Group Practice', '150 Mt Pleasant, Liverpool L69 3GD, United Kingdom', 'FG346569C', '990290356', 'verified_online', '2026-02-22T00:00:00Z', 'Leeds');
INSERT INTO patient_conditions (patient_id, condition_name, status, since_date) VALUES ('pt-0086', 'Glaucoma', 'active', '2017-08-15');
INSERT INTO patient_conditions (patient_id, condition_name, status, since_date) VALUES ('pt-0086', 'Gout', 'monitoring', '2017-01-02');
INSERT INTO patient_prescriptions (patient_id, drug, indication, dose, frequency, start_date, prescriber) VALUES ('pt-0086', 'Bisoprolol', 'Hypertension/Heart failure/Arrhythmia', '2.5 mg', 'with meals', '2025-12-15', 'Dr Holly Taylor');
INSERT INTO patient_appointments (patient_id, appointment_date, appointment_time, type, location, reason, verified_up_to_date) VALUES ('pt-0086', '2024-06-23', '12:20', 'GP review', 'GP practice', 'routine review', 0);
INSERT INTO patient_appointments (patient_id, appointment_date, appointment_time, type, location, reason, verified_up_to_date) VALUES ('pt-0086', '2025-07-02', '11:45', 'Vaccination appointment', 'GP practice', 'annual monitoring', 1);

INSERT INTO patients (id, name, age, gender, address_line1, city, county, postcode, country, telephone, email, gp_name, gp_practice, gp_address, national_insurance_number, passport_number, cache_status, last_synced_at, meta_region) VALUES ('pt-0087', 'Maria Khan', 58, 'Female', 'Apt 2, 147 Marmora Road', 'Cambridge', 'Cambridgeshire', 'CB1 3PY', 'UK', '+44 7194 565330', 'maria528@outlook.com', 'Dr Laura Jones', 'Brownlow Group Practice', '150 Mt Pleasant, Liverpool L69 3GD, United Kingdom', 'GK968503D', '786452604', 'cached_stale', '2026-02-23T00:00:00Z', 'Cambridge');
INSERT INTO patient_conditions (patient_id, condition_name, status, since_date) VALUES ('pt-0087', 'Chronic back pain', 'monitoring', '2023-08-20');
INSERT INTO patient_prescriptions (patient_id, drug, indication, dose, frequency, start_date, prescriber) VALUES ('pt-0087', 'Apixaban', 'Anticoagulant (AF/VTE)', '20 mg', 'as needed', '2023-05-07', 'Dr Alex Brown');
INSERT INTO patient_prescriptions (patient_id, drug, indication, dose, frequency, start_date, prescriber) VALUES ('pt-0087', 'Metformin', 'Type 2 diabetes', '200 mg', 'at night', '2024-02-07', 'Dr Chloe Ahmed');
INSERT INTO patient_appointments (patient_id, appointment_date, appointment_time, type, location, reason, verified_up_to_date) VALUES ('pt-0087', '2026-01-13', '13:00', 'Respiratory review', 'Home visit', 'routine review', 0);

INSERT INTO patients (id, name, age, gender, address_line1, city, county, postcode, country, telephone, email, gp_name, gp_practice, gp_address, national_insurance_number, passport_number, cache_status, last_synced_at, meta_region) VALUES ('pt-0088', 'William Williams', 61, 'Male', 'Unit 14, 46 Broad Street', 'Birmingham', 'West Midlands', 'B1 1BB', 'UK', '+44 7379 256574', 'william.williams@gmail.com', 'Dr Zoe Campbell', 'Brownlow Group Practice', '150 Mt Pleasant, Liverpool L69 3GD, United Kingdom', 'TR539031A', '221810768', 'verified_online', '2026-02-06T00:00:00Z', 'Birmingham');
INSERT INTO patient_prescriptions (patient_id, drug, indication, dose, frequency, start_date, prescriber) VALUES ('pt-0088', 'Insulin aspart', 'Diabetes', '500 mg', 'once daily', '2023-10-02', 'Dr Holly Taylor');
INSERT INTO patient_prescriptions (patient_id, drug, indication, dose, frequency, start_date, prescriber) VALUES ('pt-0088', 'Edoxaban', 'Anticoagulant (AF/VTE)', '1 puff', 'at night', '2024-12-03', 'Dr Kieran Taylor');
INSERT INTO patient_vaccine_records (patient_id, vaccine, vaccine_date, product) VALUES ('pt-0088', 'COVID-19', '2019-10-01', 'Nuvaxovid');
INSERT INTO patient_vaccine_records (patient_id, vaccine, vaccine_date, product) VALUES ('pt-0088', 'COVID-19 booster', '2022-08-13', 'Spikevax');
INSERT INTO patient_vaccine_records (patient_id, vaccine, vaccine_date, product) VALUES ('pt-0088', 'Td/Tdap (tetanus, diphtheria, pertussis)', '2016-12-22', NULL);

INSERT INTO patients (id, name, age, gender, address_line1, city, county, postcode, country, telephone, email, gp_name, gp_practice, gp_address, national_insurance_number, passport_number, cache_status, last_synced_at, meta_region) VALUES ('pt-0089', 'Jasmine Johnson', 19, 'Female', '189 Wyndham Arcade', 'Cardiff', 'South Glamorgan', 'CF10 1GB', 'UK', '+44 7195 952336', 'jasmine831@gmail.com', 'Dr Priya Roberts', 'Brownlow Group Practice', '150 Mt Pleasant, Liverpool L69 3GD, United Kingdom', 'OJ717727D', '505244785', 'cached_recent', '2026-02-16T00:00:00Z', 'Cardiff');
INSERT INTO patient_vaccine_records (patient_id, vaccine, vaccine_date, product) VALUES ('pt-0089', 'COVID-19', '2017-10-15', 'Comirnaty');

INSERT INTO patients (id, name, age, gender, address_line1, city, county, postcode, country, telephone, email, gp_name, gp_practice, gp_address, national_insurance_number, passport_number, cache_status, last_synced_at, meta_region) VALUES ('pt-0090', 'Emily Barnes', 33, 'Female', '214 Corporation Street', 'Birmingham', 'West Midlands', 'B1 1BB', 'UK', '+44 7941 566843', 'emily190@gmail.com', 'Dr Michael Ahmed', 'Brownlow Group Practice', '150 Mt Pleasant, Liverpool L69 3GD, United Kingdom', 'TD718807D', '351551922', 'verified_online', '2026-02-16T00:00:00Z', 'Birmingham');
INSERT INTO patient_conditions (patient_id, condition_name, status, since_date) VALUES ('pt-0090', 'Coronary heart disease', 'controlled', '2022-07-29');
INSERT INTO patient_prescriptions (patient_id, drug, indication, dose, frequency, start_date, prescriber) VALUES ('pt-0090', 'Furosemide', 'Oedema/Heart failure', '1 g', 'at night', '2023-07-28', 'Dr Chloe Khan');
INSERT INTO patient_appointments (patient_id, appointment_date, appointment_time, type, location, reason, verified_up_to_date) VALUES ('pt-0090', '2026-11-29', '11:15', 'Medication review', 'Home visit', 'routine review', 1);
INSERT INTO patient_appointments (patient_id, appointment_date, appointment_time, type, location, reason, verified_up_to_date) VALUES ('pt-0090', '2027-02-12', '17:45', 'Vaccination appointment', 'Telehealth', 'annual monitoring', 1);
INSERT INTO patient_vaccine_records (patient_id, vaccine, vaccine_date, product) VALUES ('pt-0090', 'COVID-19', '2016-11-12', 'Nuvaxovid');
INSERT INTO patient_vaccine_records (patient_id, vaccine, vaccine_date, product) VALUES ('pt-0090', 'COVID-19 booster', '2026-02-16', 'Comirnaty');

INSERT INTO patients (id, name, age, gender, address_line1, city, county, postcode, country, telephone, email, gp_name, gp_practice, gp_address, national_insurance_number, passport_number, cache_status, last_synced_at, meta_region) VALUES ('pt-0091', 'Samuel Foster', 39, 'Male', '181 Park Row', 'Leeds', 'West Yorkshire', 'LS1 1UR', 'UK', '+44 7467 215027', 'samuel.foster@outlook.com', 'Dr Kate Wilson', 'Brownlow Group Practice', '150 Mt Pleasant, Liverpool L69 3GD, United Kingdom', 'NW618831D', '671318744', 'cached_stale', '2026-02-14T00:00:00Z', 'Leeds');
INSERT INTO patient_conditions (patient_id, condition_name, status, since_date) VALUES ('pt-0091', 'Epilepsy', 'history', '2018-11-26');

INSERT INTO patients (id, name, age, gender, address_line1, city, county, postcode, country, telephone, email, gp_name, gp_practice, gp_address, national_insurance_number, passport_number, cache_status, last_synced_at, meta_region) VALUES ('pt-0092', 'Edward Stewart', 39, 'Male', '40 Westminster Bridge Road', 'London', 'Greater London', 'SW1A 1BD', 'UK', '+44 7967 866418', 'edward.stewart92@hotmail.co.uk', 'Dr Sophie Roberts', 'Brownlow Group Practice', '150 Mt Pleasant, Liverpool L69 3GD, United Kingdom', 'NR604349C', '035929409', 'cached_stale', '2026-02-04T00:00:00Z', 'London');
INSERT INTO patient_prescriptions (patient_id, drug, indication, dose, frequency, start_date, prescriber) VALUES ('pt-0092', 'Pregabalin', 'Neuropathic pain/Anxiety', '200 mg', 'twice daily', '2023-08-25', 'Dr Zoe Jones');
INSERT INTO patient_prescriptions (patient_id, drug, indication, dose, frequency, start_date, prescriber) VALUES ('pt-0092', 'Gabapentin', 'Neuropathic pain/Epilepsy', '0.5 mg', 'once weekly', '2025-09-23', 'Dr Grace Khan');

INSERT INTO patients (id, name, age, gender, address_line1, city, county, postcode, country, telephone, email, gp_name, gp_practice, gp_address, national_insurance_number, passport_number, cache_status, last_synced_at, meta_region) VALUES ('pt-0093', 'Sara Webb', 89, 'Female', 'Unit 30, 183 Great Charles Street', 'Birmingham', 'West Midlands', 'B1 1BB', 'UK', '+44 7730 394620', 'sara.webb@gmail.com', 'Dr Grace Hughes', 'Brownlow Group Practice', '150 Mt Pleasant, Liverpool L69 3GD, United Kingdom', 'TF954342B', '707762976', 'cached_recent', '2026-02-26T00:00:00Z', 'Birmingham');
INSERT INTO patient_conditions (patient_id, condition_name, status, since_date) VALUES ('pt-0093', 'Active cancer (under treatment)', 'history', '2025-04-29');
INSERT INTO patient_conditions (patient_id, condition_name, status, since_date) VALUES ('pt-0093', 'Gout', 'active', '2025-05-24');
INSERT INTO patient_prescriptions (patient_id, drug, indication, dose, frequency, start_date, prescriber) VALUES ('pt-0093', 'Edoxaban', 'Anticoagulant (AF/VTE)', '1 g', 'once daily', '2025-10-20', 'Dr Kieran Smith');
INSERT INTO patient_appointments (patient_id, appointment_date, appointment_time, type, location, reason, verified_up_to_date) VALUES ('pt-0093', '2024-08-19', '08:50', 'Ophthalmology', 'Community clinic', 'treatment follow-up', 1);
INSERT INTO patient_appointments (patient_id, appointment_date, appointment_time, type, location, reason, verified_up_to_date) VALUES ('pt-0093', '2025-07-14', '13:30', 'Respiratory review', 'Community clinic', 'routine review', 1);
INSERT INTO patient_vaccine_records (patient_id, vaccine, vaccine_date, product) VALUES ('pt-0093', 'COVID-19', '2019-02-09', 'Comirnaty');
INSERT INTO patient_vaccine_records (patient_id, vaccine, vaccine_date, product) VALUES ('pt-0093', 'Influenza (seasonal)', '2018-03-16', NULL);
INSERT INTO patient_vaccine_records (patient_id, vaccine, vaccine_date, product) VALUES ('pt-0093', 'Td/Tdap (tetanus, diphtheria, pertussis)', '2017-10-21', NULL);

INSERT INTO patients (id, name, age, gender, address_line1, city, county, postcode, country, telephone, email, gp_name, gp_practice, gp_address, national_insurance_number, passport_number, cache_status, last_synced_at, meta_region) VALUES ('pt-0094', 'Beatrice Murray', 70, 'Female', 'Flat 32, 206 Belvedere Road', 'London', 'Greater London', 'SW1A 1BB', 'UK', '+44 7698 510154', 'beatricemurray@outlook.com', 'Dr Fatima Ahmed', 'Brownlow Group Practice', '150 Mt Pleasant, Liverpool L69 3GD, United Kingdom', 'QK710638B', '336370919', 'verified_online', '2026-02-21T00:00:00Z', 'London');
INSERT INTO patient_appointments (patient_id, appointment_date, appointment_time, type, location, reason, verified_up_to_date) VALUES ('pt-0094', '2023-10-28', '08:15', 'Medication review', 'Home visit', 'results discussion', 1);
INSERT INTO patient_appointments (patient_id, appointment_date, appointment_time, type, location, reason, verified_up_to_date) VALUES ('pt-0094', '2026-05-23', '08:30', 'Medication review', 'Home visit', 'vaccination', 1);
INSERT INTO patient_appointments (patient_id, appointment_date, appointment_time, type, location, reason, verified_up_to_date) VALUES ('pt-0094', '2026-08-31', '11:45', 'Vaccination appointment', 'Home visit', 'annual monitoring', 1);

INSERT INTO patients (id, name, age, gender, address_line1, city, county, postcode, country, telephone, email, gp_name, gp_practice, gp_address, national_insurance_number, passport_number, cache_status, last_synced_at, meta_region) VALUES ('pt-0095', 'Violet Ward', 85, 'Female', 'Apt 73, 141 Belvedere Road', 'London', 'Greater London', 'SW1A 1JR', 'UK', '+44 7502 287110', 'violet.ward@outlook.com', 'Dr Owen Evans', 'Brownlow Group Practice', '150 Mt Pleasant, Liverpool L69 3GD, United Kingdom', 'RY452202B', '659241286', 'verified_online', '2026-03-03T00:00:00Z', 'London');
INSERT INTO patient_appointments (patient_id, appointment_date, appointment_time, type, location, reason, verified_up_to_date) VALUES ('pt-0095', '2025-05-20', '15:30', 'Vaccination appointment', 'Hospital outpatient department', 'annual monitoring', 1);
INSERT INTO patient_appointments (patient_id, appointment_date, appointment_time, type, location, reason, verified_up_to_date) VALUES ('pt-0095', '2026-12-27', '17:15', 'Blood test', 'Community clinic', 'annual monitoring', 1);
INSERT INTO patient_vaccine_records (patient_id, vaccine, vaccine_date, product) VALUES ('pt-0095', 'Shingles (Shingrix)', '2016-12-29', 'Shingrix');
INSERT INTO patient_vaccine_records (patient_id, vaccine, vaccine_date, product) VALUES ('pt-0095', 'RSV', '2024-11-22', 'Arexvy');

INSERT INTO patients (id, name, age, gender, address_line1, city, county, postcode, country, telephone, email, gp_name, gp_practice, gp_address, national_insurance_number, passport_number, cache_status, last_synced_at, meta_region) VALUES ('pt-0096', 'Georgia Allen', 28, 'Female', '60 St Georges Road', 'Bristol', 'Bristol', 'BS1 5AS', 'UK', '+44 7762 195071', 'gallen@gmail.com', 'Dr Kate Evans', 'Brownlow Group Practice', '150 Mt Pleasant, Liverpool L69 3GD, United Kingdom', 'OY803741C', '695561982', 'cached_stale', '2026-02-24T00:00:00Z', 'Bristol');
INSERT INTO patient_conditions (patient_id, condition_name, status, since_date) VALUES ('pt-0096', 'Chronic back pain', 'history', '2021-11-26');

INSERT INTO patients (id, name, age, gender, address_line1, city, county, postcode, country, telephone, email, gp_name, gp_practice, gp_address, national_insurance_number, passport_number, cache_status, last_synced_at, meta_region) VALUES ('pt-0097', 'Sophia Murray', 69, 'Female', 'Unit 30, 94 Marmora Road', 'Cambridge', 'Cambridgeshire', 'CB1 3QA', 'UK', '+44 7930 976500', 'sophia765@hotmail.co.uk', 'Dr James Clarke', 'Brownlow Group Practice', '150 Mt Pleasant, Liverpool L69 3GD, United Kingdom', 'DV603945B', '345304509', 'cached_recent', '2026-02-07T00:00:00Z', 'Cambridge');
INSERT INTO patient_prescriptions (patient_id, drug, indication, dose, frequency, start_date, prescriber) VALUES ('pt-0097', 'Sacubitril/valsartan', 'Heart failure', '10 mg', 'with meals', '2024-11-24', 'Dr Matthew Campbell');
INSERT INTO patient_appointments (patient_id, appointment_date, appointment_time, type, location, reason, verified_up_to_date) VALUES ('pt-0097', '2023-05-19', '10:50', 'GP review', 'Home visit', 'treatment follow-up', 1);
INSERT INTO patient_appointments (patient_id, appointment_date, appointment_time, type, location, reason, verified_up_to_date) VALUES ('pt-0097', '2025-03-20', '08:40', 'GP review', 'Hospital outpatient department', 'vaccination', 1);
INSERT INTO patient_appointments (patient_id, appointment_date, appointment_time, type, location, reason, verified_up_to_date) VALUES ('pt-0097', '2025-10-06', '16:50', 'Mental health check-in', 'Community clinic', 'vaccination', 1);
INSERT INTO patient_appointments (patient_id, appointment_date, appointment_time, type, location, reason, verified_up_to_date) VALUES ('pt-0097', '2026-12-28', '10:00', 'Diabetes clinic', 'GP practice', 'annual monitoring', 1);

INSERT INTO patients (id, name, age, gender, address_line1, city, county, postcode, country, telephone, email, gp_name, gp_practice, gp_address, national_insurance_number, passport_number, cache_status, last_synced_at, meta_region) VALUES ('pt-0098', 'Louis Jackson', 63, 'Male', 'Flat 50, 62 Calverley Street', 'Leeds', 'West Yorkshire', 'LS1 1UR', 'UK', '+44 7472 398911', 'ljackson@hotmail.co.uk', 'Dr Kate Wilson', 'Brownlow Group Practice', '150 Mt Pleasant, Liverpool L69 3GD, United Kingdom', 'TZ933316D', '046511793', 'cached_recent', '2026-02-08T00:00:00Z', 'Leeds');
INSERT INTO patient_prescriptions (patient_id, drug, indication, dose, frequency, start_date, prescriber) VALUES ('pt-0098', 'Simvastatin', 'High cholesterol', '5 mg', 'once weekly', '2023-08-17', 'Dr Robert Hughes');
INSERT INTO patient_appointments (patient_id, appointment_date, appointment_time, type, location, reason, verified_up_to_date) VALUES ('pt-0098', '2023-09-01', '12:40', 'Vaccination appointment', 'GP practice', 'treatment follow-up', 1);
INSERT INTO patient_appointments (patient_id, appointment_date, appointment_time, type, location, reason, verified_up_to_date) VALUES ('pt-0098', '2024-10-06', '14:50', 'Diabetes clinic', 'Community clinic', 'symptom check', 1);
INSERT INTO patient_appointments (patient_id, appointment_date, appointment_time, type, location, reason, verified_up_to_date) VALUES ('pt-0098', '2026-04-29', '11:15', 'Ophthalmology', 'GP practice', 'treatment follow-up', 1);
INSERT INTO patient_appointments (patient_id, appointment_date, appointment_time, type, location, reason, verified_up_to_date) VALUES ('pt-0098', '2026-08-28', '09:40', 'Mental health check-in', 'Telehealth', 'symptom check', 0);
INSERT INTO patient_vaccine_records (patient_id, vaccine, vaccine_date, product) VALUES ('pt-0098', 'COVID-19', '2022-03-16', 'Comirnaty');
INSERT INTO patient_vaccine_records (patient_id, vaccine, vaccine_date, product) VALUES ('pt-0098', 'COVID-19 booster', '2021-08-13', 'Comirnaty');

INSERT INTO patients (id, name, age, gender, address_line1, city, county, postcode, country, telephone, email, gp_name, gp_practice, gp_address, national_insurance_number, passport_number, cache_status, last_synced_at, meta_region) VALUES ('pt-0099', 'Ethan Moore', 75, 'Male', 'Unit 2, 217 Westminster Bridge Road', 'London', 'Greater London', 'SW1A 1BW', 'UK', '+44 7908 933162', 'ethanmoore@outlook.com', 'Dr Kieran Smith', 'Brownlow Group Practice', '150 Mt Pleasant, Liverpool L69 3GD, United Kingdom', 'CN898602D', '925779181', 'cached_stale', '2026-03-02T00:00:00Z', 'London');
INSERT INTO patient_conditions (patient_id, condition_name, status, since_date) VALUES ('pt-0099', 'Generalised anxiety disorder', 'controlled', '2012-10-30');
INSERT INTO patient_prescriptions (patient_id, drug, indication, dose, frequency, start_date, prescriber) VALUES ('pt-0099', 'Atorvastatin', 'High cholesterol/Cardiovascular risk', '25 mg', 'with meals', '2025-09-21', 'Dr Grace Khan');
INSERT INTO patient_appointments (patient_id, appointment_date, appointment_time, type, location, reason, verified_up_to_date) VALUES ('pt-0099', '2025-03-08', '12:20', 'Physiotherapy', 'Community clinic', 'routine review', 1);
INSERT INTO patient_vaccine_records (patient_id, vaccine, vaccine_date, product) VALUES ('pt-0099', 'Influenza (seasonal)', '2025-07-25', NULL);

INSERT INTO patients (id, name, age, gender, address_line1, city, county, postcode, country, telephone, email, gp_name, gp_practice, gp_address, national_insurance_number, passport_number, cache_status, last_synced_at, meta_region) VALUES ('pt-0100', 'Isla Wilson', 88, 'Female', '138 Westminster Bridge Road', 'London', 'Greater London', 'SE1 7PB', 'UK', '+44 7741 586849', 'isla.wilson@gmail.com', 'Dr Sophie Roberts', 'Brownlow Group Practice', '150 Mt Pleasant, Liverpool L69 3GD, United Kingdom', 'MW349077A', '318461071', 'verified_online', '2026-02-05T00:00:00Z', 'London');
INSERT INTO patient_conditions (patient_id, condition_name, status, since_date) VALUES ('pt-0100', 'Gastro-oesophageal reflux disease (GORD)', 'active', '2013-05-18');
INSERT INTO patient_prescriptions (patient_id, drug, indication, dose, frequency, start_date, prescriber) VALUES ('pt-0100', 'Tirzepatide', 'Weight management/Type 2 diabetes', '2 puffs', 'once weekly', '2024-05-24', 'Dr Zoe Jones');
INSERT INTO patient_prescriptions (patient_id, drug, indication, dose, frequency, start_date, prescriber) VALUES ('pt-0100', 'Levetiracetam', 'Epilepsy', '100 mg', 'as needed', '2024-07-06', 'Dr Ibrahim Foster');
INSERT INTO patient_vaccine_records (patient_id, vaccine, vaccine_date, product) VALUES ('pt-0100', 'COVID-19', '2024-01-03', 'Spikevax');
INSERT INTO patient_vaccine_records (patient_id, vaccine, vaccine_date, product) VALUES ('pt-0100', 'Influenza (seasonal)', '2025-02-01', NULL);

INSERT INTO patients (id, name, age, gender, address_line1, city, county, postcode, country, telephone, email, gp_name, gp_practice, gp_address, national_insurance_number, passport_number, cache_status, last_synced_at, meta_region) VALUES ('pt-0101', 'Erin Wilson', 50, 'Female', 'Unit 34, 205 St Georges Road', 'Bristol', 'Bristol', 'BS1 5UG', 'UK', '+44 7928 168815', 'erin.wilson@gmail.com', 'Dr Zoe O''Neill', 'Brownlow Group Practice', '150 Mt Pleasant, Liverpool L69 3GD, United Kingdom', 'MF302380A', '117429693', 'verified_online', '2026-02-17T00:00:00Z', 'Bristol');
INSERT INTO patient_conditions (patient_id, condition_name, status, since_date) VALUES ('pt-0101', 'Obesity', 'controlled', '2018-09-10');
INSERT INTO patient_conditions (patient_id, condition_name, status, since_date) VALUES ('pt-0101', 'Glaucoma', 'active', '2025-09-26');
INSERT INTO patient_prescriptions (patient_id, drug, indication, dose, frequency, start_date, prescriber) VALUES ('pt-0101', 'Levetiracetam', 'Epilepsy', '25 mg', 'at night', '2024-06-08', 'Dr Kieran O''Neill');
INSERT INTO patient_appointments (patient_id, appointment_date, appointment_time, type, location, reason, verified_up_to_date) VALUES ('pt-0101', '2024-09-22', '08:10', 'Physiotherapy', 'Hospital outpatient department', 'results discussion', 0);
INSERT INTO patient_vaccine_records (patient_id, vaccine, vaccine_date, product) VALUES ('pt-0101', 'COVID-19', '2023-12-30', 'Comirnaty');
INSERT INTO patient_vaccine_records (patient_id, vaccine, vaccine_date, product) VALUES ('pt-0101', 'COVID-19 booster', '2025-12-27', 'Comirnaty');
INSERT INTO patient_vaccine_records (patient_id, vaccine, vaccine_date, product) VALUES ('pt-0101', 'Td/Tdap (tetanus, diphtheria, pertussis)', '2023-03-19', NULL);
INSERT INTO patient_vaccine_records (patient_id, vaccine, vaccine_date, product) VALUES ('pt-0101', 'MMR', '2020-11-06', NULL);

INSERT INTO patients (id, name, age, gender, address_line1, city, county, postcode, country, telephone, email, gp_name, gp_practice, gp_address, national_insurance_number, passport_number, cache_status, last_synced_at, meta_region) VALUES ('pt-0102', 'Imogen Taylor', 20, 'Female', '161 George Street', 'Edinburgh', 'City of Edinburgh', 'EH2 2SA', 'UK', '+44 7555 580255', 'imogentaylor@hotmail.co.uk', 'Dr Robert Patel', 'Brownlow Group Practice', '150 Mt Pleasant, Liverpool L69 3GD, United Kingdom', 'FZ272637B', '519952085', 'cached_stale', '2026-02-19T00:00:00Z', 'Edinburgh');

INSERT INTO patients (id, name, age, gender, address_line1, city, county, postcode, country, telephone, email, gp_name, gp_practice, gp_address, national_insurance_number, passport_number, cache_status, last_synced_at, meta_region) VALUES ('pt-0103', 'Poppy Thomas', 21, 'Female', '138 Bath Street', 'Glasgow', 'Glasgow City', 'G2 2EN', 'UK', '+44 7259 104502', 'poppy.thomas70@hotmail.co.uk', 'Dr Richard Patel', 'Brownlow Group Practice', '150 Mt Pleasant, Liverpool L69 3GD, United Kingdom', 'UW309913D', '962048466', 'cached_stale', '2026-02-19T00:00:00Z', 'Glasgow');
INSERT INTO patient_appointments (patient_id, appointment_date, appointment_time, type, location, reason, verified_up_to_date) VALUES ('pt-0103', '2026-09-30', '08:40', 'Physiotherapy', 'Community clinic', 'annual monitoring', 0);

INSERT INTO patients (id, name, age, gender, address_line1, city, county, postcode, country, telephone, email, gp_name, gp_practice, gp_address, national_insurance_number, passport_number, cache_status, last_synced_at, meta_region) VALUES ('pt-0104', 'Olivia Byrne', 72, 'Female', '96 Constitution Hill', 'London', 'Greater London', 'SW1A 1BA', 'UK', '+44 7320 863209', 'olivia919@icloud.com', 'Dr Sophie Roberts', 'Brownlow Group Practice', '150 Mt Pleasant, Liverpool L69 3GD, United Kingdom', 'JF844809D', '782334208', 'cached_stale', '2026-02-26T00:00:00Z', 'London');
INSERT INTO patient_conditions (patient_id, condition_name, status, since_date) VALUES ('pt-0104', 'Type 2 diabetes', 'controlled', '2024-04-07');
INSERT INTO patient_prescriptions (patient_id, drug, indication, dose, frequency, start_date, prescriber) VALUES ('pt-0104', 'Omeprazole', 'Reflux/Ulcer prevention', '5 mg', 'once daily', '2025-09-02', 'Dr Robert Jones');
INSERT INTO patient_appointments (patient_id, appointment_date, appointment_time, type, location, reason, verified_up_to_date) VALUES ('pt-0104', '2025-09-19', '15:40', 'Ophthalmology', 'Telehealth', 'treatment follow-up', 1);

INSERT INTO patients (id, name, age, gender, address_line1, city, county, postcode, country, telephone, email, gp_name, gp_practice, gp_address, national_insurance_number, passport_number, cache_status, last_synced_at, meta_region) VALUES ('pt-0105', 'Amelia Campbell', 73, 'Female', '183 Chicheley Street', 'London', 'Greater London', 'SW1A 1AA', 'UK', '+44 7396 405831', 'amelia.campbell@outlook.com', 'Dr Sophie Roberts', 'Brownlow Group Practice', '150 Mt Pleasant, Liverpool L69 3GD, United Kingdom', 'YU192148A', '642916320', 'cached_stale', '2026-02-20T00:00:00Z', 'London');
INSERT INTO patient_conditions (patient_id, condition_name, status, since_date) VALUES ('pt-0105', 'Glaucoma', 'controlled', '2015-08-26');
INSERT INTO patient_conditions (patient_id, condition_name, status, since_date) VALUES ('pt-0105', 'History of stroke/TIA', 'history', '2017-09-03');
INSERT INTO patient_prescriptions (patient_id, drug, indication, dose, frequency, start_date, prescriber) VALUES ('pt-0105', 'Warfarin', 'Anticoagulant', '500 mg', 'with meals', '2025-10-09', 'Dr Ibrahim Khan');
INSERT INTO patient_prescriptions (patient_id, drug, indication, dose, frequency, start_date, prescriber) VALUES ('pt-0105', 'Aspirin', 'Antiplatelet/Pain', '5 mg', 'once daily', '2024-01-14', 'Dr Alex Wilson');
INSERT INTO patient_appointments (patient_id, appointment_date, appointment_time, type, location, reason, verified_up_to_date) VALUES ('pt-0105', '2025-07-09', '12:45', 'Diabetes clinic', 'Home visit', 'vaccination', 1);
INSERT INTO patient_appointments (patient_id, appointment_date, appointment_time, type, location, reason, verified_up_to_date) VALUES ('pt-0105', '2025-11-23', '15:10', 'Physiotherapy', 'Telehealth', 'vaccination', 1);
INSERT INTO patient_appointments (patient_id, appointment_date, appointment_time, type, location, reason, verified_up_to_date) VALUES ('pt-0105', '2025-12-12', '15:10', 'Ophthalmology', 'Hospital outpatient department', 'treatment follow-up', 0);

INSERT INTO patients (id, name, age, gender, address_line1, city, county, postcode, country, telephone, email, gp_name, gp_practice, gp_address, national_insurance_number, passport_number, cache_status, last_synced_at, meta_region) VALUES ('pt-0106', 'Ella Jones', 27, 'Female', '166 Anchor Road', 'Bristol', 'Bristol', 'BS1 5AH', 'UK', '+44 7245 821469', 'ellajones@outlook.com', 'Dr Grace Foster', 'Brownlow Group Practice', '150 Mt Pleasant, Liverpool L69 3GD, United Kingdom', 'EC445440A', '083467647', 'cached_recent', '2026-02-05T00:00:00Z', 'Bristol');
INSERT INTO patient_conditions (patient_id, condition_name, status, since_date) VALUES ('pt-0106', 'Atrial fibrillation', 'active', '2014-11-02');
INSERT INTO patient_prescriptions (patient_id, drug, indication, dose, frequency, start_date, prescriber) VALUES ('pt-0106', 'Omeprazole', 'Reflux/Ulcer prevention', '2.5 mg', 'at night', '2026-02-13', 'Dr Owen Jones');
INSERT INTO patient_prescriptions (patient_id, drug, indication, dose, frequency, start_date, prescriber) VALUES ('pt-0106', 'Tamsulosin', 'BPH', '2 puffs', 'with meals', '2023-10-24', 'Dr Owen Taylor');
INSERT INTO patient_appointments (patient_id, appointment_date, appointment_time, type, location, reason, verified_up_to_date) VALUES ('pt-0106', '2023-04-09', '15:40', 'Respiratory review', 'Hospital outpatient department', 'symptom check', 0);

INSERT INTO patients (id, name, age, gender, address_line1, city, county, postcode, country, telephone, email, gp_name, gp_practice, gp_address, national_insurance_number, passport_number, cache_status, last_synced_at, meta_region) VALUES ('pt-0107', 'Harry Patel', 45, 'Male', 'Flat 13, 28 Bakers Row', 'Cardiff', 'South Glamorgan', 'CF10 1AB', 'UK', '+44 7577 215674', 'harry542@hotmail.co.uk', 'Dr Lucy Walsh', 'Brownlow Group Practice', '150 Mt Pleasant, Liverpool L69 3GD, United Kingdom', 'WJ584195A', '088313058', 'cached_recent', '2026-02-08T00:00:00Z', 'Cardiff');
INSERT INTO patient_conditions (patient_id, condition_name, status, since_date) VALUES ('pt-0107', 'Gout', 'active', '2015-04-29');
INSERT INTO patient_conditions (patient_id, condition_name, status, since_date) VALUES ('pt-0107', 'Generalised anxiety disorder', 'active', '2013-03-20');
INSERT INTO patient_conditions (patient_id, condition_name, status, since_date) VALUES ('pt-0107', 'History of stroke/TIA', 'monitoring', '2024-03-08');
INSERT INTO patient_prescriptions (patient_id, drug, indication, dose, frequency, start_date, prescriber) VALUES ('pt-0107', 'Oxybutynin', 'Overactive bladder', '25 mg', 'with meals', '2023-07-22', 'Dr Ben Hughes');
INSERT INTO patient_prescriptions (patient_id, drug, indication, dose, frequency, start_date, prescriber) VALUES ('pt-0107', 'Amoxicillin', 'Bacterial infection', '1 injection', 'with meals', '2023-04-02', 'Dr Holly Taylor');
INSERT INTO patient_appointments (patient_id, appointment_date, appointment_time, type, location, reason, verified_up_to_date) VALUES ('pt-0107', '2026-09-05', '08:10', 'Cardiology follow-up', 'Telehealth', 'vaccination', 0);
INSERT INTO patient_vaccine_records (patient_id, vaccine, vaccine_date, product) VALUES ('pt-0107', 'COVID-19', '2020-06-29', 'Comirnaty');

INSERT INTO patients (id, name, age, gender, address_line1, city, county, postcode, country, telephone, email, gp_name, gp_practice, gp_address, national_insurance_number, passport_number, cache_status, last_synced_at, meta_region) VALUES ('pt-0108', 'Gareth Barnes', 76, 'Male', 'Unit 38, 151 Paradise Street', 'Liverpool', 'Merseyside', 'L1 8BN', 'UK', '+44 7842 623354', 'gareth.barnes98@hotmail.co.uk', 'Dr Fatima Stewart', 'Brownlow Group Practice', '150 Mt Pleasant, Liverpool L69 3GD, United Kingdom', 'YZ839892D', '382356574', 'cached_stale', '2026-02-02T00:00:00Z', 'Liverpool');
INSERT INTO patient_appointments (patient_id, appointment_date, appointment_time, type, location, reason, verified_up_to_date) VALUES ('pt-0108', '2027-01-07', '09:10', 'Diabetes clinic', 'Home visit', 'results discussion', 1);
INSERT INTO patient_vaccine_records (patient_id, vaccine, vaccine_date, product) VALUES ('pt-0108', 'COVID-19', '2020-09-17', 'Nuvaxovid');
INSERT INTO patient_vaccine_records (patient_id, vaccine, vaccine_date, product) VALUES ('pt-0108', 'Influenza (seasonal)', '2017-10-30', NULL);
INSERT INTO patient_vaccine_records (patient_id, vaccine, vaccine_date, product) VALUES ('pt-0108', 'Shingles (Shingrix)', '2018-12-27', 'Shingrix');

INSERT INTO patients (id, name, age, gender, address_line1, city, county, postcode, country, telephone, email, gp_name, gp_practice, gp_address, national_insurance_number, passport_number, cache_status, last_synced_at, meta_region) VALUES ('pt-0109', 'Samuel Young', 37, 'Male', 'Unit 32, 131 Houldsworth Street', 'Manchester', 'Greater Manchester', 'M1 1EB', 'UK', '+44 7898 417765', 'samuelyoung@icloud.com', 'Dr Kate Walsh', 'Brownlow Group Practice', '150 Mt Pleasant, Liverpool L69 3GD, United Kingdom', 'NE327637D', '523400737', 'cached_recent', '2026-02-19T00:00:00Z', 'Manchester');
INSERT INTO patient_conditions (patient_id, condition_name, status, since_date) VALUES ('pt-0109', 'Epilepsy', 'history', '2015-09-17');
INSERT INTO patient_conditions (patient_id, condition_name, status, since_date) VALUES ('pt-0109', 'Chronic back pain', 'history', '2022-03-06');
INSERT INTO patient_prescriptions (patient_id, drug, indication, dose, frequency, start_date, prescriber) VALUES ('pt-0109', 'Allopurinol', 'Gout', '1 g', 'once daily', '2023-05-08', 'Dr Richard Patel');

INSERT INTO patients (id, name, age, gender, address_line1, city, county, postcode, country, telephone, email, gp_name, gp_practice, gp_address, national_insurance_number, passport_number, cache_status, last_synced_at, meta_region) VALUES ('pt-0110', 'David Davies', 60, 'Male', 'Unit 32, 190 St Georges Road', 'Bristol', 'Bristol', 'BS1 5QL', 'UK', '+44 7531 379570', 'david30@gmail.com', 'Dr Zoe O''Neill', 'Brownlow Group Practice', '150 Mt Pleasant, Liverpool L69 3GD, United Kingdom', 'KM598059D', '346197308', 'cached_stale', '2026-02-27T00:00:00Z', 'Bristol');
INSERT INTO patient_conditions (patient_id, condition_name, status, since_date) VALUES ('pt-0110', 'Epilepsy', 'monitoring', '2018-05-15');
INSERT INTO patient_prescriptions (patient_id, drug, indication, dose, frequency, start_date, prescriber) VALUES ('pt-0110', 'Rivaroxaban', 'Anticoagulant (AF/VTE)', '1 puff', 'at night', '2023-04-29', 'Dr Eleanor Foster');
INSERT INTO patient_prescriptions (patient_id, drug, indication, dose, frequency, start_date, prescriber) VALUES ('pt-0110', 'Apixaban', 'Anticoagulant (AF/VTE)', '1 tablet', 'at night', '2025-01-31', 'Dr Fatima Taylor');
INSERT INTO patient_appointments (patient_id, appointment_date, appointment_time, type, location, reason, verified_up_to_date) VALUES ('pt-0110', '2026-02-26', '08:20', 'Cardiology follow-up', 'Community clinic', 'vaccination', 1);
INSERT INTO patient_vaccine_records (patient_id, vaccine, vaccine_date, product) VALUES ('pt-0110', 'MMR', '2023-10-01', NULL);

INSERT INTO patients (id, name, age, gender, address_line1, city, county, postcode, country, telephone, email, gp_name, gp_practice, gp_address, national_insurance_number, passport_number, cache_status, last_synced_at, meta_region) VALUES ('pt-0111', 'Alexander Jackson', 76, 'Male', 'Apt 79, 167 The Mall', 'London', 'Greater London', 'SW1A 1BD', 'UK', '+44 7742 837496', 'alexander.jackson24@icloud.com', 'Dr Kieran Khan', 'Brownlow Group Practice', '150 Mt Pleasant, Liverpool L69 3GD, United Kingdom', 'GV863930D', '287694035', 'verified_online', '2026-02-06T00:00:00Z', 'London');
INSERT INTO patient_conditions (patient_id, condition_name, status, since_date) VALUES ('pt-0111', 'Osteoarthritis', 'active', '2023-03-14');
INSERT INTO patient_prescriptions (patient_id, drug, indication, dose, frequency, start_date, prescriber) VALUES ('pt-0111', 'Finasteride', 'BPH', '1 puff', 'twice daily', '2023-09-09', 'Dr Maya Brown');
INSERT INTO patient_prescriptions (patient_id, drug, indication, dose, frequency, start_date, prescriber) VALUES ('pt-0111', 'Beclometasone dipropionate', 'Asthma/COPD', '1 injection', 'with meals', '2023-09-15', 'Dr Matthew Smith');
INSERT INTO patient_appointments (patient_id, appointment_date, appointment_time, type, location, reason, verified_up_to_date) VALUES ('pt-0111', '2025-11-02', '14:20', 'Physiotherapy', 'GP practice', 'vaccination', 1);

INSERT INTO patients (id, name, age, gender, address_line1, city, county, postcode, country, telephone, email, gp_name, gp_practice, gp_address, national_insurance_number, passport_number, cache_status, last_synced_at, meta_region) VALUES ('pt-0112', 'Andrew Watson', 78, 'Male', '97 Great Charles Street', 'Birmingham', 'West Midlands', 'B1 1BB', 'UK', '+44 7533 328598', 'andrewwatson@outlook.com', 'Dr Grace Hughes', 'Brownlow Group Practice', '150 Mt Pleasant, Liverpool L69 3GD, United Kingdom', 'IO428212C', '926531746', 'cached_recent', '2026-02-17T00:00:00Z', 'Birmingham');
INSERT INTO patient_conditions (patient_id, condition_name, status, since_date) VALUES ('pt-0112', 'Generalised anxiety disorder', 'active', '2025-09-02');
INSERT INTO patient_conditions (patient_id, condition_name, status, since_date) VALUES ('pt-0112', 'Dementia (moderate)', 'controlled', '2020-04-13');
INSERT INTO patient_conditions (patient_id, condition_name, status, since_date) VALUES ('pt-0112', 'Dementia', 'controlled', '2015-06-27');
INSERT INTO patient_conditions (patient_id, condition_name, status, since_date) VALUES ('pt-0112', 'Hypothyroidism', 'monitoring', '2021-08-04');
INSERT INTO patient_prescriptions (patient_id, drug, indication, dose, frequency, start_date, prescriber) VALUES ('pt-0112', 'Empagliflozin', 'Type 2 diabetes/Heart failure', '25 mg', 'twice daily', '2024-09-13', 'Dr Zoe Jones');
INSERT INTO patient_appointments (patient_id, appointment_date, appointment_time, type, location, reason, verified_up_to_date) VALUES ('pt-0112', '2026-01-03', '09:45', 'Physiotherapy', 'GP practice', 'results discussion', 1);
INSERT INTO patient_appointments (patient_id, appointment_date, appointment_time, type, location, reason, verified_up_to_date) VALUES ('pt-0112', '2026-09-18', '10:00', 'Medication review', 'GP practice', 'routine review', 1);
INSERT INTO patient_appointments (patient_id, appointment_date, appointment_time, type, location, reason, verified_up_to_date) VALUES ('pt-0112', '2026-10-09', '16:10', 'Mental health check-in', 'Telehealth', 'treatment follow-up', 1);

INSERT INTO patients (id, name, age, gender, address_line1, city, county, postcode, country, telephone, email, gp_name, gp_practice, gp_address, national_insurance_number, passport_number, cache_status, last_synced_at, meta_region) VALUES ('pt-0113', 'Martin Bennett', 1, 'Male', 'Apt 64, 172 Westminster Bridge Road', 'London', 'Greater London', 'SW1A 1BD', 'UK', '+44 7213 265488', 'martinbennett@icloud.com', 'Dr Kieran Khan', 'Brownlow Group Practice', '150 Mt Pleasant, Liverpool L69 3GD, United Kingdom', 'ZK473421D', '937919753', 'verified_online', '2026-02-04T00:00:00Z', 'London');
INSERT INTO patient_conditions (patient_id, condition_name, status, since_date) VALUES ('pt-0113', 'Type 2 diabetes', 'controlled', '2016-11-08');
INSERT INTO patient_appointments (patient_id, appointment_date, appointment_time, type, location, reason, verified_up_to_date) VALUES ('pt-0113', '2024-08-09', '12:10', 'Cardiology follow-up', 'Hospital outpatient department', 'symptom check', 1);
INSERT INTO patient_appointments (patient_id, appointment_date, appointment_time, type, location, reason, verified_up_to_date) VALUES ('pt-0113', '2024-12-13', '14:00', 'Respiratory review', 'GP practice', 'results discussion', 0);
INSERT INTO patient_appointments (patient_id, appointment_date, appointment_time, type, location, reason, verified_up_to_date) VALUES ('pt-0113', '2025-01-14', '14:10', 'Diabetes clinic', 'Hospital outpatient department', 'treatment follow-up', 1);
INSERT INTO patient_appointments (patient_id, appointment_date, appointment_time, type, location, reason, verified_up_to_date) VALUES ('pt-0113', '2026-11-10', '16:40', 'Medication review', 'GP practice', 'routine review', 1);
INSERT INTO patient_appointments (patient_id, appointment_date, appointment_time, type, location, reason, verified_up_to_date) VALUES ('pt-0113', '2027-02-03', '09:20', 'Medication review', 'Home visit', 'routine review', 0);
INSERT INTO patient_vaccine_records (patient_id, vaccine, vaccine_date, product) VALUES ('pt-0113', 'Td/Tdap (tetanus, diphtheria, pertussis)', '2023-11-20', NULL);

INSERT INTO patients (id, name, age, gender, address_line1, city, county, postcode, country, telephone, email, gp_name, gp_practice, gp_address, national_insurance_number, passport_number, cache_status, last_synced_at, meta_region) VALUES ('pt-0114', 'Poppy Kelly', 95, 'Female', '138 College Green', 'Bristol', 'Bristol', 'BS1 5AS', 'UK', '+44 7762 580419', 'poppy97@outlook.com', 'Dr Grace Foster', 'Brownlow Group Practice', '150 Mt Pleasant, Liverpool L69 3GD, United Kingdom', 'KW416866B', '765938642', 'verified_online', '2026-02-10T00:00:00Z', 'Bristol');
INSERT INTO patient_conditions (patient_id, condition_name, status, since_date) VALUES ('pt-0114', 'Hypertension', 'controlled', '2013-03-05');
INSERT INTO patient_conditions (patient_id, condition_name, status, since_date) VALUES ('pt-0114', 'Post-stroke disability', 'active', '2015-08-18');
INSERT INTO patient_conditions (patient_id, condition_name, status, since_date) VALUES ('pt-0114', 'Obesity', 'controlled', '2012-04-18');
INSERT INTO patient_prescriptions (patient_id, drug, indication, dose, frequency, start_date, prescriber) VALUES ('pt-0114', 'Insulin aspart', 'Diabetes', '100 mg', 'twice daily', '2023-10-31', 'Dr Robert Hughes');
INSERT INTO patient_appointments (patient_id, appointment_date, appointment_time, type, location, reason, verified_up_to_date) VALUES ('pt-0114', '2025-09-19', '15:10', 'Cardiology follow-up', 'Community clinic', 'symptom check', 1);
INSERT INTO patient_appointments (patient_id, appointment_date, appointment_time, type, location, reason, verified_up_to_date) VALUES ('pt-0114', '2026-07-23', '14:15', 'Vaccination appointment', 'Community clinic', 'treatment follow-up', 1);

INSERT INTO patients (id, name, age, gender, address_line1, city, county, postcode, country, telephone, email, gp_name, gp_practice, gp_address, national_insurance_number, passport_number, cache_status, last_synced_at, meta_region) VALUES ('pt-0115', 'Georgia Watson', 86, 'Female', 'Unit 23, 148 Wharton Street', 'Cardiff', 'South Glamorgan', 'CF10 1AF', 'UK', '+44 7779 714127', 'georgia.watson@outlook.com', 'Dr Hannah Jones', 'Brownlow Group Practice', '150 Mt Pleasant, Liverpool L69 3GD, United Kingdom', 'NC258114D', '726824988', 'cached_stale', '2026-02-23T00:00:00Z', 'Cardiff');
INSERT INTO patient_conditions (patient_id, condition_name, status, since_date) VALUES ('pt-0115', 'History of stroke/TIA', 'active', '2021-09-05');
INSERT INTO patient_conditions (patient_id, condition_name, status, since_date) VALUES ('pt-0115', 'Depression', 'monitoring', '2023-01-29');
INSERT INTO patient_conditions (patient_id, condition_name, status, since_date) VALUES ('pt-0115', 'Hypothyroidism', 'monitoring', '2013-10-20');
INSERT INTO patient_conditions (patient_id, condition_name, status, since_date) VALUES ('pt-0115', 'Glaucoma', 'controlled', '2022-05-18');
INSERT INTO patient_conditions (patient_id, condition_name, status, since_date) VALUES ('pt-0115', 'Chronic back pain', 'active', '2017-06-25');
INSERT INTO patient_conditions (patient_id, condition_name, status, since_date) VALUES ('pt-0115', 'Gastro-oesophageal reflux disease (GORD)', 'history', '2017-07-11');
INSERT INTO patient_prescriptions (patient_id, drug, indication, dose, frequency, start_date, prescriber) VALUES ('pt-0115', 'Mirtazapine', 'Depression', '100 mg', 'once weekly', '2024-02-05', 'Dr Kieran O''Neill');
INSERT INTO patient_prescriptions (patient_id, drug, indication, dose, frequency, start_date, prescriber) VALUES ('pt-0115', 'Colecalciferol', 'Vitamin D deficiency', '2 puffs', 'once weekly', '2024-01-08', 'Dr Maya Campbell');
INSERT INTO patient_appointments (patient_id, appointment_date, appointment_time, type, location, reason, verified_up_to_date) VALUES ('pt-0115', '2023-06-21', '11:15', 'GP review', 'Community clinic', 'symptom check', 1);
INSERT INTO patient_appointments (patient_id, appointment_date, appointment_time, type, location, reason, verified_up_to_date) VALUES ('pt-0115', '2025-08-18', '15:45', 'Blood test', 'Home visit', 'routine review', 0);
INSERT INTO patient_appointments (patient_id, appointment_date, appointment_time, type, location, reason, verified_up_to_date) VALUES ('pt-0115', '2027-02-28', '16:50', 'Medication review', 'Home visit', 'routine review', 1);
INSERT INTO patient_vaccine_records (patient_id, vaccine, vaccine_date, product) VALUES ('pt-0115', 'COVID-19', '2016-06-20', 'Spikevax');
INSERT INTO patient_vaccine_records (patient_id, vaccine, vaccine_date, product) VALUES ('pt-0115', 'COVID-19 booster', '2020-08-06', 'Comirnaty');

INSERT INTO patients (id, name, age, gender, address_line1, city, county, postcode, country, telephone, email, gp_name, gp_practice, gp_address, national_insurance_number, passport_number, cache_status, last_synced_at, meta_region) VALUES ('pt-0116', 'Isla Foster', 63, 'Female', 'Apt 15, 199 Chicheley Street', 'London', 'Greater London', 'SW1A 1BW', 'UK', '+44 7972 318337', 'isla176@hotmail.co.uk', 'Dr Kieran Smith', 'Brownlow Group Practice', '150 Mt Pleasant, Liverpool L69 3GD, United Kingdom', 'UY685836B', '129495399', 'cached_recent', '2026-02-18T00:00:00Z', 'London');

INSERT INTO patients (id, name, age, gender, address_line1, city, county, postcode, country, telephone, email, gp_name, gp_practice, gp_address, national_insurance_number, passport_number, cache_status, last_synced_at, meta_region) VALUES ('pt-0117', 'Imogen Murphy', 63, 'Female', 'Unit 22, 17 Deanery Road', 'Bristol', 'Bristol', 'BS1 5QL', 'UK', '+44 7963 512045', 'imogen56@hotmail.co.uk', 'Dr Zoe O''Neill', 'Brownlow Group Practice', '150 Mt Pleasant, Liverpool L69 3GD, United Kingdom', 'KS759268D', '813202948', 'verified_online', '2026-02-07T00:00:00Z', 'Bristol');
INSERT INTO patient_conditions (patient_id, condition_name, status, since_date) VALUES ('pt-0117', 'Dementia', 'active', '2024-12-12');
INSERT INTO patient_prescriptions (patient_id, drug, indication, dose, frequency, start_date, prescriber) VALUES ('pt-0117', 'Alendronic acid', 'Osteoporosis', '500 mg', 'at night', '2024-06-06', 'Dr Ibrahim Foster');
INSERT INTO patient_prescriptions (patient_id, drug, indication, dose, frequency, start_date, prescriber) VALUES ('pt-0117', 'Edoxaban', 'Anticoagulant (AF/VTE)', '0.5 mg', 'at night', '2024-01-16', 'Dr Matthew Campbell');
INSERT INTO patient_appointments (patient_id, appointment_date, appointment_time, type, location, reason, verified_up_to_date) VALUES ('pt-0117', '2024-11-09', '11:45', 'Respiratory review', 'Telehealth', 'routine review', 1);
INSERT INTO patient_appointments (patient_id, appointment_date, appointment_time, type, location, reason, verified_up_to_date) VALUES ('pt-0117', '2026-01-19', '09:45', 'Vaccination appointment', 'GP practice', 'results discussion', 1);
INSERT INTO patient_appointments (patient_id, appointment_date, appointment_time, type, location, reason, verified_up_to_date) VALUES ('pt-0117', '2026-06-26', '14:10', 'Medication review', 'Hospital outpatient department', 'symptom check', 1);

INSERT INTO patients (id, name, age, gender, address_line1, city, county, postcode, country, telephone, email, gp_name, gp_practice, gp_address, national_insurance_number, passport_number, cache_status, last_synced_at, meta_region) VALUES ('pt-0118', 'Violet Morgan', 68, 'Female', 'Unit 5, 193 Hope Street', 'Glasgow', 'Glasgow City', 'G2 2EN', 'UK', '+44 7314 604487', 'violetmorgan@icloud.com', 'Dr Priya Clarke', 'Brownlow Group Practice', '150 Mt Pleasant, Liverpool L69 3GD, United Kingdom', 'UZ564744B', '092442244', 'cached_recent', '2026-02-20T00:00:00Z', 'Glasgow');
INSERT INTO patient_conditions (patient_id, condition_name, status, since_date) VALUES ('pt-0118', 'Heart failure', 'controlled', '2025-11-21');
INSERT INTO patient_prescriptions (patient_id, drug, indication, dose, frequency, start_date, prescriber) VALUES ('pt-0118', 'Nitrofurantoin', 'UTI', '2 puffs', 'once weekly', '2024-11-14', 'Dr Fatima Morgan');

INSERT INTO patients (id, name, age, gender, address_line1, city, county, postcode, country, telephone, email, gp_name, gp_practice, gp_address, national_insurance_number, passport_number, cache_status, last_synced_at, meta_region) VALUES ('pt-0119', 'Sienna Kelly', 0, 'Female', 'Unit 38, 178 Briggate', 'Leeds', 'West Yorkshire', 'LS1 1UR', 'UK', '+44 7726 811634', 'siennakelly@gmail.com', 'Dr Maya Patel', 'Brownlow Group Practice', '150 Mt Pleasant, Liverpool L69 3GD, United Kingdom', 'QA442503C', '594053774', 'cached_recent', '2026-02-02T00:00:00Z', 'Leeds');
INSERT INTO patient_vaccine_records (patient_id, vaccine, vaccine_date, product) VALUES ('pt-0119', 'COVID-19', '2020-11-08', 'Nuvaxovid');
INSERT INTO patient_vaccine_records (patient_id, vaccine, vaccine_date, product) VALUES ('pt-0119', 'Td/Tdap (tetanus, diphtheria, pertussis)', '2023-02-28', NULL);

INSERT INTO patients (id, name, age, gender, address_line1, city, county, postcode, country, telephone, email, gp_name, gp_practice, gp_address, national_insurance_number, passport_number, cache_status, last_synced_at, meta_region) VALUES ('pt-0120', 'Sara Martin', 59, 'Female', '17 The Mall', 'London', 'Greater London', 'SE1 7PB', 'UK', '+44 7277 309174', 'sara170@gmail.com', 'Dr Sophie Roberts', 'Brownlow Group Practice', '150 Mt Pleasant, Liverpool L69 3GD, United Kingdom', 'ZN988864D', '326043743', 'cached_stale', '2026-02-03T00:00:00Z', 'London');
INSERT INTO patient_conditions (patient_id, condition_name, status, since_date) VALUES ('pt-0120', 'Epilepsy', 'history', '2014-02-14');

INSERT INTO patients (id, name, age, gender, address_line1, city, county, postcode, country, telephone, email, gp_name, gp_practice, gp_address, national_insurance_number, passport_number, cache_status, last_synced_at, meta_region) VALUES ('pt-0121', 'Alexander Reid', 25, 'Male', 'Flat 15, 116 West Nile Street', 'Glasgow', 'Glasgow City', 'G2 2EN', 'UK', '+44 7142 631948', 'alexander.reid@outlook.com', 'Dr Priya Clarke', 'Brownlow Group Practice', '150 Mt Pleasant, Liverpool L69 3GD, United Kingdom', 'LF763729C', '760384622', 'verified_online', '2026-02-16T00:00:00Z', 'Glasgow');
INSERT INTO patient_prescriptions (patient_id, drug, indication, dose, frequency, start_date, prescriber) VALUES ('pt-0121', 'Apixaban', 'Anticoagulant (AF/VTE)', '1 puff', 'with meals', '2024-09-02', 'Dr Fatima Morgan');
INSERT INTO patient_prescriptions (patient_id, drug, indication, dose, frequency, start_date, prescriber) VALUES ('pt-0121', 'Empagliflozin', 'Type 2 diabetes/Heart failure', '1 injection', 'at night', '2026-01-23', 'Dr Robert Ahmed');

INSERT INTO patients (id, name, age, gender, address_line1, city, county, postcode, country, telephone, email, gp_name, gp_practice, gp_address, national_insurance_number, passport_number, cache_status, last_synced_at, meta_region) VALUES ('pt-0122', 'Robert Smith', 43, 'Male', '69 Newton Street', 'Manchester', 'Greater Manchester', 'M1 1AL', 'UK', '+44 7502 896070', 'robertsmith@gmail.com', 'Dr Ben Morgan', 'Brownlow Group Practice', '150 Mt Pleasant, Liverpool L69 3GD, United Kingdom', 'UW837886C', '450225634', 'cached_recent', '2026-03-02T00:00:00Z', 'Manchester');
INSERT INTO patient_conditions (patient_id, condition_name, status, since_date) VALUES ('pt-0122', 'Depression', 'monitoring', '2020-06-27');
INSERT INTO patient_prescriptions (patient_id, drug, indication, dose, frequency, start_date, prescriber) VALUES ('pt-0122', 'Colecalciferol', 'Vitamin D deficiency', '1 puff', 'twice daily', '2023-12-12', 'Dr Richard Patel');
INSERT INTO patient_prescriptions (patient_id, drug, indication, dose, frequency, start_date, prescriber) VALUES ('pt-0122', 'Budesonide', 'Respiratory/Inflammation', '200 mg', 'once weekly', '2025-09-29', 'Dr Holly Taylor');

INSERT INTO patients (id, name, age, gender, address_line1, city, county, postcode, country, telephone, email, gp_name, gp_practice, gp_address, national_insurance_number, passport_number, cache_status, last_synced_at, meta_region) VALUES ('pt-0123', 'Charlie Byrne', 51, 'Male', 'Flat 59, 175 Constitution Hill', 'London', 'Greater London', 'SW1A 1AA', 'UK', '+44 7686 872652', 'cbyrne@outlook.com', 'Dr Fatima Ahmed', 'Brownlow Group Practice', '150 Mt Pleasant, Liverpool L69 3GD, United Kingdom', 'ZX609845B', '376171636', 'verified_online', '2026-02-12T00:00:00Z', 'London');
INSERT INTO patient_conditions (patient_id, condition_name, status, since_date) VALUES ('pt-0123', 'Gout', 'monitoring', '2025-09-24');
INSERT INTO patient_conditions (patient_id, condition_name, status, since_date) VALUES ('pt-0123', 'Benign prostatic hyperplasia (BPH)', 'controlled', '2017-12-11');
INSERT INTO patient_prescriptions (patient_id, drug, indication, dose, frequency, start_date, prescriber) VALUES ('pt-0123', 'Oxybutynin', 'Overactive bladder', '2 puffs', 'twice daily', '2026-02-02', 'Dr Owen Jones');
INSERT INTO patient_appointments (patient_id, appointment_date, appointment_time, type, location, reason, verified_up_to_date) VALUES ('pt-0123', '2026-08-19', '13:15', 'GP review', 'GP practice', 'treatment follow-up', 1);

INSERT INTO patients (id, name, age, gender, address_line1, city, county, postcode, country, telephone, email, gp_name, gp_practice, gp_address, national_insurance_number, passport_number, cache_status, last_synced_at, meta_region) VALUES ('pt-0124', 'Evie Ahmed', 49, 'Female', '17 West Nile Street', 'Glasgow', 'Glasgow City', 'G2 3AB', 'UK', '+44 7954 855009', 'evieahmed@outlook.com', 'Dr Ibrahim Foster', 'Brownlow Group Practice', '150 Mt Pleasant, Liverpool L69 3GD, United Kingdom', 'QU483326D', '716422822', 'cached_stale', '2026-02-10T00:00:00Z', 'Glasgow');
INSERT INTO patient_conditions (patient_id, condition_name, status, since_date) VALUES ('pt-0124', 'Osteoarthritis', 'active', '2021-11-11');
INSERT INTO patient_conditions (patient_id, condition_name, status, since_date) VALUES ('pt-0124', 'Type 2 diabetes', 'active', '2019-06-19');
INSERT INTO patient_conditions (patient_id, condition_name, status, since_date) VALUES ('pt-0124', 'Dementia', 'history', '2024-05-16');
INSERT INTO patient_prescriptions (patient_id, drug, indication, dose, frequency, start_date, prescriber) VALUES ('pt-0124', 'Warfarin', 'Anticoagulant', '500 mg', 'at night', '2025-07-19', 'Dr Aisha Evans');
INSERT INTO patient_appointments (patient_id, appointment_date, appointment_time, type, location, reason, verified_up_to_date) VALUES ('pt-0124', '2025-03-30', '09:45', 'Blood test', 'GP practice', 'annual monitoring', 1);
INSERT INTO patient_appointments (patient_id, appointment_date, appointment_time, type, location, reason, verified_up_to_date) VALUES ('pt-0124', '2025-07-05', '10:15', 'Mental health check-in', 'Community clinic', 'results discussion', 0);
INSERT INTO patient_appointments (patient_id, appointment_date, appointment_time, type, location, reason, verified_up_to_date) VALUES ('pt-0124', '2025-07-28', '10:45', 'GP review', 'Hospital outpatient department', 'annual monitoring', 1);
INSERT INTO patient_appointments (patient_id, appointment_date, appointment_time, type, location, reason, verified_up_to_date) VALUES ('pt-0124', '2025-08-07', '09:40', 'Respiratory review', 'Hospital outpatient department', 'annual monitoring', 1);
INSERT INTO patient_appointments (patient_id, appointment_date, appointment_time, type, location, reason, verified_up_to_date) VALUES ('pt-0124', '2027-02-23', '16:10', 'Cardiology follow-up', 'Home visit', 'results discussion', 1);
INSERT INTO patient_vaccine_records (patient_id, vaccine, vaccine_date, product) VALUES ('pt-0124', 'COVID-19', '2019-10-29', 'Nuvaxovid');
INSERT INTO patient_vaccine_records (patient_id, vaccine, vaccine_date, product) VALUES ('pt-0124', 'COVID-19 booster', '2020-07-09', 'Spikevax');
INSERT INTO patient_vaccine_records (patient_id, vaccine, vaccine_date, product) VALUES ('pt-0124', 'Td/Tdap (tetanus, diphtheria, pertussis)', '2020-08-11', NULL);

INSERT INTO patients (id, name, age, gender, address_line1, city, county, postcode, country, telephone, email, gp_name, gp_practice, gp_address, national_insurance_number, passport_number, cache_status, last_synced_at, meta_region) VALUES ('pt-0125', 'Jacob Brown', 54, 'Male', 'Apt 48, 203 Hilton Street', 'Manchester', 'Greater Manchester', 'M1 1AQ', 'UK', '+44 7247 291542', 'jacob.brown@outlook.com', 'Dr Lucy Brown', 'Brownlow Group Practice', '150 Mt Pleasant, Liverpool L69 3GD, United Kingdom', 'JN711572B', '063258139', 'cached_recent', '2026-02-06T00:00:00Z', 'Manchester');
INSERT INTO patient_conditions (patient_id, condition_name, status, since_date) VALUES ('pt-0125', 'Obesity', 'active', '2023-12-21');
INSERT INTO patient_prescriptions (patient_id, drug, indication, dose, frequency, start_date, prescriber) VALUES ('pt-0125', 'Semaglutide', 'Type 2 diabetes/Weight management', '10 mg', 'at night', '2024-03-07', 'Dr Kieran Taylor');
INSERT INTO patient_appointments (patient_id, appointment_date, appointment_time, type, location, reason, verified_up_to_date) VALUES ('pt-0125', '2025-08-30', '09:40', 'Vaccination appointment', 'Telehealth', 'routine review', 0);

INSERT INTO patients (id, name, age, gender, address_line1, city, county, postcode, country, telephone, email, gp_name, gp_practice, gp_address, national_insurance_number, passport_number, cache_status, last_synced_at, meta_region) VALUES ('pt-0126', 'Hannah Morgan', 48, 'Female', 'Flat 50, 10 Chicheley Street', 'London', 'Greater London', 'SE1 7PB', 'UK', '+44 7612 313340', 'hmorgan@outlook.com', 'Dr Grace Evans', 'Brownlow Group Practice', '150 Mt Pleasant, Liverpool L69 3GD, United Kingdom', 'ZH563646D', '978707870', 'cached_stale', '2026-02-07T00:00:00Z', 'London');
INSERT INTO patient_prescriptions (patient_id, drug, indication, dose, frequency, start_date, prescriber) VALUES ('pt-0126', 'Alendronic acid', 'Osteoporosis', '1 puff', 'with meals', '2025-05-01', 'Dr Helen Morgan');
INSERT INTO patient_appointments (patient_id, appointment_date, appointment_time, type, location, reason, verified_up_to_date) VALUES ('pt-0126', '2025-05-10', '15:00', 'Vaccination appointment', 'Community clinic', 'routine review', 1);
INSERT INTO patient_vaccine_records (patient_id, vaccine, vaccine_date, product) VALUES ('pt-0126', 'Td/Tdap (tetanus, diphtheria, pertussis)', '2025-04-16', NULL);

INSERT INTO patients (id, name, age, gender, address_line1, city, county, postcode, country, telephone, email, gp_name, gp_practice, gp_address, national_insurance_number, passport_number, cache_status, last_synced_at, meta_region) VALUES ('pt-0127', 'Bethany Allen', 57, 'Female', '141 Great Charles Street', 'Birmingham', 'West Midlands', 'B1 1BB', 'UK', '+44 7682 624629', 'bethany.allen22@outlook.com', 'Dr Rachel Foster', 'Brownlow Group Practice', '150 Mt Pleasant, Liverpool L69 3GD, United Kingdom', 'VX593186B', '070180435', 'verified_online', '2026-03-01T00:00:00Z', 'Birmingham');
INSERT INTO patient_conditions (patient_id, condition_name, status, since_date) VALUES ('pt-0127', 'Generalised anxiety disorder', 'active', '2017-12-03');
INSERT INTO patient_conditions (patient_id, condition_name, status, since_date) VALUES ('pt-0127', 'History of stroke/TIA', 'active', '2014-04-25');
INSERT INTO patient_conditions (patient_id, condition_name, status, since_date) VALUES ('pt-0127', 'Chronic back pain', 'monitoring', '2020-11-13');
INSERT INTO patient_conditions (patient_id, condition_name, status, since_date) VALUES ('pt-0127', 'Chronic kidney disease', 'monitoring', '2018-11-12');
INSERT INTO patient_prescriptions (patient_id, drug, indication, dose, frequency, start_date, prescriber) VALUES ('pt-0127', 'Amitriptyline', 'Neuropathic pain/Migraine prevention', '25 mg', 'at night', '2024-12-22', 'Dr Alex Brown');
INSERT INTO patient_appointments (patient_id, appointment_date, appointment_time, type, location, reason, verified_up_to_date) VALUES ('pt-0127', '2025-03-24', '12:40', 'Cardiology follow-up', 'GP practice', 'treatment follow-up', 1);
INSERT INTO patient_appointments (patient_id, appointment_date, appointment_time, type, location, reason, verified_up_to_date) VALUES ('pt-0127', '2025-06-28', '16:50', 'Vaccination appointment', 'Telehealth', 'routine review', 1);
INSERT INTO patient_appointments (patient_id, appointment_date, appointment_time, type, location, reason, verified_up_to_date) VALUES ('pt-0127', '2027-01-20', '15:10', 'Physiotherapy', 'Home visit', 'treatment follow-up', 1);
INSERT INTO patient_appointments (patient_id, appointment_date, appointment_time, type, location, reason, verified_up_to_date) VALUES ('pt-0127', '2027-02-10', '10:00', 'Ophthalmology', 'Home visit', 'routine review', 1);
INSERT INTO patient_appointments (patient_id, appointment_date, appointment_time, type, location, reason, verified_up_to_date) VALUES ('pt-0127', '2027-02-15', '08:10', 'Medication review', 'Hospital outpatient department', 'symptom check', 0);
INSERT INTO patient_vaccine_records (patient_id, vaccine, vaccine_date, product) VALUES ('pt-0127', 'Td/Tdap (tetanus, diphtheria, pertussis)', '2022-07-27', NULL);

INSERT INTO patients (id, name, age, gender, address_line1, city, county, postcode, country, telephone, email, gp_name, gp_practice, gp_address, national_insurance_number, passport_number, cache_status, last_synced_at, meta_region) VALUES ('pt-0128', 'Liam Harrison', 93, 'Male', '179 Cyprus Road', 'Cambridge', 'Cambridgeshire', 'CB1 3NU', 'UK', '+44 7941 449792', 'liam.harrison@icloud.com', 'Dr David Ahmed', 'Brownlow Group Practice', '150 Mt Pleasant, Liverpool L69 3GD, United Kingdom', 'YD655725D', '621626156', 'cached_stale', '2026-02-03T00:00:00Z', 'Cambridge');
INSERT INTO patient_conditions (patient_id, condition_name, status, since_date) VALUES ('pt-0128', 'Benign prostatic hyperplasia (BPH)', 'history', '2022-04-18');
INSERT INTO patient_conditions (patient_id, condition_name, status, since_date) VALUES ('pt-0128', 'Type 2 diabetes', 'active', '2016-03-20');
INSERT INTO patient_conditions (patient_id, condition_name, status, since_date) VALUES ('pt-0128', 'Atrial fibrillation', 'history', '2023-02-14');
INSERT INTO patient_conditions (patient_id, condition_name, status, since_date) VALUES ('pt-0128', 'Dementia', 'active', '2019-12-21');
INSERT INTO patient_conditions (patient_id, condition_name, status, since_date) VALUES ('pt-0128', 'Overactive bladder', 'active', '2024-01-03');
INSERT INTO patient_conditions (patient_id, condition_name, status, since_date) VALUES ('pt-0128', 'Hypothyroidism', 'active', '2016-03-29');
INSERT INTO patient_appointments (patient_id, appointment_date, appointment_time, type, location, reason, verified_up_to_date) VALUES ('pt-0128', '2025-08-19', '13:30', 'Blood test', 'GP practice', 'routine review', 0);

INSERT INTO patients (id, name, age, gender, address_line1, city, county, postcode, country, telephone, email, gp_name, gp_practice, gp_address, national_insurance_number, passport_number, cache_status, last_synced_at, meta_region) VALUES ('pt-0129', 'Georgia Byrne', 13, 'Female', 'Flat 60, 219 Westminster Bridge Road', 'London', 'Greater London', 'SW1A 1BH', 'UK', '+44 7161 233882', 'georgia329@hotmail.co.uk', 'Dr Sophie Roberts', 'Brownlow Group Practice', '150 Mt Pleasant, Liverpool L69 3GD, United Kingdom', 'JS928222B', '158279275', 'cached_recent', '2026-02-13T00:00:00Z', 'London');
INSERT INTO patient_conditions (patient_id, condition_name, status, since_date) VALUES ('pt-0129', 'Epilepsy', 'history', '2019-10-17');
INSERT INTO patient_appointments (patient_id, appointment_date, appointment_time, type, location, reason, verified_up_to_date) VALUES ('pt-0129', '2025-03-16', '17:10', 'Ophthalmology', 'Community clinic', 'treatment follow-up', 1);
INSERT INTO patient_appointments (patient_id, appointment_date, appointment_time, type, location, reason, verified_up_to_date) VALUES ('pt-0129', '2026-12-30', '08:50', 'Mental health check-in', 'Hospital outpatient department', 'treatment follow-up', 1);

INSERT INTO patients (id, name, age, gender, address_line1, city, county, postcode, country, telephone, email, gp_name, gp_practice, gp_address, national_insurance_number, passport_number, cache_status, last_synced_at, meta_region) VALUES ('pt-0130', 'Evie Cooper', 75, 'Female', '106 West Nile Street', 'Glasgow', 'Glasgow City', 'G2 2NR', 'UK', '+44 7217 249319', 'eviecooper@hotmail.co.uk', 'Dr Hannah Taylor', 'Brownlow Group Practice', '150 Mt Pleasant, Liverpool L69 3GD, United Kingdom', 'BA208795B', '305051006', 'cached_recent', '2026-02-16T00:00:00Z', 'Glasgow');
INSERT INTO patient_prescriptions (patient_id, drug, indication, dose, frequency, start_date, prescriber) VALUES ('pt-0130', 'Levetiracetam', 'Epilepsy', '100 mg', 'with meals', '2025-01-20', 'Dr Fatima Morgan');
INSERT INTO patient_appointments (patient_id, appointment_date, appointment_time, type, location, reason, verified_up_to_date) VALUES ('pt-0130', '2025-04-16', '15:20', 'GP review', 'Community clinic', 'vaccination', 1);
INSERT INTO patient_vaccine_records (patient_id, vaccine, vaccine_date, product) VALUES ('pt-0130', 'COVID-19', '2024-03-28', 'Spikevax');

INSERT INTO patients (id, name, age, gender, address_line1, city, county, postcode, country, telephone, email, gp_name, gp_practice, gp_address, national_insurance_number, passport_number, cache_status, last_synced_at, meta_region) VALUES ('pt-0131', 'Rachel Ali', 95, 'Female', '119 Calverley Street', 'Leeds', 'West Yorkshire', 'LS1 1UR', 'UK', '+44 7962 492279', 'rachel.ali@outlook.com', 'Dr Sarah Walsh', 'Brownlow Group Practice', '150 Mt Pleasant, Liverpool L69 3GD, United Kingdom', 'YC309380D', '557079511', 'cached_recent', '2026-02-22T00:00:00Z', 'Leeds');
INSERT INTO patient_conditions (patient_id, condition_name, status, since_date) VALUES ('pt-0131', 'Dementia', 'active', '2014-02-11');
INSERT INTO patient_conditions (patient_id, condition_name, status, since_date) VALUES ('pt-0131', 'Glaucoma', 'controlled', '2023-02-15');
INSERT INTO patient_conditions (patient_id, condition_name, status, since_date) VALUES ('pt-0131', 'Osteoarthritis', 'monitoring', '2018-04-24');
INSERT INTO patient_conditions (patient_id, condition_name, status, since_date) VALUES ('pt-0131', 'Asthma', 'controlled', '2012-03-20');
INSERT INTO patient_conditions (patient_id, condition_name, status, since_date) VALUES ('pt-0131', 'COPD', 'controlled', '2023-03-11');
INSERT INTO patient_prescriptions (patient_id, drug, indication, dose, frequency, start_date, prescriber) VALUES ('pt-0131', 'Gliclazide', 'Type 2 diabetes', '1 injection', 'twice daily', '2026-01-08', 'Dr Matthew Smith');
INSERT INTO patient_prescriptions (patient_id, drug, indication, dose, frequency, start_date, prescriber) VALUES ('pt-0131', 'Amitriptyline', 'Neuropathic pain/Migraine prevention', '1 tablet', 'once weekly', '2024-05-06', 'Dr Sarah Jones');
INSERT INTO patient_appointments (patient_id, appointment_date, appointment_time, type, location, reason, verified_up_to_date) VALUES ('pt-0131', '2023-07-15', '10:45', 'Mental health check-in', 'Hospital outpatient department', 'results discussion', 0);
INSERT INTO patient_appointments (patient_id, appointment_date, appointment_time, type, location, reason, verified_up_to_date) VALUES ('pt-0131', '2027-03-03', '13:50', 'Medication review', 'Home visit', 'annual monitoring', 0);
INSERT INTO patient_vaccine_records (patient_id, vaccine, vaccine_date, product) VALUES ('pt-0131', 'COVID-19', '2016-08-21', 'Nuvaxovid');

INSERT INTO patients (id, name, age, gender, address_line1, city, county, postcode, country, telephone, email, gp_name, gp_practice, gp_address, national_insurance_number, passport_number, cache_status, last_synced_at, meta_region) VALUES ('pt-0132', 'Sophia Phillips', 81, 'Female', '128 Briggate', 'Leeds', 'West Yorkshire', 'LS1 1UR', 'UK', '+44 7539 907540', 'sophia974@outlook.com', 'Dr Sarah Walsh', 'Brownlow Group Practice', '150 Mt Pleasant, Liverpool L69 3GD, United Kingdom', 'OO894376A', '402331243', 'cached_recent', '2026-02-20T00:00:00Z', 'Leeds');
INSERT INTO patient_conditions (patient_id, condition_name, status, since_date) VALUES ('pt-0132', 'Hypercholesterolaemia', 'active', '2019-04-06');
INSERT INTO patient_prescriptions (patient_id, drug, indication, dose, frequency, start_date, prescriber) VALUES ('pt-0132', 'Edoxaban', 'Anticoagulant (AF/VTE)', '50 mg', 'at night', '2024-09-17', 'Dr Sophie Khan');
INSERT INTO patient_prescriptions (patient_id, drug, indication, dose, frequency, start_date, prescriber) VALUES ('pt-0132', 'Mirtazapine', 'Depression', '2 puffs', 'with meals', '2023-12-12', 'Dr Eleanor Foster');
INSERT INTO patient_appointments (patient_id, appointment_date, appointment_time, type, location, reason, verified_up_to_date) VALUES ('pt-0132', '2026-01-04', '12:40', 'Vaccination appointment', 'Home visit', 'treatment follow-up', 1);
INSERT INTO patient_appointments (patient_id, appointment_date, appointment_time, type, location, reason, verified_up_to_date) VALUES ('pt-0132', '2026-08-10', '10:45', 'Cardiology follow-up', 'Community clinic', 'vaccination', 1);
INSERT INTO patient_vaccine_records (patient_id, vaccine, vaccine_date, product) VALUES ('pt-0132', 'COVID-19', '2019-08-09', 'Comirnaty');
INSERT INTO patient_vaccine_records (patient_id, vaccine, vaccine_date, product) VALUES ('pt-0132', 'Influenza (seasonal)', '2025-04-07', NULL);

INSERT INTO patients (id, name, age, gender, address_line1, city, county, postcode, country, telephone, email, gp_name, gp_practice, gp_address, national_insurance_number, passport_number, cache_status, last_synced_at, meta_region) VALUES ('pt-0133', 'Victoria Williams', 69, 'Female', 'Apt 32, 81 Constitution Hill', 'London', 'Greater London', 'SE1 7PB', 'UK', '+44 7165 964637', 'victoriawilliams@hotmail.co.uk', 'Dr Kieran Khan', 'Brownlow Group Practice', '150 Mt Pleasant, Liverpool L69 3GD, United Kingdom', 'SP482559D', '618617836', 'cached_recent', '2026-02-09T00:00:00Z', 'London');
INSERT INTO patient_conditions (patient_id, condition_name, status, since_date) VALUES ('pt-0133', 'History of stroke/TIA', 'active', '2015-10-05');
INSERT INTO patient_conditions (patient_id, condition_name, status, since_date) VALUES ('pt-0133', 'Benign prostatic hyperplasia (BPH)', 'active', '2012-08-10');
INSERT INTO patient_conditions (patient_id, condition_name, status, since_date) VALUES ('pt-0133', 'Gout', 'controlled', '2021-10-30');
INSERT INTO patient_conditions (patient_id, condition_name, status, since_date) VALUES ('pt-0133', 'Epilepsy', 'history', '2025-07-06');
INSERT INTO patient_conditions (patient_id, condition_name, status, since_date) VALUES ('pt-0133', 'Overactive bladder', 'active', '2013-04-09');
INSERT INTO patient_conditions (patient_id, condition_name, status, since_date) VALUES ('pt-0133', 'Heart failure', 'controlled', '2011-11-25');
INSERT INTO patient_prescriptions (patient_id, drug, indication, dose, frequency, start_date, prescriber) VALUES ('pt-0133', 'Omeprazole', 'Reflux/Ulcer prevention', '1 tablet', 'once weekly', '2024-10-06', 'Dr Hannah Jones');
INSERT INTO patient_prescriptions (patient_id, drug, indication, dose, frequency, start_date, prescriber) VALUES ('pt-0133', 'Metformin', 'Type 2 diabetes', '25 mg', 'as needed', '2026-02-10', 'Dr Maya Patel');
INSERT INTO patient_appointments (patient_id, appointment_date, appointment_time, type, location, reason, verified_up_to_date) VALUES ('pt-0133', '2025-05-13', '14:20', 'Diabetes clinic', 'Community clinic', 'annual monitoring', 0);
INSERT INTO patient_appointments (patient_id, appointment_date, appointment_time, type, location, reason, verified_up_to_date) VALUES ('pt-0133', '2026-02-01', '14:45', 'Diabetes clinic', 'GP practice', 'symptom check', 0);

INSERT INTO patients (id, name, age, gender, address_line1, city, county, postcode, country, telephone, email, gp_name, gp_practice, gp_address, national_insurance_number, passport_number, cache_status, last_synced_at, meta_region) VALUES ('pt-0134', 'Rosie Reid', 50, 'Female', '138 Claremont Place', 'Newcastle upon Tyne', 'Tyne and Wear', 'NE1 4LP', 'UK', '+44 7958 118943', 'rosiereid@hotmail.co.uk', 'Dr Owen Roberts', 'Brownlow Group Practice', '150 Mt Pleasant, Liverpool L69 3GD, United Kingdom', 'DR777462D', '180875434', 'cached_stale', '2026-02-03T00:00:00Z', 'Newcastle upon Tyne');
INSERT INTO patient_conditions (patient_id, condition_name, status, since_date) VALUES ('pt-0134', 'Glaucoma', 'active', '2016-07-22');
INSERT INTO patient_appointments (patient_id, appointment_date, appointment_time, type, location, reason, verified_up_to_date) VALUES ('pt-0134', '2023-08-08', '09:40', 'Vaccination appointment', 'Home visit', 'symptom check', 1);
INSERT INTO patient_appointments (patient_id, appointment_date, appointment_time, type, location, reason, verified_up_to_date) VALUES ('pt-0134', '2024-04-06', '14:00', 'GP review', 'Hospital outpatient department', 'routine review', 1);
INSERT INTO patient_appointments (patient_id, appointment_date, appointment_time, type, location, reason, verified_up_to_date) VALUES ('pt-0134', '2025-04-18', '15:00', 'Blood test', 'Home visit', 'results discussion', 1);
INSERT INTO patient_appointments (patient_id, appointment_date, appointment_time, type, location, reason, verified_up_to_date) VALUES ('pt-0134', '2027-01-15', '09:20', 'Medication review', 'Home visit', 'treatment follow-up', 1);
INSERT INTO patient_vaccine_records (patient_id, vaccine, vaccine_date, product) VALUES ('pt-0134', 'COVID-19', '2023-10-10', 'Comirnaty');
INSERT INTO patient_vaccine_records (patient_id, vaccine, vaccine_date, product) VALUES ('pt-0134', 'COVID-19 booster', '2020-03-11', 'Spikevax');
INSERT INTO patient_vaccine_records (patient_id, vaccine, vaccine_date, product) VALUES ('pt-0134', 'Td/Tdap (tetanus, diphtheria, pertussis)', '2024-03-10', NULL);

INSERT INTO patients (id, name, age, gender, address_line1, city, county, postcode, country, telephone, email, gp_name, gp_practice, gp_address, national_insurance_number, passport_number, cache_status, last_synced_at, meta_region) VALUES ('pt-0135', 'Stephen Knight', 87, 'Male', 'Apt 17, 186 Claremont Place', 'Newcastle upon Tyne', 'Tyne and Wear', 'NE1 4LP', 'UK', '+44 7144 170601', 'stephen916@hotmail.co.uk', 'Dr Chloe Smith', 'Brownlow Group Practice', '150 Mt Pleasant, Liverpool L69 3GD, United Kingdom', 'YT523843A', '765074455', 'cached_stale', '2026-02-17T00:00:00Z', 'Newcastle upon Tyne');
INSERT INTO patient_conditions (patient_id, condition_name, status, since_date) VALUES ('pt-0135', 'Osteoporosis', 'active', '2012-04-09');
INSERT INTO patient_appointments (patient_id, appointment_date, appointment_time, type, location, reason, verified_up_to_date) VALUES ('pt-0135', '2025-09-16', '09:20', 'Blood test', 'Community clinic', 'vaccination', 1);
INSERT INTO patient_appointments (patient_id, appointment_date, appointment_time, type, location, reason, verified_up_to_date) VALUES ('pt-0135', '2025-11-03', '11:10', 'GP review', 'Home visit', 'routine review', 1);
INSERT INTO patient_appointments (patient_id, appointment_date, appointment_time, type, location, reason, verified_up_to_date) VALUES ('pt-0135', '2026-08-10', '09:40', 'Physiotherapy', 'Telehealth', 'vaccination', 1);
INSERT INTO patient_appointments (patient_id, appointment_date, appointment_time, type, location, reason, verified_up_to_date) VALUES ('pt-0135', '2026-09-09', '14:45', 'Blood test', 'Community clinic', 'symptom check', 1);
INSERT INTO patient_vaccine_records (patient_id, vaccine, vaccine_date, product) VALUES ('pt-0135', 'COVID-19', '2018-02-06', 'Nuvaxovid');
INSERT INTO patient_vaccine_records (patient_id, vaccine, vaccine_date, product) VALUES ('pt-0135', 'COVID-19 booster', '2022-11-27', 'Comirnaty');

INSERT INTO patients (id, name, age, gender, address_line1, city, county, postcode, country, telephone, email, gp_name, gp_practice, gp_address, national_insurance_number, passport_number, cache_status, last_synced_at, meta_region) VALUES ('pt-0136', 'Olivia Foster', 52, 'Female', 'Unit 7, 71 Chicheley Street', 'London', 'Greater London', 'SW1A 1BA', 'UK', '+44 7619 181961', 'olivia446@hotmail.co.uk', 'Dr Fatima Ahmed', 'Brownlow Group Practice', '150 Mt Pleasant, Liverpool L69 3GD, United Kingdom', 'FX207131B', '455284547', 'cached_recent', '2026-02-07T00:00:00Z', 'London');
INSERT INTO patient_conditions (patient_id, condition_name, status, since_date) VALUES ('pt-0136', 'Hypertension', 'active', '2018-02-09');
INSERT INTO patient_conditions (patient_id, condition_name, status, since_date) VALUES ('pt-0136', 'Hypercholesterolaemia', 'history', '2016-08-23');
INSERT INTO patient_conditions (patient_id, condition_name, status, since_date) VALUES ('pt-0136', 'Gout', 'active', '2014-04-07');
INSERT INTO patient_prescriptions (patient_id, drug, indication, dose, frequency, start_date, prescriber) VALUES ('pt-0136', 'Lansoprazole', 'Reflux/Ulcer prevention', '25 mg', 'at night', '2025-08-29', 'Dr Michael Foster');
INSERT INTO patient_prescriptions (patient_id, drug, indication, dose, frequency, start_date, prescriber) VALUES ('pt-0136', 'Sitagliptin', 'Type 2 diabetes', '1 tablet', 'as needed', '2023-12-04', 'Dr Priya Patel');
INSERT INTO patient_prescriptions (patient_id, drug, indication, dose, frequency, start_date, prescriber) VALUES ('pt-0136', 'Empagliflozin', 'Type 2 diabetes/Heart failure', '100 mg', 'at night', '2023-05-25', 'Dr Holly Taylor');
INSERT INTO patient_appointments (patient_id, appointment_date, appointment_time, type, location, reason, verified_up_to_date) VALUES ('pt-0136', '2023-04-22', '11:40', 'Physiotherapy', 'Community clinic', 'symptom check', 1);
INSERT INTO patient_appointments (patient_id, appointment_date, appointment_time, type, location, reason, verified_up_to_date) VALUES ('pt-0136', '2024-07-25', '11:45', 'Mental health check-in', 'Hospital outpatient department', 'symptom check', 0);
INSERT INTO patient_vaccine_records (patient_id, vaccine, vaccine_date, product) VALUES ('pt-0136', 'COVID-19', '2019-07-30', 'Comirnaty');
INSERT INTO patient_vaccine_records (patient_id, vaccine, vaccine_date, product) VALUES ('pt-0136', 'COVID-19 booster', '2023-04-22', 'Spikevax');
INSERT INTO patient_vaccine_records (patient_id, vaccine, vaccine_date, product) VALUES ('pt-0136', 'Td/Tdap (tetanus, diphtheria, pertussis)', '2025-11-06', NULL);

INSERT INTO patients (id, name, age, gender, address_line1, city, county, postcode, country, telephone, email, gp_name, gp_practice, gp_address, national_insurance_number, passport_number, cache_status, last_synced_at, meta_region) VALUES ('pt-0137', 'Phoebe Russell', 78, 'Female', '81 Donegall Square North', 'Belfast', 'County Antrim', 'BT1 5JD', 'UK', '+44 7823 809283', 'phoeberussell@hotmail.co.uk', 'Dr Aisha O''Neill', 'Brownlow Group Practice', '150 Mt Pleasant, Liverpool L69 3GD, United Kingdom', 'TO990133B', '273039702', 'cached_recent', '2026-02-07T00:00:00Z', 'Belfast');
INSERT INTO patient_conditions (patient_id, condition_name, status, since_date) VALUES ('pt-0137', 'Hypertension', 'monitoring', '2024-07-12');
INSERT INTO patient_conditions (patient_id, condition_name, status, since_date) VALUES ('pt-0137', 'Heart failure', 'controlled', '2016-12-13');
INSERT INTO patient_conditions (patient_id, condition_name, status, since_date) VALUES ('pt-0137', 'Dementia', 'monitoring', '2021-05-09');
INSERT INTO patient_conditions (patient_id, condition_name, status, since_date) VALUES ('pt-0137', 'Osteoarthritis', 'history', '2012-10-17');
INSERT INTO patient_prescriptions (patient_id, drug, indication, dose, frequency, start_date, prescriber) VALUES ('pt-0137', 'Omeprazole', 'Reflux/Ulcer prevention', '5 mg', 'once daily', '2025-12-24', 'Dr Sarah Jones');
INSERT INTO patient_appointments (patient_id, appointment_date, appointment_time, type, location, reason, verified_up_to_date) VALUES ('pt-0137', '2025-04-12', '09:45', 'Ophthalmology', 'Community clinic', 'symptom check', 0);
INSERT INTO patient_appointments (patient_id, appointment_date, appointment_time, type, location, reason, verified_up_to_date) VALUES ('pt-0137', '2025-05-21', '13:45', 'Medication review', 'Hospital outpatient department', 'vaccination', 1);
INSERT INTO patient_vaccine_records (patient_id, vaccine, vaccine_date, product) VALUES ('pt-0137', 'COVID-19', '2023-08-11', 'Nuvaxovid');

INSERT INTO patients (id, name, age, gender, address_line1, city, county, postcode, country, telephone, email, gp_name, gp_practice, gp_address, national_insurance_number, passport_number, cache_status, last_synced_at, meta_region) VALUES ('pt-0138', 'Freddie Watson', 62, 'Male', '146 Little Lever Street', 'Manchester', 'Greater Manchester', 'M1 1AL', 'UK', '+44 7770 402346', 'freddiewatson@outlook.com', 'Dr Michael Smith', 'Brownlow Group Practice', '150 Mt Pleasant, Liverpool L69 3GD, United Kingdom', 'LF738246B', '212622922', 'cached_recent', '2026-03-02T00:00:00Z', 'Manchester');
INSERT INTO patient_conditions (patient_id, condition_name, status, since_date) VALUES ('pt-0138', 'Chronic kidney disease', 'active', '2013-08-19');

INSERT INTO patients (id, name, age, gender, address_line1, city, county, postcode, country, telephone, email, gp_name, gp_practice, gp_address, national_insurance_number, passport_number, cache_status, last_synced_at, meta_region) VALUES ('pt-0139', 'Logan Walker', 70, 'Male', '68 Broad Street', 'Birmingham', 'West Midlands', 'B1 1BB', 'UK', '+44 7103 579114', 'logan901@outlook.com', 'Dr Rachel Foster', 'Brownlow Group Practice', '150 Mt Pleasant, Liverpool L69 3GD, United Kingdom', 'AT128864C', '750829666', 'verified_online', '2026-02-22T00:00:00Z', 'Birmingham');
INSERT INTO patient_prescriptions (patient_id, drug, indication, dose, frequency, start_date, prescriber) VALUES ('pt-0139', 'Semaglutide', 'Type 2 diabetes/Weight management', '500 mg', 'once weekly', '2023-09-27', 'Dr Robert Hughes');
INSERT INTO patient_prescriptions (patient_id, drug, indication, dose, frequency, start_date, prescriber) VALUES ('pt-0139', 'Warfarin', 'Anticoagulant', '5 mg', 'as needed', '2023-03-19', 'Dr Owen Hughes');
INSERT INTO patient_prescriptions (patient_id, drug, indication, dose, frequency, start_date, prescriber) VALUES ('pt-0139', 'Citalopram', 'Depression/Anxiety', '2.5 mg', 'once daily', '2023-09-19', 'Dr Hannah Jones');
INSERT INTO patient_appointments (patient_id, appointment_date, appointment_time, type, location, reason, verified_up_to_date) VALUES ('pt-0139', '2025-12-01', '15:50', 'Physiotherapy', 'Telehealth', 'results discussion', 1);
INSERT INTO patient_vaccine_records (patient_id, vaccine, vaccine_date, product) VALUES ('pt-0139', 'Influenza (seasonal)', '2021-03-31', NULL);

INSERT INTO patients (id, name, age, gender, address_line1, city, county, postcode, country, telephone, email, gp_name, gp_practice, gp_address, national_insurance_number, passport_number, cache_status, last_synced_at, meta_region) VALUES ('pt-0140', 'Isla Young', 72, 'Female', 'Unit 33, 117 Hilton Street', 'Manchester', 'Greater Manchester', 'M1 1AR', 'UK', '+44 7690 872714', 'isla.young@outlook.com', 'Dr Ben Morgan', 'Brownlow Group Practice', '150 Mt Pleasant, Liverpool L69 3GD, United Kingdom', 'MN335169C', '856328583', 'cached_recent', '2026-02-28T00:00:00Z', 'Manchester');
INSERT INTO patient_conditions (patient_id, condition_name, status, since_date) VALUES ('pt-0140', 'Gout', 'history', '2025-12-12');
INSERT INTO patient_conditions (patient_id, condition_name, status, since_date) VALUES ('pt-0140', 'Osteoarthritis', 'active', '2013-06-07');
INSERT INTO patient_prescriptions (patient_id, drug, indication, dose, frequency, start_date, prescriber) VALUES ('pt-0140', 'Atorvastatin', 'High cholesterol/Cardiovascular risk', '1 tablet', 'with meals', '2026-01-01', 'Dr Holly Khan');
INSERT INTO patient_prescriptions (patient_id, drug, indication, dose, frequency, start_date, prescriber) VALUES ('pt-0140', 'Colecalciferol', 'Vitamin D deficiency', '20 mg', 'once weekly', '2023-08-30', 'Dr Chloe Khan');
INSERT INTO patient_appointments (patient_id, appointment_date, appointment_time, type, location, reason, verified_up_to_date) VALUES ('pt-0140', '2024-09-29', '11:30', 'Medication review', 'GP practice', 'vaccination', 1);
INSERT INTO patient_appointments (patient_id, appointment_date, appointment_time, type, location, reason, verified_up_to_date) VALUES ('pt-0140', '2025-08-25', '09:10', 'Vaccination appointment', 'GP practice', 'symptom check', 1);
INSERT INTO patient_appointments (patient_id, appointment_date, appointment_time, type, location, reason, verified_up_to_date) VALUES ('pt-0140', '2025-10-16', '10:50', 'Blood test', 'Home visit', 'vaccination', 1);
INSERT INTO patient_appointments (patient_id, appointment_date, appointment_time, type, location, reason, verified_up_to_date) VALUES ('pt-0140', '2025-12-06', '09:40', 'Cardiology follow-up', 'Telehealth', 'treatment follow-up', 1);
INSERT INTO patient_appointments (patient_id, appointment_date, appointment_time, type, location, reason, verified_up_to_date) VALUES ('pt-0140', '2026-03-25', '14:45', 'Cardiology follow-up', 'Community clinic', 'annual monitoring', 1);

INSERT INTO patients (id, name, age, gender, address_line1, city, county, postcode, country, telephone, email, gp_name, gp_practice, gp_address, national_insurance_number, passport_number, cache_status, last_synced_at, meta_region) VALUES ('pt-0141', 'Jasmine Powell', 27, 'Female', 'Unit 27, 21 Constitution Hill', 'London', 'Greater London', 'SW1A 1BH', 'UK', '+44 7606 405654', 'jasmine.powell@hotmail.co.uk', 'Dr Grace Evans', 'Brownlow Group Practice', '150 Mt Pleasant, Liverpool L69 3GD, United Kingdom', 'EW220843B', '752056728', 'cached_recent', '2026-02-28T00:00:00Z', 'London');

INSERT INTO patients (id, name, age, gender, address_line1, city, county, postcode, country, telephone, email, gp_name, gp_practice, gp_address, national_insurance_number, passport_number, cache_status, last_synced_at, meta_region) VALUES ('pt-0142', 'Matthew Clarke', 82, 'Male', '129 St Mary Street', 'Cardiff', 'South Glamorgan', 'CF10 1PL', 'UK', '+44 7765 454928', 'matthewclarke@icloud.com', 'Dr David Smith', 'Brownlow Group Practice', '150 Mt Pleasant, Liverpool L69 3GD, United Kingdom', 'HB124573B', '425894109', 'cached_stale', '2026-02-22T00:00:00Z', 'Cardiff');
INSERT INTO patient_conditions (patient_id, condition_name, status, since_date) VALUES ('pt-0142', 'Coronary heart disease', 'monitoring', '2017-07-07');
INSERT INTO patient_conditions (patient_id, condition_name, status, since_date) VALUES ('pt-0142', 'Heart failure', 'controlled', '2023-06-22');
INSERT INTO patient_prescriptions (patient_id, drug, indication, dose, frequency, start_date, prescriber) VALUES ('pt-0142', 'Warfarin', 'Anticoagulant', '1 injection', 'at night', '2024-11-16', 'Dr Kieran Smith');
INSERT INTO patient_prescriptions (patient_id, drug, indication, dose, frequency, start_date, prescriber) VALUES ('pt-0142', 'Dapagliflozin', 'Type 2 diabetes/Heart failure/CKD', '0.5 mg', 'twice daily', '2023-12-11', 'Dr Aisha Evans');
INSERT INTO patient_appointments (patient_id, appointment_date, appointment_time, type, location, reason, verified_up_to_date) VALUES ('pt-0142', '2025-10-13', '11:00', 'Physiotherapy', 'Telehealth', 'routine review', 1);
INSERT INTO patient_vaccine_records (patient_id, vaccine, vaccine_date, product) VALUES ('pt-0142', 'COVID-19', '2022-11-11', 'Nuvaxovid');
INSERT INTO patient_vaccine_records (patient_id, vaccine, vaccine_date, product) VALUES ('pt-0142', 'Influenza (seasonal)', '2020-05-21', NULL);

INSERT INTO patients (id, name, age, gender, address_line1, city, county, postcode, country, telephone, email, gp_name, gp_practice, gp_address, national_insurance_number, passport_number, cache_status, last_synced_at, meta_region) VALUES ('pt-0143', 'Amelia Edwards', 21, 'Female', 'Apt 8, 80 Newhall Street', 'Birmingham', 'West Midlands', 'B1 1BB', 'UK', '+44 7275 543601', 'amelia.edwards@outlook.com', 'Dr Rachel Foster', 'Brownlow Group Practice', '150 Mt Pleasant, Liverpool L69 3GD, United Kingdom', 'JB992177C', '707765063', 'cached_stale', '2026-02-05T00:00:00Z', 'Birmingham');
INSERT INTO patient_conditions (patient_id, condition_name, status, since_date) VALUES ('pt-0143', 'Chronic back pain', 'history', '2017-04-27');
INSERT INTO patient_conditions (patient_id, condition_name, status, since_date) VALUES ('pt-0143', 'Hypercholesterolaemia', 'active', '2024-06-23');
INSERT INTO patient_prescriptions (patient_id, drug, indication, dose, frequency, start_date, prescriber) VALUES ('pt-0143', 'Salbutamol', 'Asthma/COPD (reliever)', '50 mg', 'with meals', '2023-11-16', 'Dr Ben Hughes');
INSERT INTO patient_appointments (patient_id, appointment_date, appointment_time, type, location, reason, verified_up_to_date) VALUES ('pt-0143', '2024-03-17', '14:00', 'Vaccination appointment', 'Telehealth', 'treatment follow-up', 0);
INSERT INTO patient_appointments (patient_id, appointment_date, appointment_time, type, location, reason, verified_up_to_date) VALUES ('pt-0143', '2026-06-04', '13:10', 'GP review', 'Community clinic', 'treatment follow-up', 1);
INSERT INTO patient_appointments (patient_id, appointment_date, appointment_time, type, location, reason, verified_up_to_date) VALUES ('pt-0143', '2026-10-23', '16:10', 'Cardiology follow-up', 'GP practice', 'symptom check', 1);

INSERT INTO patients (id, name, age, gender, address_line1, city, county, postcode, country, telephone, email, gp_name, gp_practice, gp_address, national_insurance_number, passport_number, cache_status, last_synced_at, meta_region) VALUES ('pt-0144', 'Harry Lee', 4, 'Male', '76 The Mall', 'London', 'Greater London', 'SW1A 1BW', 'UK', '+44 7896 386526', 'hlee@gmail.com', 'Dr Kieran Khan', 'Brownlow Group Practice', '150 Mt Pleasant, Liverpool L69 3GD, United Kingdom', 'DM233020D', '112745817', 'verified_online', '2026-02-18T00:00:00Z', 'London');
INSERT INTO patient_conditions (patient_id, condition_name, status, since_date) VALUES ('pt-0144', 'COPD', 'monitoring', '2017-05-27');
INSERT INTO patient_conditions (patient_id, condition_name, status, since_date) VALUES ('pt-0144', 'Gout', 'history', '2012-11-06');
INSERT INTO patient_appointments (patient_id, appointment_date, appointment_time, type, location, reason, verified_up_to_date) VALUES ('pt-0144', '2025-08-08', '13:45', 'Vaccination appointment', 'GP practice', 'treatment follow-up', 1);
INSERT INTO patient_appointments (patient_id, appointment_date, appointment_time, type, location, reason, verified_up_to_date) VALUES ('pt-0144', '2025-12-04', '11:40', 'Ophthalmology', 'Telehealth', 'treatment follow-up', 1);
INSERT INTO patient_appointments (patient_id, appointment_date, appointment_time, type, location, reason, verified_up_to_date) VALUES ('pt-0144', '2026-06-14', '09:30', 'Vaccination appointment', 'Community clinic', 'treatment follow-up', 1);
INSERT INTO patient_vaccine_records (patient_id, vaccine, vaccine_date, product) VALUES ('pt-0144', 'Pneumococcal', '2022-01-30', NULL);

INSERT INTO patients (id, name, age, gender, address_line1, city, county, postcode, country, telephone, email, gp_name, gp_practice, gp_address, national_insurance_number, passport_number, cache_status, last_synced_at, meta_region) VALUES ('pt-0145', 'Florence Scott', 64, 'Female', '191 West George Street', 'Glasgow', 'Glasgow City', 'G2 3AB', 'UK', '+44 7933 339876', 'florence.scott@hotmail.co.uk', 'Dr Zoe Jones', 'Brownlow Group Practice', '150 Mt Pleasant, Liverpool L69 3GD, United Kingdom', 'NY327928A', '681478902', 'verified_online', '2026-03-04T00:00:00Z', 'Glasgow');
INSERT INTO patient_prescriptions (patient_id, drug, indication, dose, frequency, start_date, prescriber) VALUES ('pt-0145', 'Levothyroxine', 'Hypothyroidism', '1 puff', 'at night', '2026-02-25', 'Dr Maya Campbell');
INSERT INTO patient_prescriptions (patient_id, drug, indication, dose, frequency, start_date, prescriber) VALUES ('pt-0145', 'Apixaban', 'Anticoagulant (AF/VTE)', '2.5 mg', 'once weekly', '2025-11-05', 'Dr Matthew Smith');
INSERT INTO patient_appointments (patient_id, appointment_date, appointment_time, type, location, reason, verified_up_to_date) VALUES ('pt-0145', '2025-08-10', '10:15', 'Vaccination appointment', 'Telehealth', 'vaccination', 1);
INSERT INTO patient_vaccine_records (patient_id, vaccine, vaccine_date, product) VALUES ('pt-0145', 'COVID-19', '2018-11-14', 'Nuvaxovid');
INSERT INTO patient_vaccine_records (patient_id, vaccine, vaccine_date, product) VALUES ('pt-0145', 'Td/Tdap (tetanus, diphtheria, pertussis)', '2016-10-27', NULL);
INSERT INTO patient_vaccine_records (patient_id, vaccine, vaccine_date, product) VALUES ('pt-0145', 'MMR', '2019-05-20', NULL);

INSERT INTO patients (id, name, age, gender, address_line1, city, county, postcode, country, telephone, email, gp_name, gp_practice, gp_address, national_insurance_number, passport_number, cache_status, last_synced_at, meta_region) VALUES ('pt-0146', 'Scott Porter', 69, 'Male', '6 Chicheley Street', 'London', 'Greater London', 'SW1A 1BB', 'UK', '+44 7978 223590', 'scott307@hotmail.co.uk', 'Dr Kieran Khan', 'Brownlow Group Practice', '150 Mt Pleasant, Liverpool L69 3GD, United Kingdom', 'IG002342D', '233499326', 'verified_online', '2026-02-13T00:00:00Z', 'London');
INSERT INTO patient_conditions (patient_id, condition_name, status, since_date) VALUES ('pt-0146', 'Epilepsy', 'history', '2011-06-29');
INSERT INTO patient_conditions (patient_id, condition_name, status, since_date) VALUES ('pt-0146', 'Obesity', 'active', '2020-09-17');
INSERT INTO patient_prescriptions (patient_id, drug, indication, dose, frequency, start_date, prescriber) VALUES ('pt-0146', 'Gabapentin', 'Neuropathic pain/Epilepsy', '1 tablet', 'with meals', '2023-05-30', 'Dr Robert Ahmed');
INSERT INTO patient_appointments (patient_id, appointment_date, appointment_time, type, location, reason, verified_up_to_date) VALUES ('pt-0146', '2026-02-09', '11:15', 'Blood test', 'Hospital outpatient department', 'symptom check', 1);

INSERT INTO patients (id, name, age, gender, address_line1, city, county, postcode, country, telephone, email, gp_name, gp_practice, gp_address, national_insurance_number, passport_number, cache_status, last_synced_at, meta_region) VALUES ('pt-0147', 'Erin Khan', 21, 'Female', '16 Constitution Hill', 'London', 'Greater London', 'SW1A 1AA', 'UK', '+44 7991 843670', 'erinkhan@hotmail.co.uk', 'Dr Kieran Khan', 'Brownlow Group Practice', '150 Mt Pleasant, Liverpool L69 3GD, United Kingdom', 'BE413711D', '798782296', 'cached_recent', '2026-02-17T00:00:00Z', 'London');
INSERT INTO patient_appointments (patient_id, appointment_date, appointment_time, type, location, reason, verified_up_to_date) VALUES ('pt-0147', '2026-07-16', '08:15', 'Respiratory review', 'Community clinic', 'results discussion', 0);
INSERT INTO patient_appointments (patient_id, appointment_date, appointment_time, type, location, reason, verified_up_to_date) VALUES ('pt-0147', '2026-07-20', '11:10', 'Mental health check-in', 'Telehealth', 'symptom check', 0);

INSERT INTO patients (id, name, age, gender, address_line1, city, county, postcode, country, telephone, email, gp_name, gp_practice, gp_address, national_insurance_number, passport_number, cache_status, last_synced_at, meta_region) VALUES ('pt-0148', 'Stephen Hughes', 57, 'Male', '47 Park Row', 'Leeds', 'West Yorkshire', 'LS1 1UR', 'UK', '+44 7153 792511', 'stephenhughes@hotmail.co.uk', 'Dr Kate Wilson', 'Brownlow Group Practice', '150 Mt Pleasant, Liverpool L69 3GD, United Kingdom', 'PI952612A', '462683433', 'cached_stale', '2026-02-27T00:00:00Z', 'Leeds');
INSERT INTO patient_conditions (patient_id, condition_name, status, since_date) VALUES ('pt-0148', 'Heart failure', 'controlled', '2012-05-07');
INSERT INTO patient_conditions (patient_id, condition_name, status, since_date) VALUES ('pt-0148', 'COPD', 'monitoring', '2020-10-25');
INSERT INTO patient_conditions (patient_id, condition_name, status, since_date) VALUES ('pt-0148', 'Asthma', 'active', '2011-05-12');
INSERT INTO patient_conditions (patient_id, condition_name, status, since_date) VALUES ('pt-0148', 'Hypertension', 'monitoring', '2017-07-05');
INSERT INTO patient_conditions (patient_id, condition_name, status, since_date) VALUES ('pt-0148', 'Coronary heart disease', 'history', '2016-09-26');
INSERT INTO patient_prescriptions (patient_id, drug, indication, dose, frequency, start_date, prescriber) VALUES ('pt-0148', 'Amitriptyline', 'Neuropathic pain/Migraine prevention', '1 puff', 'once daily', '2024-08-25', 'Dr Grace Khan');
INSERT INTO patient_appointments (patient_id, appointment_date, appointment_time, type, location, reason, verified_up_to_date) VALUES ('pt-0148', '2024-06-20', '11:40', 'Vaccination appointment', 'Home visit', 'routine review', 0);
INSERT INTO patient_appointments (patient_id, appointment_date, appointment_time, type, location, reason, verified_up_to_date) VALUES ('pt-0148', '2025-07-17', '14:00', 'Respiratory review', 'Community clinic', 'symptom check', 0);
INSERT INTO patient_appointments (patient_id, appointment_date, appointment_time, type, location, reason, verified_up_to_date) VALUES ('pt-0148', '2025-09-24', '09:00', 'Vaccination appointment', 'Home visit', 'treatment follow-up', 1);
INSERT INTO patient_appointments (patient_id, appointment_date, appointment_time, type, location, reason, verified_up_to_date) VALUES ('pt-0148', '2027-02-25', '09:15', 'Cardiology follow-up', 'Telehealth', 'vaccination', 1);
INSERT INTO patient_vaccine_records (patient_id, vaccine, vaccine_date, product) VALUES ('pt-0148', 'COVID-19', '2020-04-03', 'Spikevax');

INSERT INTO patients (id, name, age, gender, address_line1, city, county, postcode, country, telephone, email, gp_name, gp_practice, gp_address, national_insurance_number, passport_number, cache_status, last_synced_at, meta_region) VALUES ('pt-0149', 'Katherine Webb', 72, 'Female', '55 Westminster Bridge Road', 'London', 'Greater London', 'SW1A 1BH', 'UK', '+44 7374 678972', 'katherinewebb@gmail.com', 'Dr Grace Evans', 'Brownlow Group Practice', '150 Mt Pleasant, Liverpool L69 3GD, United Kingdom', 'RH306019A', '686781749', 'verified_online', '2026-03-04T00:00:00Z', 'London');
INSERT INTO patient_conditions (patient_id, condition_name, status, since_date) VALUES ('pt-0149', 'Heart failure', 'active', '2014-02-08');
INSERT INTO patient_prescriptions (patient_id, drug, indication, dose, frequency, start_date, prescriber) VALUES ('pt-0149', 'Sitagliptin', 'Type 2 diabetes', '25 mg', 'at night', '2025-09-02', 'Dr Ben Hughes');
INSERT INTO patient_prescriptions (patient_id, drug, indication, dose, frequency, start_date, prescriber) VALUES ('pt-0149', 'Omeprazole', 'Reflux/Ulcer prevention', '10 mg', 'with meals', '2025-02-04', 'Dr Chloe Khan');
INSERT INTO patient_appointments (patient_id, appointment_date, appointment_time, type, location, reason, verified_up_to_date) VALUES ('pt-0149', '2025-02-13', '13:50', 'Blood test', 'Home visit', 'routine review', 0);
INSERT INTO patient_appointments (patient_id, appointment_date, appointment_time, type, location, reason, verified_up_to_date) VALUES ('pt-0149', '2025-08-08', '08:15', 'Cardiology follow-up', 'Home visit', 'treatment follow-up', 1);
INSERT INTO patient_appointments (patient_id, appointment_date, appointment_time, type, location, reason, verified_up_to_date) VALUES ('pt-0149', '2026-08-01', '08:15', 'Ophthalmology', 'Hospital outpatient department', 'vaccination', 1);
INSERT INTO patient_appointments (patient_id, appointment_date, appointment_time, type, location, reason, verified_up_to_date) VALUES ('pt-0149', '2026-08-07', '14:45', 'Vaccination appointment', 'Telehealth', 'annual monitoring', 1);
INSERT INTO patient_appointments (patient_id, appointment_date, appointment_time, type, location, reason, verified_up_to_date) VALUES ('pt-0149', '2026-10-04', '08:20', 'Vaccination appointment', 'Home visit', 'vaccination', 1);
INSERT INTO patient_vaccine_records (patient_id, vaccine, vaccine_date, product) VALUES ('pt-0149', 'COVID-19', '2017-09-01', 'Spikevax');
INSERT INTO patient_vaccine_records (patient_id, vaccine, vaccine_date, product) VALUES ('pt-0149', 'COVID-19 booster', '2023-05-20', 'Comirnaty');

INSERT INTO patients (id, name, age, gender, address_line1, city, county, postcode, country, telephone, email, gp_name, gp_practice, gp_address, national_insurance_number, passport_number, cache_status, last_synced_at, meta_region) VALUES ('pt-0150', 'Louis Morgan', 78, 'Male', 'Flat 35, 130 Paradise Street', 'Liverpool', 'Merseyside', 'L1 8BQ', 'UK', '+44 7171 250494', 'louismorgan@icloud.com', 'Dr Amir Smith', 'Brownlow Group Practice', '150 Mt Pleasant, Liverpool L69 3GD, United Kingdom', 'UM105102B', '780357575', 'verified_online', '2026-02-27T00:00:00Z', 'Liverpool');
INSERT INTO patient_conditions (patient_id, condition_name, status, since_date) VALUES ('pt-0150', 'Benign prostatic hyperplasia (BPH)', 'active', '2019-02-26');
INSERT INTO patient_prescriptions (patient_id, drug, indication, dose, frequency, start_date, prescriber) VALUES ('pt-0150', 'Semaglutide', 'Type 2 diabetes/Weight management', '0.5 mg', 'with meals', '2023-10-08', 'Dr Sarah Jones');
INSERT INTO patient_prescriptions (patient_id, drug, indication, dose, frequency, start_date, prescriber) VALUES ('pt-0150', 'Allopurinol', 'Gout', '2 puffs', 'at night', '2025-04-25', 'Dr Ibrahim Foster');
INSERT INTO patient_appointments (patient_id, appointment_date, appointment_time, type, location, reason, verified_up_to_date) VALUES ('pt-0150', '2025-10-01', '15:20', 'Physiotherapy', 'Hospital outpatient department', 'symptom check', 0);
INSERT INTO patient_appointments (patient_id, appointment_date, appointment_time, type, location, reason, verified_up_to_date) VALUES ('pt-0150', '2025-10-27', '14:40', 'Diabetes clinic', 'Home visit', 'routine review', 0);
INSERT INTO patient_vaccine_records (patient_id, vaccine, vaccine_date, product) VALUES ('pt-0150', 'Influenza (seasonal)', '2017-04-18', NULL);
INSERT INTO patient_vaccine_records (patient_id, vaccine, vaccine_date, product) VALUES ('pt-0150', 'Shingles (Shingrix)', '2025-06-12', 'Shingrix');
INSERT INTO patient_vaccine_records (patient_id, vaccine, vaccine_date, product) VALUES ('pt-0150', 'RSV', '2017-08-29', 'Abrysvo');
INSERT INTO patient_vaccine_records (patient_id, vaccine, vaccine_date, product) VALUES ('pt-0150', 'Td/Tdap (tetanus, diphtheria, pertussis)', '2017-02-11', NULL);

INSERT INTO patients (id, name, age, gender, address_line1, city, county, postcode, country, telephone, email, gp_name, gp_practice, gp_address, national_insurance_number, passport_number, cache_status, last_synced_at, meta_region) VALUES ('pt-0151', 'John Walker', 55, 'Male', '104 St Andrew Square', 'Edinburgh', 'City of Edinburgh', 'EH2 2LL', 'UK', '+44 7800 503433', 'john.walker@icloud.com', 'Dr Ibrahim Reid', 'Brownlow Group Practice', '150 Mt Pleasant, Liverpool L69 3GD, United Kingdom', 'FD235428A', '302595772', 'verified_online', '2026-03-02T00:00:00Z', 'Edinburgh');
INSERT INTO patient_conditions (patient_id, condition_name, status, since_date) VALUES ('pt-0151', 'COPD', 'history', '2014-11-03');
INSERT INTO patient_prescriptions (patient_id, drug, indication, dose, frequency, start_date, prescriber) VALUES ('pt-0151', 'Allopurinol', 'Gout', '2 puffs', 'as needed', '2023-11-12', 'Dr Kieran Taylor');
INSERT INTO patient_vaccine_records (patient_id, vaccine, vaccine_date, product) VALUES ('pt-0151', 'COVID-19', '2019-12-02', 'Nuvaxovid');
INSERT INTO patient_vaccine_records (patient_id, vaccine, vaccine_date, product) VALUES ('pt-0151', 'COVID-19 booster', '2016-08-30', 'Comirnaty');
INSERT INTO patient_vaccine_records (patient_id, vaccine, vaccine_date, product) VALUES ('pt-0151', 'Td/Tdap (tetanus, diphtheria, pertussis)', '2022-02-15', NULL);

INSERT INTO patients (id, name, age, gender, address_line1, city, county, postcode, country, telephone, email, gp_name, gp_practice, gp_address, national_insurance_number, passport_number, cache_status, last_synced_at, meta_region) VALUES ('pt-0152', 'Archie Scott', 48, 'Male', 'Unit 15, 185 Anchor Road', 'Bristol', 'Bristol', 'BS1 5TL', 'UK', '+44 7662 621249', 'archie561@outlook.com', 'Dr Kate Evans', 'Brownlow Group Practice', '150 Mt Pleasant, Liverpool L69 3GD, United Kingdom', 'MC609184D', '565803901', 'verified_online', '2026-03-01T00:00:00Z', 'Bristol');
INSERT INTO patient_conditions (patient_id, condition_name, status, since_date) VALUES ('pt-0152', 'Coronary heart disease', 'active', '2012-11-22');
INSERT INTO patient_conditions (patient_id, condition_name, status, since_date) VALUES ('pt-0152', 'Hypothyroidism', 'controlled', '2025-11-21');
INSERT INTO patient_prescriptions (patient_id, drug, indication, dose, frequency, start_date, prescriber) VALUES ('pt-0152', 'Co-codamol', 'Pain', '10 mg', 'with meals', '2025-07-27', 'Dr Sarah Jones');
INSERT INTO patient_prescriptions (patient_id, drug, indication, dose, frequency, start_date, prescriber) VALUES ('pt-0152', 'Metformin', 'Type 2 diabetes', '50 mg', 'twice daily', '2023-09-06', 'Dr Kieran O''Neill');

INSERT INTO patients (id, name, age, gender, address_line1, city, county, postcode, country, telephone, email, gp_name, gp_practice, gp_address, national_insurance_number, passport_number, cache_status, last_synced_at, meta_region) VALUES ('pt-0153', 'Abigail Barnes', 94, 'Female', '96 Queen Victoria Road', 'Newcastle upon Tyne', 'Tyne and Wear', 'NE1 4LP', 'UK', '+44 7406 593024', 'abarnes@icloud.com', 'Dr Grace Smith', 'Brownlow Group Practice', '150 Mt Pleasant, Liverpool L69 3GD, United Kingdom', 'ZU729019A', '307915944', 'cached_stale', '2026-02-18T00:00:00Z', 'Newcastle upon Tyne');
INSERT INTO patient_appointments (patient_id, appointment_date, appointment_time, type, location, reason, verified_up_to_date) VALUES ('pt-0153', '2023-12-15', '12:50', 'Diabetes clinic', 'Telehealth', 'results discussion', 1);
INSERT INTO patient_appointments (patient_id, appointment_date, appointment_time, type, location, reason, verified_up_to_date) VALUES ('pt-0153', '2024-01-22', '08:15', 'Physiotherapy', 'Community clinic', 'routine review', 1);
INSERT INTO patient_appointments (patient_id, appointment_date, appointment_time, type, location, reason, verified_up_to_date) VALUES ('pt-0153', '2025-07-21', '13:00', 'Blood test', 'Telehealth', 'routine review', 0);
INSERT INTO patient_appointments (patient_id, appointment_date, appointment_time, type, location, reason, verified_up_to_date) VALUES ('pt-0153', '2025-10-19', '08:15', 'Blood test', 'Community clinic', 'results discussion', 1);
INSERT INTO patient_vaccine_records (patient_id, vaccine, vaccine_date, product) VALUES ('pt-0153', 'COVID-19', '2026-01-22', 'Comirnaty');
INSERT INTO patient_vaccine_records (patient_id, vaccine, vaccine_date, product) VALUES ('pt-0153', 'Influenza (seasonal)', '2018-02-14', NULL);

INSERT INTO patients (id, name, age, gender, address_line1, city, county, postcode, country, telephone, email, gp_name, gp_practice, gp_address, national_insurance_number, passport_number, cache_status, last_synced_at, meta_region) VALUES ('pt-0154', 'Charlotte Graham', 73, 'Female', '10 Chicheley Street', 'London', 'Greater London', 'SW1A 1JR', 'UK', '+44 7346 382243', 'charlotte.graham73@gmail.com', 'Dr Owen Evans', 'Brownlow Group Practice', '150 Mt Pleasant, Liverpool L69 3GD, United Kingdom', 'SZ507308A', '051592119', 'cached_stale', '2026-02-23T00:00:00Z', 'London');
INSERT INTO patient_conditions (patient_id, condition_name, status, since_date) VALUES ('pt-0154', 'COPD', 'active', '2016-02-03');
INSERT INTO patient_conditions (patient_id, condition_name, status, since_date) VALUES ('pt-0154', 'Overactive bladder', 'active', '2021-09-08');
INSERT INTO patient_prescriptions (patient_id, drug, indication, dose, frequency, start_date, prescriber) VALUES ('pt-0154', 'Sacubitril/valsartan', 'Heart failure', '20 mg', 'once daily', '2025-04-03', 'Dr Ibrahim Foster');
INSERT INTO patient_appointments (patient_id, appointment_date, appointment_time, type, location, reason, verified_up_to_date) VALUES ('pt-0154', '2026-03-10', '17:40', 'GP review', 'Community clinic', 'annual monitoring', 1);

INSERT INTO patients (id, name, age, gender, address_line1, city, county, postcode, country, telephone, email, gp_name, gp_practice, gp_address, national_insurance_number, passport_number, cache_status, last_synced_at, meta_region) VALUES ('pt-0155', 'Maisie Russell', 43, 'Female', 'Unit 8, 117 Princes Street', 'Edinburgh', 'City of Edinburgh', 'EH2 2PR', 'UK', '+44 7584 368463', 'maisierussell@gmail.com', 'Dr Helen Brown', 'Brownlow Group Practice', '150 Mt Pleasant, Liverpool L69 3GD, United Kingdom', 'SP041515C', '922347724', 'cached_recent', '2026-02-04T00:00:00Z', 'Edinburgh');
INSERT INTO patient_conditions (patient_id, condition_name, status, since_date) VALUES ('pt-0155', 'Heart failure', 'active', '2017-09-08');
INSERT INTO patient_prescriptions (patient_id, drug, indication, dose, frequency, start_date, prescriber) VALUES ('pt-0155', 'Gliclazide', 'Type 2 diabetes', '2 puffs', 'twice daily', '2024-05-19', 'Dr Robert Jones');
INSERT INTO patient_prescriptions (patient_id, drug, indication, dose, frequency, start_date, prescriber) VALUES ('pt-0155', 'Insulin aspart', 'Diabetes', '0.5 mg', 'twice daily', '2024-01-28', 'Dr Ibrahim Ahmed');
INSERT INTO patient_appointments (patient_id, appointment_date, appointment_time, type, location, reason, verified_up_to_date) VALUES ('pt-0155', '2025-02-01', '15:15', 'Physiotherapy', 'Hospital outpatient department', 'annual monitoring', 0);
INSERT INTO patient_appointments (patient_id, appointment_date, appointment_time, type, location, reason, verified_up_to_date) VALUES ('pt-0155', '2025-12-17', '09:00', 'Diabetes clinic', 'Hospital outpatient department', 'treatment follow-up', 1);
INSERT INTO patient_appointments (patient_id, appointment_date, appointment_time, type, location, reason, verified_up_to_date) VALUES ('pt-0155', '2027-03-03', '14:20', 'Cardiology follow-up', 'Telehealth', 'treatment follow-up', 1);
INSERT INTO patient_vaccine_records (patient_id, vaccine, vaccine_date, product) VALUES ('pt-0155', 'COVID-19', '2025-10-15', 'Spikevax');

INSERT INTO patients (id, name, age, gender, address_line1, city, county, postcode, country, telephone, email, gp_name, gp_practice, gp_address, national_insurance_number, passport_number, cache_status, last_synced_at, meta_region) VALUES ('pt-0156', 'David Foster', 39, 'Male', 'Unit 34, 168 Paradise Street', 'Liverpool', 'Merseyside', 'L1 8JQ', 'UK', '+44 7259 592796', 'davidfoster@hotmail.co.uk', 'Dr Holly Roberts', 'Brownlow Group Practice', '150 Mt Pleasant, Liverpool L69 3GD, United Kingdom', 'SB630275D', '067001765', 'verified_online', '2026-03-01T00:00:00Z', 'Liverpool');
INSERT INTO patient_appointments (patient_id, appointment_date, appointment_time, type, location, reason, verified_up_to_date) VALUES ('pt-0156', '2023-03-21', '10:10', 'Respiratory review', 'Home visit', 'symptom check', 0);
INSERT INTO patient_appointments (patient_id, appointment_date, appointment_time, type, location, reason, verified_up_to_date) VALUES ('pt-0156', '2024-06-03', '14:50', 'Blood test', 'Hospital outpatient department', 'results discussion', 0);
INSERT INTO patient_appointments (patient_id, appointment_date, appointment_time, type, location, reason, verified_up_to_date) VALUES ('pt-0156', '2026-06-23', '09:10', 'Diabetes clinic', 'GP practice', 'results discussion', 0);

INSERT INTO patients (id, name, age, gender, address_line1, city, county, postcode, country, telephone, email, gp_name, gp_practice, gp_address, national_insurance_number, passport_number, cache_status, last_synced_at, meta_region) VALUES ('pt-0157', 'Megan Graham', 38, 'Female', 'Flat 49, 67 Donegall Square South', 'Belfast', 'County Antrim', 'BT1 5JD', 'UK', '+44 7749 571155', 'megan.graham@gmail.com', 'Dr Grace Patel', 'Brownlow Group Practice', '150 Mt Pleasant, Liverpool L69 3GD, United Kingdom', 'GX196772D', '747803291', 'cached_recent', '2026-02-28T00:00:00Z', 'Belfast');
INSERT INTO patient_prescriptions (patient_id, drug, indication, dose, frequency, start_date, prescriber) VALUES ('pt-0157', 'Latanoprost', 'Glaucoma', '1 g', 'twice daily', '2024-08-17', 'Dr Grace Khan');
INSERT INTO patient_prescriptions (patient_id, drug, indication, dose, frequency, start_date, prescriber) VALUES ('pt-0157', 'Tiotropium', 'COPD', '1 injection', 'once daily', '2023-09-10', 'Dr Richard Patel');
INSERT INTO patient_prescriptions (patient_id, drug, indication, dose, frequency, start_date, prescriber) VALUES ('pt-0157', 'Budesonide', 'Respiratory/Inflammation', '100 mg', 'as needed', '2024-02-04', 'Dr Sophie Khan');
INSERT INTO patient_appointments (patient_id, appointment_date, appointment_time, type, location, reason, verified_up_to_date) VALUES ('pt-0157', '2026-11-05', '11:10', 'Ophthalmology', 'Telehealth', 'symptom check', 1);
INSERT INTO patient_appointments (patient_id, appointment_date, appointment_time, type, location, reason, verified_up_to_date) VALUES ('pt-0157', '2027-02-07', '10:45', 'Physiotherapy', 'Telehealth', 'results discussion', 1);

INSERT INTO patients (id, name, age, gender, address_line1, city, county, postcode, country, telephone, email, gp_name, gp_practice, gp_address, national_insurance_number, passport_number, cache_status, last_synced_at, meta_region) VALUES ('pt-0158', 'Alice Bennett', 48, 'Female', 'Unit 27, 171 Lever Street', 'Manchester', 'Greater Manchester', 'M1 1EE', 'UK', '+44 7972 541073', 'alice226@icloud.com', 'Dr Lucy Brown', 'Brownlow Group Practice', '150 Mt Pleasant, Liverpool L69 3GD, United Kingdom', 'DG897940D', '133617038', 'verified_online', '2026-02-18T00:00:00Z', 'Manchester');
INSERT INTO patient_conditions (patient_id, condition_name, status, since_date) VALUES ('pt-0158', 'Osteoporosis', 'monitoring', '2023-05-07');
INSERT INTO patient_conditions (patient_id, condition_name, status, since_date) VALUES ('pt-0158', 'Dementia', 'monitoring', '2013-09-21');
INSERT INTO patient_appointments (patient_id, appointment_date, appointment_time, type, location, reason, verified_up_to_date) VALUES ('pt-0158', '2025-08-17', '16:45', 'Vaccination appointment', 'Hospital outpatient department', 'vaccination', 0);
INSERT INTO patient_appointments (patient_id, appointment_date, appointment_time, type, location, reason, verified_up_to_date) VALUES ('pt-0158', '2027-02-20', '17:10', 'Blood test', 'GP practice', 'routine review', 1);
INSERT INTO patient_vaccine_records (patient_id, vaccine, vaccine_date, product) VALUES ('pt-0158', 'COVID-19', '2020-10-22', 'Spikevax');

INSERT INTO patients (id, name, age, gender, address_line1, city, county, postcode, country, telephone, email, gp_name, gp_practice, gp_address, national_insurance_number, passport_number, cache_status, last_synced_at, meta_region) VALUES ('pt-0159', 'Beatrice Morgan', 58, 'Female', '120 Sauchiehall Street', 'Glasgow', 'Glasgow City', 'G2 2NR', 'UK', '+44 7948 154086', 'beatrice830@outlook.com', 'Dr Eleanor Khan', 'Brownlow Group Practice', '150 Mt Pleasant, Liverpool L69 3GD, United Kingdom', 'UM763481B', '432845746', 'cached_stale', '2026-02-05T00:00:00Z', 'Glasgow');
INSERT INTO patient_conditions (patient_id, condition_name, status, since_date) VALUES ('pt-0159', 'Dementia', 'active', '2014-08-15');

INSERT INTO patients (id, name, age, gender, address_line1, city, county, postcode, country, telephone, email, gp_name, gp_practice, gp_address, national_insurance_number, passport_number, cache_status, last_synced_at, meta_region) VALUES ('pt-0160', 'John Kelly', 85, 'Male', '111 Newhall Street', 'Birmingham', 'West Midlands', 'B1 1BB', 'UK', '+44 7740 180019', 'john225@icloud.com', 'Dr Chloe Roberts', 'Brownlow Group Practice', '150 Mt Pleasant, Liverpool L69 3GD, United Kingdom', 'KU952424D', '868172937', 'cached_stale', '2026-02-25T00:00:00Z', 'Birmingham');
INSERT INTO patient_conditions (patient_id, condition_name, status, since_date) VALUES ('pt-0160', 'Atrial fibrillation', 'controlled', '2011-10-21');
INSERT INTO patient_conditions (patient_id, condition_name, status, since_date) VALUES ('pt-0160', 'Generalised anxiety disorder', 'active', '2024-01-03');
INSERT INTO patient_conditions (patient_id, condition_name, status, since_date) VALUES ('pt-0160', 'Osteoarthritis', 'controlled', '2021-05-10');
INSERT INTO patient_conditions (patient_id, condition_name, status, since_date) VALUES ('pt-0160', 'Hypertension', 'monitoring', '2015-05-14');
INSERT INTO patient_conditions (patient_id, condition_name, status, since_date) VALUES ('pt-0160', 'Dementia', 'controlled', '2017-11-03');
INSERT INTO patient_prescriptions (patient_id, drug, indication, dose, frequency, start_date, prescriber) VALUES ('pt-0160', 'Sacubitril/valsartan', 'Heart failure', '1 puff', 'as needed', '2023-06-18', 'Dr Priya Patel');
INSERT INTO patient_appointments (patient_id, appointment_date, appointment_time, type, location, reason, verified_up_to_date) VALUES ('pt-0160', '2026-10-18', '09:10', 'Medication review', 'Telehealth', 'routine review', 1);
INSERT INTO patient_vaccine_records (patient_id, vaccine, vaccine_date, product) VALUES ('pt-0160', 'COVID-19', '2016-04-16', 'Spikevax');

INSERT INTO patients (id, name, age, gender, address_line1, city, county, postcode, country, telephone, email, gp_name, gp_practice, gp_address, national_insurance_number, passport_number, cache_status, last_synced_at, meta_region) VALUES ('pt-0161', 'Lily Martin', 82, 'Female', '105 The Mall', 'London', 'Greater London', 'SW1A 1AA', 'UK', '+44 7556 544320', 'lmartin@hotmail.co.uk', 'Dr Fatima Ahmed', 'Brownlow Group Practice', '150 Mt Pleasant, Liverpool L69 3GD, United Kingdom', 'TD636795D', '460971296', 'cached_stale', '2026-02-13T00:00:00Z', 'London');
INSERT INTO patient_prescriptions (patient_id, drug, indication, dose, frequency, start_date, prescriber) VALUES ('pt-0161', 'Ramipril', 'Hypertension/Heart failure', '5 mg', 'as needed', '2023-12-13', 'Dr Ibrahim Khan');
INSERT INTO patient_prescriptions (patient_id, drug, indication, dose, frequency, start_date, prescriber) VALUES ('pt-0161', 'Lansoprazole', 'Reflux/Ulcer prevention', '10 mg', 'at night', '2023-11-19', 'Dr Priya Patel');
INSERT INTO patient_appointments (patient_id, appointment_date, appointment_time, type, location, reason, verified_up_to_date) VALUES ('pt-0161', '2027-02-27', '16:30', 'Medication review', 'Home visit', 'results discussion', 0);
INSERT INTO patient_vaccine_records (patient_id, vaccine, vaccine_date, product) VALUES ('pt-0161', 'COVID-19', '2020-05-15', 'Spikevax');
INSERT INTO patient_vaccine_records (patient_id, vaccine, vaccine_date, product) VALUES ('pt-0161', 'Td/Tdap (tetanus, diphtheria, pertussis)', '2020-10-09', NULL);

INSERT INTO patients (id, name, age, gender, address_line1, city, county, postcode, country, telephone, email, gp_name, gp_practice, gp_address, national_insurance_number, passport_number, cache_status, last_synced_at, meta_region) VALUES ('pt-0162', 'Lily Harris', 78, 'Female', '80 Deanery Road', 'Bristol', 'Bristol', 'BS1 5QH', 'UK', '+44 7949 941496', 'lharris@hotmail.co.uk', 'Dr Ben Roberts', 'Brownlow Group Practice', '150 Mt Pleasant, Liverpool L69 3GD, United Kingdom', 'KY362623D', '085649391', 'cached_stale', '2026-02-05T00:00:00Z', 'Bristol');
INSERT INTO patient_conditions (patient_id, condition_name, status, since_date) VALUES ('pt-0162', 'Epilepsy', 'controlled', '2018-03-26');
INSERT INTO patient_prescriptions (patient_id, drug, indication, dose, frequency, start_date, prescriber) VALUES ('pt-0162', 'Edoxaban', 'Anticoagulant (AF/VTE)', '2.5 mg', 'as needed', '2024-06-23', 'Dr Maya Campbell');
INSERT INTO patient_prescriptions (patient_id, drug, indication, dose, frequency, start_date, prescriber) VALUES ('pt-0162', 'Lansoprazole', 'Reflux/Ulcer prevention', '10 mg', 'once weekly', '2024-10-05', 'Dr Robert Ahmed');
INSERT INTO patient_prescriptions (patient_id, drug, indication, dose, frequency, start_date, prescriber) VALUES ('pt-0162', 'Losartan', 'Hypertension', '25 mg', 'with meals', '2024-05-23', 'Dr Ben Hughes');
INSERT INTO patient_appointments (patient_id, appointment_date, appointment_time, type, location, reason, verified_up_to_date) VALUES ('pt-0162', '2023-08-05', '17:45', 'Vaccination appointment', 'Hospital outpatient department', 'annual monitoring', 1);
INSERT INTO patient_appointments (patient_id, appointment_date, appointment_time, type, location, reason, verified_up_to_date) VALUES ('pt-0162', '2026-07-22', '15:00', 'Respiratory review', 'Home visit', 'routine review', 1);
INSERT INTO patient_appointments (patient_id, appointment_date, appointment_time, type, location, reason, verified_up_to_date) VALUES ('pt-0162', '2026-11-09', '13:45', 'Cardiology follow-up', 'Telehealth', 'routine review', 1);
INSERT INTO patient_vaccine_records (patient_id, vaccine, vaccine_date, product) VALUES ('pt-0162', 'Influenza (seasonal)', '2023-01-17', NULL);

INSERT INTO patients (id, name, age, gender, address_line1, city, county, postcode, country, telephone, email, gp_name, gp_practice, gp_address, national_insurance_number, passport_number, cache_status, last_synced_at, meta_region) VALUES ('pt-0163', 'Ava Jones', 28, 'Female', 'Flat 34, 79 Wyndham Arcade', 'Cardiff', 'South Glamorgan', 'CF10 1GB', 'UK', '+44 7461 685645', 'avajones@gmail.com', 'Dr Sarah Roberts', 'Brownlow Group Practice', '150 Mt Pleasant, Liverpool L69 3GD, United Kingdom', 'CP063194B', '014096192', 'verified_online', '2026-02-28T00:00:00Z', 'Cardiff');
INSERT INTO patient_conditions (patient_id, condition_name, status, since_date) VALUES ('pt-0163', 'Hypercholesterolaemia', 'monitoring', '2023-03-28');
INSERT INTO patient_conditions (patient_id, condition_name, status, since_date) VALUES ('pt-0163', 'Depression', 'active', '2012-05-11');
INSERT INTO patient_prescriptions (patient_id, drug, indication, dose, frequency, start_date, prescriber) VALUES ('pt-0163', 'Aspirin', 'Antiplatelet/Pain', '50 mg', 'as needed', '2025-04-20', 'Dr Priya Patel');
INSERT INTO patient_prescriptions (patient_id, drug, indication, dose, frequency, start_date, prescriber) VALUES ('pt-0163', 'Metformin', 'Type 2 diabetes', '2 puffs', 'twice daily', '2023-12-12', 'Dr Matthew Smith');
INSERT INTO patient_appointments (patient_id, appointment_date, appointment_time, type, location, reason, verified_up_to_date) VALUES ('pt-0163', '2025-06-28', '15:10', 'Mental health check-in', 'Telehealth', 'symptom check', 0);

INSERT INTO patients (id, name, age, gender, address_line1, city, county, postcode, country, telephone, email, gp_name, gp_practice, gp_address, national_insurance_number, passport_number, cache_status, last_synced_at, meta_region) VALUES ('pt-0164', 'Reuben Porter', 89, 'Male', 'Apt 46, 168 Houldsworth Street', 'Manchester', 'Greater Manchester', 'M1 1AE', 'UK', '+44 7642 736955', 'reuben515@gmail.com', 'Dr Kate Walsh', 'Brownlow Group Practice', '150 Mt Pleasant, Liverpool L69 3GD, United Kingdom', 'VB677741B', '119274240', 'cached_recent', '2026-02-08T00:00:00Z', 'Manchester');
INSERT INTO patient_conditions (patient_id, condition_name, status, since_date) VALUES ('pt-0164', 'Chronic back pain', 'monitoring', '2019-10-30');
INSERT INTO patient_conditions (patient_id, condition_name, status, since_date) VALUES ('pt-0164', 'Asthma', 'active', '2025-02-04');
INSERT INTO patient_conditions (patient_id, condition_name, status, since_date) VALUES ('pt-0164', 'COPD', 'history', '2015-05-25');
INSERT INTO patient_prescriptions (patient_id, drug, indication, dose, frequency, start_date, prescriber) VALUES ('pt-0164', 'Finasteride', 'BPH', '0.5 mg', 'once daily', '2023-12-31', 'Dr Kieran Smith');
INSERT INTO patient_appointments (patient_id, appointment_date, appointment_time, type, location, reason, verified_up_to_date) VALUES ('pt-0164', '2025-07-03', '16:10', 'Physiotherapy', 'Home visit', 'symptom check', 1);
INSERT INTO patient_appointments (patient_id, appointment_date, appointment_time, type, location, reason, verified_up_to_date) VALUES ('pt-0164', '2026-05-19', '16:40', 'GP review', 'Home visit', 'annual monitoring', 1);
INSERT INTO patient_appointments (patient_id, appointment_date, appointment_time, type, location, reason, verified_up_to_date) VALUES ('pt-0164', '2026-06-18', '10:30', 'GP review', 'Home visit', 'vaccination', 0);
INSERT INTO patient_vaccine_records (patient_id, vaccine, vaccine_date, product) VALUES ('pt-0164', 'COVID-19', '2016-07-30', 'Comirnaty');
INSERT INTO patient_vaccine_records (patient_id, vaccine, vaccine_date, product) VALUES ('pt-0164', 'Influenza (seasonal)', '2022-02-22', NULL);

INSERT INTO patients (id, name, age, gender, address_line1, city, county, postcode, country, telephone, email, gp_name, gp_practice, gp_address, national_insurance_number, passport_number, cache_status, last_synced_at, meta_region) VALUES ('pt-0165', 'Isabella Singh', 87, 'Female', '131 Wall Street', 'Liverpool', 'Merseyside', 'L1 8BJ', 'UK', '+44 7113 967958', 'isingh@icloud.com', 'Dr Niamh Campbell', 'Brownlow Group Practice', '150 Mt Pleasant, Liverpool L69 3GD, United Kingdom', 'DI719096A', '158806824', 'cached_recent', '2026-03-02T00:00:00Z', 'Liverpool');
INSERT INTO patient_conditions (patient_id, condition_name, status, since_date) VALUES ('pt-0165', 'Chronic back pain', 'monitoring', '2016-07-13');
INSERT INTO patient_conditions (patient_id, condition_name, status, since_date) VALUES ('pt-0165', 'Post-stroke disability', 'active', '2014-12-02');
INSERT INTO patient_conditions (patient_id, condition_name, status, since_date) VALUES ('pt-0165', 'Glaucoma', 'history', '2014-05-12');
INSERT INTO patient_conditions (patient_id, condition_name, status, since_date) VALUES ('pt-0165', 'Gout', 'active', '2021-10-28');
INSERT INTO patient_prescriptions (patient_id, drug, indication, dose, frequency, start_date, prescriber) VALUES ('pt-0165', 'Metformin', 'Type 2 diabetes', '0.5 mg', 'once daily', '2025-02-23', 'Dr Richard Wilson');
INSERT INTO patient_prescriptions (patient_id, drug, indication, dose, frequency, start_date, prescriber) VALUES ('pt-0165', 'Simvastatin', 'High cholesterol', '2.5 mg', 'once daily', '2025-11-29', 'Dr David Clarke');
INSERT INTO patient_appointments (patient_id, appointment_date, appointment_time, type, location, reason, verified_up_to_date) VALUES ('pt-0165', '2027-01-29', '12:20', 'Mental health check-in', 'Telehealth', 'symptom check', 1);

INSERT INTO patients (id, name, age, gender, address_line1, city, county, postcode, country, telephone, email, gp_name, gp_practice, gp_address, national_insurance_number, passport_number, cache_status, last_synced_at, meta_region) VALUES ('pt-0166', 'Hugo Foster', 93, 'Male', '68 The Headrow', 'Leeds', 'West Yorkshire', 'LS1 1UR', 'UK', '+44 7141 327882', 'hugo.foster@gmail.com', 'Dr Kieran Foster', 'Brownlow Group Practice', '150 Mt Pleasant, Liverpool L69 3GD, United Kingdom', 'PJ005337D', '378231483', 'verified_online', '2026-02-25T00:00:00Z', 'Leeds');
INSERT INTO patient_conditions (patient_id, condition_name, status, since_date) VALUES ('pt-0166', 'Atrial fibrillation', 'history', '2017-05-18');
INSERT INTO patient_prescriptions (patient_id, drug, indication, dose, frequency, start_date, prescriber) VALUES ('pt-0166', 'Edoxaban', 'Anticoagulant (AF/VTE)', '10 mg', 'once weekly', '2025-09-21', 'Dr Chloe Ahmed');
INSERT INTO patient_prescriptions (patient_id, drug, indication, dose, frequency, start_date, prescriber) VALUES ('pt-0166', 'Amoxicillin', 'Bacterial infection', '1 puff', 'as needed', '2024-10-15', 'Dr Helen Morgan');
INSERT INTO patient_vaccine_records (patient_id, vaccine, vaccine_date, product) VALUES ('pt-0166', 'Influenza (seasonal)', '2018-12-30', NULL);
INSERT INTO patient_vaccine_records (patient_id, vaccine, vaccine_date, product) VALUES ('pt-0166', 'Pneumococcal', '2026-01-12', NULL);

INSERT INTO patients (id, name, age, gender, address_line1, city, county, postcode, country, telephone, email, gp_name, gp_practice, gp_address, national_insurance_number, passport_number, cache_status, last_synced_at, meta_region) VALUES ('pt-0167', 'Nancy Wright', 19, 'Female', '49 Little Lever Street', 'Manchester', 'Greater Manchester', 'M1 1FJ', 'UK', '+44 7241 652150', 'nwright@hotmail.co.uk', 'Dr Sarah Campbell', 'Brownlow Group Practice', '150 Mt Pleasant, Liverpool L69 3GD, United Kingdom', 'OL448443D', '451514516', 'verified_online', '2026-02-26T00:00:00Z', 'Manchester');
INSERT INTO patient_conditions (patient_id, condition_name, status, since_date) VALUES ('pt-0167', 'Epilepsy', 'history', '2020-02-18');
INSERT INTO patient_appointments (patient_id, appointment_date, appointment_time, type, location, reason, verified_up_to_date) VALUES ('pt-0167', '2026-01-16', '10:45', 'Physiotherapy', 'Telehealth', 'symptom check', 1);
INSERT INTO patient_vaccine_records (patient_id, vaccine, vaccine_date, product) VALUES ('pt-0167', 'Hepatitis B', '2024-10-10', NULL);

INSERT INTO patients (id, name, age, gender, address_line1, city, county, postcode, country, telephone, email, gp_name, gp_practice, gp_address, national_insurance_number, passport_number, cache_status, last_synced_at, meta_region) VALUES ('pt-0168', 'Alice Baker', 56, 'Female', 'Unit 27, 63 Donegall Square East', 'Belfast', 'County Antrim', 'BT1 5JA', 'UK', '+44 7949 781448', 'alice.baker43@gmail.com', 'Dr Niamh Stewart', 'Brownlow Group Practice', '150 Mt Pleasant, Liverpool L69 3GD, United Kingdom', 'JS504855C', '928050227', 'cached_stale', '2026-03-04T00:00:00Z', 'Belfast');
INSERT INTO patient_vaccine_records (patient_id, vaccine, vaccine_date, product) VALUES ('pt-0168', 'COVID-19', '2022-09-25', 'Nuvaxovid');
INSERT INTO patient_vaccine_records (patient_id, vaccine, vaccine_date, product) VALUES ('pt-0168', 'MMR', '2018-06-23', NULL);

INSERT INTO patients (id, name, age, gender, address_line1, city, county, postcode, country, telephone, email, gp_name, gp_practice, gp_address, national_insurance_number, passport_number, cache_status, last_synced_at, meta_region) VALUES ('pt-0169', 'Charlotte Thomas', 54, 'Female', '134 Belvedere Road', 'London', 'Greater London', 'SW1A 1BH', 'UK', '+44 7134 776445', 'charlotte.thomas85@icloud.com', 'Dr Kieran Khan', 'Brownlow Group Practice', '150 Mt Pleasant, Liverpool L69 3GD, United Kingdom', 'BL146070D', '947495757', 'cached_stale', '2026-02-18T00:00:00Z', 'London');
INSERT INTO patient_conditions (patient_id, condition_name, status, since_date) VALUES ('pt-0169', 'Gastro-oesophageal reflux disease (GORD)', 'controlled', '2024-09-21');
INSERT INTO patient_conditions (patient_id, condition_name, status, since_date) VALUES ('pt-0169', 'Gout', 'active', '2022-11-03');
INSERT INTO patient_conditions (patient_id, condition_name, status, since_date) VALUES ('pt-0169', 'Glaucoma', 'controlled', '2013-07-03');
INSERT INTO patient_conditions (patient_id, condition_name, status, since_date) VALUES ('pt-0169', 'Generalised anxiety disorder', 'history', '2019-12-11');
INSERT INTO patient_conditions (patient_id, condition_name, status, since_date) VALUES ('pt-0169', 'Asthma', 'active', '2017-11-27');
INSERT INTO patient_prescriptions (patient_id, drug, indication, dose, frequency, start_date, prescriber) VALUES ('pt-0169', 'Allopurinol', 'Gout', '50 mg', 'with meals', '2025-08-20', 'Dr Owen Hughes');
INSERT INTO patient_appointments (patient_id, appointment_date, appointment_time, type, location, reason, verified_up_to_date) VALUES ('pt-0169', '2025-09-09', '10:20', 'Diabetes clinic', 'Telehealth', 'vaccination', 1);
INSERT INTO patient_appointments (patient_id, appointment_date, appointment_time, type, location, reason, verified_up_to_date) VALUES ('pt-0169', '2025-12-25', '12:10', 'Ophthalmology', 'Home visit', 'annual monitoring', 1);
INSERT INTO patient_vaccine_records (patient_id, vaccine, vaccine_date, product) VALUES ('pt-0169', 'Pneumococcal', '2017-12-14', NULL);

INSERT INTO patients (id, name, age, gender, address_line1, city, county, postcode, country, telephone, email, gp_name, gp_practice, gp_address, national_insurance_number, passport_number, cache_status, last_synced_at, meta_region) VALUES ('pt-0170', 'Emily Wood', 76, 'Female', 'Unit 39, 95 Boar Lane', 'Leeds', 'West Yorkshire', 'LS1 1UR', 'UK', '+44 7890 947831', 'emilywood@gmail.com', 'Dr Sophie Taylor', 'Brownlow Group Practice', '150 Mt Pleasant, Liverpool L69 3GD, United Kingdom', 'FX935825D', '811548967', 'verified_online', '2026-02-12T00:00:00Z', 'Leeds');
INSERT INTO patient_conditions (patient_id, condition_name, status, since_date) VALUES ('pt-0170', 'COPD', 'monitoring', '2020-01-07');
INSERT INTO patient_conditions (patient_id, condition_name, status, since_date) VALUES ('pt-0170', 'Hypothyroidism', 'history', '2019-08-17');
INSERT INTO patient_appointments (patient_id, appointment_date, appointment_time, type, location, reason, verified_up_to_date) VALUES ('pt-0170', '2026-01-06', '16:30', 'Diabetes clinic', 'Hospital outpatient department', 'treatment follow-up', 1);

INSERT INTO patients (id, name, age, gender, address_line1, city, county, postcode, country, telephone, email, gp_name, gp_practice, gp_address, national_insurance_number, passport_number, cache_status, last_synced_at, meta_region) VALUES ('pt-0171', 'Imogen O''Connor', 38, 'Female', 'Apt 43, 84 Westminster Bridge Road', 'London', 'Greater London', 'SW1A 1BB', 'UK', '+44 7920 170416', 'imogen459@gmail.com', 'Dr Sophie Roberts', 'Brownlow Group Practice', '150 Mt Pleasant, Liverpool L69 3GD, United Kingdom', 'SC133370C', '108354512', 'cached_recent', '2026-02-24T00:00:00Z', 'London');
INSERT INTO patient_conditions (patient_id, condition_name, status, since_date) VALUES ('pt-0171', 'Hypothyroidism', 'monitoring', '2016-03-28');
INSERT INTO patient_prescriptions (patient_id, drug, indication, dose, frequency, start_date, prescriber) VALUES ('pt-0171', 'Omeprazole', 'Reflux/Ulcer prevention', '2.5 mg', 'once daily', '2023-09-18', 'Dr Hannah Jones');
INSERT INTO patient_prescriptions (patient_id, drug, indication, dose, frequency, start_date, prescriber) VALUES ('pt-0171', 'Insulin aspart', 'Diabetes', '5 mg', 'twice daily', '2023-03-15', 'Dr Kieran Smith');
INSERT INTO patient_vaccine_records (patient_id, vaccine, vaccine_date, product) VALUES ('pt-0171', 'COVID-19', '2016-10-02', 'Comirnaty');

INSERT INTO patients (id, name, age, gender, address_line1, city, county, postcode, country, telephone, email, gp_name, gp_practice, gp_address, national_insurance_number, passport_number, cache_status, last_synced_at, meta_region) VALUES ('pt-0172', 'Maria Clarke', 67, 'Female', '83 Edward''s Walk', 'Newcastle upon Tyne', 'Tyne and Wear', 'NE1 4LP', 'UK', '+44 7182 678211', 'mclarke@gmail.com', 'Dr Rachel Ahmed', 'Brownlow Group Practice', '150 Mt Pleasant, Liverpool L69 3GD, United Kingdom', 'DB520719B', '698294005', 'cached_stale', '2026-02-23T00:00:00Z', 'Newcastle upon Tyne');
INSERT INTO patient_conditions (patient_id, condition_name, status, since_date) VALUES ('pt-0172', 'Chronic back pain', 'active', '2022-05-25');
INSERT INTO patient_prescriptions (patient_id, drug, indication, dose, frequency, start_date, prescriber) VALUES ('pt-0172', 'Ramipril', 'Hypertension/Heart failure', '2.5 mg', 'once weekly', '2024-08-24', 'Dr Ibrahim Foster');
INSERT INTO patient_appointments (patient_id, appointment_date, appointment_time, type, location, reason, verified_up_to_date) VALUES ('pt-0172', '2026-02-09', '08:15', 'Cardiology follow-up', 'Telehealth', 'vaccination', 1);
INSERT INTO patient_vaccine_records (patient_id, vaccine, vaccine_date, product) VALUES ('pt-0172', 'COVID-19', '2019-07-31', 'Spikevax');
INSERT INTO patient_vaccine_records (patient_id, vaccine, vaccine_date, product) VALUES ('pt-0172', 'Pneumococcal', '2016-10-18', NULL);
INSERT INTO patient_vaccine_records (patient_id, vaccine, vaccine_date, product) VALUES ('pt-0172', 'Td/Tdap (tetanus, diphtheria, pertussis)', '2024-12-11', NULL);

INSERT INTO patients (id, name, age, gender, address_line1, city, county, postcode, country, telephone, email, gp_name, gp_practice, gp_address, national_insurance_number, passport_number, cache_status, last_synced_at, meta_region) VALUES ('pt-0173', 'Louis Fisher', 12, 'Male', '92 Houldsworth Street', 'Manchester', 'Greater Manchester', 'M1 1AQ', 'UK', '+44 7232 735566', 'louis.fisher@gmail.com', 'Dr Ben Patel', 'Brownlow Group Practice', '150 Mt Pleasant, Liverpool L69 3GD, United Kingdom', 'CI983952B', '531426239', 'cached_stale', '2026-02-11T00:00:00Z', 'Manchester');
INSERT INTO patient_conditions (patient_id, condition_name, status, since_date) VALUES ('pt-0173', 'Dementia', 'active', '2021-01-01');
INSERT INTO patient_prescriptions (patient_id, drug, indication, dose, frequency, start_date, prescriber) VALUES ('pt-0173', 'Apixaban', 'Anticoagulant (AF/VTE)', '25 mg', 'as needed', '2025-08-15', 'Dr Rachel Smith');
INSERT INTO patient_appointments (patient_id, appointment_date, appointment_time, type, location, reason, verified_up_to_date) VALUES ('pt-0173', '2026-04-30', '16:00', 'GP review', 'Community clinic', 'routine review', 1);

INSERT INTO patients (id, name, age, gender, address_line1, city, county, postcode, country, telephone, email, gp_name, gp_practice, gp_address, national_insurance_number, passport_number, cache_status, last_synced_at, meta_region) VALUES ('pt-0174', 'Robert Phillips', 72, 'Male', 'Unit 9, 166 Sauchiehall Street', 'Glasgow', 'Glasgow City', 'G2 2QZ', 'UK', '+44 7121 623142', 'rphillips@hotmail.co.uk', 'Dr Lucy Foster', 'Brownlow Group Practice', '150 Mt Pleasant, Liverpool L69 3GD, United Kingdom', 'SM315005A', '064123910', 'cached_recent', '2026-02-03T00:00:00Z', 'Glasgow');
INSERT INTO patient_conditions (patient_id, condition_name, status, since_date) VALUES ('pt-0174', 'Glaucoma', 'active', '2012-05-23');
INSERT INTO patient_prescriptions (patient_id, drug, indication, dose, frequency, start_date, prescriber) VALUES ('pt-0174', 'Pregabalin', 'Neuropathic pain/Anxiety', '50 mg', 'once daily', '2024-04-24', 'Dr Zoe Jones');
INSERT INTO patient_vaccine_records (patient_id, vaccine, vaccine_date, product) VALUES ('pt-0174', 'COVID-19', '2020-06-25', 'Nuvaxovid');
INSERT INTO patient_vaccine_records (patient_id, vaccine, vaccine_date, product) VALUES ('pt-0174', 'Shingles (Shingrix)', '2018-06-26', 'Shingrix');

INSERT INTO patients (id, name, age, gender, address_line1, city, county, postcode, country, telephone, email, gp_name, gp_practice, gp_address, national_insurance_number, passport_number, cache_status, last_synced_at, meta_region) VALUES ('pt-0175', 'Joseph Brown', 89, 'Male', 'Apt 23, 71 Donegall Square East', 'Belfast', 'County Antrim', 'BT1 5GS', 'UK', '+44 7669 328424', 'joseph.brown8@gmail.com', 'Dr Matthew Ahmed', 'Brownlow Group Practice', '150 Mt Pleasant, Liverpool L69 3GD, United Kingdom', 'IT578235C', '068766169', 'cached_recent', '2026-02-20T00:00:00Z', 'Belfast');
INSERT INTO patient_conditions (patient_id, condition_name, status, since_date) VALUES ('pt-0175', 'History of stroke/TIA', 'active', '2012-06-17');
INSERT INTO patient_conditions (patient_id, condition_name, status, since_date) VALUES ('pt-0175', 'Generalised anxiety disorder', 'active', '2023-08-04');
INSERT INTO patient_conditions (patient_id, condition_name, status, since_date) VALUES ('pt-0175', 'Hypertension', 'monitoring', '2023-03-05');
INSERT INTO patient_conditions (patient_id, condition_name, status, since_date) VALUES ('pt-0175', 'Atrial fibrillation', 'monitoring', '2014-10-29');
INSERT INTO patient_conditions (patient_id, condition_name, status, since_date) VALUES ('pt-0175', 'Gout', 'active', '2021-08-30');
INSERT INTO patient_conditions (patient_id, condition_name, status, since_date) VALUES ('pt-0175', 'Dementia', 'controlled', '2014-02-20');
INSERT INTO patient_prescriptions (patient_id, drug, indication, dose, frequency, start_date, prescriber) VALUES ('pt-0175', 'Amitriptyline', 'Neuropathic pain/Migraine prevention', '25 mg', 'with meals', '2024-10-30', 'Dr Alex Brown');
INSERT INTO patient_prescriptions (patient_id, drug, indication, dose, frequency, start_date, prescriber) VALUES ('pt-0175', 'Insulin aspart', 'Diabetes', '2.5 mg', 'once weekly', '2023-05-23', 'Dr Fatima Morgan');
INSERT INTO patient_appointments (patient_id, appointment_date, appointment_time, type, location, reason, verified_up_to_date) VALUES ('pt-0175', '2027-01-01', '17:00', 'Blood test', 'Hospital outpatient department', 'treatment follow-up', 1);
INSERT INTO patient_vaccine_records (patient_id, vaccine, vaccine_date, product) VALUES ('pt-0175', 'COVID-19', '2024-10-07', 'Spikevax');
INSERT INTO patient_vaccine_records (patient_id, vaccine, vaccine_date, product) VALUES ('pt-0175', 'Influenza (seasonal)', '2021-09-23', NULL);
INSERT INTO patient_vaccine_records (patient_id, vaccine, vaccine_date, product) VALUES ('pt-0175', 'Pneumococcal', '2023-03-31', NULL);
INSERT INTO patient_vaccine_records (patient_id, vaccine, vaccine_date, product) VALUES ('pt-0175', 'Shingles (Shingrix)', '2025-12-12', 'Shingrix');

INSERT INTO patients (id, name, age, gender, address_line1, city, county, postcode, country, telephone, email, gp_name, gp_practice, gp_address, national_insurance_number, passport_number, cache_status, last_synced_at, meta_region) VALUES ('pt-0176', 'Abigail Moore', 8, 'Female', '162 Marmora Road', 'Cambridge', 'Cambridgeshire', 'CB1 3QA', 'UK', '+44 7401 752126', 'amoore@gmail.com', 'Dr Laura Jones', 'Brownlow Group Practice', '150 Mt Pleasant, Liverpool L69 3GD, United Kingdom', 'JE956167A', '114065852', 'verified_online', '2026-02-14T00:00:00Z', 'Cambridge');
INSERT INTO patient_conditions (patient_id, condition_name, status, since_date) VALUES ('pt-0176', 'Coronary heart disease', 'active', '2024-08-25');
INSERT INTO patient_prescriptions (patient_id, drug, indication, dose, frequency, start_date, prescriber) VALUES ('pt-0176', 'Ramipril', 'Hypertension/Heart failure', '10 mg', 'twice daily', '2024-04-25', 'Dr Kieran O''Neill');
INSERT INTO patient_prescriptions (patient_id, drug, indication, dose, frequency, start_date, prescriber) VALUES ('pt-0176', 'Alendronic acid', 'Osteoporosis', '2.5 mg', 'as needed', '2025-07-03', 'Dr Maya Patel');

INSERT INTO patients (id, name, age, gender, address_line1, city, county, postcode, country, telephone, email, gp_name, gp_practice, gp_address, national_insurance_number, passport_number, cache_status, last_synced_at, meta_region) VALUES ('pt-0177', 'Harry Thomas', 47, 'Male', '29 The Mall', 'London', 'Greater London', 'SW1A 1JR', 'UK', '+44 7517 806850', 'harrythomas@hotmail.co.uk', 'Dr Owen Evans', 'Brownlow Group Practice', '150 Mt Pleasant, Liverpool L69 3GD, United Kingdom', 'ZJ358163C', '126662904', 'cached_recent', '2026-02-02T00:00:00Z', 'London');
INSERT INTO patient_conditions (patient_id, condition_name, status, since_date) VALUES ('pt-0177', 'Hypercholesterolaemia', 'active', '2023-01-07');
INSERT INTO patient_conditions (patient_id, condition_name, status, since_date) VALUES ('pt-0177', 'History of stroke/TIA', 'history', '2025-12-19');
INSERT INTO patient_conditions (patient_id, condition_name, status, since_date) VALUES ('pt-0177', 'Chronic back pain', 'history', '2018-04-16');
INSERT INTO patient_conditions (patient_id, condition_name, status, since_date) VALUES ('pt-0177', 'Benign prostatic hyperplasia (BPH)', 'monitoring', '2016-08-27');
INSERT INTO patient_conditions (patient_id, condition_name, status, since_date) VALUES ('pt-0177', 'Obesity', 'monitoring', '2016-05-11');
INSERT INTO patient_prescriptions (patient_id, drug, indication, dose, frequency, start_date, prescriber) VALUES ('pt-0177', 'Citalopram', 'Depression/Anxiety', '2 puffs', 'once weekly', '2025-03-15', 'Dr David Wilson');
INSERT INTO patient_prescriptions (patient_id, drug, indication, dose, frequency, start_date, prescriber) VALUES ('pt-0177', 'Tiotropium', 'COPD', '100 mg', 'with meals', '2026-01-03', 'Dr Maya Patel');

INSERT INTO patients (id, name, age, gender, address_line1, city, county, postcode, country, telephone, email, gp_name, gp_practice, gp_address, national_insurance_number, passport_number, cache_status, last_synced_at, meta_region) VALUES ('pt-0178', 'Maisie Morgan', 87, 'Female', 'Flat 59, 180 Deanery Road', 'Bristol', 'Bristol', 'BS1 5TL', 'UK', '+44 7630 650705', 'maisie603@hotmail.co.uk', 'Dr Ben Roberts', 'Brownlow Group Practice', '150 Mt Pleasant, Liverpool L69 3GD, United Kingdom', 'KM334053B', '153756136', 'cached_recent', '2026-03-04T00:00:00Z', 'Bristol');
INSERT INTO patient_conditions (patient_id, condition_name, status, since_date) VALUES ('pt-0178', 'Type 2 diabetes', 'active', '2014-02-24');
INSERT INTO patient_conditions (patient_id, condition_name, status, since_date) VALUES ('pt-0178', 'Chronic kidney disease (stage 4)', 'history', '2020-08-26');
INSERT INTO patient_conditions (patient_id, condition_name, status, since_date) VALUES ('pt-0178', 'Dementia', 'history', '2023-09-03');
INSERT INTO patient_conditions (patient_id, condition_name, status, since_date) VALUES ('pt-0178', 'Hypertension', 'monitoring', '2013-11-07');
INSERT INTO patient_prescriptions (patient_id, drug, indication, dose, frequency, start_date, prescriber) VALUES ('pt-0178', 'Nitrofurantoin', 'UTI', '2.5 mg', 'once daily', '2023-06-05', 'Dr Maya Patel');
INSERT INTO patient_appointments (patient_id, appointment_date, appointment_time, type, location, reason, verified_up_to_date) VALUES ('pt-0178', '2026-01-11', '09:15', 'GP review', 'Telehealth', 'treatment follow-up', 1);
INSERT INTO patient_appointments (patient_id, appointment_date, appointment_time, type, location, reason, verified_up_to_date) VALUES ('pt-0178', '2026-04-26', '15:45', 'Respiratory review', 'Home visit', 'vaccination', 1);
INSERT INTO patient_vaccine_records (patient_id, vaccine, vaccine_date, product) VALUES ('pt-0178', 'COVID-19', '2026-01-27', 'Nuvaxovid');

INSERT INTO patients (id, name, age, gender, address_line1, city, county, postcode, country, telephone, email, gp_name, gp_practice, gp_address, national_insurance_number, passport_number, cache_status, last_synced_at, meta_region) VALUES ('pt-0179', 'Michael Walker', 86, 'Male', '141 The Mall', 'London', 'Greater London', 'SW1A 1AA', 'UK', '+44 7402 214939', 'michael.walker@icloud.com', 'Dr Kieran Smith', 'Brownlow Group Practice', '150 Mt Pleasant, Liverpool L69 3GD, United Kingdom', 'NP275834A', '928252762', 'cached_stale', '2026-02-18T00:00:00Z', 'London');
INSERT INTO patient_conditions (patient_id, condition_name, status, since_date) VALUES ('pt-0179', 'Chronic back pain', 'active', '2024-08-08');
INSERT INTO patient_vaccine_records (patient_id, vaccine, vaccine_date, product) VALUES ('pt-0179', 'COVID-19', '2024-05-19', 'Spikevax');
INSERT INTO patient_vaccine_records (patient_id, vaccine, vaccine_date, product) VALUES ('pt-0179', 'Td/Tdap (tetanus, diphtheria, pertussis)', '2017-12-07', NULL);

INSERT INTO patients (id, name, age, gender, address_line1, city, county, postcode, country, telephone, email, gp_name, gp_practice, gp_address, national_insurance_number, passport_number, cache_status, last_synced_at, meta_region) VALUES ('pt-0180', 'Jack Price', 66, 'Male', '187 Newton Street', 'Manchester', 'Greater Manchester', 'M1 1FJ', 'UK', '+44 7595 980930', 'jack.price63@icloud.com', 'Dr Sarah Campbell', 'Brownlow Group Practice', '150 Mt Pleasant, Liverpool L69 3GD, United Kingdom', 'VH030369C', '287681056', 'cached_recent', '2026-02-17T00:00:00Z', 'Manchester');
INSERT INTO patient_conditions (patient_id, condition_name, status, since_date) VALUES ('pt-0180', 'Chronic back pain', 'history', '2016-02-13');
INSERT INTO patient_conditions (patient_id, condition_name, status, since_date) VALUES ('pt-0180', 'Atrial fibrillation', 'monitoring', '2021-09-22');
INSERT INTO patient_conditions (patient_id, condition_name, status, since_date) VALUES ('pt-0180', 'Generalised anxiety disorder', 'controlled', '2022-04-28');
INSERT INTO patient_conditions (patient_id, condition_name, status, since_date) VALUES ('pt-0180', 'Obesity', 'controlled', '2025-06-02');
INSERT INTO patient_conditions (patient_id, condition_name, status, since_date) VALUES ('pt-0180', 'Type 2 diabetes', 'active', '2022-10-05');
INSERT INTO patient_conditions (patient_id, condition_name, status, since_date) VALUES ('pt-0180', 'Hypertension', 'active', '2015-12-26');
INSERT INTO patient_prescriptions (patient_id, drug, indication, dose, frequency, start_date, prescriber) VALUES ('pt-0180', 'Lansoprazole', 'Reflux/Ulcer prevention', '20 mg', 'once daily', '2025-07-08', 'Dr Grace Khan');
INSERT INTO patient_prescriptions (patient_id, drug, indication, dose, frequency, start_date, prescriber) VALUES ('pt-0180', 'Latanoprost', 'Glaucoma', '50 mg', 'with meals', '2025-04-21', 'Dr Priya Campbell');
INSERT INTO patient_appointments (patient_id, appointment_date, appointment_time, type, location, reason, verified_up_to_date) VALUES ('pt-0180', '2025-12-23', '14:50', 'Physiotherapy', 'Community clinic', 'vaccination', 0);
INSERT INTO patient_appointments (patient_id, appointment_date, appointment_time, type, location, reason, verified_up_to_date) VALUES ('pt-0180', '2026-12-09', '14:40', 'Mental health check-in', 'Home visit', 'annual monitoring', 1);
INSERT INTO patient_appointments (patient_id, appointment_date, appointment_time, type, location, reason, verified_up_to_date) VALUES ('pt-0180', '2027-01-05', '10:30', 'Cardiology follow-up', 'Hospital outpatient department', 'vaccination', 0);

INSERT INTO patients (id, name, age, gender, address_line1, city, county, postcode, country, telephone, email, gp_name, gp_practice, gp_address, national_insurance_number, passport_number, cache_status, last_synced_at, meta_region) VALUES ('pt-0181', 'Alexander Wilson', 58, 'Male', 'Unit 16, 48 Park Row', 'Leeds', 'West Yorkshire', 'LS1 1UR', 'UK', '+44 7234 958045', 'alexander.wilson@gmail.com', 'Dr Priya Jones', 'Brownlow Group Practice', '150 Mt Pleasant, Liverpool L69 3GD, United Kingdom', 'CQ757190D', '021640386', 'cached_recent', '2026-02-15T00:00:00Z', 'Leeds');
INSERT INTO patient_conditions (patient_id, condition_name, status, since_date) VALUES ('pt-0181', 'Obesity', 'active', '2024-12-08');
INSERT INTO patient_conditions (patient_id, condition_name, status, since_date) VALUES ('pt-0181', 'Generalised anxiety disorder', 'controlled', '2024-09-30');
INSERT INTO patient_conditions (patient_id, condition_name, status, since_date) VALUES ('pt-0181', 'Benign prostatic hyperplasia (BPH)', 'active', '2019-09-08');
INSERT INTO patient_conditions (patient_id, condition_name, status, since_date) VALUES ('pt-0181', 'Asthma', 'monitoring', '2019-02-03');
INSERT INTO patient_prescriptions (patient_id, drug, indication, dose, frequency, start_date, prescriber) VALUES ('pt-0181', 'Colecalciferol', 'Vitamin D deficiency', '25 mg', 'as needed', '2024-04-14', 'Dr Kieran Ahmed');
INSERT INTO patient_appointments (patient_id, appointment_date, appointment_time, type, location, reason, verified_up_to_date) VALUES ('pt-0181', '2023-05-17', '08:10', 'Mental health check-in', 'Home visit', 'results discussion', 1);
INSERT INTO patient_appointments (patient_id, appointment_date, appointment_time, type, location, reason, verified_up_to_date) VALUES ('pt-0181', '2024-10-19', '10:40', 'Physiotherapy', 'Home visit', 'symptom check', 1);
INSERT INTO patient_vaccine_records (patient_id, vaccine, vaccine_date, product) VALUES ('pt-0181', 'COVID-19', '2022-12-17', 'Nuvaxovid');

INSERT INTO patients (id, name, age, gender, address_line1, city, county, postcode, country, telephone, email, gp_name, gp_practice, gp_address, national_insurance_number, passport_number, cache_status, last_synced_at, meta_region) VALUES ('pt-0182', 'Olivia Watson', 24, 'Female', '198 Princes Street', 'Edinburgh', 'City of Edinburgh', 'EH1 1BQ', 'UK', '+44 7845 512766', 'olivia.watson48@gmail.com', 'Dr Helen Brown', 'Brownlow Group Practice', '150 Mt Pleasant, Liverpool L69 3GD, United Kingdom', 'OH605950A', '426649827', 'cached_recent', '2026-02-06T00:00:00Z', 'Edinburgh');

INSERT INTO patients (id, name, age, gender, address_line1, city, county, postcode, country, telephone, email, gp_name, gp_practice, gp_address, national_insurance_number, passport_number, cache_status, last_synced_at, meta_region) VALUES ('pt-0183', 'Leo Evans', 51, 'Male', 'Apt 57, 90 Westminster Bridge Road', 'London', 'Greater London', 'SW1A 1BA', 'UK', '+44 7979 875615', 'leo.evans@icloud.com', 'Dr Grace Evans', 'Brownlow Group Practice', '150 Mt Pleasant, Liverpool L69 3GD, United Kingdom', 'WC393935B', '812700913', 'cached_stale', '2026-02-27T00:00:00Z', 'London');
INSERT INTO patient_conditions (patient_id, condition_name, status, since_date) VALUES ('pt-0183', 'Hypercholesterolaemia', 'history', '2022-12-02');
INSERT INTO patient_conditions (patient_id, condition_name, status, since_date) VALUES ('pt-0183', 'Osteoarthritis', 'controlled', '2012-07-02');
INSERT INTO patient_appointments (patient_id, appointment_date, appointment_time, type, location, reason, verified_up_to_date) VALUES ('pt-0183', '2025-08-05', '08:40', 'Ophthalmology', 'Telehealth', 'results discussion', 1);
INSERT INTO patient_vaccine_records (patient_id, vaccine, vaccine_date, product) VALUES ('pt-0183', 'COVID-19', '2024-07-26', 'Nuvaxovid');

INSERT INTO patients (id, name, age, gender, address_line1, city, county, postcode, country, telephone, email, gp_name, gp_practice, gp_address, national_insurance_number, passport_number, cache_status, last_synced_at, meta_region) VALUES ('pt-0184', 'Oscar Stewart', 54, 'Male', 'Flat 56, 162 Constitution Hill', 'London', 'Greater London', 'SW1A 1BA', 'UK', '+44 7719 363443', 'oscarstewart@hotmail.co.uk', 'Dr Fatima Ahmed', 'Brownlow Group Practice', '150 Mt Pleasant, Liverpool L69 3GD, United Kingdom', 'XX893802B', '176349437', 'verified_online', '2026-02-24T00:00:00Z', 'London');
INSERT INTO patient_vaccine_records (patient_id, vaccine, vaccine_date, product) VALUES ('pt-0184', 'COVID-19', '2016-04-15', 'Spikevax');

INSERT INTO patients (id, name, age, gender, address_line1, city, county, postcode, country, telephone, email, gp_name, gp_practice, gp_address, national_insurance_number, passport_number, cache_status, last_synced_at, meta_region) VALUES ('pt-0185', 'Erin Khan', 14, 'Female', 'Apt 70, 154 St Mary Street', 'Cardiff', 'South Glamorgan', 'CF10 1PL', 'UK', '+44 7756 791397', 'erin.khan10@outlook.com', 'Dr Sarah Roberts', 'Brownlow Group Practice', '150 Mt Pleasant, Liverpool L69 3GD, United Kingdom', 'DX226955C', '191475293', 'cached_stale', '2026-03-01T00:00:00Z', 'Cardiff');
INSERT INTO patient_conditions (patient_id, condition_name, status, since_date) VALUES ('pt-0185', 'Benign prostatic hyperplasia (BPH)', 'controlled', '2018-12-01');
INSERT INTO patient_vaccine_records (patient_id, vaccine, vaccine_date, product) VALUES ('pt-0185', 'COVID-19', '2017-08-06', 'Comirnaty');

INSERT INTO patients (id, name, age, gender, address_line1, city, county, postcode, country, telephone, email, gp_name, gp_practice, gp_address, national_insurance_number, passport_number, cache_status, last_synced_at, meta_region) VALUES ('pt-0186', 'Benjamin King', 43, 'Male', '125 Cyprus Road', 'Cambridge', 'Cambridgeshire', 'CB1 3QB', 'UK', '+44 7700 425468', 'bking@hotmail.co.uk', 'Dr David Graham', 'Brownlow Group Practice', '150 Mt Pleasant, Liverpool L69 3GD, United Kingdom', 'QA636249C', '036000620', 'cached_recent', '2026-02-22T00:00:00Z', 'Cambridge');
INSERT INTO patient_conditions (patient_id, condition_name, status, since_date) VALUES ('pt-0186', 'Gout', 'controlled', '2021-11-05');
INSERT INTO patient_appointments (patient_id, appointment_date, appointment_time, type, location, reason, verified_up_to_date) VALUES ('pt-0186', '2025-11-15', '09:45', 'Physiotherapy', 'Community clinic', 'routine review', 1);
INSERT INTO patient_appointments (patient_id, appointment_date, appointment_time, type, location, reason, verified_up_to_date) VALUES ('pt-0186', '2026-04-10', '14:45', 'Medication review', 'Hospital outpatient department', 'annual monitoring', 1);
INSERT INTO patient_appointments (patient_id, appointment_date, appointment_time, type, location, reason, verified_up_to_date) VALUES ('pt-0186', '2026-08-09', '15:45', 'Medication review', 'Hospital outpatient department', 'annual monitoring', 1);
INSERT INTO patient_appointments (patient_id, appointment_date, appointment_time, type, location, reason, verified_up_to_date) VALUES ('pt-0186', '2026-11-13', '11:15', 'Respiratory review', 'Community clinic', 'results discussion', 0);

INSERT INTO patients (id, name, age, gender, address_line1, city, county, postcode, country, telephone, email, gp_name, gp_practice, gp_address, national_insurance_number, passport_number, cache_status, last_synced_at, meta_region) VALUES ('pt-0187', 'Florence Brown', 94, 'Female', 'Apt 46, 129 Chicheley Street', 'London', 'Greater London', 'SW1A 1BW', 'UK', '+44 7190 221909', 'florencebrown@gmail.com', 'Dr Kieran Smith', 'Brownlow Group Practice', '150 Mt Pleasant, Liverpool L69 3GD, United Kingdom', 'FK619864A', '823262095', 'cached_recent', '2026-02-03T00:00:00Z', 'London');
INSERT INTO patient_conditions (patient_id, condition_name, status, since_date) VALUES ('pt-0187', 'Depression', 'active', '2023-06-02');
INSERT INTO patient_conditions (patient_id, condition_name, status, since_date) VALUES ('pt-0187', 'Gastro-oesophageal reflux disease (GORD)', 'active', '2012-01-14');
INSERT INTO patient_conditions (patient_id, condition_name, status, since_date) VALUES ('pt-0187', 'Overactive bladder', 'controlled', '2015-02-24');
INSERT INTO patient_prescriptions (patient_id, drug, indication, dose, frequency, start_date, prescriber) VALUES ('pt-0187', 'Ramipril', 'Hypertension/Heart failure', '500 mg', 'at night', '2023-07-10', 'Dr Kieran O''Neill');
INSERT INTO patient_prescriptions (patient_id, drug, indication, dose, frequency, start_date, prescriber) VALUES ('pt-0187', 'Dapagliflozin', 'Type 2 diabetes/Heart failure/CKD', '10 mg', 'with meals', '2024-09-23', 'Dr Sophie Khan');
INSERT INTO patient_appointments (patient_id, appointment_date, appointment_time, type, location, reason, verified_up_to_date) VALUES ('pt-0187', '2023-08-23', '10:50', 'GP review', 'Hospital outpatient department', 'treatment follow-up', 1);
INSERT INTO patient_appointments (patient_id, appointment_date, appointment_time, type, location, reason, verified_up_to_date) VALUES ('pt-0187', '2025-06-07', '14:00', 'Blood test', 'Community clinic', 'treatment follow-up', 1);
INSERT INTO patient_appointments (patient_id, appointment_date, appointment_time, type, location, reason, verified_up_to_date) VALUES ('pt-0187', '2027-01-21', '13:15', 'Ophthalmology', 'Hospital outpatient department', 'treatment follow-up', 1);
INSERT INTO patient_vaccine_records (patient_id, vaccine, vaccine_date, product) VALUES ('pt-0187', 'COVID-19', '2018-08-13', 'Comirnaty');

INSERT INTO patients (id, name, age, gender, address_line1, city, county, postcode, country, telephone, email, gp_name, gp_practice, gp_address, national_insurance_number, passport_number, cache_status, last_synced_at, meta_region) VALUES ('pt-0188', 'Sienna Wood', 36, 'Female', 'Unit 21, 120 College Green', 'Bristol', 'Bristol', 'BS1 5AS', 'UK', '+44 7774 761770', 'siennawood@icloud.com', 'Dr Kate Evans', 'Brownlow Group Practice', '150 Mt Pleasant, Liverpool L69 3GD, United Kingdom', 'SK390366D', '706849407', 'verified_online', '2026-02-15T00:00:00Z', 'Bristol');
INSERT INTO patient_conditions (patient_id, condition_name, status, since_date) VALUES ('pt-0188', 'Generalised anxiety disorder', 'controlled', '2015-02-25');
INSERT INTO patient_appointments (patient_id, appointment_date, appointment_time, type, location, reason, verified_up_to_date) VALUES ('pt-0188', '2026-03-02', '17:40', 'Physiotherapy', 'Telehealth', 'results discussion', 1);
INSERT INTO patient_appointments (patient_id, appointment_date, appointment_time, type, location, reason, verified_up_to_date) VALUES ('pt-0188', '2026-10-24', '14:15', 'Mental health check-in', 'Telehealth', 'symptom check', 0);

INSERT INTO patients (id, name, age, gender, address_line1, city, county, postcode, country, telephone, email, gp_name, gp_practice, gp_address, national_insurance_number, passport_number, cache_status, last_synced_at, meta_region) VALUES ('pt-0189', 'Lucy Evans', 29, 'Female', 'Unit 29, 8 George Street', 'Edinburgh', 'City of Edinburgh', 'EH2 2PB', 'UK', '+44 7531 546582', 'lucy.evans35@icloud.com', 'Dr Robert Patel', 'Brownlow Group Practice', '150 Mt Pleasant, Liverpool L69 3GD, United Kingdom', 'SA171993B', '990369637', 'verified_online', '2026-02-04T00:00:00Z', 'Edinburgh');
INSERT INTO patient_conditions (patient_id, condition_name, status, since_date) VALUES ('pt-0189', 'Depression', 'history', '2025-01-04');
INSERT INTO patient_vaccine_records (patient_id, vaccine, vaccine_date, product) VALUES ('pt-0189', 'COVID-19', '2024-01-01', 'Nuvaxovid');

INSERT INTO patients (id, name, age, gender, address_line1, city, county, postcode, country, telephone, email, gp_name, gp_practice, gp_address, national_insurance_number, passport_number, cache_status, last_synced_at, meta_region) VALUES ('pt-0190', 'Katherine Hall', 79, 'Female', 'Apt 74, 131 Lever Street', 'Manchester', 'Greater Manchester', 'M1 1AL', 'UK', '+44 7713 888198', 'katherinehall@outlook.com', 'Dr Grace Roberts', 'Brownlow Group Practice', '150 Mt Pleasant, Liverpool L69 3GD, United Kingdom', 'PG046397B', '324203372', 'cached_recent', '2026-02-23T00:00:00Z', 'Manchester');
INSERT INTO patient_conditions (patient_id, condition_name, status, since_date) VALUES ('pt-0190', 'Generalised anxiety disorder', 'active', '2015-04-28');
INSERT INTO patient_conditions (patient_id, condition_name, status, since_date) VALUES ('pt-0190', 'Depression', 'controlled', '2020-12-21');
INSERT INTO patient_prescriptions (patient_id, drug, indication, dose, frequency, start_date, prescriber) VALUES ('pt-0190', 'Rivaroxaban', 'Anticoagulant (AF/VTE)', '500 mg', 'twice daily', '2025-02-07', 'Dr Ben Hughes');
INSERT INTO patient_prescriptions (patient_id, drug, indication, dose, frequency, start_date, prescriber) VALUES ('pt-0190', 'Tirzepatide', 'Weight management/Type 2 diabetes', '500 mg', 'with meals', '2025-05-20', 'Dr Grace Khan');
INSERT INTO patient_appointments (patient_id, appointment_date, appointment_time, type, location, reason, verified_up_to_date) VALUES ('pt-0190', '2026-02-01', '12:45', 'Ophthalmology', 'Home visit', 'treatment follow-up', 1);
INSERT INTO patient_appointments (patient_id, appointment_date, appointment_time, type, location, reason, verified_up_to_date) VALUES ('pt-0190', '2026-06-21', '11:10', 'Vaccination appointment', 'Community clinic', 'annual monitoring', 1);

INSERT INTO patients (id, name, age, gender, address_line1, city, county, postcode, country, telephone, email, gp_name, gp_practice, gp_address, national_insurance_number, passport_number, cache_status, last_synced_at, meta_region) VALUES ('pt-0191', 'Connor Byrne', 65, 'Male', 'Apt 28, 61 Corporation Street', 'Birmingham', 'West Midlands', 'B1 1BB', 'UK', '+44 7214 923650', 'connor.byrne55@icloud.com', 'Dr Ibrahim Wilson', 'Brownlow Group Practice', '150 Mt Pleasant, Liverpool L69 3GD, United Kingdom', 'VC157692A', '361975213', 'cached_recent', '2026-02-03T00:00:00Z', 'Birmingham');
INSERT INTO patient_prescriptions (patient_id, drug, indication, dose, frequency, start_date, prescriber) VALUES ('pt-0191', 'Tirzepatide', 'Weight management/Type 2 diabetes', '500 mg', 'at night', '2025-06-04', 'Dr Richard Patel');
INSERT INTO patient_vaccine_records (patient_id, vaccine, vaccine_date, product) VALUES ('pt-0191', 'Influenza (seasonal)', '2019-01-26', NULL);

INSERT INTO patients (id, name, age, gender, address_line1, city, county, postcode, country, telephone, email, gp_name, gp_practice, gp_address, national_insurance_number, passport_number, cache_status, last_synced_at, meta_region) VALUES ('pt-0192', 'Zara Powell', 64, 'Female', 'Flat 12, 10 Donegall Square East', 'Belfast', 'County Antrim', 'BT1 5UB', 'UK', '+44 7940 648991', 'zara.powell@gmail.com', 'Dr Grace Patel', 'Brownlow Group Practice', '150 Mt Pleasant, Liverpool L69 3GD, United Kingdom', 'KL040147B', '654288322', 'cached_recent', '2026-03-03T00:00:00Z', 'Belfast');
INSERT INTO patient_conditions (patient_id, condition_name, status, since_date) VALUES ('pt-0192', 'Atrial fibrillation', 'active', '2023-05-10');
INSERT INTO patient_prescriptions (patient_id, drug, indication, dose, frequency, start_date, prescriber) VALUES ('pt-0192', 'Tiotropium', 'COPD', '50 mg', 'at night', '2023-05-16', 'Dr Robert Ahmed');
INSERT INTO patient_prescriptions (patient_id, drug, indication, dose, frequency, start_date, prescriber) VALUES ('pt-0192', 'Furosemide', 'Oedema/Heart failure', '10 mg', 'as needed', '2023-05-18', 'Dr Owen Jones');

INSERT INTO patients (id, name, age, gender, address_line1, city, county, postcode, country, telephone, email, gp_name, gp_practice, gp_address, national_insurance_number, passport_number, cache_status, last_synced_at, meta_region) VALUES ('pt-0193', 'Archie Graham', 50, 'Male', 'Unit 18, 102 Corporation Street', 'Birmingham', 'West Midlands', 'B1 1BB', 'UK', '+44 7547 388134', 'archiegraham@hotmail.co.uk', 'Dr Hannah Taylor', 'Brownlow Group Practice', '150 Mt Pleasant, Liverpool L69 3GD, United Kingdom', 'QV047964D', '976832772', 'cached_stale', '2026-02-27T00:00:00Z', 'Birmingham');
INSERT INTO patient_conditions (patient_id, condition_name, status, since_date) VALUES ('pt-0193', 'Benign prostatic hyperplasia (BPH)', 'active', '2020-11-25');
INSERT INTO patient_vaccine_records (patient_id, vaccine, vaccine_date, product) VALUES ('pt-0193', 'COVID-19', '2019-03-27', 'Spikevax');

INSERT INTO patients (id, name, age, gender, address_line1, city, county, postcode, country, telephone, email, gp_name, gp_practice, gp_address, national_insurance_number, passport_number, cache_status, last_synced_at, meta_region) VALUES ('pt-0194', 'Ethan Evans', 18, 'Male', 'Flat 57, 146 Deanery Road', 'Bristol', 'Bristol', 'BS1 5BE', 'UK', '+44 7814 278271', 'eevans@icloud.com', 'Dr Ben Roberts', 'Brownlow Group Practice', '150 Mt Pleasant, Liverpool L69 3GD, United Kingdom', 'BV893692A', '677943476', 'cached_stale', '2026-02-20T00:00:00Z', 'Bristol');
INSERT INTO patient_conditions (patient_id, condition_name, status, since_date) VALUES ('pt-0194', 'Gout', 'history', '2024-05-14');
INSERT INTO patient_vaccine_records (patient_id, vaccine, vaccine_date, product) VALUES ('pt-0194', 'COVID-19', '2017-02-09', 'Spikevax');

INSERT INTO patients (id, name, age, gender, address_line1, city, county, postcode, country, telephone, email, gp_name, gp_practice, gp_address, national_insurance_number, passport_number, cache_status, last_synced_at, meta_region) VALUES ('pt-0195', 'Chloe Reid', 45, 'Female', 'Apt 34, 55 College Green', 'Bristol', 'Bristol', 'BS1 5AF', 'UK', '+44 7606 893591', 'chloe485@outlook.com', 'Dr Maya Hughes', 'Brownlow Group Practice', '150 Mt Pleasant, Liverpool L69 3GD, United Kingdom', 'FM302417A', '571945444', 'cached_recent', '2026-02-20T00:00:00Z', 'Bristol');
INSERT INTO patient_conditions (patient_id, condition_name, status, since_date) VALUES ('pt-0195', 'Overactive bladder', 'controlled', '2019-08-07');
INSERT INTO patient_appointments (patient_id, appointment_date, appointment_time, type, location, reason, verified_up_to_date) VALUES ('pt-0195', '2023-09-19', '14:20', 'Cardiology follow-up', 'GP practice', 'treatment follow-up', 1);
INSERT INTO patient_appointments (patient_id, appointment_date, appointment_time, type, location, reason, verified_up_to_date) VALUES ('pt-0195', '2025-08-13', '14:45', 'Physiotherapy', 'Community clinic', 'results discussion', 1);

INSERT INTO patients (id, name, age, gender, address_line1, city, county, postcode, country, telephone, email, gp_name, gp_practice, gp_address, national_insurance_number, passport_number, cache_status, last_synced_at, meta_region) VALUES ('pt-0196', 'Daniel Campbell', 18, 'Male', 'Flat 30, 32 Wall Street', 'Liverpool', 'Merseyside', 'L1 8JQ', 'UK', '+44 7691 583581', 'daniel.campbell32@icloud.com', 'Dr Rachel Clarke', 'Brownlow Group Practice', '150 Mt Pleasant, Liverpool L69 3GD, United Kingdom', 'HZ185469D', '537101700', 'verified_online', '2026-02-16T00:00:00Z', 'Liverpool');
INSERT INTO patient_conditions (patient_id, condition_name, status, since_date) VALUES ('pt-0196', 'Gout', 'active', '2024-08-17');
INSERT INTO patient_appointments (patient_id, appointment_date, appointment_time, type, location, reason, verified_up_to_date) VALUES ('pt-0196', '2025-08-21', '17:50', 'Blood test', 'Hospital outpatient department', 'routine review', 0);

INSERT INTO patients (id, name, age, gender, address_line1, city, county, postcode, country, telephone, email, gp_name, gp_practice, gp_address, national_insurance_number, passport_number, cache_status, last_synced_at, meta_region) VALUES ('pt-0197', 'Jack Smith', 86, 'Male', 'Flat 8, 208 Anchor Road', 'Bristol', 'Bristol', 'BS1 5AS', 'UK', '+44 7816 370450', 'jack.smith36@gmail.com', 'Dr Grace Foster', 'Brownlow Group Practice', '150 Mt Pleasant, Liverpool L69 3GD, United Kingdom', 'YE155214C', '027853390', 'cached_recent', '2026-03-01T00:00:00Z', 'Bristol');
INSERT INTO patient_conditions (patient_id, condition_name, status, since_date) VALUES ('pt-0197', 'Heart failure', 'active', '2021-01-06');
INSERT INTO patient_conditions (patient_id, condition_name, status, since_date) VALUES ('pt-0197', 'Osteoarthritis', 'active', '2017-10-01');
INSERT INTO patient_conditions (patient_id, condition_name, status, since_date) VALUES ('pt-0197', 'Dementia', 'active', '2012-01-28');
INSERT INTO patient_conditions (patient_id, condition_name, status, since_date) VALUES ('pt-0197', 'Hypothyroidism', 'history', '2020-10-16');
INSERT INTO patient_conditions (patient_id, condition_name, status, since_date) VALUES ('pt-0197', 'Glaucoma', 'active', '2014-06-15');
INSERT INTO patient_prescriptions (patient_id, drug, indication, dose, frequency, start_date, prescriber) VALUES ('pt-0197', 'Ramipril', 'Hypertension/Heart failure', '2 puffs', 'twice daily', '2025-03-24', 'Dr Owen Taylor');
INSERT INTO patient_appointments (patient_id, appointment_date, appointment_time, type, location, reason, verified_up_to_date) VALUES ('pt-0197', '2026-07-11', '11:30', 'Blood test', 'Hospital outpatient department', 'vaccination', 1);
INSERT INTO patient_vaccine_records (patient_id, vaccine, vaccine_date, product) VALUES ('pt-0197', 'COVID-19', '2022-07-01', 'Spikevax');
INSERT INTO patient_vaccine_records (patient_id, vaccine, vaccine_date, product) VALUES ('pt-0197', 'Influenza (seasonal)', '2024-03-16', NULL);
INSERT INTO patient_vaccine_records (patient_id, vaccine, vaccine_date, product) VALUES ('pt-0197', 'Pneumococcal', '2023-04-15', NULL);
INSERT INTO patient_vaccine_records (patient_id, vaccine, vaccine_date, product) VALUES ('pt-0197', 'Shingles (Shingrix)', '2024-03-04', 'Shingrix');

INSERT INTO patients (id, name, age, gender, address_line1, city, county, postcode, country, telephone, email, gp_name, gp_practice, gp_address, national_insurance_number, passport_number, cache_status, last_synced_at, meta_region) VALUES ('pt-0198', 'Eliza Moore', 6, 'Female', '171 South John Street', 'Liverpool', 'Merseyside', 'L1 8JF', 'UK', '+44 7301 473818', 'eliza.moore59@gmail.com', 'Dr Amir Smith', 'Brownlow Group Practice', '150 Mt Pleasant, Liverpool L69 3GD, United Kingdom', 'XZ825948B', '796048418', 'cached_stale', '2026-02-19T00:00:00Z', 'Liverpool');
INSERT INTO patient_conditions (patient_id, condition_name, status, since_date) VALUES ('pt-0198', 'Hypertension', 'history', '2021-11-17');
INSERT INTO patient_appointments (patient_id, appointment_date, appointment_time, type, location, reason, verified_up_to_date) VALUES ('pt-0198', '2026-07-30', '13:40', 'Vaccination appointment', 'Home visit', 'vaccination', 1);
INSERT INTO patient_vaccine_records (patient_id, vaccine, vaccine_date, product) VALUES ('pt-0198', 'COVID-19', '2016-07-18', 'Nuvaxovid');
INSERT INTO patient_vaccine_records (patient_id, vaccine, vaccine_date, product) VALUES ('pt-0198', 'Td/Tdap (tetanus, diphtheria, pertussis)', '2019-11-15', NULL);

INSERT INTO patients (id, name, age, gender, address_line1, city, county, postcode, country, telephone, email, gp_name, gp_practice, gp_address, national_insurance_number, passport_number, cache_status, last_synced_at, meta_region) VALUES ('pt-0199', 'Stephen Davies', 61, 'Male', '108 Claremont Place', 'Newcastle upon Tyne', 'Tyne and Wear', 'NE1 4LP', 'UK', '+44 7219 563363', 'stephendavies@gmail.com', 'Dr Helen Foster', 'Brownlow Group Practice', '150 Mt Pleasant, Liverpool L69 3GD, United Kingdom', 'RS225437D', '322080630', 'cached_stale', '2026-02-08T00:00:00Z', 'Newcastle upon Tyne');
INSERT INTO patient_conditions (patient_id, condition_name, status, since_date) VALUES ('pt-0199', 'Overactive bladder', 'controlled', '2016-04-20');
INSERT INTO patient_appointments (patient_id, appointment_date, appointment_time, type, location, reason, verified_up_to_date) VALUES ('pt-0199', '2026-09-20', '12:10', 'Cardiology follow-up', 'GP practice', 'symptom check', 1);

INSERT INTO patients (id, name, age, gender, address_line1, city, county, postcode, country, telephone, email, gp_name, gp_practice, gp_address, national_insurance_number, passport_number, cache_status, last_synced_at, meta_region) VALUES ('pt-0200', 'Ryan Powell', 73, 'Male', 'Flat 43, 76 Calverley Street', 'Leeds', 'West Yorkshire', 'LS1 1UR', 'UK', '+44 7897 213992', 'ryanpowell@hotmail.co.uk', 'Dr Fatima Wilson', 'Brownlow Group Practice', '150 Mt Pleasant, Liverpool L69 3GD, United Kingdom', 'QJ335560D', '110506411', 'cached_recent', '2026-03-04T00:00:00Z', 'Leeds');
INSERT INTO patient_conditions (patient_id, condition_name, status, since_date) VALUES ('pt-0200', 'Gastro-oesophageal reflux disease (GORD)', 'history', '2022-09-18');
INSERT INTO patient_conditions (patient_id, condition_name, status, since_date) VALUES ('pt-0200', 'Benign prostatic hyperplasia (BPH)', 'monitoring', '2017-02-08');
INSERT INTO patient_appointments (patient_id, appointment_date, appointment_time, type, location, reason, verified_up_to_date) VALUES ('pt-0200', '2026-01-14', '15:10', 'Diabetes clinic', 'Home visit', 'routine review', 1);
INSERT INTO patient_vaccine_records (patient_id, vaccine, vaccine_date, product) VALUES ('pt-0200', 'Pneumococcal', '2023-09-18', NULL);

INSERT INTO patients (id, name, age, gender, address_line1, city, county, postcode, country, telephone, email, gp_name, gp_practice, gp_address, national_insurance_number, passport_number, cache_status, last_synced_at, meta_region) VALUES ('pt-0201', 'Bethany Stewart', 73, 'Female', 'Apt 40, 36 Little Lever Street', 'Manchester', 'Greater Manchester', 'M1 1AL', 'UK', '+44 7462 777162', 'bethany834@hotmail.co.uk', 'Dr Ben Patel', 'Brownlow Group Practice', '150 Mt Pleasant, Liverpool L69 3GD, United Kingdom', 'AW212035B', '710875738', 'cached_stale', '2026-02-18T00:00:00Z', 'Manchester');
INSERT INTO patient_conditions (patient_id, condition_name, status, since_date) VALUES ('pt-0201', 'Chronic kidney disease', 'monitoring', '2018-08-31');

INSERT INTO patients (id, name, age, gender, address_line1, city, county, postcode, country, telephone, email, gp_name, gp_practice, gp_address, national_insurance_number, passport_number, cache_status, last_synced_at, meta_region) VALUES ('pt-0202', 'Matilda Walker', 5, 'Female', '66 Briggate', 'Leeds', 'West Yorkshire', 'LS1 1UR', 'UK', '+44 7583 240807', 'matilda.walker@hotmail.co.uk', 'Dr Maya Patel', 'Brownlow Group Practice', '150 Mt Pleasant, Liverpool L69 3GD, United Kingdom', 'YX433877B', '938397328', 'cached_stale', '2026-02-02T00:00:00Z', 'Leeds');
INSERT INTO patient_conditions (patient_id, condition_name, status, since_date) VALUES ('pt-0202', 'Overactive bladder', 'active', '2025-12-20');
INSERT INTO patient_vaccine_records (patient_id, vaccine, vaccine_date, product) VALUES ('pt-0202', 'COVID-19', '2022-08-13', 'Spikevax');
INSERT INTO patient_vaccine_records (patient_id, vaccine, vaccine_date, product) VALUES ('pt-0202', 'COVID-19 booster', '2021-02-03', 'Comirnaty');

INSERT INTO patients (id, name, age, gender, address_line1, city, county, postcode, country, telephone, email, gp_name, gp_practice, gp_address, national_insurance_number, passport_number, cache_status, last_synced_at, meta_region) VALUES ('pt-0203', 'Katherine Patel', 87, 'Female', '45 Belvedere Road', 'London', 'Greater London', 'SW1A 1AA', 'UK', '+44 7579 739664', 'katherine.patel@icloud.com', 'Dr Grace Evans', 'Brownlow Group Practice', '150 Mt Pleasant, Liverpool L69 3GD, United Kingdom', 'IO473210B', '698408604', 'verified_online', '2026-02-02T00:00:00Z', 'London');
INSERT INTO patient_conditions (patient_id, condition_name, status, since_date) VALUES ('pt-0203', 'Osteoporosis', 'controlled', '2015-04-24');
INSERT INTO patient_prescriptions (patient_id, drug, indication, dose, frequency, start_date, prescriber) VALUES ('pt-0203', 'Omeprazole', 'Reflux/Ulcer prevention', '2 puffs', 'as needed', '2024-08-08', 'Dr Robert Ahmed');
INSERT INTO patient_prescriptions (patient_id, drug, indication, dose, frequency, start_date, prescriber) VALUES ('pt-0203', 'Donepezil', 'Dementia', '2 puffs', 'once daily', '2023-12-17', 'Dr Helen Morgan');
INSERT INTO patient_appointments (patient_id, appointment_date, appointment_time, type, location, reason, verified_up_to_date) VALUES ('pt-0203', '2023-06-11', '16:00', 'Mental health check-in', 'Hospital outpatient department', 'routine review', 0);
INSERT INTO patient_appointments (patient_id, appointment_date, appointment_time, type, location, reason, verified_up_to_date) VALUES ('pt-0203', '2025-12-31', '13:50', 'Respiratory review', 'Telehealth', 'annual monitoring', 1);
INSERT INTO patient_vaccine_records (patient_id, vaccine, vaccine_date, product) VALUES ('pt-0203', 'COVID-19', '2023-06-11', 'Comirnaty');
INSERT INTO patient_vaccine_records (patient_id, vaccine, vaccine_date, product) VALUES ('pt-0203', 'Influenza (seasonal)', '2024-12-08', NULL);
INSERT INTO patient_vaccine_records (patient_id, vaccine, vaccine_date, product) VALUES ('pt-0203', 'Td/Tdap (tetanus, diphtheria, pertussis)', '2022-08-16', NULL);

INSERT INTO patients (id, name, age, gender, address_line1, city, county, postcode, country, telephone, email, gp_name, gp_practice, gp_address, national_insurance_number, passport_number, cache_status, last_synced_at, meta_region) VALUES ('pt-0204', 'Phoebe Thomas', 25, 'Female', 'Flat 15, 212 The Mall', 'London', 'Greater London', 'SW1A 1BA', 'UK', '+44 7557 559849', 'phoebethomas@icloud.com', 'Dr Owen Evans', 'Brownlow Group Practice', '150 Mt Pleasant, Liverpool L69 3GD, United Kingdom', 'SD097362B', '544068557', 'cached_stale', '2026-02-21T00:00:00Z', 'London');
INSERT INTO patient_conditions (patient_id, condition_name, status, since_date) VALUES ('pt-0204', 'Obesity', 'controlled', '2024-01-24');
INSERT INTO patient_conditions (patient_id, condition_name, status, since_date) VALUES ('pt-0204', 'Osteoporosis', 'active', '2024-02-13');
INSERT INTO patient_prescriptions (patient_id, drug, indication, dose, frequency, start_date, prescriber) VALUES ('pt-0204', 'Levothyroxine', 'Hypothyroidism', '10 mg', 'once daily', '2023-05-24', 'Dr Helen Ahmed');
INSERT INTO patient_appointments (patient_id, appointment_date, appointment_time, type, location, reason, verified_up_to_date) VALUES ('pt-0204', '2026-01-20', '11:20', 'Cardiology follow-up', 'Hospital outpatient department', 'symptom check', 0);
INSERT INTO patient_vaccine_records (patient_id, vaccine, vaccine_date, product) VALUES ('pt-0204', 'MMR', '2024-08-30', NULL);

INSERT INTO patients (id, name, age, gender, address_line1, city, county, postcode, country, telephone, email, gp_name, gp_practice, gp_address, national_insurance_number, passport_number, cache_status, last_synced_at, meta_region) VALUES ('pt-0205', 'Hannah Stewart', 20, 'Female', '4 Westminster Bridge Road', 'London', 'Greater London', 'SW1A 1AA', 'UK', '+44 7371 752123', 'hannah.stewart@hotmail.co.uk', 'Dr Fatima Ahmed', 'Brownlow Group Practice', '150 Mt Pleasant, Liverpool L69 3GD, United Kingdom', 'AP035885B', '980945763', 'cached_recent', '2026-02-04T00:00:00Z', 'London');
INSERT INTO patient_conditions (patient_id, condition_name, status, since_date) VALUES ('pt-0205', 'Hypothyroidism', 'history', '2011-07-18');
INSERT INTO patient_prescriptions (patient_id, drug, indication, dose, frequency, start_date, prescriber) VALUES ('pt-0205', 'Amlodipine', 'Hypertension/Angina', '100 mg', 'as needed', '2024-11-28', 'Dr Maya Patel');
INSERT INTO patient_appointments (patient_id, appointment_date, appointment_time, type, location, reason, verified_up_to_date) VALUES ('pt-0205', '2023-05-23', '08:20', 'Respiratory review', 'Hospital outpatient department', 'treatment follow-up', 0);
INSERT INTO patient_appointments (patient_id, appointment_date, appointment_time, type, location, reason, verified_up_to_date) VALUES ('pt-0205', '2025-07-10', '10:15', 'Mental health check-in', 'Community clinic', 'vaccination', 1);
INSERT INTO patient_appointments (patient_id, appointment_date, appointment_time, type, location, reason, verified_up_to_date) VALUES ('pt-0205', '2025-11-13', '10:00', 'Diabetes clinic', 'Telehealth', 'symptom check', 1);
INSERT INTO patient_appointments (patient_id, appointment_date, appointment_time, type, location, reason, verified_up_to_date) VALUES ('pt-0205', '2027-02-20', '09:45', 'Medication review', 'GP practice', 'annual monitoring', 1);

INSERT INTO patients (id, name, age, gender, address_line1, city, county, postcode, country, telephone, email, gp_name, gp_practice, gp_address, national_insurance_number, passport_number, cache_status, last_synced_at, meta_region) VALUES ('pt-0206', 'Bethany Howard', 92, 'Female', '101 Waverley Bridge', 'Edinburgh', 'City of Edinburgh', 'EH1 1BQ', 'UK', '+44 7149 932773', 'bethany.howard@outlook.com', 'Dr Sarah Graham', 'Brownlow Group Practice', '150 Mt Pleasant, Liverpool L69 3GD, United Kingdom', 'UB875958B', '173822919', 'cached_recent', '2026-02-05T00:00:00Z', 'Edinburgh');
INSERT INTO patient_conditions (patient_id, condition_name, status, since_date) VALUES ('pt-0206', 'Benign prostatic hyperplasia (BPH)', 'history', '2016-12-10');
INSERT INTO patient_conditions (patient_id, condition_name, status, since_date) VALUES ('pt-0206', 'Hypertension', 'monitoring', '2024-12-10');
INSERT INTO patient_prescriptions (patient_id, drug, indication, dose, frequency, start_date, prescriber) VALUES ('pt-0206', 'Finasteride', 'BPH', '20 mg', 'twice daily', '2026-01-22', 'Dr Zoe Jones');
INSERT INTO patient_prescriptions (patient_id, drug, indication, dose, frequency, start_date, prescriber) VALUES ('pt-0206', 'Omeprazole', 'Reflux/Ulcer prevention', '1 puff', 'twice daily', '2024-06-08', 'Dr Owen Hughes');
INSERT INTO patient_appointments (patient_id, appointment_date, appointment_time, type, location, reason, verified_up_to_date) VALUES ('pt-0206', '2026-11-23', '09:20', 'Cardiology follow-up', 'Hospital outpatient department', 'symptom check', 1);
INSERT INTO patient_vaccine_records (patient_id, vaccine, vaccine_date, product) VALUES ('pt-0206', 'COVID-19', '2022-08-05', 'Comirnaty');
INSERT INTO patient_vaccine_records (patient_id, vaccine, vaccine_date, product) VALUES ('pt-0206', 'Pneumococcal', '2025-12-05', NULL);

INSERT INTO patients (id, name, age, gender, address_line1, city, county, postcode, country, telephone, email, gp_name, gp_practice, gp_address, national_insurance_number, passport_number, cache_status, last_synced_at, meta_region) VALUES ('pt-0207', 'Connor Porter', 75, 'Male', 'Flat 5, 216 College Green', 'Bristol', 'Bristol', 'BS1 5BE', 'UK', '+44 7637 149278', 'cporter@outlook.com', 'Dr Grace Foster', 'Brownlow Group Practice', '150 Mt Pleasant, Liverpool L69 3GD, United Kingdom', 'WQ174853C', '170456296', 'cached_recent', '2026-02-11T00:00:00Z', 'Bristol');
INSERT INTO patient_conditions (patient_id, condition_name, status, since_date) VALUES ('pt-0207', 'Gastro-oesophageal reflux disease (GORD)', 'history', '2026-01-21');
INSERT INTO patient_prescriptions (patient_id, drug, indication, dose, frequency, start_date, prescriber) VALUES ('pt-0207', 'Mirtazapine', 'Depression', '10 mg', 'as needed', '2025-07-25', 'Dr Ibrahim Foster');
INSERT INTO patient_appointments (patient_id, appointment_date, appointment_time, type, location, reason, verified_up_to_date) VALUES ('pt-0207', '2026-05-24', '16:10', 'Mental health check-in', 'Community clinic', 'results discussion', 1);
INSERT INTO patient_appointments (patient_id, appointment_date, appointment_time, type, location, reason, verified_up_to_date) VALUES ('pt-0207', '2026-06-15', '09:10', 'Mental health check-in', 'Hospital outpatient department', 'symptom check', 1);

INSERT INTO patients (id, name, age, gender, address_line1, city, county, postcode, country, telephone, email, gp_name, gp_practice, gp_address, national_insurance_number, passport_number, cache_status, last_synced_at, meta_region) VALUES ('pt-0208', 'Eleanor Stewart', 79, 'Female', 'Flat 22, 213 Edward''s Walk', 'Newcastle upon Tyne', 'Tyne and Wear', 'NE1 4LP', 'UK', '+44 7386 983241', 'estewart@hotmail.co.uk', 'Dr Grace Smith', 'Brownlow Group Practice', '150 Mt Pleasant, Liverpool L69 3GD, United Kingdom', 'UQ344802D', '716162690', 'verified_online', '2026-02-26T00:00:00Z', 'Newcastle upon Tyne');
INSERT INTO patient_conditions (patient_id, condition_name, status, since_date) VALUES ('pt-0208', 'Osteoarthritis', 'monitoring', '2015-11-12');
INSERT INTO patient_conditions (patient_id, condition_name, status, since_date) VALUES ('pt-0208', 'Hypothyroidism', 'active', '2024-12-06');
INSERT INTO patient_conditions (patient_id, condition_name, status, since_date) VALUES ('pt-0208', 'Glaucoma', 'active', '2012-07-05');
INSERT INTO patient_prescriptions (patient_id, drug, indication, dose, frequency, start_date, prescriber) VALUES ('pt-0208', 'Simvastatin', 'High cholesterol', '200 mg', 'twice daily', '2025-07-10', 'Dr Ibrahim Campbell');
INSERT INTO patient_prescriptions (patient_id, drug, indication, dose, frequency, start_date, prescriber) VALUES ('pt-0208', 'Citalopram', 'Depression/Anxiety', '2.5 mg', 'twice daily', '2024-07-26', 'Dr Hannah Wilson');
INSERT INTO patient_appointments (patient_id, appointment_date, appointment_time, type, location, reason, verified_up_to_date) VALUES ('pt-0208', '2023-03-27', '09:30', 'Mental health check-in', 'GP practice', 'vaccination', 0);
INSERT INTO patient_appointments (patient_id, appointment_date, appointment_time, type, location, reason, verified_up_to_date) VALUES ('pt-0208', '2025-08-23', '15:30', 'Cardiology follow-up', 'Telehealth', 'routine review', 1);
INSERT INTO patient_appointments (patient_id, appointment_date, appointment_time, type, location, reason, verified_up_to_date) VALUES ('pt-0208', '2026-02-16', '12:00', 'Vaccination appointment', 'Hospital outpatient department', 'routine review', 0);
INSERT INTO patient_appointments (patient_id, appointment_date, appointment_time, type, location, reason, verified_up_to_date) VALUES ('pt-0208', '2026-04-19', '09:15', 'Cardiology follow-up', 'Home visit', 'symptom check', 1);
INSERT INTO patient_appointments (patient_id, appointment_date, appointment_time, type, location, reason, verified_up_to_date) VALUES ('pt-0208', '2026-05-26', '12:10', 'Mental health check-in', 'Telehealth', 'results discussion', 1);
INSERT INTO patient_vaccine_records (patient_id, vaccine, vaccine_date, product) VALUES ('pt-0208', 'Pneumococcal', '2017-04-24', NULL);

INSERT INTO patients (id, name, age, gender, address_line1, city, county, postcode, country, telephone, email, gp_name, gp_practice, gp_address, national_insurance_number, passport_number, cache_status, last_synced_at, meta_region) VALUES ('pt-0209', 'Adam O''Connor', 92, 'Male', 'Flat 43, 145 Anchor Road', 'Bristol', 'Bristol', 'BS1 5AF', 'UK', '+44 7671 908251', 'aoconnor@icloud.com', 'Dr Kate Evans', 'Brownlow Group Practice', '150 Mt Pleasant, Liverpool L69 3GD, United Kingdom', 'YL818904B', '907011027', 'cached_stale', '2026-02-07T00:00:00Z', 'Bristol');
INSERT INTO patient_conditions (patient_id, condition_name, status, since_date) VALUES ('pt-0209', 'History of stroke/TIA', 'active', '2024-02-03');
INSERT INTO patient_conditions (patient_id, condition_name, status, since_date) VALUES ('pt-0209', 'Benign prostatic hyperplasia (BPH)', 'controlled', '2019-04-09');
INSERT INTO patient_prescriptions (patient_id, drug, indication, dose, frequency, start_date, prescriber) VALUES ('pt-0209', 'Beclometasone dipropionate', 'Asthma/COPD', '2 puffs', 'at night', '2023-05-25', 'Dr Hannah Wilson');
INSERT INTO patient_appointments (patient_id, appointment_date, appointment_time, type, location, reason, verified_up_to_date) VALUES ('pt-0209', '2026-02-03', '09:30', 'Vaccination appointment', 'GP practice', 'vaccination', 0);
INSERT INTO patient_appointments (patient_id, appointment_date, appointment_time, type, location, reason, verified_up_to_date) VALUES ('pt-0209', '2026-08-21', '08:45', 'Vaccination appointment', 'GP practice', 'symptom check', 1);
INSERT INTO patient_vaccine_records (patient_id, vaccine, vaccine_date, product) VALUES ('pt-0209', 'COVID-19', '2019-12-03', 'Comirnaty');
INSERT INTO patient_vaccine_records (patient_id, vaccine, vaccine_date, product) VALUES ('pt-0209', 'Influenza (seasonal)', '2025-03-16', NULL);
INSERT INTO patient_vaccine_records (patient_id, vaccine, vaccine_date, product) VALUES ('pt-0209', 'Shingles (Shingrix)', '2025-06-21', 'Shingrix');

INSERT INTO patients (id, name, age, gender, address_line1, city, county, postcode, country, telephone, email, gp_name, gp_practice, gp_address, national_insurance_number, passport_number, cache_status, last_synced_at, meta_region) VALUES ('pt-0210', 'Alfie Morgan', 80, 'Male', 'Flat 2, 176 Edward''s Walk', 'Newcastle upon Tyne', 'Tyne and Wear', 'NE1 4LP', 'UK', '+44 7594 978634', 'alfie.morgan54@outlook.com', 'Dr Richard Smith', 'Brownlow Group Practice', '150 Mt Pleasant, Liverpool L69 3GD, United Kingdom', 'NF889092D', '673510042', 'cached_recent', '2026-02-19T00:00:00Z', 'Newcastle upon Tyne');
INSERT INTO patient_conditions (patient_id, condition_name, status, since_date) VALUES ('pt-0210', 'Depression', 'monitoring', '2022-07-14');
INSERT INTO patient_conditions (patient_id, condition_name, status, since_date) VALUES ('pt-0210', 'Atrial fibrillation', 'monitoring', '2023-09-27');
INSERT INTO patient_conditions (patient_id, condition_name, status, since_date) VALUES ('pt-0210', 'Hypertension', 'history', '2025-01-19');
INSERT INTO patient_conditions (patient_id, condition_name, status, since_date) VALUES ('pt-0210', 'Asthma', 'controlled', '2013-04-10');
INSERT INTO patient_prescriptions (patient_id, drug, indication, dose, frequency, start_date, prescriber) VALUES ('pt-0210', 'Beclometasone dipropionate', 'Asthma/COPD', '1 injection', 'as needed', '2023-12-28', 'Dr Maya Brown');
INSERT INTO patient_appointments (patient_id, appointment_date, appointment_time, type, location, reason, verified_up_to_date) VALUES ('pt-0210', '2025-08-27', '08:20', 'Mental health check-in', 'Community clinic', 'vaccination', 1);
INSERT INTO patient_appointments (patient_id, appointment_date, appointment_time, type, location, reason, verified_up_to_date) VALUES ('pt-0210', '2026-04-02', '09:30', 'Ophthalmology', 'Telehealth', 'routine review', 1);

INSERT INTO patients (id, name, age, gender, address_line1, city, county, postcode, country, telephone, email, gp_name, gp_practice, gp_address, national_insurance_number, passport_number, cache_status, last_synced_at, meta_region) VALUES ('pt-0211', 'Leah Green', 52, 'Female', 'Apt 3, 33 Lever Street', 'Manchester', 'Greater Manchester', 'M1 1AL', 'UK', '+44 7764 619018', 'lgreen@gmail.com', 'Dr Aisha Clarke', 'Brownlow Group Practice', '150 Mt Pleasant, Liverpool L69 3GD, United Kingdom', 'DM601885D', '864269773', 'cached_recent', '2026-02-14T00:00:00Z', 'Manchester');
INSERT INTO patient_conditions (patient_id, condition_name, status, since_date) VALUES ('pt-0211', 'Asthma', 'monitoring', '2013-07-13');
INSERT INTO patient_conditions (patient_id, condition_name, status, since_date) VALUES ('pt-0211', 'Chronic back pain', 'active', '2024-09-23');
INSERT INTO patient_prescriptions (patient_id, drug, indication, dose, frequency, start_date, prescriber) VALUES ('pt-0211', 'Tamsulosin', 'BPH', '500 mg', 'as needed', '2023-06-21', 'Dr Kieran Smith');
INSERT INTO patient_prescriptions (patient_id, drug, indication, dose, frequency, start_date, prescriber) VALUES ('pt-0211', 'Sertraline', 'Depression/Anxiety', '2.5 mg', 'once weekly', '2025-12-17', 'Dr Matthew Smith');
INSERT INTO patient_appointments (patient_id, appointment_date, appointment_time, type, location, reason, verified_up_to_date) VALUES ('pt-0211', '2025-12-04', '14:15', 'Vaccination appointment', 'Community clinic', 'vaccination', 0);
INSERT INTO patient_appointments (patient_id, appointment_date, appointment_time, type, location, reason, verified_up_to_date) VALUES ('pt-0211', '2026-03-01', '09:30', 'Ophthalmology', 'Hospital outpatient department', 'vaccination', 1);
INSERT INTO patient_appointments (patient_id, appointment_date, appointment_time, type, location, reason, verified_up_to_date) VALUES ('pt-0211', '2026-09-07', '17:40', 'GP review', 'Telehealth', 'routine review', 1);
INSERT INTO patient_appointments (patient_id, appointment_date, appointment_time, type, location, reason, verified_up_to_date) VALUES ('pt-0211', '2026-09-28', '15:00', 'Physiotherapy', 'Home visit', 'vaccination', 1);
INSERT INTO patient_appointments (patient_id, appointment_date, appointment_time, type, location, reason, verified_up_to_date) VALUES ('pt-0211', '2027-02-15', '12:40', 'Cardiology follow-up', 'Telehealth', 'treatment follow-up', 0);
INSERT INTO patient_vaccine_records (patient_id, vaccine, vaccine_date, product) VALUES ('pt-0211', 'COVID-19', '2021-07-01', 'Nuvaxovid');

INSERT INTO patients (id, name, age, gender, address_line1, city, county, postcode, country, telephone, email, gp_name, gp_practice, gp_address, national_insurance_number, passport_number, cache_status, last_synced_at, meta_region) VALUES ('pt-0212', 'Chloe Wright', 48, 'Female', '108 Park Row', 'Leeds', 'West Yorkshire', 'LS1 1UR', 'UK', '+44 7258 742978', 'chloe952@icloud.com', 'Dr Kieran Foster', 'Brownlow Group Practice', '150 Mt Pleasant, Liverpool L69 3GD, United Kingdom', 'ZO989867A', '718016609', 'verified_online', '2026-02-27T00:00:00Z', 'Leeds');
INSERT INTO patient_conditions (patient_id, condition_name, status, since_date) VALUES ('pt-0212', 'Gout', 'active', '2019-07-20');
INSERT INTO patient_prescriptions (patient_id, drug, indication, dose, frequency, start_date, prescriber) VALUES ('pt-0212', 'Tirzepatide', 'Weight management/Type 2 diabetes', '200 mg', 'as needed', '2023-04-30', 'Dr Chloe Ahmed');
INSERT INTO patient_prescriptions (patient_id, drug, indication, dose, frequency, start_date, prescriber) VALUES ('pt-0212', 'Furosemide', 'Oedema/Heart failure', '2.5 mg', 'as needed', '2023-07-25', 'Dr Grace Khan');
INSERT INTO patient_appointments (patient_id, appointment_date, appointment_time, type, location, reason, verified_up_to_date) VALUES ('pt-0212', '2024-03-02', '16:15', 'Medication review', 'GP practice', 'treatment follow-up', 1);
INSERT INTO patient_appointments (patient_id, appointment_date, appointment_time, type, location, reason, verified_up_to_date) VALUES ('pt-0212', '2025-10-13', '13:10', 'Diabetes clinic', 'Telehealth', 'annual monitoring', 1);

INSERT INTO patients (id, name, age, gender, address_line1, city, county, postcode, country, telephone, email, gp_name, gp_practice, gp_address, national_insurance_number, passport_number, cache_status, last_synced_at, meta_region) VALUES ('pt-0213', 'Chloe Davies', 94, 'Female', '158 Paradise Street', 'Liverpool', 'Merseyside', 'L1 8BQ', 'UK', '+44 7865 699025', 'cdavies@gmail.com', 'Dr Niamh Campbell', 'Brownlow Group Practice', '150 Mt Pleasant, Liverpool L69 3GD, United Kingdom', 'RA049500C', '413284726', 'cached_stale', '2026-02-12T00:00:00Z', 'Liverpool');
INSERT INTO patient_conditions (patient_id, condition_name, status, since_date) VALUES ('pt-0213', 'History of stroke/TIA', 'history', '2023-06-08');
INSERT INTO patient_conditions (patient_id, condition_name, status, since_date) VALUES ('pt-0213', 'Asthma', 'monitoring', '2018-05-14');
INSERT INTO patient_conditions (patient_id, condition_name, status, since_date) VALUES ('pt-0213', 'Chronic back pain', 'controlled', '2017-10-01');
INSERT INTO patient_conditions (patient_id, condition_name, status, since_date) VALUES ('pt-0213', 'Osteoarthritis', 'active', '2020-09-28');
INSERT INTO patient_conditions (patient_id, condition_name, status, since_date) VALUES ('pt-0213', 'Epilepsy', 'history', '2013-01-10');
INSERT INTO patient_prescriptions (patient_id, drug, indication, dose, frequency, start_date, prescriber) VALUES ('pt-0213', 'Co-codamol', 'Pain', '2.5 mg', 'once weekly', '2024-11-20', 'Dr Matthew Campbell');
INSERT INTO patient_vaccine_records (patient_id, vaccine, vaccine_date, product) VALUES ('pt-0213', 'COVID-19', '2016-10-06', 'Nuvaxovid');

INSERT INTO patients (id, name, age, gender, address_line1, city, county, postcode, country, telephone, email, gp_name, gp_practice, gp_address, national_insurance_number, passport_number, cache_status, last_synced_at, meta_region) VALUES ('pt-0214', 'Isabella Simpson', 38, 'Female', '96 Boar Lane', 'Leeds', 'West Yorkshire', 'LS1 1UR', 'UK', '+44 7832 828780', 'isabella.simpson37@hotmail.co.uk', 'Dr Sarah Walsh', 'Brownlow Group Practice', '150 Mt Pleasant, Liverpool L69 3GD, United Kingdom', 'JS274201A', '817106027', 'verified_online', '2026-02-28T00:00:00Z', 'Leeds');
INSERT INTO patient_conditions (patient_id, condition_name, status, since_date) VALUES ('pt-0214', 'Heart failure', 'active', '2017-09-11');
INSERT INTO patient_prescriptions (patient_id, drug, indication, dose, frequency, start_date, prescriber) VALUES ('pt-0214', 'Edoxaban', 'Anticoagulant (AF/VTE)', '200 mg', 'twice daily', '2025-04-04', 'Dr Ibrahim Campbell');
INSERT INTO patient_prescriptions (patient_id, drug, indication, dose, frequency, start_date, prescriber) VALUES ('pt-0214', 'Levothyroxine', 'Hypothyroidism', '5 mg', 'twice daily', '2023-12-20', 'Dr Robert Ahmed');
INSERT INTO patient_appointments (patient_id, appointment_date, appointment_time, type, location, reason, verified_up_to_date) VALUES ('pt-0214', '2025-07-17', '17:30', 'Cardiology follow-up', 'Hospital outpatient department', 'results discussion', 1);
INSERT INTO patient_appointments (patient_id, appointment_date, appointment_time, type, location, reason, verified_up_to_date) VALUES ('pt-0214', '2026-04-12', '08:50', 'Diabetes clinic', 'Community clinic', 'routine review', 1);
INSERT INTO patient_appointments (patient_id, appointment_date, appointment_time, type, location, reason, verified_up_to_date) VALUES ('pt-0214', '2026-05-01', '14:30', 'Cardiology follow-up', 'Home visit', 'annual monitoring', 1);

INSERT INTO patients (id, name, age, gender, address_line1, city, county, postcode, country, telephone, email, gp_name, gp_practice, gp_address, national_insurance_number, passport_number, cache_status, last_synced_at, meta_region) VALUES ('pt-0215', 'Sophia Patel', 37, 'Female', 'Unit 13, 82 Bath Street', 'Glasgow', 'Glasgow City', 'G2 2QZ', 'UK', '+44 7171 984392', 'sophia.patel78@hotmail.co.uk', 'Dr Owen Campbell', 'Brownlow Group Practice', '150 Mt Pleasant, Liverpool L69 3GD, United Kingdom', 'RF150327C', '060895260', 'verified_online', '2026-02-23T00:00:00Z', 'Glasgow');
INSERT INTO patient_conditions (patient_id, condition_name, status, since_date) VALUES ('pt-0215', 'Osteoporosis', 'controlled', '2015-11-25');
INSERT INTO patient_conditions (patient_id, condition_name, status, since_date) VALUES ('pt-0215', 'Gout', 'active', '2023-12-09');
INSERT INTO patient_prescriptions (patient_id, drug, indication, dose, frequency, start_date, prescriber) VALUES ('pt-0215', 'Mirtazapine', 'Depression', '100 mg', 'once weekly', '2024-04-18', 'Dr Ibrahim Foster');
INSERT INTO patient_prescriptions (patient_id, drug, indication, dose, frequency, start_date, prescriber) VALUES ('pt-0215', 'Levothyroxine', 'Hypothyroidism', '5 mg', 'once weekly', '2025-04-21', 'Dr Fatima Morgan');
INSERT INTO patient_vaccine_records (patient_id, vaccine, vaccine_date, product) VALUES ('pt-0215', 'COVID-19', '2020-10-10', 'Comirnaty');

INSERT INTO patients (id, name, age, gender, address_line1, city, county, postcode, country, telephone, email, gp_name, gp_practice, gp_address, national_insurance_number, passport_number, cache_status, last_synced_at, meta_region) VALUES ('pt-0216', 'Georgia Smith', 57, 'Female', '48 Wall Street', 'Liverpool', 'Merseyside', 'L1 8BQ', 'UK', '+44 7851 574283', 'georgia464@hotmail.co.uk', 'Dr Tom Foster', 'Brownlow Group Practice', '150 Mt Pleasant, Liverpool L69 3GD, United Kingdom', 'KK697694D', '142930795', 'cached_recent', '2026-02-19T00:00:00Z', 'Liverpool');
INSERT INTO patient_conditions (patient_id, condition_name, status, since_date) VALUES ('pt-0216', 'Hypercholesterolaemia', 'active', '2023-10-28');
INSERT INTO patient_prescriptions (patient_id, drug, indication, dose, frequency, start_date, prescriber) VALUES ('pt-0216', 'Co-codamol', 'Pain', '0.5 mg', 'once weekly', '2024-10-03', 'Dr Robert Jones');
INSERT INTO patient_prescriptions (patient_id, drug, indication, dose, frequency, start_date, prescriber) VALUES ('pt-0216', 'Finasteride', 'BPH', '2.5 mg', 'once weekly', '2025-09-10', 'Dr Michael Foster');
INSERT INTO patient_appointments (patient_id, appointment_date, appointment_time, type, location, reason, verified_up_to_date) VALUES ('pt-0216', '2025-12-22', '10:45', 'Respiratory review', 'Community clinic', 'annual monitoring', 1);
INSERT INTO patient_appointments (patient_id, appointment_date, appointment_time, type, location, reason, verified_up_to_date) VALUES ('pt-0216', '2026-12-15', '15:50', 'Diabetes clinic', 'Home visit', 'treatment follow-up', 1);
INSERT INTO patient_vaccine_records (patient_id, vaccine, vaccine_date, product) VALUES ('pt-0216', 'Td/Tdap (tetanus, diphtheria, pertussis)', '2018-08-11', NULL);

INSERT INTO patients (id, name, age, gender, address_line1, city, county, postcode, country, telephone, email, gp_name, gp_practice, gp_address, national_insurance_number, passport_number, cache_status, last_synced_at, meta_region) VALUES ('pt-0217', 'John Campbell', 54, 'Male', 'Apt 11, 182 Princes Street', 'Edinburgh', 'City of Edinburgh', 'EH2 2PR', 'UK', '+44 7187 122508', 'jcampbell@gmail.com', 'Dr Matthew Evans', 'Brownlow Group Practice', '150 Mt Pleasant, Liverpool L69 3GD, United Kingdom', 'KL212868B', '228719736', 'cached_stale', '2026-02-07T00:00:00Z', 'Edinburgh');
INSERT INTO patient_prescriptions (patient_id, drug, indication, dose, frequency, start_date, prescriber) VALUES ('pt-0217', 'Aspirin', 'Antiplatelet/Pain', '200 mg', 'once daily', '2024-04-16', 'Dr Hannah Jones');
INSERT INTO patient_prescriptions (patient_id, drug, indication, dose, frequency, start_date, prescriber) VALUES ('pt-0217', 'Amoxicillin', 'Bacterial infection', '100 mg', 'with meals', '2024-01-19', 'Dr Owen Hughes');
INSERT INTO patient_appointments (patient_id, appointment_date, appointment_time, type, location, reason, verified_up_to_date) VALUES ('pt-0217', '2026-05-31', '08:20', 'Vaccination appointment', 'Telehealth', 'vaccination', 1);
INSERT INTO patient_appointments (patient_id, appointment_date, appointment_time, type, location, reason, verified_up_to_date) VALUES ('pt-0217', '2027-01-29', '17:15', 'Vaccination appointment', 'Telehealth', 'symptom check', 1);
INSERT INTO patient_vaccine_records (patient_id, vaccine, vaccine_date, product) VALUES ('pt-0217', 'COVID-19', '2020-03-31', 'Comirnaty');

INSERT INTO patients (id, name, age, gender, address_line1, city, county, postcode, country, telephone, email, gp_name, gp_practice, gp_address, national_insurance_number, passport_number, cache_status, last_synced_at, meta_region) VALUES ('pt-0218', 'Grace Clarke', 69, 'Female', 'Apt 1, 138 Little Lever Street', 'Manchester', 'Greater Manchester', 'M1 1AL', 'UK', '+44 7804 957684', 'grace.clarke57@outlook.com', 'Dr Kate Walsh', 'Brownlow Group Practice', '150 Mt Pleasant, Liverpool L69 3GD, United Kingdom', 'OA515655C', '950909911', 'cached_stale', '2026-02-12T00:00:00Z', 'Manchester');
INSERT INTO patient_prescriptions (patient_id, drug, indication, dose, frequency, start_date, prescriber) VALUES ('pt-0218', 'Tamsulosin', 'BPH', '1 g', 'at night', '2025-10-21', 'Dr Grace Khan');
INSERT INTO patient_vaccine_records (patient_id, vaccine, vaccine_date, product) VALUES ('pt-0218', 'COVID-19', '2026-02-13', 'Comirnaty');

INSERT INTO patients (id, name, age, gender, address_line1, city, county, postcode, country, telephone, email, gp_name, gp_practice, gp_address, national_insurance_number, passport_number, cache_status, last_synced_at, meta_region) VALUES ('pt-0219', 'Victoria Wright', 60, 'Female', '105 Paradise Street', 'Liverpool', 'Merseyside', 'L1 8BN', 'UK', '+44 7664 132897', 'victoria.wright@gmail.com', 'Dr Owen Evans', 'Brownlow Group Practice', '150 Mt Pleasant, Liverpool L69 3GD, United Kingdom', 'JM209340D', '408040078', 'cached_recent', '2026-02-24T00:00:00Z', 'Liverpool');
INSERT INTO patient_appointments (patient_id, appointment_date, appointment_time, type, location, reason, verified_up_to_date) VALUES ('pt-0219', '2024-04-01', '16:30', 'Mental health check-in', 'GP practice', 'results discussion', 1);
INSERT INTO patient_vaccine_records (patient_id, vaccine, vaccine_date, product) VALUES ('pt-0219', 'COVID-19', '2023-09-18', 'Nuvaxovid');

INSERT INTO patients (id, name, age, gender, address_line1, city, county, postcode, country, telephone, email, gp_name, gp_practice, gp_address, national_insurance_number, passport_number, cache_status, last_synced_at, meta_region) VALUES ('pt-0220', 'Chloe Morgan', 60, 'Female', 'Unit 11, 170 Wyndham Arcade', 'Cardiff', 'South Glamorgan', 'CF10 1AL', 'UK', '+44 7109 858232', 'cmorgan@gmail.com', 'Dr Priya Foster', 'Brownlow Group Practice', '150 Mt Pleasant, Liverpool L69 3GD, United Kingdom', 'ES656541D', '677534218', 'cached_stale', '2026-03-03T00:00:00Z', 'Cardiff');
INSERT INTO patient_conditions (patient_id, condition_name, status, since_date) VALUES ('pt-0220', 'Osteoporosis', 'active', '2013-01-30');

INSERT INTO patients (id, name, age, gender, address_line1, city, county, postcode, country, telephone, email, gp_name, gp_practice, gp_address, national_insurance_number, passport_number, cache_status, last_synced_at, meta_region) VALUES ('pt-0221', 'Sophia Thompson', 7, 'Female', '22 Paradise Street', 'Liverpool', 'Merseyside', 'L1 8BU', 'UK', '+44 7706 164242', 'sophia.thompson24@gmail.com', 'Dr Owen Evans', 'Brownlow Group Practice', '150 Mt Pleasant, Liverpool L69 3GD, United Kingdom', 'CF207324C', '154503687', 'verified_online', '2026-02-07T00:00:00Z', 'Liverpool');

INSERT INTO patients (id, name, age, gender, address_line1, city, county, postcode, country, telephone, email, gp_name, gp_practice, gp_address, national_insurance_number, passport_number, cache_status, last_synced_at, meta_region) VALUES ('pt-0222', 'Andrew Moore', 38, 'Male', 'Unit 29, 84 West George Street', 'Glasgow', 'Glasgow City', 'G2 2QZ', 'UK', '+44 7833 567593', 'andrew.moore@hotmail.co.uk', 'Dr Priya Clarke', 'Brownlow Group Practice', '150 Mt Pleasant, Liverpool L69 3GD, United Kingdom', 'SY960845C', '749553368', 'cached_recent', '2026-02-13T00:00:00Z', 'Glasgow');
INSERT INTO patient_conditions (patient_id, condition_name, status, since_date) VALUES ('pt-0222', 'Dementia', 'monitoring', '2016-01-28');
INSERT INTO patient_prescriptions (patient_id, drug, indication, dose, frequency, start_date, prescriber) VALUES ('pt-0222', 'Colecalciferol', 'Vitamin D deficiency', '5 mg', 'at night', '2024-08-01', 'Dr Chloe Clarke');
INSERT INTO patient_vaccine_records (patient_id, vaccine, vaccine_date, product) VALUES ('pt-0222', 'MMR', '2019-02-13', NULL);

INSERT INTO patients (id, name, age, gender, address_line1, city, county, postcode, country, telephone, email, gp_name, gp_practice, gp_address, national_insurance_number, passport_number, cache_status, last_synced_at, meta_region) VALUES ('pt-0223', 'Benjamin Ali', 60, 'Male', '18 St Georges Road', 'Bristol', 'Bristol', 'BS1 5UG', 'UK', '+44 7294 610168', 'benjamin631@icloud.com', 'Dr Maya Hughes', 'Brownlow Group Practice', '150 Mt Pleasant, Liverpool L69 3GD, United Kingdom', 'NF511015A', '379427505', 'verified_online', '2026-02-15T00:00:00Z', 'Bristol');
INSERT INTO patient_conditions (patient_id, condition_name, status, since_date) VALUES ('pt-0223', 'Generalised anxiety disorder', 'history', '2018-06-16');
INSERT INTO patient_conditions (patient_id, condition_name, status, since_date) VALUES ('pt-0223', 'Hypercholesterolaemia', 'active', '2020-03-23');
INSERT INTO patient_conditions (patient_id, condition_name, status, since_date) VALUES ('pt-0223', 'History of stroke/TIA', 'history', '2021-04-28');
INSERT INTO patient_conditions (patient_id, condition_name, status, since_date) VALUES ('pt-0223', 'Depression', 'history', '2020-08-04');
INSERT INTO patient_conditions (patient_id, condition_name, status, since_date) VALUES ('pt-0223', 'Type 2 diabetes', 'active', '2014-04-23');
INSERT INTO patient_conditions (patient_id, condition_name, status, since_date) VALUES ('pt-0223', 'Coronary heart disease', 'history', '2025-05-11');
INSERT INTO patient_prescriptions (patient_id, drug, indication, dose, frequency, start_date, prescriber) VALUES ('pt-0223', 'Gabapentin', 'Neuropathic pain/Epilepsy', '1 tablet', 'twice daily', '2024-01-08', 'Dr Matthew Smith');
INSERT INTO patient_vaccine_records (patient_id, vaccine, vaccine_date, product) VALUES ('pt-0223', 'Pneumococcal', '2019-10-21', NULL);

INSERT INTO patients (id, name, age, gender, address_line1, city, county, postcode, country, telephone, email, gp_name, gp_practice, gp_address, national_insurance_number, passport_number, cache_status, last_synced_at, meta_region) VALUES ('pt-0224', 'Alice Clarke', 54, 'Female', 'Apt 23, 190 Paradise Place', 'Liverpool', 'Merseyside', 'L1 8BU', 'UK', '+44 7804 344777', 'alice941@hotmail.co.uk', 'Dr Holly Roberts', 'Brownlow Group Practice', '150 Mt Pleasant, Liverpool L69 3GD, United Kingdom', 'RK605258C', '749825646', 'cached_recent', '2026-02-20T00:00:00Z', 'Liverpool');
INSERT INTO patient_conditions (patient_id, condition_name, status, since_date) VALUES ('pt-0224', 'Asthma', 'monitoring', '2018-10-31');

INSERT INTO patients (id, name, age, gender, address_line1, city, county, postcode, country, telephone, email, gp_name, gp_practice, gp_address, national_insurance_number, passport_number, cache_status, last_synced_at, meta_region) VALUES ('pt-0225', 'Olivia Price', 48, 'Female', 'Apt 62, 58 Marmora Road', 'Cambridge', 'Cambridgeshire', 'CB1 3PY', 'UK', '+44 7944 750801', 'oliviaprice@hotmail.co.uk', 'Dr David Graham', 'Brownlow Group Practice', '150 Mt Pleasant, Liverpool L69 3GD, United Kingdom', 'KP329429B', '884909762', 'cached_stale', '2026-03-02T00:00:00Z', 'Cambridge');
INSERT INTO patient_conditions (patient_id, condition_name, status, since_date) VALUES ('pt-0225', 'Atrial fibrillation', 'history', '2021-07-23');

INSERT INTO patients (id, name, age, gender, address_line1, city, county, postcode, country, telephone, email, gp_name, gp_practice, gp_address, national_insurance_number, passport_number, cache_status, last_synced_at, meta_region) VALUES ('pt-0226', 'Rachel Russell', 43, 'Female', 'Apt 32, 21 Sauchiehall Street', 'Glasgow', 'Glasgow City', 'G2 2PG', 'UK', '+44 7743 555354', 'rachel671@outlook.com', 'Dr Ben Jones', 'Brownlow Group Practice', '150 Mt Pleasant, Liverpool L69 3GD, United Kingdom', 'KT876686A', '691082762', 'verified_online', '2026-02-06T00:00:00Z', 'Glasgow');
INSERT INTO patient_conditions (patient_id, condition_name, status, since_date) VALUES ('pt-0226', 'Hypertension', 'controlled', '2017-10-27');
INSERT INTO patient_conditions (patient_id, condition_name, status, since_date) VALUES ('pt-0226', 'Chronic kidney disease', 'history', '2012-12-11');
INSERT INTO patient_prescriptions (patient_id, drug, indication, dose, frequency, start_date, prescriber) VALUES ('pt-0226', 'Tiotropium', 'COPD', '0.5 mg', 'once weekly', '2024-01-20', 'Dr Robert Ahmed');
INSERT INTO patient_appointments (patient_id, appointment_date, appointment_time, type, location, reason, verified_up_to_date) VALUES ('pt-0226', '2025-09-23', '12:20', 'Ophthalmology', 'Home visit', 'annual monitoring', 1);

INSERT INTO patients (id, name, age, gender, address_line1, city, county, postcode, country, telephone, email, gp_name, gp_practice, gp_address, national_insurance_number, passport_number, cache_status, last_synced_at, meta_region) VALUES ('pt-0227', 'Mia Lee', 11, 'Female', 'Apt 26, 89 Westminster Bridge Road', 'London', 'Greater London', 'SW1A 1BH', 'UK', '+44 7883 403708', 'mia514@gmail.com', 'Dr Grace Evans', 'Brownlow Group Practice', '150 Mt Pleasant, Liverpool L69 3GD, United Kingdom', 'SB218981B', '625711439', 'cached_stale', '2026-02-25T00:00:00Z', 'London');
INSERT INTO patient_conditions (patient_id, condition_name, status, since_date) VALUES ('pt-0227', 'Dementia', 'active', '2022-03-24');
INSERT INTO patient_appointments (patient_id, appointment_date, appointment_time, type, location, reason, verified_up_to_date) VALUES ('pt-0227', '2024-01-16', '16:10', 'Cardiology follow-up', 'Home visit', 'symptom check', 1);
INSERT INTO patient_appointments (patient_id, appointment_date, appointment_time, type, location, reason, verified_up_to_date) VALUES ('pt-0227', '2024-08-20', '11:20', 'GP review', 'Telehealth', 'routine review', 1);

INSERT INTO patients (id, name, age, gender, address_line1, city, county, postcode, country, telephone, email, gp_name, gp_practice, gp_address, national_insurance_number, passport_number, cache_status, last_synced_at, meta_region) VALUES ('pt-0228', 'Theo Ali', 50, 'Male', '110 West George Street', 'Glasgow', 'Glasgow City', 'G2 2EN', 'UK', '+44 7263 201955', 'theoali@outlook.com', 'Dr Ibrahim Foster', 'Brownlow Group Practice', '150 Mt Pleasant, Liverpool L69 3GD, United Kingdom', 'NX919018C', '081711216', 'verified_online', '2026-03-03T00:00:00Z', 'Glasgow');
INSERT INTO patient_conditions (patient_id, condition_name, status, since_date) VALUES ('pt-0228', 'Hypothyroidism', 'monitoring', '2019-12-27');
INSERT INTO patient_conditions (patient_id, condition_name, status, since_date) VALUES ('pt-0228', 'Atrial fibrillation', 'monitoring', '2021-04-23');
INSERT INTO patient_conditions (patient_id, condition_name, status, since_date) VALUES ('pt-0228', 'Generalised anxiety disorder', 'history', '2015-10-09');
INSERT INTO patient_prescriptions (patient_id, drug, indication, dose, frequency, start_date, prescriber) VALUES ('pt-0228', 'Lansoprazole', 'Reflux/Ulcer prevention', '1 puff', 'with meals', '2024-11-05', 'Dr Grace Khan');
INSERT INTO patient_prescriptions (patient_id, drug, indication, dose, frequency, start_date, prescriber) VALUES ('pt-0228', 'Omeprazole', 'Reflux/Ulcer prevention', '0.5 mg', 'twice daily', '2024-11-15', 'Dr Kieran Smith');
INSERT INTO patient_appointments (patient_id, appointment_date, appointment_time, type, location, reason, verified_up_to_date) VALUES ('pt-0228', '2024-04-30', '15:45', 'Physiotherapy', 'Home visit', 'results discussion', 1);
INSERT INTO patient_appointments (patient_id, appointment_date, appointment_time, type, location, reason, verified_up_to_date) VALUES ('pt-0228', '2025-11-12', '16:30', 'Cardiology follow-up', 'GP practice', 'treatment follow-up', 1);
INSERT INTO patient_appointments (patient_id, appointment_date, appointment_time, type, location, reason, verified_up_to_date) VALUES ('pt-0228', '2025-11-17', '11:00', 'Respiratory review', 'GP practice', 'symptom check', 1);

INSERT INTO patients (id, name, age, gender, address_line1, city, county, postcode, country, telephone, email, gp_name, gp_practice, gp_address, national_insurance_number, passport_number, cache_status, last_synced_at, meta_region) VALUES ('pt-0229', 'Scott Brown', 94, 'Male', 'Unit 9, 189 Broad Street', 'Birmingham', 'West Midlands', 'B1 1BB', 'UK', '+44 7657 271856', 'sbrown@outlook.com', 'Dr Zoe Campbell', 'Brownlow Group Practice', '150 Mt Pleasant, Liverpool L69 3GD, United Kingdom', 'KX670369C', '437014695', 'verified_online', '2026-02-12T00:00:00Z', 'Birmingham');
INSERT INTO patient_conditions (patient_id, condition_name, status, since_date) VALUES ('pt-0229', 'Hypercholesterolaemia', 'monitoring', '2017-03-28');
INSERT INTO patient_prescriptions (patient_id, drug, indication, dose, frequency, start_date, prescriber) VALUES ('pt-0229', 'Levetiracetam', 'Epilepsy', '25 mg', 'once daily', '2025-05-27', 'Dr Robert Jones');
INSERT INTO patient_prescriptions (patient_id, drug, indication, dose, frequency, start_date, prescriber) VALUES ('pt-0229', 'Atorvastatin', 'High cholesterol/Cardiovascular risk', '200 mg', 'once daily', '2023-05-20', 'Dr Matthew Campbell');
INSERT INTO patient_appointments (patient_id, appointment_date, appointment_time, type, location, reason, verified_up_to_date) VALUES ('pt-0229', '2024-04-23', '12:00', 'Respiratory review', 'Community clinic', 'symptom check', 0);
INSERT INTO patient_appointments (patient_id, appointment_date, appointment_time, type, location, reason, verified_up_to_date) VALUES ('pt-0229', '2025-03-17', '17:00', 'Blood test', 'Hospital outpatient department', 'vaccination', 1);
INSERT INTO patient_vaccine_records (patient_id, vaccine, vaccine_date, product) VALUES ('pt-0229', 'COVID-19', '2020-05-08', 'Spikevax');
INSERT INTO patient_vaccine_records (patient_id, vaccine, vaccine_date, product) VALUES ('pt-0229', 'Influenza (seasonal)', '2019-06-16', NULL);

INSERT INTO patients (id, name, age, gender, address_line1, city, county, postcode, country, telephone, email, gp_name, gp_practice, gp_address, national_insurance_number, passport_number, cache_status, last_synced_at, meta_region) VALUES ('pt-0230', 'Connor Howard', 62, 'Male', '77 College Green', 'Bristol', 'Bristol', 'BS1 5TL', 'UK', '+44 7857 337798', 'choward@icloud.com', 'Dr Kate Evans', 'Brownlow Group Practice', '150 Mt Pleasant, Liverpool L69 3GD, United Kingdom', 'DK767405C', '588894456', 'cached_stale', '2026-02-15T00:00:00Z', 'Bristol');
INSERT INTO patient_conditions (patient_id, condition_name, status, since_date) VALUES ('pt-0230', 'Type 2 diabetes', 'controlled', '2024-08-11');
INSERT INTO patient_prescriptions (patient_id, drug, indication, dose, frequency, start_date, prescriber) VALUES ('pt-0230', 'Finasteride', 'BPH', '20 mg', 'twice daily', '2025-05-24', 'Dr David Wilson');

INSERT INTO patients (id, name, age, gender, address_line1, city, county, postcode, country, telephone, email, gp_name, gp_practice, gp_address, national_insurance_number, passport_number, cache_status, last_synced_at, meta_region) VALUES ('pt-0231', 'Arthur Morris', 79, 'Male', '125 Briggate', 'Leeds', 'West Yorkshire', 'LS1 1UR', 'UK', '+44 7753 201279', 'arthur.morris@gmail.com', 'Dr Priya Jones', 'Brownlow Group Practice', '150 Mt Pleasant, Liverpool L69 3GD, United Kingdom', 'AJ126956B', '199409014', 'cached_recent', '2026-02-15T00:00:00Z', 'Leeds');
INSERT INTO patient_vaccine_records (patient_id, vaccine, vaccine_date, product) VALUES ('pt-0231', 'Influenza (seasonal)', '2016-12-05', NULL);

INSERT INTO patients (id, name, age, gender, address_line1, city, county, postcode, country, telephone, email, gp_name, gp_practice, gp_address, national_insurance_number, passport_number, cache_status, last_synced_at, meta_region) VALUES ('pt-0232', 'Benjamin Wilson', 66, 'Male', 'Flat 2, 67 Newton Street', 'Manchester', 'Greater Manchester', 'M1 1FJ', 'UK', '+44 7231 722255', 'benjamin.wilson@icloud.com', 'Dr Sarah Campbell', 'Brownlow Group Practice', '150 Mt Pleasant, Liverpool L69 3GD, United Kingdom', 'CQ190036D', '295001062', 'cached_recent', '2026-03-01T00:00:00Z', 'Manchester');
INSERT INTO patient_conditions (patient_id, condition_name, status, since_date) VALUES ('pt-0232', 'Hypothyroidism', 'history', '2023-04-09');
INSERT INTO patient_appointments (patient_id, appointment_date, appointment_time, type, location, reason, verified_up_to_date) VALUES ('pt-0232', '2025-06-06', '09:20', 'Blood test', 'Home visit', 'results discussion', 1);
INSERT INTO patient_appointments (patient_id, appointment_date, appointment_time, type, location, reason, verified_up_to_date) VALUES ('pt-0232', '2025-12-03', '08:45', 'GP review', 'Home visit', 'routine review', 0);
INSERT INTO patient_vaccine_records (patient_id, vaccine, vaccine_date, product) VALUES ('pt-0232', 'Influenza (seasonal)', '2022-03-09', NULL);
INSERT INTO patient_vaccine_records (patient_id, vaccine, vaccine_date, product) VALUES ('pt-0232', 'Td/Tdap (tetanus, diphtheria, pertussis)', '2022-09-29', NULL);
INSERT INTO patient_vaccine_records (patient_id, vaccine, vaccine_date, product) VALUES ('pt-0232', 'MMR', '2021-12-21', NULL);

INSERT INTO patients (id, name, age, gender, address_line1, city, county, postcode, country, telephone, email, gp_name, gp_practice, gp_address, national_insurance_number, passport_number, cache_status, last_synced_at, meta_region) VALUES ('pt-0233', 'Sienna Khan', 49, 'Female', '156 Calverley Street', 'Leeds', 'West Yorkshire', 'LS1 1UR', 'UK', '+44 7242 238410', 'sienna.khan78@gmail.com', 'Dr Sophie Taylor', 'Brownlow Group Practice', '150 Mt Pleasant, Liverpool L69 3GD, United Kingdom', 'OP384487D', '022052082', 'cached_recent', '2026-02-03T00:00:00Z', 'Leeds');
INSERT INTO patient_conditions (patient_id, condition_name, status, since_date) VALUES ('pt-0233', 'Gastro-oesophageal reflux disease (GORD)', 'active', '2019-11-13');

INSERT INTO patients (id, name, age, gender, address_line1, city, county, postcode, country, telephone, email, gp_name, gp_practice, gp_address, national_insurance_number, passport_number, cache_status, last_synced_at, meta_region) VALUES ('pt-0234', 'Abigail Graham', 2, 'Female', 'Apt 15, 162 Claremont Road', 'Newcastle upon Tyne', 'Tyne and Wear', 'NE1 4LP', 'UK', '+44 7250 414932', 'abigail146@gmail.com', 'Dr Richard Smith', 'Brownlow Group Practice', '150 Mt Pleasant, Liverpool L69 3GD, United Kingdom', 'LB534979A', '121067160', 'cached_stale', '2026-02-17T00:00:00Z', 'Newcastle upon Tyne');
INSERT INTO patient_conditions (patient_id, condition_name, status, since_date) VALUES ('pt-0234', 'Coronary heart disease', 'controlled', '2014-04-07');
INSERT INTO patient_conditions (patient_id, condition_name, status, since_date) VALUES ('pt-0234', 'Gastro-oesophageal reflux disease (GORD)', 'controlled', '2013-02-12');
INSERT INTO patient_vaccine_records (patient_id, vaccine, vaccine_date, product) VALUES ('pt-0234', 'COVID-19', '2022-09-29', 'Spikevax');

INSERT INTO patients (id, name, age, gender, address_line1, city, county, postcode, country, telephone, email, gp_name, gp_practice, gp_address, national_insurance_number, passport_number, cache_status, last_synced_at, meta_region) VALUES ('pt-0235', 'Isabella Evans', 35, 'Female', '60 West Nile Street', 'Glasgow', 'Glasgow City', 'G1 2RD', 'UK', '+44 7140 487470', 'ievans@icloud.com', 'Dr Tom Morgan', 'Brownlow Group Practice', '150 Mt Pleasant, Liverpool L69 3GD, United Kingdom', 'UZ961660C', '325877298', 'cached_recent', '2026-02-26T00:00:00Z', 'Glasgow');
INSERT INTO patient_conditions (patient_id, condition_name, status, since_date) VALUES ('pt-0235', 'Osteoarthritis', 'controlled', '2012-09-15');
INSERT INTO patient_conditions (patient_id, condition_name, status, since_date) VALUES ('pt-0235', 'COPD', 'active', '2023-11-17');
INSERT INTO patient_prescriptions (patient_id, drug, indication, dose, frequency, start_date, prescriber) VALUES ('pt-0235', 'Gliclazide', 'Type 2 diabetes', '100 mg', 'twice daily', '2024-08-23', 'Dr Owen Taylor');
INSERT INTO patient_appointments (patient_id, appointment_date, appointment_time, type, location, reason, verified_up_to_date) VALUES ('pt-0235', '2023-11-20', '15:45', 'Diabetes clinic', 'Community clinic', 'treatment follow-up', 1);
INSERT INTO patient_appointments (patient_id, appointment_date, appointment_time, type, location, reason, verified_up_to_date) VALUES ('pt-0235', '2025-05-21', '08:20', 'Physiotherapy', 'Home visit', 'results discussion', 1);

INSERT INTO patients (id, name, age, gender, address_line1, city, county, postcode, country, telephone, email, gp_name, gp_practice, gp_address, national_insurance_number, passport_number, cache_status, last_synced_at, meta_region) VALUES ('pt-0236', 'Liam Green', 47, 'Male', 'Apt 15, 2 Wharton Street', 'Cardiff', 'South Glamorgan', 'CF10 1AB', 'UK', '+44 7565 677392', 'liam.green36@icloud.com', 'Dr Daniel Hughes', 'Brownlow Group Practice', '150 Mt Pleasant, Liverpool L69 3GD, United Kingdom', 'GI053470D', '674430898', 'verified_online', '2026-02-07T00:00:00Z', 'Cardiff');
INSERT INTO patient_conditions (patient_id, condition_name, status, since_date) VALUES ('pt-0236', 'Obesity', 'monitoring', '2017-08-30');
INSERT INTO patient_conditions (patient_id, condition_name, status, since_date) VALUES ('pt-0236', 'Chronic back pain', 'controlled', '2018-03-15');
INSERT INTO patient_conditions (patient_id, condition_name, status, since_date) VALUES ('pt-0236', 'Gout', 'active', '2018-06-14');
INSERT INTO patient_conditions (patient_id, condition_name, status, since_date) VALUES ('pt-0236', 'Benign prostatic hyperplasia (BPH)', 'active', '2023-11-16');
INSERT INTO patient_conditions (patient_id, condition_name, status, since_date) VALUES ('pt-0236', 'Osteoarthritis', 'monitoring', '2015-06-26');
INSERT INTO patient_conditions (patient_id, condition_name, status, since_date) VALUES ('pt-0236', 'Hypothyroidism', 'active', '2022-10-16');
INSERT INTO patient_prescriptions (patient_id, drug, indication, dose, frequency, start_date, prescriber) VALUES ('pt-0236', 'Gabapentin', 'Neuropathic pain/Epilepsy', '1 puff', 'with meals', '2023-12-15', 'Dr Helen Ahmed');
INSERT INTO patient_prescriptions (patient_id, drug, indication, dose, frequency, start_date, prescriber) VALUES ('pt-0236', 'Omeprazole', 'Reflux/Ulcer prevention', '2 puffs', 'as needed', '2024-03-28', 'Dr Robert Jones');
INSERT INTO patient_appointments (patient_id, appointment_date, appointment_time, type, location, reason, verified_up_to_date) VALUES ('pt-0236', '2025-09-29', '15:15', 'Blood test', 'Hospital outpatient department', 'vaccination', 1);
INSERT INTO patient_appointments (patient_id, appointment_date, appointment_time, type, location, reason, verified_up_to_date) VALUES ('pt-0236', '2025-12-06', '17:50', 'Mental health check-in', 'Hospital outpatient department', 'symptom check', 1);
INSERT INTO patient_appointments (patient_id, appointment_date, appointment_time, type, location, reason, verified_up_to_date) VALUES ('pt-0236', '2026-12-12', '13:15', 'Medication review', 'Hospital outpatient department', 'symptom check', 0);

INSERT INTO patients (id, name, age, gender, address_line1, city, county, postcode, country, telephone, email, gp_name, gp_practice, gp_address, national_insurance_number, passport_number, cache_status, last_synced_at, meta_region) VALUES ('pt-0237', 'Megan Johnson', 2, 'Female', '56 Newton Street', 'Manchester', 'Greater Manchester', 'M1 1AE', 'UK', '+44 7424 899383', 'megan235@outlook.com', 'Dr Rachel Graham', 'Brownlow Group Practice', '150 Mt Pleasant, Liverpool L69 3GD, United Kingdom', 'RT018287B', '097901362', 'verified_online', '2026-02-09T00:00:00Z', 'Manchester');
INSERT INTO patient_conditions (patient_id, condition_name, status, since_date) VALUES ('pt-0237', 'Hypothyroidism', 'active', '2020-09-03');
INSERT INTO patient_prescriptions (patient_id, drug, indication, dose, frequency, start_date, prescriber) VALUES ('pt-0237', 'Tirzepatide', 'Weight management/Type 2 diabetes', '10 mg', 'as needed', '2024-09-22', 'Dr Chloe Clarke');

INSERT INTO patients (id, name, age, gender, address_line1, city, county, postcode, country, telephone, email, gp_name, gp_practice, gp_address, national_insurance_number, passport_number, cache_status, last_synced_at, meta_region) VALUES ('pt-0238', 'James Lee', 50, 'Male', 'Apt 26, 157 Morgan Arcade', 'Cardiff', 'South Glamorgan', 'CF10 1AL', 'UK', '+44 7312 328514', 'james331@hotmail.co.uk', 'Dr Daniel Hughes', 'Brownlow Group Practice', '150 Mt Pleasant, Liverpool L69 3GD, United Kingdom', 'HW304798B', '407424954', 'cached_stale', '2026-02-27T00:00:00Z', 'Cardiff');
INSERT INTO patient_conditions (patient_id, condition_name, status, since_date) VALUES ('pt-0238', 'Hypothyroidism', 'history', '2024-03-07');
INSERT INTO patient_conditions (patient_id, condition_name, status, since_date) VALUES ('pt-0238', 'Asthma', 'active', '2019-11-08');
INSERT INTO patient_conditions (patient_id, condition_name, status, since_date) VALUES ('pt-0238', 'Hypertension', 'controlled', '2013-06-07');
INSERT INTO patient_conditions (patient_id, condition_name, status, since_date) VALUES ('pt-0238', 'Hypercholesterolaemia', 'active', '2020-05-05');
INSERT INTO patient_prescriptions (patient_id, drug, indication, dose, frequency, start_date, prescriber) VALUES ('pt-0238', 'Sacubitril/valsartan', 'Heart failure', '1 injection', 'with meals', '2025-04-21', 'Dr Kieran Taylor');
INSERT INTO patient_appointments (patient_id, appointment_date, appointment_time, type, location, reason, verified_up_to_date) VALUES ('pt-0238', '2025-12-05', '14:40', 'Physiotherapy', 'GP practice', 'results discussion', 0);
INSERT INTO patient_vaccine_records (patient_id, vaccine, vaccine_date, product) VALUES ('pt-0238', 'Td/Tdap (tetanus, diphtheria, pertussis)', '2022-06-30', NULL);

INSERT INTO patients (id, name, age, gender, address_line1, city, county, postcode, country, telephone, email, gp_name, gp_practice, gp_address, national_insurance_number, passport_number, cache_status, last_synced_at, meta_region) VALUES ('pt-0239', 'Florence Singh', 45, 'Female', 'Apt 6, 73 Sauchiehall Street', 'Glasgow', 'Glasgow City', 'G2 2EN', 'UK', '+44 7686 786420', 'florencesingh@hotmail.co.uk', 'Dr Ibrahim Foster', 'Brownlow Group Practice', '150 Mt Pleasant, Liverpool L69 3GD, United Kingdom', 'RP987775D', '960915190', 'cached_stale', '2026-02-05T00:00:00Z', 'Glasgow');
INSERT INTO patient_conditions (patient_id, condition_name, status, since_date) VALUES ('pt-0239', 'Dementia', 'monitoring', '2016-04-22');
INSERT INTO patient_conditions (patient_id, condition_name, status, since_date) VALUES ('pt-0239', 'Osteoarthritis', 'monitoring', '2021-11-30');
INSERT INTO patient_prescriptions (patient_id, drug, indication, dose, frequency, start_date, prescriber) VALUES ('pt-0239', 'Colecalciferol', 'Vitamin D deficiency', '1 g', 'twice daily', '2023-05-18', 'Dr Fatima Taylor');
INSERT INTO patient_prescriptions (patient_id, drug, indication, dose, frequency, start_date, prescriber) VALUES ('pt-0239', 'Nitrofurantoin', 'UTI', '100 mg', 'once daily', '2024-06-15', 'Dr David Wilson');
INSERT INTO patient_appointments (patient_id, appointment_date, appointment_time, type, location, reason, verified_up_to_date) VALUES ('pt-0239', '2026-09-21', '08:30', 'Blood test', 'Telehealth', 'annual monitoring', 0);

INSERT INTO patients (id, name, age, gender, address_line1, city, county, postcode, country, telephone, email, gp_name, gp_practice, gp_address, national_insurance_number, passport_number, cache_status, last_synced_at, meta_region) VALUES ('pt-0240', 'Louis Ali', 69, 'Male', 'Flat 39, 74 Wharton Street', 'Cardiff', 'South Glamorgan', 'CF10 1AL', 'UK', '+44 7143 170332', 'louis.ali@hotmail.co.uk', 'Dr Lucy Walsh', 'Brownlow Group Practice', '150 Mt Pleasant, Liverpool L69 3GD, United Kingdom', 'OQ837642D', '727487371', 'cached_stale', '2026-02-20T00:00:00Z', 'Cardiff');
INSERT INTO patient_conditions (patient_id, condition_name, status, since_date) VALUES ('pt-0240', 'Hypertension', 'controlled', '2017-04-15');
INSERT INTO patient_prescriptions (patient_id, drug, indication, dose, frequency, start_date, prescriber) VALUES ('pt-0240', 'Dapagliflozin', 'Type 2 diabetes/Heart failure/CKD', '20 mg', 'twice daily', '2023-06-12', 'Dr Richard Wilson');
INSERT INTO patient_prescriptions (patient_id, drug, indication, dose, frequency, start_date, prescriber) VALUES ('pt-0240', 'Beclometasone dipropionate', 'Asthma/COPD', '20 mg', 'twice daily', '2024-07-12', 'Dr Robert Ahmed');
INSERT INTO patient_vaccine_records (patient_id, vaccine, vaccine_date, product) VALUES ('pt-0240', 'Influenza (seasonal)', '2024-04-27', NULL);

INSERT INTO patients (id, name, age, gender, address_line1, city, county, postcode, country, telephone, email, gp_name, gp_practice, gp_address, national_insurance_number, passport_number, cache_status, last_synced_at, meta_region) VALUES ('pt-0241', 'Peter Byrne', 81, 'Male', 'Apt 8, 196 Belvedere Road', 'London', 'Greater London', 'SW1A 1JR', 'UK', '+44 7233 535997', 'peterbyrne@outlook.com', 'Dr Owen Evans', 'Brownlow Group Practice', '150 Mt Pleasant, Liverpool L69 3GD, United Kingdom', 'UD309768C', '057036462', 'cached_recent', '2026-02-08T00:00:00Z', 'London');
INSERT INTO patient_conditions (patient_id, condition_name, status, since_date) VALUES ('pt-0241', 'COPD', 'active', '2015-10-27');
INSERT INTO patient_prescriptions (patient_id, drug, indication, dose, frequency, start_date, prescriber) VALUES ('pt-0241', 'Ramipril', 'Hypertension/Heart failure', '2.5 mg', 'once weekly', '2025-04-26', 'Dr Fatima Taylor');
INSERT INTO patient_appointments (patient_id, appointment_date, appointment_time, type, location, reason, verified_up_to_date) VALUES ('pt-0241', '2025-03-20', '11:45', 'Diabetes clinic', 'Home visit', 'treatment follow-up', 1);
INSERT INTO patient_vaccine_records (patient_id, vaccine, vaccine_date, product) VALUES ('pt-0241', 'COVID-19', '2026-02-15', 'Spikevax');
INSERT INTO patient_vaccine_records (patient_id, vaccine, vaccine_date, product) VALUES ('pt-0241', 'Influenza (seasonal)', '2022-11-20', NULL);

INSERT INTO patients (id, name, age, gender, address_line1, city, county, postcode, country, telephone, email, gp_name, gp_practice, gp_address, national_insurance_number, passport_number, cache_status, last_synced_at, meta_region) VALUES ('pt-0242', 'Harriet Jackson', 3, 'Female', '102 Bath Street', 'Glasgow', 'Glasgow City', 'G2 2NR', 'UK', '+44 7152 940144', 'harriet.jackson@icloud.com', 'Dr Richard Taylor', 'Brownlow Group Practice', '150 Mt Pleasant, Liverpool L69 3GD, United Kingdom', 'YP454461A', '715455665', 'cached_recent', '2026-02-23T00:00:00Z', 'Glasgow');
INSERT INTO patient_vaccine_records (patient_id, vaccine, vaccine_date, product) VALUES ('pt-0242', 'Hepatitis B', '2017-11-24', NULL);

INSERT INTO patients (id, name, age, gender, address_line1, city, county, postcode, country, telephone, email, gp_name, gp_practice, gp_address, national_insurance_number, passport_number, cache_status, last_synced_at, meta_region) VALUES ('pt-0243', 'Patrick Allen', 42, 'Male', 'Flat 3, 220 Hope Street', 'Glasgow', 'Glasgow City', 'G1 2RD', 'UK', '+44 7481 991912', 'patrick.allen34@hotmail.co.uk', 'Dr Owen Campbell', 'Brownlow Group Practice', '150 Mt Pleasant, Liverpool L69 3GD, United Kingdom', 'UV342394B', '716993102', 'verified_online', '2026-02-28T00:00:00Z', 'Glasgow');
INSERT INTO patient_conditions (patient_id, condition_name, status, since_date) VALUES ('pt-0243', 'Heart failure', 'controlled', '2012-02-14');
INSERT INTO patient_prescriptions (patient_id, drug, indication, dose, frequency, start_date, prescriber) VALUES ('pt-0243', 'Budesonide', 'Respiratory/Inflammation', '200 mg', 'twice daily', '2025-07-26', 'Dr Maya Campbell');
INSERT INTO patient_prescriptions (patient_id, drug, indication, dose, frequency, start_date, prescriber) VALUES ('pt-0243', 'Finasteride', 'BPH', '2.5 mg', 'as needed', '2024-05-09', 'Dr Robert Hughes');
INSERT INTO patient_prescriptions (patient_id, drug, indication, dose, frequency, start_date, prescriber) VALUES ('pt-0243', 'Omeprazole', 'Reflux/Ulcer prevention', '10 mg', 'twice daily', '2023-05-20', 'Dr Alex Wilson');

INSERT INTO patients (id, name, age, gender, address_line1, city, county, postcode, country, telephone, email, gp_name, gp_practice, gp_address, national_insurance_number, passport_number, cache_status, last_synced_at, meta_region) VALUES ('pt-0244', 'Bethany Allen', 61, 'Female', 'Apt 36, 124 Briggate', 'Leeds', 'West Yorkshire', 'LS1 1UR', 'UK', '+44 7538 616579', 'bethanyallen@gmail.com', 'Dr Fatima Wilson', 'Brownlow Group Practice', '150 Mt Pleasant, Liverpool L69 3GD, United Kingdom', 'AP186198A', '143326602', 'verified_online', '2026-02-03T00:00:00Z', 'Leeds');
INSERT INTO patient_conditions (patient_id, condition_name, status, since_date) VALUES ('pt-0244', 'Heart failure', 'active', '2023-08-18');
INSERT INTO patient_conditions (patient_id, condition_name, status, since_date) VALUES ('pt-0244', 'Type 2 diabetes', 'controlled', '2016-10-04');
INSERT INTO patient_conditions (patient_id, condition_name, status, since_date) VALUES ('pt-0244', 'History of stroke/TIA', 'controlled', '2013-05-23');
INSERT INTO patient_conditions (patient_id, condition_name, status, since_date) VALUES ('pt-0244', 'Chronic kidney disease', 'monitoring', '2020-06-08');
INSERT INTO patient_conditions (patient_id, condition_name, status, since_date) VALUES ('pt-0244', 'Hypothyroidism', 'history', '2023-11-21');
INSERT INTO patient_conditions (patient_id, condition_name, status, since_date) VALUES ('pt-0244', 'Asthma', 'active', '2016-08-14');
INSERT INTO patient_prescriptions (patient_id, drug, indication, dose, frequency, start_date, prescriber) VALUES ('pt-0244', 'Metformin', 'Type 2 diabetes', '1 puff', 'as needed', '2023-06-29', 'Dr Richard Patel');
INSERT INTO patient_appointments (patient_id, appointment_date, appointment_time, type, location, reason, verified_up_to_date) VALUES ('pt-0244', '2025-04-04', '13:40', 'Blood test', 'Hospital outpatient department', 'symptom check', 0);
INSERT INTO patient_appointments (patient_id, appointment_date, appointment_time, type, location, reason, verified_up_to_date) VALUES ('pt-0244', '2025-12-06', '14:20', 'Vaccination appointment', 'Home visit', 'symptom check', 1);
INSERT INTO patient_vaccine_records (patient_id, vaccine, vaccine_date, product) VALUES ('pt-0244', 'COVID-19', '2023-10-16', 'Spikevax');

INSERT INTO patients (id, name, age, gender, address_line1, city, county, postcode, country, telephone, email, gp_name, gp_practice, gp_address, national_insurance_number, passport_number, cache_status, last_synced_at, meta_region) VALUES ('pt-0245', 'Leo Wilson', 91, 'Male', '69 Briggate', 'Leeds', 'West Yorkshire', 'LS1 1UR', 'UK', '+44 7932 621789', 'leo484@hotmail.co.uk', 'Dr Priya Jones', 'Brownlow Group Practice', '150 Mt Pleasant, Liverpool L69 3GD, United Kingdom', 'OE855408C', '800239651', 'verified_online', '2026-02-17T00:00:00Z', 'Leeds');
INSERT INTO patient_conditions (patient_id, condition_name, status, since_date) VALUES ('pt-0245', 'Gastro-oesophageal reflux disease (GORD)', 'active', '2024-12-03');
INSERT INTO patient_conditions (patient_id, condition_name, status, since_date) VALUES ('pt-0245', 'Asthma', 'active', '2021-07-20');
INSERT INTO patient_conditions (patient_id, condition_name, status, since_date) VALUES ('pt-0245', 'Hypothyroidism', 'monitoring', '2014-09-17');
INSERT INTO patient_conditions (patient_id, condition_name, status, since_date) VALUES ('pt-0245', 'History of stroke/TIA', 'active', '2022-04-25');
INSERT INTO patient_prescriptions (patient_id, drug, indication, dose, frequency, start_date, prescriber) VALUES ('pt-0245', 'Edoxaban', 'Anticoagulant (AF/VTE)', '20 mg', 'at night', '2025-10-28', 'Dr Aisha Evans');
INSERT INTO patient_prescriptions (patient_id, drug, indication, dose, frequency, start_date, prescriber) VALUES ('pt-0245', 'Gabapentin', 'Neuropathic pain/Epilepsy', '100 mg', 'with meals', '2024-11-21', 'Dr Chloe Clarke');
INSERT INTO patient_appointments (patient_id, appointment_date, appointment_time, type, location, reason, verified_up_to_date) VALUES ('pt-0245', '2023-05-19', '09:00', 'Ophthalmology', 'GP practice', 'symptom check', 1);
INSERT INTO patient_appointments (patient_id, appointment_date, appointment_time, type, location, reason, verified_up_to_date) VALUES ('pt-0245', '2023-11-18', '10:10', 'Respiratory review', 'Hospital outpatient department', 'vaccination', 1);
INSERT INTO patient_appointments (patient_id, appointment_date, appointment_time, type, location, reason, verified_up_to_date) VALUES ('pt-0245', '2025-10-30', '12:40', 'Cardiology follow-up', 'Community clinic', 'results discussion', 1);
INSERT INTO patient_appointments (patient_id, appointment_date, appointment_time, type, location, reason, verified_up_to_date) VALUES ('pt-0245', '2026-07-10', '14:45', 'Blood test', 'Telehealth', 'vaccination', 1);
INSERT INTO patient_vaccine_records (patient_id, vaccine, vaccine_date, product) VALUES ('pt-0245', 'Influenza (seasonal)', '2019-09-16', NULL);

INSERT INTO patients (id, name, age, gender, address_line1, city, county, postcode, country, telephone, email, gp_name, gp_practice, gp_address, national_insurance_number, passport_number, cache_status, last_synced_at, meta_region) VALUES ('pt-0246', 'Alexander Hall', 4, 'Male', 'Unit 15, 13 St Georges Road', 'Bristol', 'Bristol', 'BS1 5QH', 'UK', '+44 7643 509668', 'alexander.hall68@outlook.com', 'Dr Kate Evans', 'Brownlow Group Practice', '150 Mt Pleasant, Liverpool L69 3GD, United Kingdom', 'NY995955A', '488501521', 'verified_online', '2026-02-11T00:00:00Z', 'Bristol');
INSERT INTO patient_conditions (patient_id, condition_name, status, since_date) VALUES ('pt-0246', 'Hypothyroidism', 'active', '2015-03-25');

INSERT INTO patients (id, name, age, gender, address_line1, city, county, postcode, country, telephone, email, gp_name, gp_practice, gp_address, national_insurance_number, passport_number, cache_status, last_synced_at, meta_region) VALUES ('pt-0247', 'Maisie Patel', 58, 'Female', '146 Chicheley Street', 'London', 'Greater London', 'SW1A 1AA', 'UK', '+44 7114 818362', 'mpatel@outlook.com', 'Dr Fatima Ahmed', 'Brownlow Group Practice', '150 Mt Pleasant, Liverpool L69 3GD, United Kingdom', 'PA104291B', '999741662', 'cached_recent', '2026-02-08T00:00:00Z', 'London');
INSERT INTO patient_conditions (patient_id, condition_name, status, since_date) VALUES ('pt-0247', 'Gout', 'active', '2016-04-29');
INSERT INTO patient_conditions (patient_id, condition_name, status, since_date) VALUES ('pt-0247', 'History of stroke/TIA', 'monitoring', '2020-01-14');
INSERT INTO patient_conditions (patient_id, condition_name, status, since_date) VALUES ('pt-0247', 'Hypercholesterolaemia', 'controlled', '2012-02-03');
INSERT INTO patient_conditions (patient_id, condition_name, status, since_date) VALUES ('pt-0247', 'Atrial fibrillation', 'history', '2016-07-16');
INSERT INTO patient_conditions (patient_id, condition_name, status, since_date) VALUES ('pt-0247', 'Osteoporosis', 'history', '2012-04-02');
INSERT INTO patient_appointments (patient_id, appointment_date, appointment_time, type, location, reason, verified_up_to_date) VALUES ('pt-0247', '2025-07-05', '08:30', 'Ophthalmology', 'GP practice', 'results discussion', 1);

INSERT INTO patients (id, name, age, gender, address_line1, city, county, postcode, country, telephone, email, gp_name, gp_practice, gp_address, national_insurance_number, passport_number, cache_status, last_synced_at, meta_region) VALUES ('pt-0248', 'Edward Evans', 74, 'Male', '171 Corporation Street', 'Birmingham', 'West Midlands', 'B1 1BB', 'UK', '+44 7894 951243', 'edwardevans@outlook.com', 'Dr Aisha Hughes', 'Brownlow Group Practice', '150 Mt Pleasant, Liverpool L69 3GD, United Kingdom', 'TU506905A', '799563204', 'cached_stale', '2026-03-03T00:00:00Z', 'Birmingham');
INSERT INTO patient_conditions (patient_id, condition_name, status, since_date) VALUES ('pt-0248', 'Obesity', 'controlled', '2013-11-26');
INSERT INTO patient_conditions (patient_id, condition_name, status, since_date) VALUES ('pt-0248', 'Benign prostatic hyperplasia (BPH)', 'active', '2011-04-04');
INSERT INTO patient_appointments (patient_id, appointment_date, appointment_time, type, location, reason, verified_up_to_date) VALUES ('pt-0248', '2024-09-08', '10:10', 'Medication review', 'Hospital outpatient department', 'routine review', 0);
INSERT INTO patient_appointments (patient_id, appointment_date, appointment_time, type, location, reason, verified_up_to_date) VALUES ('pt-0248', '2025-09-13', '16:30', 'GP review', 'Telehealth', 'routine review', 1);
INSERT INTO patient_appointments (patient_id, appointment_date, appointment_time, type, location, reason, verified_up_to_date) VALUES ('pt-0248', '2026-07-09', '17:30', 'Blood test', 'Hospital outpatient department', 'routine review', 1);

INSERT INTO patients (id, name, age, gender, address_line1, city, county, postcode, country, telephone, email, gp_name, gp_practice, gp_address, national_insurance_number, passport_number, cache_status, last_synced_at, meta_region) VALUES ('pt-0249', 'Lucy Stewart', 65, 'Female', 'Unit 17, 63 Donegall Square North', 'Belfast', 'County Antrim', 'BT1 5GA', 'UK', '+44 7828 197597', 'lucy.stewart18@gmail.com', 'Dr Rachel Ahmed', 'Brownlow Group Practice', '150 Mt Pleasant, Liverpool L69 3GD, United Kingdom', 'LD099779C', '824632414', 'cached_stale', '2026-02-19T00:00:00Z', 'Belfast');
INSERT INTO patient_conditions (patient_id, condition_name, status, since_date) VALUES ('pt-0249', 'Osteoarthritis', 'active', '2024-06-23');
INSERT INTO patient_conditions (patient_id, condition_name, status, since_date) VALUES ('pt-0249', 'COPD', 'history', '2023-08-06');
INSERT INTO patient_conditions (patient_id, condition_name, status, since_date) VALUES ('pt-0249', 'Asthma', 'active', '2018-10-28');
INSERT INTO patient_conditions (patient_id, condition_name, status, since_date) VALUES ('pt-0249', 'Gout', 'active', '2025-06-29');
INSERT INTO patient_prescriptions (patient_id, drug, indication, dose, frequency, start_date, prescriber) VALUES ('pt-0249', 'Clopidogrel', 'Antiplatelet (post-MI/stroke)', '1 injection', 'once daily', '2023-06-25', 'Dr Chloe Khan');
INSERT INTO patient_prescriptions (patient_id, drug, indication, dose, frequency, start_date, prescriber) VALUES ('pt-0249', 'Empagliflozin', 'Type 2 diabetes/Heart failure', '0.5 mg', 'twice daily', '2024-08-14', 'Dr Fatima Taylor');

INSERT INTO patients (id, name, age, gender, address_line1, city, county, postcode, country, telephone, email, gp_name, gp_practice, gp_address, national_insurance_number, passport_number, cache_status, last_synced_at, meta_region) VALUES ('pt-0250', 'Liam Watson', 86, 'Male', '148 Broad Street', 'Birmingham', 'West Midlands', 'B1 1BB', 'UK', '+44 7354 238882', 'liamwatson@outlook.com', 'Dr Ibrahim Wilson', 'Brownlow Group Practice', '150 Mt Pleasant, Liverpool L69 3GD, United Kingdom', 'XB766773A', '734512606', 'cached_recent', '2026-02-12T00:00:00Z', 'Birmingham');
INSERT INTO patient_conditions (patient_id, condition_name, status, since_date) VALUES ('pt-0250', 'Type 2 diabetes', 'controlled', '2012-09-21');
INSERT INTO patient_conditions (patient_id, condition_name, status, since_date) VALUES ('pt-0250', 'Chronic kidney disease', 'active', '2013-07-30');
INSERT INTO patient_conditions (patient_id, condition_name, status, since_date) VALUES ('pt-0250', 'Dementia', 'active', '2012-02-19');
INSERT INTO patient_conditions (patient_id, condition_name, status, since_date) VALUES ('pt-0250', 'Osteoarthritis', 'monitoring', '2020-04-14');
INSERT INTO patient_conditions (patient_id, condition_name, status, since_date) VALUES ('pt-0250', 'Atrial fibrillation', 'monitoring', '2014-09-28');
INSERT INTO patient_conditions (patient_id, condition_name, status, since_date) VALUES ('pt-0250', 'Hypothyroidism', 'controlled', '2013-01-07');
INSERT INTO patient_prescriptions (patient_id, drug, indication, dose, frequency, start_date, prescriber) VALUES ('pt-0250', 'Levetiracetam', 'Epilepsy', '0.5 mg', 'once daily', '2025-10-23', 'Dr Hannah Jones');
INSERT INTO patient_prescriptions (patient_id, drug, indication, dose, frequency, start_date, prescriber) VALUES ('pt-0250', 'Amlodipine', 'Hypertension/Angina', '2 puffs', 'at night', '2023-11-19', 'Dr Kieran Ahmed');
INSERT INTO patient_appointments (patient_id, appointment_date, appointment_time, type, location, reason, verified_up_to_date) VALUES ('pt-0250', '2024-07-05', '14:00', 'Mental health check-in', 'Hospital outpatient department', 'treatment follow-up', 1);
INSERT INTO patient_appointments (patient_id, appointment_date, appointment_time, type, location, reason, verified_up_to_date) VALUES ('pt-0250', '2024-10-14', '12:20', 'Ophthalmology', 'GP practice', 'vaccination', 0);
INSERT INTO patient_appointments (patient_id, appointment_date, appointment_time, type, location, reason, verified_up_to_date) VALUES ('pt-0250', '2025-11-02', '08:45', 'Cardiology follow-up', 'Telehealth', 'vaccination', 0);
INSERT INTO patient_appointments (patient_id, appointment_date, appointment_time, type, location, reason, verified_up_to_date) VALUES ('pt-0250', '2026-08-26', '12:40', 'Diabetes clinic', 'Home visit', 'treatment follow-up', 0);
INSERT INTO patient_vaccine_records (patient_id, vaccine, vaccine_date, product) VALUES ('pt-0250', 'COVID-19', '2019-04-12', 'Comirnaty');
INSERT INTO patient_vaccine_records (patient_id, vaccine, vaccine_date, product) VALUES ('pt-0250', 'Influenza (seasonal)', '2023-06-27', NULL);
INSERT INTO patient_vaccine_records (patient_id, vaccine, vaccine_date, product) VALUES ('pt-0250', 'Pneumococcal', '2017-06-02', NULL);
INSERT INTO patient_vaccine_records (patient_id, vaccine, vaccine_date, product) VALUES ('pt-0250', 'RSV', '2020-01-03', 'Abrysvo');
INSERT INTO patient_vaccine_records (patient_id, vaccine, vaccine_date, product) VALUES ('pt-0250', 'Td/Tdap (tetanus, diphtheria, pertussis)', '2017-10-18', NULL);
INSERT INTO patient_vaccine_records (patient_id, vaccine, vaccine_date, product) VALUES ('pt-0250', 'MMR', '2023-06-12', NULL);

INSERT INTO patients (id, name, age, gender, address_line1, city, county, postcode, country, telephone, email, gp_name, gp_practice, gp_address, national_insurance_number, passport_number, cache_status, last_synced_at, meta_region) VALUES ('pt-0251', 'Samuel Knight', 79, 'Male', 'Unit 36, 31 Claremont Road', 'Newcastle upon Tyne', 'Tyne and Wear', 'NE1 4LP', 'UK', '+44 7212 380678', 'samuel.knight48@hotmail.co.uk', 'Dr James Wilson', 'Brownlow Group Practice', '150 Mt Pleasant, Liverpool L69 3GD, United Kingdom', 'WD285015C', '801444044', 'cached_stale', '2026-02-17T00:00:00Z', 'Newcastle upon Tyne');
INSERT INTO patient_conditions (patient_id, condition_name, status, since_date) VALUES ('pt-0251', 'Heart failure', 'active', '2026-01-13');
INSERT INTO patient_conditions (patient_id, condition_name, status, since_date) VALUES ('pt-0251', 'Coronary heart disease', 'history', '2017-04-28');
INSERT INTO patient_conditions (patient_id, condition_name, status, since_date) VALUES ('pt-0251', 'Generalised anxiety disorder', 'monitoring', '2011-04-02');
INSERT INTO patient_conditions (patient_id, condition_name, status, since_date) VALUES ('pt-0251', 'Dementia (moderate)', 'controlled', '2012-07-23');
INSERT INTO patient_conditions (patient_id, condition_name, status, since_date) VALUES ('pt-0251', 'Epilepsy', 'active', '2021-06-21');
INSERT INTO patient_prescriptions (patient_id, drug, indication, dose, frequency, start_date, prescriber) VALUES ('pt-0251', 'Clopidogrel', 'Antiplatelet (post-MI/stroke)', '20 mg', 'once weekly', '2023-04-02', 'Dr Richard Wilson');
INSERT INTO patient_prescriptions (patient_id, drug, indication, dose, frequency, start_date, prescriber) VALUES ('pt-0251', 'Atorvastatin', 'High cholesterol/Cardiovascular risk', '1 puff', 'with meals', '2023-07-16', 'Dr Matthew Smith');
INSERT INTO patient_prescriptions (patient_id, drug, indication, dose, frequency, start_date, prescriber) VALUES ('pt-0251', 'Amitriptyline', 'Neuropathic pain/Migraine prevention', '500 mg', 'as needed', '2024-11-14', 'Dr Ibrahim Foster');
INSERT INTO patient_appointments (patient_id, appointment_date, appointment_time, type, location, reason, verified_up_to_date) VALUES ('pt-0251', '2025-11-05', '14:30', 'Diabetes clinic', 'Home visit', 'symptom check', 0);
INSERT INTO patient_vaccine_records (patient_id, vaccine, vaccine_date, product) VALUES ('pt-0251', 'COVID-19', '2022-07-16', 'Comirnaty');

INSERT INTO patients (id, name, age, gender, address_line1, city, county, postcode, country, telephone, email, gp_name, gp_practice, gp_address, national_insurance_number, passport_number, cache_status, last_synced_at, meta_region) VALUES ('pt-0252', 'Oliver Thomas', 75, 'Male', '164 Constitution Hill', 'London', 'Greater London', 'SW1A 1BD', 'UK', '+44 7387 774254', 'oliverthomas@gmail.com', 'Dr Grace Evans', 'Brownlow Group Practice', '150 Mt Pleasant, Liverpool L69 3GD, United Kingdom', 'KH641491A', '100405760', 'cached_recent', '2026-02-28T00:00:00Z', 'London');
INSERT INTO patient_conditions (patient_id, condition_name, status, since_date) VALUES ('pt-0252', 'Atrial fibrillation', 'monitoring', '2020-09-16');
INSERT INTO patient_conditions (patient_id, condition_name, status, since_date) VALUES ('pt-0252', 'Hypertension', 'monitoring', '2024-04-30');
INSERT INTO patient_conditions (patient_id, condition_name, status, since_date) VALUES ('pt-0252', 'Gastro-oesophageal reflux disease (GORD)', 'history', '2024-09-03');
INSERT INTO patient_conditions (patient_id, condition_name, status, since_date) VALUES ('pt-0252', 'Generalised anxiety disorder', 'monitoring', '2013-05-03');
INSERT INTO patient_prescriptions (patient_id, drug, indication, dose, frequency, start_date, prescriber) VALUES ('pt-0252', 'Furosemide', 'Oedema/Heart failure', '5 mg', 'as needed', '2025-03-04', 'Dr Richard Wilson');
INSERT INTO patient_appointments (patient_id, appointment_date, appointment_time, type, location, reason, verified_up_to_date) VALUES ('pt-0252', '2025-04-17', '11:50', 'Vaccination appointment', 'Telehealth', 'vaccination', 1);
INSERT INTO patient_appointments (patient_id, appointment_date, appointment_time, type, location, reason, verified_up_to_date) VALUES ('pt-0252', '2026-05-19', '16:00', 'Blood test', 'GP practice', 'treatment follow-up', 1);

INSERT INTO patients (id, name, age, gender, address_line1, city, county, postcode, country, telephone, email, gp_name, gp_practice, gp_address, national_insurance_number, passport_number, cache_status, last_synced_at, meta_region) VALUES ('pt-0253', 'John Campbell', 68, 'Male', '175 Deanery Road', 'Bristol', 'Bristol', 'BS1 5AH', 'UK', '+44 7742 699475', 'jcampbell@outlook.com', 'Dr Rachel Reid', 'Brownlow Group Practice', '150 Mt Pleasant, Liverpool L69 3GD, United Kingdom', 'FF245597A', '786451710', 'cached_stale', '2026-02-15T00:00:00Z', 'Bristol');
INSERT INTO patient_vaccine_records (patient_id, vaccine, vaccine_date, product) VALUES ('pt-0253', 'COVID-19', '2018-05-24', 'Comirnaty');
INSERT INTO patient_vaccine_records (patient_id, vaccine, vaccine_date, product) VALUES ('pt-0253', 'COVID-19 booster', '2016-11-11', 'Spikevax');

INSERT INTO patients (id, name, age, gender, address_line1, city, county, postcode, country, telephone, email, gp_name, gp_practice, gp_address, national_insurance_number, passport_number, cache_status, last_synced_at, meta_region) VALUES ('pt-0254', 'Emily Clarke', 45, 'Female', 'Unit 9, 8 Paradise Place', 'Liverpool', 'Merseyside', 'L1 8JF', 'UK', '+44 7175 353225', 'emily.clarke@hotmail.co.uk', 'Dr Maya Patel', 'Brownlow Group Practice', '150 Mt Pleasant, Liverpool L69 3GD, United Kingdom', 'QR098080C', '280397148', 'cached_stale', '2026-02-22T00:00:00Z', 'Liverpool');
INSERT INTO patient_prescriptions (patient_id, drug, indication, dose, frequency, start_date, prescriber) VALUES ('pt-0254', 'Budesonide', 'Respiratory/Inflammation', '10 mg', 'twice daily', '2024-05-11', 'Dr Maya Patel');
INSERT INTO patient_prescriptions (patient_id, drug, indication, dose, frequency, start_date, prescriber) VALUES ('pt-0254', 'Amlodipine', 'Hypertension/Angina', '20 mg', 'once weekly', '2023-10-13', 'Dr Richard Patel');
INSERT INTO patient_appointments (patient_id, appointment_date, appointment_time, type, location, reason, verified_up_to_date) VALUES ('pt-0254', '2023-04-15', '11:45', 'Respiratory review', 'Home visit', 'treatment follow-up', 0);
INSERT INTO patient_appointments (patient_id, appointment_date, appointment_time, type, location, reason, verified_up_to_date) VALUES ('pt-0254', '2023-10-27', '10:00', 'Cardiology follow-up', 'Telehealth', 'routine review', 0);
INSERT INTO patient_appointments (patient_id, appointment_date, appointment_time, type, location, reason, verified_up_to_date) VALUES ('pt-0254', '2025-07-22', '10:50', 'Respiratory review', 'Hospital outpatient department', 'annual monitoring', 1);
INSERT INTO patient_appointments (patient_id, appointment_date, appointment_time, type, location, reason, verified_up_to_date) VALUES ('pt-0254', '2026-08-18', '16:40', 'Medication review', 'Community clinic', 'treatment follow-up', 1);

INSERT INTO patients (id, name, age, gender, address_line1, city, county, postcode, country, telephone, email, gp_name, gp_practice, gp_address, national_insurance_number, passport_number, cache_status, last_synced_at, meta_region) VALUES ('pt-0255', 'Ella Murray', 17, 'Female', '106 Anchor Road', 'Bristol', 'Bristol', 'BS1 5UG', 'UK', '+44 7840 131821', 'ellamurray@gmail.com', 'Dr Zoe O''Neill', 'Brownlow Group Practice', '150 Mt Pleasant, Liverpool L69 3GD, United Kingdom', 'CW199671D', '864762970', 'cached_recent', '2026-02-12T00:00:00Z', 'Bristol');

INSERT INTO patients (id, name, age, gender, address_line1, city, county, postcode, country, telephone, email, gp_name, gp_practice, gp_address, national_insurance_number, passport_number, cache_status, last_synced_at, meta_region) VALUES ('pt-0256', 'Lily Russell', 89, 'Female', '70 Newhall Street', 'Birmingham', 'West Midlands', 'B1 1BB', 'UK', '+44 7429 487518', 'lrussell@hotmail.co.uk', 'Dr David Reid', 'Brownlow Group Practice', '150 Mt Pleasant, Liverpool L69 3GD, United Kingdom', 'FZ604845D', '783401703', 'verified_online', '2026-02-06T00:00:00Z', 'Birmingham');
INSERT INTO patient_conditions (patient_id, condition_name, status, since_date) VALUES ('pt-0256', 'COPD', 'history', '2017-08-15');
INSERT INTO patient_prescriptions (patient_id, drug, indication, dose, frequency, start_date, prescriber) VALUES ('pt-0256', 'Levothyroxine', 'Hypothyroidism', '1 g', 'with meals', '2023-05-30', 'Dr Kieran O''Neill');
INSERT INTO patient_prescriptions (patient_id, drug, indication, dose, frequency, start_date, prescriber) VALUES ('pt-0256', 'Clopidogrel', 'Antiplatelet (post-MI/stroke)', '200 mg', 'once weekly', '2023-05-26', 'Dr Ibrahim Ahmed');
INSERT INTO patient_appointments (patient_id, appointment_date, appointment_time, type, location, reason, verified_up_to_date) VALUES ('pt-0256', '2025-03-06', '12:20', 'Vaccination appointment', 'Hospital outpatient department', 'vaccination', 1);
INSERT INTO patient_vaccine_records (patient_id, vaccine, vaccine_date, product) VALUES ('pt-0256', 'COVID-19', '2016-08-14', 'Nuvaxovid');
INSERT INTO patient_vaccine_records (patient_id, vaccine, vaccine_date, product) VALUES ('pt-0256', 'Influenza (seasonal)', '2018-07-05', NULL);
INSERT INTO patient_vaccine_records (patient_id, vaccine, vaccine_date, product) VALUES ('pt-0256', 'Pneumococcal', '2022-12-06', NULL);
INSERT INTO patient_vaccine_records (patient_id, vaccine, vaccine_date, product) VALUES ('pt-0256', 'Hepatitis B', '2023-03-07', NULL);

INSERT INTO patients (id, name, age, gender, address_line1, city, county, postcode, country, telephone, email, gp_name, gp_practice, gp_address, national_insurance_number, passport_number, cache_status, last_synced_at, meta_region) VALUES ('pt-0257', 'Matilda Johnson', 92, 'Female', '16 Rose Street', 'Edinburgh', 'City of Edinburgh', 'EH1 1BQ', 'UK', '+44 7625 703675', 'matilda.johnson68@gmail.com', 'Dr Robert Patel', 'Brownlow Group Practice', '150 Mt Pleasant, Liverpool L69 3GD, United Kingdom', 'YH766278A', '395536203', 'cached_stale', '2026-02-22T00:00:00Z', 'Edinburgh');
INSERT INTO patient_conditions (patient_id, condition_name, status, since_date) VALUES ('pt-0257', 'Obesity', 'monitoring', '2025-08-14');
INSERT INTO patient_conditions (patient_id, condition_name, status, since_date) VALUES ('pt-0257', 'Post-stroke disability', 'history', '2022-05-12');
INSERT INTO patient_conditions (patient_id, condition_name, status, since_date) VALUES ('pt-0257', 'Chronic back pain', 'active', '2016-10-06');
INSERT INTO patient_conditions (patient_id, condition_name, status, since_date) VALUES ('pt-0257', 'Overactive bladder', 'history', '2015-05-23');
INSERT INTO patient_conditions (patient_id, condition_name, status, since_date) VALUES ('pt-0257', 'Hypertension', 'active', '2020-02-23');
INSERT INTO patient_prescriptions (patient_id, drug, indication, dose, frequency, start_date, prescriber) VALUES ('pt-0257', 'Levetiracetam', 'Epilepsy', '0.5 mg', 'as needed', '2024-02-17', 'Dr Holly Taylor');
INSERT INTO patient_prescriptions (patient_id, drug, indication, dose, frequency, start_date, prescriber) VALUES ('pt-0257', 'Beclometasone dipropionate', 'Asthma/COPD', '2.5 mg', 'at night', '2024-11-23', 'Dr Owen Taylor');
INSERT INTO patient_prescriptions (patient_id, drug, indication, dose, frequency, start_date, prescriber) VALUES ('pt-0257', 'Amoxicillin', 'Bacterial infection', '50 mg', 'twice daily', '2023-04-16', 'Dr David Clarke');
INSERT INTO patient_appointments (patient_id, appointment_date, appointment_time, type, location, reason, verified_up_to_date) VALUES ('pt-0257', '2023-05-30', '10:45', 'Cardiology follow-up', 'Hospital outpatient department', 'annual monitoring', 1);
INSERT INTO patient_appointments (patient_id, appointment_date, appointment_time, type, location, reason, verified_up_to_date) VALUES ('pt-0257', '2025-04-14', '14:30', 'Vaccination appointment', 'Community clinic', 'annual monitoring', 1);
INSERT INTO patient_appointments (patient_id, appointment_date, appointment_time, type, location, reason, verified_up_to_date) VALUES ('pt-0257', '2026-08-27', '14:20', 'Blood test', 'Hospital outpatient department', 'annual monitoring', 1);
INSERT INTO patient_vaccine_records (patient_id, vaccine, vaccine_date, product) VALUES ('pt-0257', 'COVID-19', '2021-10-17', 'Nuvaxovid');
INSERT INTO patient_vaccine_records (patient_id, vaccine, vaccine_date, product) VALUES ('pt-0257', 'Pneumococcal', '2024-04-24', NULL);

INSERT INTO patients (id, name, age, gender, address_line1, city, county, postcode, country, telephone, email, gp_name, gp_practice, gp_address, national_insurance_number, passport_number, cache_status, last_synced_at, meta_region) VALUES ('pt-0258', 'Claire Phillips', 24, 'Female', '23 Wall Street', 'Liverpool', 'Merseyside', 'L1 8BJ', 'UK', '+44 7313 960198', 'claire.phillips4@gmail.com', 'Dr Fatima Stewart', 'Brownlow Group Practice', '150 Mt Pleasant, Liverpool L69 3GD, United Kingdom', 'KY435182A', '590279296', 'cached_recent', '2026-02-25T00:00:00Z', 'Liverpool');
INSERT INTO patient_appointments (patient_id, appointment_date, appointment_time, type, location, reason, verified_up_to_date) VALUES ('pt-0258', '2023-05-24', '14:00', 'Blood test', 'GP practice', 'treatment follow-up', 0);
INSERT INTO patient_appointments (patient_id, appointment_date, appointment_time, type, location, reason, verified_up_to_date) VALUES ('pt-0258', '2025-06-05', '11:50', 'Cardiology follow-up', 'Community clinic', 'results discussion', 1);
INSERT INTO patient_appointments (patient_id, appointment_date, appointment_time, type, location, reason, verified_up_to_date) VALUES ('pt-0258', '2026-01-20', '09:45', 'Cardiology follow-up', 'Community clinic', 'routine review', 1);
INSERT INTO patient_appointments (patient_id, appointment_date, appointment_time, type, location, reason, verified_up_to_date) VALUES ('pt-0258', '2026-11-08', '15:50', 'Blood test', 'Telehealth', 'routine review', 1);
INSERT INTO patient_vaccine_records (patient_id, vaccine, vaccine_date, product) VALUES ('pt-0258', 'COVID-19', '2022-01-19', 'Nuvaxovid');

INSERT INTO patients (id, name, age, gender, address_line1, city, county, postcode, country, telephone, email, gp_name, gp_practice, gp_address, national_insurance_number, passport_number, cache_status, last_synced_at, meta_region) VALUES ('pt-0259', 'Violet Edwards', 94, 'Female', '69 St Georges Road', 'Bristol', 'Bristol', 'BS1 5QL', 'UK', '+44 7812 882254', 'vedwards@outlook.com', 'Dr Ben Roberts', 'Brownlow Group Practice', '150 Mt Pleasant, Liverpool L69 3GD, United Kingdom', 'QR427030A', '890758047', 'verified_online', '2026-03-04T00:00:00Z', 'Bristol');
INSERT INTO patient_conditions (patient_id, condition_name, status, since_date) VALUES ('pt-0259', 'Generalised anxiety disorder', 'monitoring', '2014-03-09');
INSERT INTO patient_appointments (patient_id, appointment_date, appointment_time, type, location, reason, verified_up_to_date) VALUES ('pt-0259', '2026-02-14', '17:30', 'Blood test', 'Telehealth', 'annual monitoring', 1);
INSERT INTO patient_appointments (patient_id, appointment_date, appointment_time, type, location, reason, verified_up_to_date) VALUES ('pt-0259', '2026-08-28', '15:40', 'GP review', 'Telehealth', 'symptom check', 0);

INSERT INTO patients (id, name, age, gender, address_line1, city, county, postcode, country, telephone, email, gp_name, gp_practice, gp_address, national_insurance_number, passport_number, cache_status, last_synced_at, meta_region) VALUES ('pt-0260', 'Ava Knight', 76, 'Female', 'Flat 55, 203 Corporation Street', 'Birmingham', 'West Midlands', 'B1 1BB', 'UK', '+44 7227 155994', 'aknight@icloud.com', 'Dr Michael Ahmed', 'Brownlow Group Practice', '150 Mt Pleasant, Liverpool L69 3GD, United Kingdom', 'WW018931A', '544816038', 'cached_stale', '2026-02-24T00:00:00Z', 'Birmingham');
INSERT INTO patient_conditions (patient_id, condition_name, status, since_date) VALUES ('pt-0260', 'Dementia (moderate)', 'active', '2018-05-14');
INSERT INTO patient_conditions (patient_id, condition_name, status, since_date) VALUES ('pt-0260', 'Chronic obstructive pulmonary disease (severe)', 'active', '2015-12-15');
INSERT INTO patient_conditions (patient_id, condition_name, status, since_date) VALUES ('pt-0260', 'Hypertension', 'controlled', '2016-01-31');
INSERT INTO patient_conditions (patient_id, condition_name, status, since_date) VALUES ('pt-0260', 'Heart failure', 'monitoring', '2019-02-28');
INSERT INTO patient_conditions (patient_id, condition_name, status, since_date) VALUES ('pt-0260', 'COPD', 'history', '2022-08-07');
INSERT INTO patient_prescriptions (patient_id, drug, indication, dose, frequency, start_date, prescriber) VALUES ('pt-0260', 'Gliclazide', 'Type 2 diabetes', '200 mg', 'with meals', '2023-12-22', 'Dr Fatima Morgan');
INSERT INTO patient_prescriptions (patient_id, drug, indication, dose, frequency, start_date, prescriber) VALUES ('pt-0260', 'Pregabalin', 'Neuropathic pain/Anxiety', '25 mg', 'with meals', '2024-08-26', 'Dr Chloe Clarke');
INSERT INTO patient_appointments (patient_id, appointment_date, appointment_time, type, location, reason, verified_up_to_date) VALUES ('pt-0260', '2026-09-22', '08:50', 'Cardiology follow-up', 'Hospital outpatient department', 'annual monitoring', 1);
INSERT INTO patient_vaccine_records (patient_id, vaccine, vaccine_date, product) VALUES ('pt-0260', 'COVID-19', '2022-09-10', 'Nuvaxovid');

INSERT INTO patients (id, name, age, gender, address_line1, city, county, postcode, country, telephone, email, gp_name, gp_practice, gp_address, national_insurance_number, passport_number, cache_status, last_synced_at, meta_region) VALUES ('pt-0261', 'Ryan Stewart', 83, 'Male', '17 Rose Street', 'Edinburgh', 'City of Edinburgh', 'EH2 2AF', 'UK', '+44 7881 476147', 'ryanstewart@icloud.com', 'Dr Ibrahim Reid', 'Brownlow Group Practice', '150 Mt Pleasant, Liverpool L69 3GD, United Kingdom', 'VI098039D', '615160949', 'verified_online', '2026-02-10T00:00:00Z', 'Edinburgh');
INSERT INTO patient_conditions (patient_id, condition_name, status, since_date) VALUES ('pt-0261', 'Obesity', 'history', '2013-03-11');
INSERT INTO patient_conditions (patient_id, condition_name, status, since_date) VALUES ('pt-0261', 'Benign prostatic hyperplasia (BPH)', 'active', '2017-10-23');
INSERT INTO patient_conditions (patient_id, condition_name, status, since_date) VALUES ('pt-0261', 'Gout', 'monitoring', '2024-03-04');
INSERT INTO patient_conditions (patient_id, condition_name, status, since_date) VALUES ('pt-0261', 'Overactive bladder', 'controlled', '2014-06-23');
INSERT INTO patient_conditions (patient_id, condition_name, status, since_date) VALUES ('pt-0261', 'Epilepsy', 'active', '2017-10-13');
INSERT INTO patient_prescriptions (patient_id, drug, indication, dose, frequency, start_date, prescriber) VALUES ('pt-0261', 'Amoxicillin', 'Bacterial infection', '1 puff', 'twice daily', '2024-02-26', 'Dr Sophie Khan');
INSERT INTO patient_appointments (patient_id, appointment_date, appointment_time, type, location, reason, verified_up_to_date) VALUES ('pt-0261', '2024-06-03', '12:15', 'Vaccination appointment', 'Home visit', 'treatment follow-up', 1);
INSERT INTO patient_appointments (patient_id, appointment_date, appointment_time, type, location, reason, verified_up_to_date) VALUES ('pt-0261', '2025-10-15', '13:40', 'Cardiology follow-up', 'Telehealth', 'symptom check', 1);
INSERT INTO patient_appointments (patient_id, appointment_date, appointment_time, type, location, reason, verified_up_to_date) VALUES ('pt-0261', '2026-05-05', '08:50', 'Diabetes clinic', 'Community clinic', 'annual monitoring', 1);
INSERT INTO patient_appointments (patient_id, appointment_date, appointment_time, type, location, reason, verified_up_to_date) VALUES ('pt-0261', '2027-02-18', '08:50', 'Diabetes clinic', 'Home visit', 'vaccination', 1);
INSERT INTO patient_vaccine_records (patient_id, vaccine, vaccine_date, product) VALUES ('pt-0261', 'COVID-19', '2023-03-31', 'Spikevax');
INSERT INTO patient_vaccine_records (patient_id, vaccine, vaccine_date, product) VALUES ('pt-0261', 'COVID-19 booster', '2016-05-06', 'Comirnaty');

INSERT INTO patients (id, name, age, gender, address_line1, city, county, postcode, country, telephone, email, gp_name, gp_practice, gp_address, national_insurance_number, passport_number, cache_status, last_synced_at, meta_region) VALUES ('pt-0262', 'Robert Allen', 49, 'Male', '182 Constitution Hill', 'London', 'Greater London', 'SW1A 1BD', 'UK', '+44 7194 882094', 'robert903@icloud.com', 'Dr Fatima Ahmed', 'Brownlow Group Practice', '150 Mt Pleasant, Liverpool L69 3GD, United Kingdom', 'BF592887A', '825828938', 'verified_online', '2026-02-16T00:00:00Z', 'London');
INSERT INTO patient_conditions (patient_id, condition_name, status, since_date) VALUES ('pt-0262', 'Chronic kidney disease', 'active', '2011-11-04');
INSERT INTO patient_conditions (patient_id, condition_name, status, since_date) VALUES ('pt-0262', 'Chronic back pain', 'active', '2014-11-12');
INSERT INTO patient_conditions (patient_id, condition_name, status, since_date) VALUES ('pt-0262', 'Hypothyroidism', 'controlled', '2011-03-16');
INSERT INTO patient_prescriptions (patient_id, drug, indication, dose, frequency, start_date, prescriber) VALUES ('pt-0262', 'Beclometasone dipropionate', 'Asthma/COPD', '1 tablet', 'once weekly', '2023-07-11', 'Dr Rachel Smith');
INSERT INTO patient_appointments (patient_id, appointment_date, appointment_time, type, location, reason, verified_up_to_date) VALUES ('pt-0262', '2025-05-10', '14:00', 'Ophthalmology', 'Hospital outpatient department', 'routine review', 1);
INSERT INTO patient_appointments (patient_id, appointment_date, appointment_time, type, location, reason, verified_up_to_date) VALUES ('pt-0262', '2025-05-17', '13:00', 'Medication review', 'Home visit', 'symptom check', 1);
INSERT INTO patient_appointments (patient_id, appointment_date, appointment_time, type, location, reason, verified_up_to_date) VALUES ('pt-0262', '2025-08-28', '14:15', 'GP review', 'Hospital outpatient department', 'symptom check', 1);
INSERT INTO patient_appointments (patient_id, appointment_date, appointment_time, type, location, reason, verified_up_to_date) VALUES ('pt-0262', '2025-09-26', '09:10', 'Cardiology follow-up', 'Telehealth', 'annual monitoring', 1);
INSERT INTO patient_appointments (patient_id, appointment_date, appointment_time, type, location, reason, verified_up_to_date) VALUES ('pt-0262', '2026-07-24', '15:50', 'Ophthalmology', 'Hospital outpatient department', 'results discussion', 1);

INSERT INTO patients (id, name, age, gender, address_line1, city, county, postcode, country, telephone, email, gp_name, gp_practice, gp_address, national_insurance_number, passport_number, cache_status, last_synced_at, meta_region) VALUES ('pt-0263', 'Freya Price', 50, 'Female', 'Flat 22, 186 Suez Road', 'Cambridge', 'Cambridgeshire', 'CB1 3PZ', 'UK', '+44 7370 721338', 'freyaprice@hotmail.co.uk', 'Dr James Clarke', 'Brownlow Group Practice', '150 Mt Pleasant, Liverpool L69 3GD, United Kingdom', 'BE906098D', '315697820', 'cached_recent', '2026-02-19T00:00:00Z', 'Cambridge');
INSERT INTO patient_appointments (patient_id, appointment_date, appointment_time, type, location, reason, verified_up_to_date) VALUES ('pt-0263', '2025-06-27', '11:45', 'Cardiology follow-up', 'Telehealth', 'vaccination', 1);
INSERT INTO patient_appointments (patient_id, appointment_date, appointment_time, type, location, reason, verified_up_to_date) VALUES ('pt-0263', '2025-10-10', '08:20', 'Diabetes clinic', 'GP practice', 'routine review', 1);
INSERT INTO patient_vaccine_records (patient_id, vaccine, vaccine_date, product) VALUES ('pt-0263', 'COVID-19', '2021-01-05', 'Comirnaty');

INSERT INTO patients (id, name, age, gender, address_line1, city, county, postcode, country, telephone, email, gp_name, gp_practice, gp_address, national_insurance_number, passport_number, cache_status, last_synced_at, meta_region) VALUES ('pt-0264', 'Ella Howard', 80, 'Female', '175 Calverley Street', 'Leeds', 'West Yorkshire', 'LS1 1UR', 'UK', '+44 7221 575606', 'ella.howard@icloud.com', 'Dr Maya Patel', 'Brownlow Group Practice', '150 Mt Pleasant, Liverpool L69 3GD, United Kingdom', 'PH944046D', '556496091', 'cached_stale', '2026-03-01T00:00:00Z', 'Leeds');
INSERT INTO patient_conditions (patient_id, condition_name, status, since_date) VALUES ('pt-0264', 'Hypertension', 'active', '2025-07-07');
INSERT INTO patient_prescriptions (patient_id, drug, indication, dose, frequency, start_date, prescriber) VALUES ('pt-0264', 'Allopurinol', 'Gout', '1 injection', 'twice daily', '2023-09-30', 'Dr Priya Campbell');
INSERT INTO patient_appointments (patient_id, appointment_date, appointment_time, type, location, reason, verified_up_to_date) VALUES ('pt-0264', '2024-02-19', '17:40', 'Medication review', 'Telehealth', 'results discussion', 1);
INSERT INTO patient_appointments (patient_id, appointment_date, appointment_time, type, location, reason, verified_up_to_date) VALUES ('pt-0264', '2024-06-21', '16:20', 'Blood test', 'Telehealth', 'symptom check', 1);
INSERT INTO patient_vaccine_records (patient_id, vaccine, vaccine_date, product) VALUES ('pt-0264', 'Influenza (seasonal)', '2025-01-23', NULL);
INSERT INTO patient_vaccine_records (patient_id, vaccine, vaccine_date, product) VALUES ('pt-0264', 'Pneumococcal', '2024-10-01', NULL);
INSERT INTO patient_vaccine_records (patient_id, vaccine, vaccine_date, product) VALUES ('pt-0264', 'Shingles (Shingrix)', '2022-03-29', 'Shingrix');

INSERT INTO patients (id, name, age, gender, address_line1, city, county, postcode, country, telephone, email, gp_name, gp_practice, gp_address, national_insurance_number, passport_number, cache_status, last_synced_at, meta_region) VALUES ('pt-0265', 'Oliver Khan', 59, 'Male', '72 Belvedere Road', 'London', 'Greater London', 'SE1 7PB', 'UK', '+44 7465 287739', 'oliver250@icloud.com', 'Dr Kieran Khan', 'Brownlow Group Practice', '150 Mt Pleasant, Liverpool L69 3GD, United Kingdom', 'MP205509B', '028151241', 'cached_recent', '2026-02-17T00:00:00Z', 'London');
INSERT INTO patient_conditions (patient_id, condition_name, status, since_date) VALUES ('pt-0265', 'Heart failure', 'controlled', '2012-10-23');
INSERT INTO patient_conditions (patient_id, condition_name, status, since_date) VALUES ('pt-0265', 'History of stroke/TIA', 'active', '2014-04-17');
INSERT INTO patient_conditions (patient_id, condition_name, status, since_date) VALUES ('pt-0265', 'COPD', 'history', '2021-06-04');
INSERT INTO patient_prescriptions (patient_id, drug, indication, dose, frequency, start_date, prescriber) VALUES ('pt-0265', 'Allopurinol', 'Gout', '1 puff', 'at night', '2024-09-04', 'Dr David Clarke');
INSERT INTO patient_appointments (patient_id, appointment_date, appointment_time, type, location, reason, verified_up_to_date) VALUES ('pt-0265', '2024-06-17', '16:45', 'Ophthalmology', 'Hospital outpatient department', 'treatment follow-up', 1);
INSERT INTO patient_appointments (patient_id, appointment_date, appointment_time, type, location, reason, verified_up_to_date) VALUES ('pt-0265', '2026-09-14', '08:15', 'Diabetes clinic', 'GP practice', 'annual monitoring', 1);
INSERT INTO patient_vaccine_records (patient_id, vaccine, vaccine_date, product) VALUES ('pt-0265', 'MMR', '2023-01-24', NULL);
INSERT INTO patient_vaccine_records (patient_id, vaccine, vaccine_date, product) VALUES ('pt-0265', 'Hepatitis B', '2023-03-21', NULL);

INSERT INTO patients (id, name, age, gender, address_line1, city, county, postcode, country, telephone, email, gp_name, gp_practice, gp_address, national_insurance_number, passport_number, cache_status, last_synced_at, meta_region) VALUES ('pt-0266', 'Adam Murphy', 64, 'Male', 'Flat 11, 164 Rose Street', 'Edinburgh', 'City of Edinburgh', 'EH2 2PB', 'UK', '+44 7753 358604', 'adam.murphy18@hotmail.co.uk', 'Dr George Hughes', 'Brownlow Group Practice', '150 Mt Pleasant, Liverpool L69 3GD, United Kingdom', 'ZM870641B', '930174090', 'cached_recent', '2026-02-14T00:00:00Z', 'Edinburgh');
INSERT INTO patient_conditions (patient_id, condition_name, status, since_date) VALUES ('pt-0266', 'Gastro-oesophageal reflux disease (GORD)', 'active', '2014-01-31');
INSERT INTO patient_conditions (patient_id, condition_name, status, since_date) VALUES ('pt-0266', 'Glaucoma', 'controlled', '2022-04-05');
INSERT INTO patient_appointments (patient_id, appointment_date, appointment_time, type, location, reason, verified_up_to_date) VALUES ('pt-0266', '2023-05-05', '13:45', 'Vaccination appointment', 'Telehealth', 'annual monitoring', 0);
INSERT INTO patient_appointments (patient_id, appointment_date, appointment_time, type, location, reason, verified_up_to_date) VALUES ('pt-0266', '2025-04-04', '09:15', 'Respiratory review', 'Telehealth', 'symptom check', 1);
INSERT INTO patient_appointments (patient_id, appointment_date, appointment_time, type, location, reason, verified_up_to_date) VALUES ('pt-0266', '2026-08-22', '08:45', 'Diabetes clinic', 'Community clinic', 'annual monitoring', 1);

INSERT INTO patients (id, name, age, gender, address_line1, city, county, postcode, country, telephone, email, gp_name, gp_practice, gp_address, national_insurance_number, passport_number, cache_status, last_synced_at, meta_region) VALUES ('pt-0267', 'Sophia Young', 42, 'Female', '182 West George Street', 'Glasgow', 'Glasgow City', 'G1 2RD', 'UK', '+44 7307 212430', 'sophiayoung@hotmail.co.uk', 'Dr Eleanor Khan', 'Brownlow Group Practice', '150 Mt Pleasant, Liverpool L69 3GD, United Kingdom', 'TG857251D', '510946095', 'verified_online', '2026-03-04T00:00:00Z', 'Glasgow');
INSERT INTO patient_conditions (patient_id, condition_name, status, since_date) VALUES ('pt-0267', 'Gastro-oesophageal reflux disease (GORD)', 'controlled', '2016-03-01');
INSERT INTO patient_conditions (patient_id, condition_name, status, since_date) VALUES ('pt-0267', 'Depression', 'monitoring', '2013-06-22');
INSERT INTO patient_conditions (patient_id, condition_name, status, since_date) VALUES ('pt-0267', 'Atrial fibrillation', 'active', '2023-09-27');
INSERT INTO patient_conditions (patient_id, condition_name, status, since_date) VALUES ('pt-0267', 'Heart failure', 'monitoring', '2019-05-21');
INSERT INTO patient_conditions (patient_id, condition_name, status, since_date) VALUES ('pt-0267', 'Glaucoma', 'history', '2022-10-27');
INSERT INTO patient_conditions (patient_id, condition_name, status, since_date) VALUES ('pt-0267', 'History of stroke/TIA', 'history', '2023-09-17');
INSERT INTO patient_prescriptions (patient_id, drug, indication, dose, frequency, start_date, prescriber) VALUES ('pt-0267', 'Donepezil', 'Dementia', '50 mg', 'as needed', '2024-06-06', 'Dr Robert Hughes');
INSERT INTO patient_appointments (patient_id, appointment_date, appointment_time, type, location, reason, verified_up_to_date) VALUES ('pt-0267', '2025-09-23', '16:40', 'Ophthalmology', 'Community clinic', 'annual monitoring', 1);
INSERT INTO patient_appointments (patient_id, appointment_date, appointment_time, type, location, reason, verified_up_to_date) VALUES ('pt-0267', '2027-01-24', '16:10', 'Blood test', 'Home visit', 'treatment follow-up', 0);

INSERT INTO patients (id, name, age, gender, address_line1, city, county, postcode, country, telephone, email, gp_name, gp_practice, gp_address, national_insurance_number, passport_number, cache_status, last_synced_at, meta_region) VALUES ('pt-0268', 'Matthew Thomas', 85, 'Male', 'Flat 22, 200 West Nile Street', 'Glasgow', 'Glasgow City', 'G2 2TG', 'UK', '+44 7447 868488', 'mthomas@hotmail.co.uk', 'Dr Richard Taylor', 'Brownlow Group Practice', '150 Mt Pleasant, Liverpool L69 3GD, United Kingdom', 'ZW882456C', '190884570', 'cached_stale', '2026-02-22T00:00:00Z', 'Glasgow');
INSERT INTO patient_conditions (patient_id, condition_name, status, since_date) VALUES ('pt-0268', 'Osteoarthritis', 'monitoring', '2015-02-27');
INSERT INTO patient_prescriptions (patient_id, drug, indication, dose, frequency, start_date, prescriber) VALUES ('pt-0268', 'Ramipril', 'Hypertension/Heart failure', '2 puffs', 'with meals', '2026-02-09', 'Dr Richard Wilson');
INSERT INTO patient_appointments (patient_id, appointment_date, appointment_time, type, location, reason, verified_up_to_date) VALUES ('pt-0268', '2025-07-22', '13:45', 'Vaccination appointment', 'GP practice', 'annual monitoring', 0);
INSERT INTO patient_appointments (patient_id, appointment_date, appointment_time, type, location, reason, verified_up_to_date) VALUES ('pt-0268', '2025-11-07', '08:30', 'Physiotherapy', 'Community clinic', 'symptom check', 1);
INSERT INTO patient_vaccine_records (patient_id, vaccine, vaccine_date, product) VALUES ('pt-0268', 'COVID-19', '2023-01-25', 'Spikevax');

INSERT INTO patients (id, name, age, gender, address_line1, city, county, postcode, country, telephone, email, gp_name, gp_practice, gp_address, national_insurance_number, passport_number, cache_status, last_synced_at, meta_region) VALUES ('pt-0269', 'Jack Lee', 44, 'Male', '126 Constitution Hill', 'London', 'Greater London', 'SW1A 1BD', 'UK', '+44 7453 125402', 'jack555@icloud.com', 'Dr Kieran Khan', 'Brownlow Group Practice', '150 Mt Pleasant, Liverpool L69 3GD, United Kingdom', 'QW091322D', '189989124', 'cached_stale', '2026-02-22T00:00:00Z', 'London');
INSERT INTO patient_conditions (patient_id, condition_name, status, since_date) VALUES ('pt-0269', 'Atrial fibrillation', 'monitoring', '2021-12-16');
INSERT INTO patient_conditions (patient_id, condition_name, status, since_date) VALUES ('pt-0269', 'Osteoarthritis', 'controlled', '2025-05-21');
INSERT INTO patient_conditions (patient_id, condition_name, status, since_date) VALUES ('pt-0269', 'Generalised anxiety disorder', 'controlled', '2013-06-07');
INSERT INTO patient_prescriptions (patient_id, drug, indication, dose, frequency, start_date, prescriber) VALUES ('pt-0269', 'Amoxicillin', 'Bacterial infection', '200 mg', 'with meals', '2025-12-03', 'Dr Fatima Morgan');
INSERT INTO patient_prescriptions (patient_id, drug, indication, dose, frequency, start_date, prescriber) VALUES ('pt-0269', 'Sacubitril/valsartan', 'Heart failure', '500 mg', 'at night', '2024-06-01', 'Dr Richard Patel');
INSERT INTO patient_appointments (patient_id, appointment_date, appointment_time, type, location, reason, verified_up_to_date) VALUES ('pt-0269', '2024-03-28', '09:15', 'Cardiology follow-up', 'Telehealth', 'symptom check', 1);
INSERT INTO patient_appointments (patient_id, appointment_date, appointment_time, type, location, reason, verified_up_to_date) VALUES ('pt-0269', '2024-10-14', '11:10', 'Mental health check-in', 'Community clinic', 'symptom check', 1);
INSERT INTO patient_appointments (patient_id, appointment_date, appointment_time, type, location, reason, verified_up_to_date) VALUES ('pt-0269', '2025-12-28', '14:15', 'GP review', 'Community clinic', 'annual monitoring', 1);

INSERT INTO patients (id, name, age, gender, address_line1, city, county, postcode, country, telephone, email, gp_name, gp_practice, gp_address, national_insurance_number, passport_number, cache_status, last_synced_at, meta_region) VALUES ('pt-0270', 'Freya O''Connor', 36, 'Female', 'Unit 16, 58 Constitution Hill', 'London', 'Greater London', 'SW1A 1BD', 'UK', '+44 7906 852032', 'freya.oconnor28@outlook.com', 'Dr Kieran Smith', 'Brownlow Group Practice', '150 Mt Pleasant, Liverpool L69 3GD, United Kingdom', 'AK190619B', '166635767', 'verified_online', '2026-02-25T00:00:00Z', 'London');
INSERT INTO patient_conditions (patient_id, condition_name, status, since_date) VALUES ('pt-0270', 'Gout', 'history', '2019-10-04');

INSERT INTO patients (id, name, age, gender, address_line1, city, county, postcode, country, telephone, email, gp_name, gp_practice, gp_address, national_insurance_number, passport_number, cache_status, last_synced_at, meta_region) VALUES ('pt-0271', 'Hannah Robinson', 72, 'Female', 'Unit 8, 75 Sauchiehall Street', 'Glasgow', 'Glasgow City', 'G2 2TG', 'UK', '+44 7927 512176', 'hannah.robinson@hotmail.co.uk', 'Dr Lucy Foster', 'Brownlow Group Practice', '150 Mt Pleasant, Liverpool L69 3GD, United Kingdom', 'II605666D', '656284791', 'verified_online', '2026-02-03T00:00:00Z', 'Glasgow');
INSERT INTO patient_conditions (patient_id, condition_name, status, since_date) VALUES ('pt-0271', 'Depression', 'monitoring', '2016-08-31');

INSERT INTO patients (id, name, age, gender, address_line1, city, county, postcode, country, telephone, email, gp_name, gp_practice, gp_address, national_insurance_number, passport_number, cache_status, last_synced_at, meta_region) VALUES ('pt-0272', 'Beatrice Howard', 94, 'Female', '44 Cyprus Road', 'Cambridge', 'Cambridgeshire', 'CB1 3PY', 'UK', '+44 7271 917071', 'beatrice.howard94@hotmail.co.uk', 'Dr Zoe Khan', 'Brownlow Group Practice', '150 Mt Pleasant, Liverpool L69 3GD, United Kingdom', 'VA096967C', '213502280', 'cached_stale', '2026-03-04T00:00:00Z', 'Cambridge');
INSERT INTO patient_conditions (patient_id, condition_name, status, since_date) VALUES ('pt-0272', 'Atrial fibrillation', 'controlled', '2014-02-10');
INSERT INTO patient_prescriptions (patient_id, drug, indication, dose, frequency, start_date, prescriber) VALUES ('pt-0272', 'Amlodipine', 'Hypertension/Angina', '20 mg', 'as needed', '2025-05-26', 'Dr Sarah Jones');
INSERT INTO patient_appointments (patient_id, appointment_date, appointment_time, type, location, reason, verified_up_to_date) VALUES ('pt-0272', '2025-03-05', '10:20', 'Mental health check-in', 'Home visit', 'routine review', 1);
INSERT INTO patient_appointments (patient_id, appointment_date, appointment_time, type, location, reason, verified_up_to_date) VALUES ('pt-0272', '2025-08-28', '08:00', 'Respiratory review', 'Telehealth', 'results discussion', 0);
INSERT INTO patient_appointments (patient_id, appointment_date, appointment_time, type, location, reason, verified_up_to_date) VALUES ('pt-0272', '2025-12-13', '12:20', 'Vaccination appointment', 'GP practice', 'treatment follow-up', 1);
INSERT INTO patient_appointments (patient_id, appointment_date, appointment_time, type, location, reason, verified_up_to_date) VALUES ('pt-0272', '2026-08-04', '17:50', 'Physiotherapy', 'Community clinic', 'vaccination', 1);

INSERT INTO patients (id, name, age, gender, address_line1, city, county, postcode, country, telephone, email, gp_name, gp_practice, gp_address, national_insurance_number, passport_number, cache_status, last_synced_at, meta_region) VALUES ('pt-0273', 'Molly Johnson', 88, 'Female', 'Flat 24, 8 Newhall Street', 'Birmingham', 'West Midlands', 'B1 1BB', 'UK', '+44 7253 901489', 'mollyjohnson@gmail.com', 'Dr Grace Hughes', 'Brownlow Group Practice', '150 Mt Pleasant, Liverpool L69 3GD, United Kingdom', 'CJ023812D', '671462722', 'verified_online', '2026-02-27T00:00:00Z', 'Birmingham');
INSERT INTO patient_prescriptions (patient_id, drug, indication, dose, frequency, start_date, prescriber) VALUES ('pt-0273', 'Levetiracetam', 'Epilepsy', '200 mg', 'once weekly', '2023-12-15', 'Dr Rachel Smith');
INSERT INTO patient_prescriptions (patient_id, drug, indication, dose, frequency, start_date, prescriber) VALUES ('pt-0273', 'Losartan', 'Hypertension', '10 mg', 'with meals', '2023-09-03', 'Dr Helen Morgan');
INSERT INTO patient_appointments (patient_id, appointment_date, appointment_time, type, location, reason, verified_up_to_date) VALUES ('pt-0273', '2025-09-05', '08:10', 'Ophthalmology', 'GP practice', 'results discussion', 1);
INSERT INTO patient_appointments (patient_id, appointment_date, appointment_time, type, location, reason, verified_up_to_date) VALUES ('pt-0273', '2026-02-20', '15:20', 'Cardiology follow-up', 'Telehealth', 'vaccination', 1);
INSERT INTO patient_vaccine_records (patient_id, vaccine, vaccine_date, product) VALUES ('pt-0273', 'COVID-19', '2025-10-26', 'Spikevax');
INSERT INTO patient_vaccine_records (patient_id, vaccine, vaccine_date, product) VALUES ('pt-0273', 'COVID-19 booster', '2017-09-08', 'Spikevax');
INSERT INTO patient_vaccine_records (patient_id, vaccine, vaccine_date, product) VALUES ('pt-0273', 'Influenza (seasonal)', '2019-05-24', NULL);

INSERT INTO patients (id, name, age, gender, address_line1, city, county, postcode, country, telephone, email, gp_name, gp_practice, gp_address, national_insurance_number, passport_number, cache_status, last_synced_at, meta_region) VALUES ('pt-0274', 'Connor Smith', 71, 'Male', 'Flat 56, 202 Hilton Street', 'Manchester', 'Greater Manchester', 'M1 1AL', 'UK', '+44 7982 719511', 'connorsmith@outlook.com', 'Dr Sarah Campbell', 'Brownlow Group Practice', '150 Mt Pleasant, Liverpool L69 3GD, United Kingdom', 'EJ556843A', '367638808', 'cached_recent', '2026-02-20T00:00:00Z', 'Manchester');
INSERT INTO patient_conditions (patient_id, condition_name, status, since_date) VALUES ('pt-0274', 'Coronary heart disease', 'history', '2011-07-25');
INSERT INTO patient_conditions (patient_id, condition_name, status, since_date) VALUES ('pt-0274', 'COPD', 'controlled', '2021-05-10');
INSERT INTO patient_prescriptions (patient_id, drug, indication, dose, frequency, start_date, prescriber) VALUES ('pt-0274', 'Apixaban', 'Anticoagulant (AF/VTE)', '100 mg', 'with meals', '2025-03-24', 'Dr Fatima Taylor');
INSERT INTO patient_prescriptions (patient_id, drug, indication, dose, frequency, start_date, prescriber) VALUES ('pt-0274', 'Tamsulosin', 'BPH', '50 mg', 'twice daily', '2024-05-12', 'Dr Kieran Taylor');
INSERT INTO patient_appointments (patient_id, appointment_date, appointment_time, type, location, reason, verified_up_to_date) VALUES ('pt-0274', '2024-01-18', '08:15', 'Medication review', 'GP practice', 'results discussion', 1);
INSERT INTO patient_vaccine_records (patient_id, vaccine, vaccine_date, product) VALUES ('pt-0274', 'COVID-19', '2025-06-17', 'Comirnaty');
INSERT INTO patient_vaccine_records (patient_id, vaccine, vaccine_date, product) VALUES ('pt-0274', 'Influenza (seasonal)', '2016-04-06', NULL);
INSERT INTO patient_vaccine_records (patient_id, vaccine, vaccine_date, product) VALUES ('pt-0274', 'Pneumococcal', '2024-02-22', NULL);

INSERT INTO patients (id, name, age, gender, address_line1, city, county, postcode, country, telephone, email, gp_name, gp_practice, gp_address, national_insurance_number, passport_number, cache_status, last_synced_at, meta_region) VALUES ('pt-0275', 'Ryan Foster', 54, 'Male', 'Unit 38, 129 Little Lever Street', 'Manchester', 'Greater Manchester', 'M1 1AE', 'UK', '+44 7786 484034', 'ryanfoster@gmail.com', 'Dr Ben Morgan', 'Brownlow Group Practice', '150 Mt Pleasant, Liverpool L69 3GD, United Kingdom', 'XD359366A', '497631383', 'verified_online', '2026-02-28T00:00:00Z', 'Manchester');
INSERT INTO patient_conditions (patient_id, condition_name, status, since_date) VALUES ('pt-0275', 'History of stroke/TIA', 'monitoring', '2019-07-11');
INSERT INTO patient_prescriptions (patient_id, drug, indication, dose, frequency, start_date, prescriber) VALUES ('pt-0275', 'Mirtazapine', 'Depression', '500 mg', 'once daily', '2023-12-10', 'Dr Alex Wilson');
INSERT INTO patient_appointments (patient_id, appointment_date, appointment_time, type, location, reason, verified_up_to_date) VALUES ('pt-0275', '2025-05-03', '09:10', 'GP review', 'Community clinic', 'routine review', 0);

INSERT INTO patients (id, name, age, gender, address_line1, city, county, postcode, country, telephone, email, gp_name, gp_practice, gp_address, national_insurance_number, passport_number, cache_status, last_synced_at, meta_region) VALUES ('pt-0276', 'Edward Webb', 80, 'Male', 'Flat 14, 87 Newton Street', 'Manchester', 'Greater Manchester', 'M1 1FJ', 'UK', '+44 7914 222137', 'edward.webb58@icloud.com', 'Dr Kate Stewart', 'Brownlow Group Practice', '150 Mt Pleasant, Liverpool L69 3GD, United Kingdom', 'VO130362C', '040105054', 'verified_online', '2026-02-23T00:00:00Z', 'Manchester');
INSERT INTO patient_conditions (patient_id, condition_name, status, since_date) VALUES ('pt-0276', 'Glaucoma', 'monitoring', '2023-02-08');
INSERT INTO patient_conditions (patient_id, condition_name, status, since_date) VALUES ('pt-0276', 'Generalised anxiety disorder', 'active', '2019-02-24');
INSERT INTO patient_conditions (patient_id, condition_name, status, since_date) VALUES ('pt-0276', 'Hypertension', 'history', '2024-07-20');
INSERT INTO patient_conditions (patient_id, condition_name, status, since_date) VALUES ('pt-0276', 'History of stroke/TIA', 'active', '2015-10-08');
INSERT INTO patient_prescriptions (patient_id, drug, indication, dose, frequency, start_date, prescriber) VALUES ('pt-0276', 'Gabapentin', 'Neuropathic pain/Epilepsy', '2.5 mg', 'once weekly', '2024-01-19', 'Dr Aisha Evans');
INSERT INTO patient_prescriptions (patient_id, drug, indication, dose, frequency, start_date, prescriber) VALUES ('pt-0276', 'Omeprazole', 'Reflux/Ulcer prevention', '1 tablet', 'as needed', '2025-08-16', 'Dr Ibrahim Campbell');
INSERT INTO patient_appointments (patient_id, appointment_date, appointment_time, type, location, reason, verified_up_to_date) VALUES ('pt-0276', '2025-05-08', '16:20', 'Diabetes clinic', 'Home visit', 'routine review', 1);
INSERT INTO patient_vaccine_records (patient_id, vaccine, vaccine_date, product) VALUES ('pt-0276', 'COVID-19', '2019-02-14', 'Nuvaxovid');
INSERT INTO patient_vaccine_records (patient_id, vaccine, vaccine_date, product) VALUES ('pt-0276', 'Influenza (seasonal)', '2022-05-15', NULL);

INSERT INTO patients (id, name, age, gender, address_line1, city, county, postcode, country, telephone, email, gp_name, gp_practice, gp_address, national_insurance_number, passport_number, cache_status, last_synced_at, meta_region) VALUES ('pt-0277', 'Jack Price', 66, 'Male', '146 Wall Street', 'Liverpool', 'Merseyside', 'L1 8LZ', 'UK', '+44 7776 246346', 'jack36@gmail.com', 'Dr Amir Smith', 'Brownlow Group Practice', '150 Mt Pleasant, Liverpool L69 3GD, United Kingdom', 'QO859636B', '113485048', 'cached_recent', '2026-02-23T00:00:00Z', 'Liverpool');
INSERT INTO patient_conditions (patient_id, condition_name, status, since_date) VALUES ('pt-0277', 'Type 2 diabetes', 'history', '2020-01-15');
INSERT INTO patient_conditions (patient_id, condition_name, status, since_date) VALUES ('pt-0277', 'History of stroke/TIA', 'history', '2025-07-05');
INSERT INTO patient_prescriptions (patient_id, drug, indication, dose, frequency, start_date, prescriber) VALUES ('pt-0277', 'Tiotropium', 'COPD', '10 mg', 'once weekly', '2025-04-25', 'Dr Robert Ahmed');
INSERT INTO patient_prescriptions (patient_id, drug, indication, dose, frequency, start_date, prescriber) VALUES ('pt-0277', 'Donepezil', 'Dementia', '1 g', 'at night', '2024-10-24', 'Dr Ben Hughes');
INSERT INTO patient_appointments (patient_id, appointment_date, appointment_time, type, location, reason, verified_up_to_date) VALUES ('pt-0277', '2025-08-29', '13:45', 'Diabetes clinic', 'Community clinic', 'vaccination', 1);
INSERT INTO patient_appointments (patient_id, appointment_date, appointment_time, type, location, reason, verified_up_to_date) VALUES ('pt-0277', '2025-10-11', '15:30', 'GP review', 'Home visit', 'results discussion', 1);
INSERT INTO patient_vaccine_records (patient_id, vaccine, vaccine_date, product) VALUES ('pt-0277', 'COVID-19', '2025-08-10', 'Comirnaty');

INSERT INTO patients (id, name, age, gender, address_line1, city, county, postcode, country, telephone, email, gp_name, gp_practice, gp_address, national_insurance_number, passport_number, cache_status, last_synced_at, meta_region) VALUES ('pt-0278', 'Callum Porter', 63, 'Male', 'Unit 10, 136 Donegall Square South', 'Belfast', 'County Antrim', 'BT1 5JA', 'UK', '+44 7584 798964', 'callumporter@icloud.com', 'Dr Aisha O''Neill', 'Brownlow Group Practice', '150 Mt Pleasant, Liverpool L69 3GD, United Kingdom', 'SC314106D', '098251357', 'verified_online', '2026-02-21T00:00:00Z', 'Belfast');
INSERT INTO patient_conditions (patient_id, condition_name, status, since_date) VALUES ('pt-0278', 'Asthma', 'history', '2011-09-07');
INSERT INTO patient_appointments (patient_id, appointment_date, appointment_time, type, location, reason, verified_up_to_date) VALUES ('pt-0278', '2025-08-15', '09:50', 'Physiotherapy', 'Telehealth', 'treatment follow-up', 1);
INSERT INTO patient_appointments (patient_id, appointment_date, appointment_time, type, location, reason, verified_up_to_date) VALUES ('pt-0278', '2026-01-08', '08:10', 'Mental health check-in', 'Home visit', 'annual monitoring', 1);

INSERT INTO patients (id, name, age, gender, address_line1, city, county, postcode, country, telephone, email, gp_name, gp_practice, gp_address, national_insurance_number, passport_number, cache_status, last_synced_at, meta_region) VALUES ('pt-0279', 'Louis Russell', 41, 'Male', 'Flat 15, 6 Calverley Street', 'Leeds', 'West Yorkshire', 'LS1 1UR', 'UK', '+44 7539 126865', 'louis.russell58@hotmail.co.uk', 'Dr Sarah Walsh', 'Brownlow Group Practice', '150 Mt Pleasant, Liverpool L69 3GD, United Kingdom', 'EC465511A', '164228009', 'cached_stale', '2026-02-15T00:00:00Z', 'Leeds');
INSERT INTO patient_conditions (patient_id, condition_name, status, since_date) VALUES ('pt-0279', 'Epilepsy', 'active', '2017-03-04');
INSERT INTO patient_conditions (patient_id, condition_name, status, since_date) VALUES ('pt-0279', 'Gastro-oesophageal reflux disease (GORD)', 'monitoring', '2016-04-28');
INSERT INTO patient_appointments (patient_id, appointment_date, appointment_time, type, location, reason, verified_up_to_date) VALUES ('pt-0279', '2025-07-19', '09:40', 'Vaccination appointment', 'GP practice', 'results discussion', 1);
INSERT INTO patient_appointments (patient_id, appointment_date, appointment_time, type, location, reason, verified_up_to_date) VALUES ('pt-0279', '2025-10-02', '17:45', 'Diabetes clinic', 'Hospital outpatient department', 'vaccination', 1);
INSERT INTO patient_appointments (patient_id, appointment_date, appointment_time, type, location, reason, verified_up_to_date) VALUES ('pt-0279', '2025-12-19', '16:20', 'Physiotherapy', 'Home visit', 'annual monitoring', 1);

INSERT INTO patients (id, name, age, gender, address_line1, city, county, postcode, country, telephone, email, gp_name, gp_practice, gp_address, national_insurance_number, passport_number, cache_status, last_synced_at, meta_region) VALUES ('pt-0280', 'Clara Hughes', 7, 'Female', '39 Westminster Bridge Road', 'London', 'Greater London', 'SW1A 1BB', 'UK', '+44 7196 520068', 'clara.hughes@outlook.com', 'Dr Owen Evans', 'Brownlow Group Practice', '150 Mt Pleasant, Liverpool L69 3GD, United Kingdom', 'LI786931C', '532137816', 'cached_recent', '2026-03-01T00:00:00Z', 'London');
INSERT INTO patient_conditions (patient_id, condition_name, status, since_date) VALUES ('pt-0280', 'Glaucoma', 'active', '2020-12-15');
INSERT INTO patient_prescriptions (patient_id, drug, indication, dose, frequency, start_date, prescriber) VALUES ('pt-0280', 'Colecalciferol', 'Vitamin D deficiency', '2.5 mg', 'with meals', '2023-07-22', 'Dr Richard Patel');
INSERT INTO patient_prescriptions (patient_id, drug, indication, dose, frequency, start_date, prescriber) VALUES ('pt-0280', 'Tiotropium', 'COPD', '5 mg', 'with meals', '2023-07-12', 'Dr David Wilson');
INSERT INTO patient_appointments (patient_id, appointment_date, appointment_time, type, location, reason, verified_up_to_date) VALUES ('pt-0280', '2024-07-25', '13:15', 'Cardiology follow-up', 'Home visit', 'routine review', 1);
INSERT INTO patient_vaccine_records (patient_id, vaccine, vaccine_date, product) VALUES ('pt-0280', 'COVID-19', '2023-02-02', 'Comirnaty');
INSERT INTO patient_vaccine_records (patient_id, vaccine, vaccine_date, product) VALUES ('pt-0280', 'COVID-19 booster', '2023-06-21', 'Spikevax');
INSERT INTO patient_vaccine_records (patient_id, vaccine, vaccine_date, product) VALUES ('pt-0280', 'Td/Tdap (tetanus, diphtheria, pertussis)', '2018-05-06', NULL);

INSERT INTO patients (id, name, age, gender, address_line1, city, county, postcode, country, telephone, email, gp_name, gp_practice, gp_address, national_insurance_number, passport_number, cache_status, last_synced_at, meta_region) VALUES ('pt-0281', 'Megan Fisher', 94, 'Female', 'Unit 27, 54 Briggate', 'Leeds', 'West Yorkshire', 'LS1 1UR', 'UK', '+44 7216 173802', 'megan495@gmail.com', 'Dr Sarah Walsh', 'Brownlow Group Practice', '150 Mt Pleasant, Liverpool L69 3GD, United Kingdom', 'HT563942D', '222416531', 'cached_recent', '2026-02-27T00:00:00Z', 'Leeds');
INSERT INTO patient_conditions (patient_id, condition_name, status, since_date) VALUES ('pt-0281', 'Hypothyroidism', 'active', '2023-06-11');
INSERT INTO patient_conditions (patient_id, condition_name, status, since_date) VALUES ('pt-0281', 'Gout', 'active', '2020-03-02');
INSERT INTO patient_conditions (patient_id, condition_name, status, since_date) VALUES ('pt-0281', 'Obesity', 'controlled', '2013-05-09');
INSERT INTO patient_conditions (patient_id, condition_name, status, since_date) VALUES ('pt-0281', 'History of stroke/TIA', 'history', '2017-04-03');
INSERT INTO patient_prescriptions (patient_id, drug, indication, dose, frequency, start_date, prescriber) VALUES ('pt-0281', 'Sertraline', 'Depression/Anxiety', '2.5 mg', 'twice daily', '2025-05-20', 'Dr Priya Campbell');
INSERT INTO patient_prescriptions (patient_id, drug, indication, dose, frequency, start_date, prescriber) VALUES ('pt-0281', 'Furosemide', 'Oedema/Heart failure', '200 mg', 'as needed', '2025-07-16', 'Dr Fatima Morgan');
INSERT INTO patient_appointments (patient_id, appointment_date, appointment_time, type, location, reason, verified_up_to_date) VALUES ('pt-0281', '2023-09-05', '13:40', 'Ophthalmology', 'Hospital outpatient department', 'annual monitoring', 1);
INSERT INTO patient_appointments (patient_id, appointment_date, appointment_time, type, location, reason, verified_up_to_date) VALUES ('pt-0281', '2025-05-23', '17:50', 'Respiratory review', 'Telehealth', 'results discussion', 1);
INSERT INTO patient_vaccine_records (patient_id, vaccine, vaccine_date, product) VALUES ('pt-0281', 'COVID-19', '2020-10-13', 'Comirnaty');
INSERT INTO patient_vaccine_records (patient_id, vaccine, vaccine_date, product) VALUES ('pt-0281', 'Influenza (seasonal)', '2017-04-19', NULL);
INSERT INTO patient_vaccine_records (patient_id, vaccine, vaccine_date, product) VALUES ('pt-0281', 'Shingles (Shingrix)', '2020-05-09', 'Shingrix');
INSERT INTO patient_vaccine_records (patient_id, vaccine, vaccine_date, product) VALUES ('pt-0281', 'MMR', '2016-06-15', NULL);

INSERT INTO patients (id, name, age, gender, address_line1, city, county, postcode, country, telephone, email, gp_name, gp_practice, gp_address, national_insurance_number, passport_number, cache_status, last_synced_at, meta_region) VALUES ('pt-0282', 'Eleanor Harrison', 27, 'Female', 'Flat 14, 45 South John Street', 'Liverpool', 'Merseyside', 'L1 8JQ', 'UK', '+44 7357 659319', 'eleanor826@gmail.com', 'Dr Owen Evans', 'Brownlow Group Practice', '150 Mt Pleasant, Liverpool L69 3GD, United Kingdom', 'AY948371A', '116337617', 'verified_online', '2026-02-20T00:00:00Z', 'Liverpool');
INSERT INTO patient_conditions (patient_id, condition_name, status, since_date) VALUES ('pt-0282', 'Epilepsy', 'active', '2018-07-06');
INSERT INTO patient_conditions (patient_id, condition_name, status, since_date) VALUES ('pt-0282', 'Hypothyroidism', 'monitoring', '2014-10-23');
INSERT INTO patient_conditions (patient_id, condition_name, status, since_date) VALUES ('pt-0282', 'Obesity', 'monitoring', '2018-03-29');
INSERT INTO patient_conditions (patient_id, condition_name, status, since_date) VALUES ('pt-0282', 'Gout', 'monitoring', '2022-03-04');
INSERT INTO patient_conditions (patient_id, condition_name, status, since_date) VALUES ('pt-0282', 'Dementia', 'monitoring', '2023-03-28');
INSERT INTO patient_conditions (patient_id, condition_name, status, since_date) VALUES ('pt-0282', 'Benign prostatic hyperplasia (BPH)', 'active', '2023-12-29');
INSERT INTO patient_prescriptions (patient_id, drug, indication, dose, frequency, start_date, prescriber) VALUES ('pt-0282', 'Sertraline', 'Depression/Anxiety', '25 mg', 'with meals', '2023-05-03', 'Dr Richard Patel');
INSERT INTO patient_appointments (patient_id, appointment_date, appointment_time, type, location, reason, verified_up_to_date) VALUES ('pt-0282', '2025-09-11', '09:15', 'Diabetes clinic', 'Hospital outpatient department', 'symptom check', 0);
INSERT INTO patient_appointments (patient_id, appointment_date, appointment_time, type, location, reason, verified_up_to_date) VALUES ('pt-0282', '2026-04-14', '13:40', 'Cardiology follow-up', 'GP practice', 'routine review', 0);
INSERT INTO patient_appointments (patient_id, appointment_date, appointment_time, type, location, reason, verified_up_to_date) VALUES ('pt-0282', '2026-04-22', '14:15', 'Diabetes clinic', 'Home visit', 'annual monitoring', 1);
INSERT INTO patient_appointments (patient_id, appointment_date, appointment_time, type, location, reason, verified_up_to_date) VALUES ('pt-0282', '2026-07-06', '15:30', 'Vaccination appointment', 'Community clinic', 'annual monitoring', 1);

INSERT INTO patients (id, name, age, gender, address_line1, city, county, postcode, country, telephone, email, gp_name, gp_practice, gp_address, national_insurance_number, passport_number, cache_status, last_synced_at, meta_region) VALUES ('pt-0283', 'Joseph Murray', 93, 'Male', 'Apt 25, 105 Newhall Street', 'Birmingham', 'West Midlands', 'B1 1BB', 'UK', '+44 7298 261652', 'joseph967@hotmail.co.uk', 'Dr Grace Hughes', 'Brownlow Group Practice', '150 Mt Pleasant, Liverpool L69 3GD, United Kingdom', 'YR644640D', '732476711', 'verified_online', '2026-02-17T00:00:00Z', 'Birmingham');
INSERT INTO patient_appointments (patient_id, appointment_date, appointment_time, type, location, reason, verified_up_to_date) VALUES ('pt-0283', '2023-06-22', '11:30', 'Cardiology follow-up', 'Home visit', 'annual monitoring', 1);
INSERT INTO patient_appointments (patient_id, appointment_date, appointment_time, type, location, reason, verified_up_to_date) VALUES ('pt-0283', '2024-02-13', '13:30', 'Mental health check-in', 'Community clinic', 'annual monitoring', 1);
INSERT INTO patient_appointments (patient_id, appointment_date, appointment_time, type, location, reason, verified_up_to_date) VALUES ('pt-0283', '2025-11-28', '10:45', 'Blood test', 'Community clinic', 'vaccination', 1);
INSERT INTO patient_appointments (patient_id, appointment_date, appointment_time, type, location, reason, verified_up_to_date) VALUES ('pt-0283', '2026-09-25', '11:40', 'Respiratory review', 'Hospital outpatient department', 'annual monitoring', 1);
INSERT INTO patient_appointments (patient_id, appointment_date, appointment_time, type, location, reason, verified_up_to_date) VALUES ('pt-0283', '2027-02-15', '17:45', 'Mental health check-in', 'GP practice', 'results discussion', 1);
INSERT INTO patient_vaccine_records (patient_id, vaccine, vaccine_date, product) VALUES ('pt-0283', 'Influenza (seasonal)', '2017-02-16', NULL);
INSERT INTO patient_vaccine_records (patient_id, vaccine, vaccine_date, product) VALUES ('pt-0283', 'Td/Tdap (tetanus, diphtheria, pertussis)', '2023-08-18', NULL);

INSERT INTO patients (id, name, age, gender, address_line1, city, county, postcode, country, telephone, email, gp_name, gp_practice, gp_address, national_insurance_number, passport_number, cache_status, last_synced_at, meta_region) VALUES ('pt-0284', 'Evie O''Connor', 91, 'Female', '92 The Mall', 'London', 'Greater London', 'SW1A 1BW', 'UK', '+44 7615 970049', 'evie.oconnor35@outlook.com', 'Dr Grace Evans', 'Brownlow Group Practice', '150 Mt Pleasant, Liverpool L69 3GD, United Kingdom', 'KH923896C', '012686584', 'cached_recent', '2026-02-10T00:00:00Z', 'London');
INSERT INTO patient_prescriptions (patient_id, drug, indication, dose, frequency, start_date, prescriber) VALUES ('pt-0284', 'Dapagliflozin', 'Type 2 diabetes/Heart failure/CKD', '1 puff', 'once daily', '2025-05-05', 'Dr David Clarke');
INSERT INTO patient_vaccine_records (patient_id, vaccine, vaccine_date, product) VALUES ('pt-0284', 'COVID-19', '2025-01-04', 'Nuvaxovid');

INSERT INTO patients (id, name, age, gender, address_line1, city, county, postcode, country, telephone, email, gp_name, gp_practice, gp_address, national_insurance_number, passport_number, cache_status, last_synced_at, meta_region) VALUES ('pt-0285', 'Beatrice Ahmed', 31, 'Female', 'Apt 72, 14 Constitution Hill', 'London', 'Greater London', 'SW1A 1JR', 'UK', '+44 7710 229323', 'beatrice160@hotmail.co.uk', 'Dr Grace Evans', 'Brownlow Group Practice', '150 Mt Pleasant, Liverpool L69 3GD, United Kingdom', 'RX404746D', '629562581', 'verified_online', '2026-02-28T00:00:00Z', 'London');
INSERT INTO patient_vaccine_records (patient_id, vaccine, vaccine_date, product) VALUES ('pt-0285', 'COVID-19', '2026-02-06', 'Comirnaty');
INSERT INTO patient_vaccine_records (patient_id, vaccine, vaccine_date, product) VALUES ('pt-0285', 'MMR', '2019-09-15', NULL);

INSERT INTO patients (id, name, age, gender, address_line1, city, county, postcode, country, telephone, email, gp_name, gp_practice, gp_address, national_insurance_number, passport_number, cache_status, last_synced_at, meta_region) VALUES ('pt-0286', 'Matilda Foster', 73, 'Female', 'Unit 7, 196 Donegall Square North', 'Belfast', 'County Antrim', 'BT1 5GB', 'UK', '+44 7808 647379', 'matilda405@icloud.com', 'Dr Rachel Patel', 'Brownlow Group Practice', '150 Mt Pleasant, Liverpool L69 3GD, United Kingdom', 'DB954246A', '545378361', 'verified_online', '2026-02-13T00:00:00Z', 'Belfast');
INSERT INTO patient_conditions (patient_id, condition_name, status, since_date) VALUES ('pt-0286', 'Osteoarthritis', 'active', '2024-08-06');
INSERT INTO patient_prescriptions (patient_id, drug, indication, dose, frequency, start_date, prescriber) VALUES ('pt-0286', 'Levothyroxine', 'Hypothyroidism', '50 mg', 'twice daily', '2024-04-25', 'Dr Maya Campbell');
INSERT INTO patient_appointments (patient_id, appointment_date, appointment_time, type, location, reason, verified_up_to_date) VALUES ('pt-0286', '2025-08-11', '17:20', 'Diabetes clinic', 'Telehealth', 'treatment follow-up', 1);
INSERT INTO patient_appointments (patient_id, appointment_date, appointment_time, type, location, reason, verified_up_to_date) VALUES ('pt-0286', '2025-10-31', '11:10', 'Diabetes clinic', 'GP practice', 'vaccination', 0);
INSERT INTO patient_vaccine_records (patient_id, vaccine, vaccine_date, product) VALUES ('pt-0286', 'Influenza (seasonal)', '2025-11-28', NULL);

INSERT INTO patients (id, name, age, gender, address_line1, city, county, postcode, country, telephone, email, gp_name, gp_practice, gp_address, national_insurance_number, passport_number, cache_status, last_synced_at, meta_region) VALUES ('pt-0287', 'Sophia Scott', 7, 'Female', 'Apt 8, 102 Corporation Street', 'Birmingham', 'West Midlands', 'B1 1BB', 'UK', '+44 7194 177411', 'sophia23@hotmail.co.uk', 'Dr Tom Clarke', 'Brownlow Group Practice', '150 Mt Pleasant, Liverpool L69 3GD, United Kingdom', 'JC743397A', '755999768', 'cached_stale', '2026-02-12T00:00:00Z', 'Birmingham');
INSERT INTO patient_conditions (patient_id, condition_name, status, since_date) VALUES ('pt-0287', 'Atrial fibrillation', 'active', '2024-05-28');
INSERT INTO patient_appointments (patient_id, appointment_date, appointment_time, type, location, reason, verified_up_to_date) VALUES ('pt-0287', '2023-09-21', '08:00', 'Cardiology follow-up', 'GP practice', 'results discussion', 0);
INSERT INTO patient_appointments (patient_id, appointment_date, appointment_time, type, location, reason, verified_up_to_date) VALUES ('pt-0287', '2026-09-18', '10:20', 'Physiotherapy', 'Hospital outpatient department', 'results discussion', 1);

INSERT INTO patients (id, name, age, gender, address_line1, city, county, postcode, country, telephone, email, gp_name, gp_practice, gp_address, national_insurance_number, passport_number, cache_status, last_synced_at, meta_region) VALUES ('pt-0288', 'Rosie Allen', 80, 'Female', '2 Hilton Street', 'Manchester', 'Greater Manchester', 'M1 1EE', 'UK', '+44 7479 941850', 'rosieallen@hotmail.co.uk', 'Dr Aisha Clarke', 'Brownlow Group Practice', '150 Mt Pleasant, Liverpool L69 3GD, United Kingdom', 'OC597006D', '962923276', 'cached_recent', '2026-02-02T00:00:00Z', 'Manchester');
INSERT INTO patient_appointments (patient_id, appointment_date, appointment_time, type, location, reason, verified_up_to_date) VALUES ('pt-0288', '2026-05-07', '16:20', 'Respiratory review', 'Telehealth', 'symptom check', 0);
INSERT INTO patient_appointments (patient_id, appointment_date, appointment_time, type, location, reason, verified_up_to_date) VALUES ('pt-0288', '2026-10-06', '17:45', 'Diabetes clinic', 'Home visit', 'treatment follow-up', 0);
INSERT INTO patient_vaccine_records (patient_id, vaccine, vaccine_date, product) VALUES ('pt-0288', 'COVID-19', '2022-11-05', 'Nuvaxovid');

INSERT INTO patients (id, name, age, gender, address_line1, city, county, postcode, country, telephone, email, gp_name, gp_practice, gp_address, national_insurance_number, passport_number, cache_status, last_synced_at, meta_region) VALUES ('pt-0289', 'Sophia Smith', 93, 'Female', 'Flat 25, 167 Wall Street', 'Liverpool', 'Merseyside', 'L1 8LZ', 'UK', '+44 7906 393599', 'sophia.smith@icloud.com', 'Dr Kate Khan', 'Brownlow Group Practice', '150 Mt Pleasant, Liverpool L69 3GD, United Kingdom', 'QU991239B', '172784128', 'cached_recent', '2026-03-04T00:00:00Z', 'Liverpool');
INSERT INTO patient_conditions (patient_id, condition_name, status, since_date) VALUES ('pt-0289', 'Osteoporosis', 'history', '2017-09-14');
INSERT INTO patient_conditions (patient_id, condition_name, status, since_date) VALUES ('pt-0289', 'Coronary heart disease', 'controlled', '2022-02-17');
INSERT INTO patient_conditions (patient_id, condition_name, status, since_date) VALUES ('pt-0289', 'Atrial fibrillation', 'controlled', '2012-11-08');
INSERT INTO patient_conditions (patient_id, condition_name, status, since_date) VALUES ('pt-0289', 'Chronic back pain', 'controlled', '2017-06-20');
INSERT INTO patient_conditions (patient_id, condition_name, status, since_date) VALUES ('pt-0289', 'Epilepsy', 'history', '2014-04-09');
INSERT INTO patient_conditions (patient_id, condition_name, status, since_date) VALUES ('pt-0289', 'Asthma', 'controlled', '2014-10-30');
INSERT INTO patient_prescriptions (patient_id, drug, indication, dose, frequency, start_date, prescriber) VALUES ('pt-0289', 'Warfarin', 'Anticoagulant', '10 mg', 'once weekly', '2023-06-22', 'Dr Maya Brown');
INSERT INTO patient_appointments (patient_id, appointment_date, appointment_time, type, location, reason, verified_up_to_date) VALUES ('pt-0289', '2025-04-19', '13:45', 'Mental health check-in', 'Community clinic', 'routine review', 1);
INSERT INTO patient_appointments (patient_id, appointment_date, appointment_time, type, location, reason, verified_up_to_date) VALUES ('pt-0289', '2026-03-14', '12:15', 'Blood test', 'Telehealth', 'annual monitoring', 1);
INSERT INTO patient_appointments (patient_id, appointment_date, appointment_time, type, location, reason, verified_up_to_date) VALUES ('pt-0289', '2026-03-14', '15:00', 'Ophthalmology', 'GP practice', 'vaccination', 1);
INSERT INTO patient_appointments (patient_id, appointment_date, appointment_time, type, location, reason, verified_up_to_date) VALUES ('pt-0289', '2026-04-16', '11:40', 'Vaccination appointment', 'Hospital outpatient department', 'routine review', 0);

INSERT INTO patients (id, name, age, gender, address_line1, city, county, postcode, country, telephone, email, gp_name, gp_practice, gp_address, national_insurance_number, passport_number, cache_status, last_synced_at, meta_region) VALUES ('pt-0290', 'Liam Davies', 11, 'Male', '86 The Mall', 'London', 'Greater London', 'SW1A 1BB', 'UK', '+44 7239 309305', 'liam54@gmail.com', 'Dr Kieran Smith', 'Brownlow Group Practice', '150 Mt Pleasant, Liverpool L69 3GD, United Kingdom', 'ZN622485C', '730665669', 'cached_stale', '2026-02-24T00:00:00Z', 'London');
INSERT INTO patient_conditions (patient_id, condition_name, status, since_date) VALUES ('pt-0290', 'Osteoporosis', 'active', '2013-08-18');
INSERT INTO patient_vaccine_records (patient_id, vaccine, vaccine_date, product) VALUES ('pt-0290', 'COVID-19', '2019-01-20', 'Spikevax');

INSERT INTO patients (id, name, age, gender, address_line1, city, county, postcode, country, telephone, email, gp_name, gp_practice, gp_address, national_insurance_number, passport_number, cache_status, last_synced_at, meta_region) VALUES ('pt-0291', 'Sienna Moore', 69, 'Female', 'Flat 54, 58 Houldsworth Street', 'Manchester', 'Greater Manchester', 'M1 1AQ', 'UK', '+44 7902 929075', 'sienna755@hotmail.co.uk', 'Dr Grace Roberts', 'Brownlow Group Practice', '150 Mt Pleasant, Liverpool L69 3GD, United Kingdom', 'QY924119B', '362275233', 'verified_online', '2026-02-20T00:00:00Z', 'Manchester');
INSERT INTO patient_conditions (patient_id, condition_name, status, since_date) VALUES ('pt-0291', 'Dementia', 'controlled', '2020-06-04');
INSERT INTO patient_conditions (patient_id, condition_name, status, since_date) VALUES ('pt-0291', 'History of stroke/TIA', 'monitoring', '2017-06-09');
INSERT INTO patient_appointments (patient_id, appointment_date, appointment_time, type, location, reason, verified_up_to_date) VALUES ('pt-0291', '2025-05-15', '08:30', 'Physiotherapy', 'GP practice', 'symptom check', 1);
INSERT INTO patient_appointments (patient_id, appointment_date, appointment_time, type, location, reason, verified_up_to_date) VALUES ('pt-0291', '2026-01-22', '10:50', 'Cardiology follow-up', 'Hospital outpatient department', 'treatment follow-up', 1);
INSERT INTO patient_vaccine_records (patient_id, vaccine, vaccine_date, product) VALUES ('pt-0291', 'Influenza (seasonal)', '2022-02-13', NULL);
INSERT INTO patient_vaccine_records (patient_id, vaccine, vaccine_date, product) VALUES ('pt-0291', 'Pneumococcal', '2025-11-04', NULL);
INSERT INTO patient_vaccine_records (patient_id, vaccine, vaccine_date, product) VALUES ('pt-0291', 'Td/Tdap (tetanus, diphtheria, pertussis)', '2022-04-19', NULL);

INSERT INTO patients (id, name, age, gender, address_line1, city, county, postcode, country, telephone, email, gp_name, gp_practice, gp_address, national_insurance_number, passport_number, cache_status, last_synced_at, meta_region) VALUES ('pt-0292', 'Lewis Harrison', 94, 'Male', 'Unit 7, 55 Broad Street', 'Birmingham', 'West Midlands', 'B1 1BB', 'UK', '+44 7202 187382', 'lewis.harrison60@icloud.com', 'Dr Ibrahim Wilson', 'Brownlow Group Practice', '150 Mt Pleasant, Liverpool L69 3GD, United Kingdom', 'DT720034A', '152819463', 'cached_stale', '2026-02-07T00:00:00Z', 'Birmingham');
INSERT INTO patient_conditions (patient_id, condition_name, status, since_date) VALUES ('pt-0292', 'Depression', 'controlled', '2019-10-06');
INSERT INTO patient_appointments (patient_id, appointment_date, appointment_time, type, location, reason, verified_up_to_date) VALUES ('pt-0292', '2024-09-21', '08:45', 'Physiotherapy', 'Home visit', 'treatment follow-up', 1);
INSERT INTO patient_appointments (patient_id, appointment_date, appointment_time, type, location, reason, verified_up_to_date) VALUES ('pt-0292', '2025-06-13', '10:00', 'Physiotherapy', 'Hospital outpatient department', 'routine review', 0);
INSERT INTO patient_appointments (patient_id, appointment_date, appointment_time, type, location, reason, verified_up_to_date) VALUES ('pt-0292', '2026-03-11', '14:15', 'Cardiology follow-up', 'Telehealth', 'symptom check', 1);

INSERT INTO patients (id, name, age, gender, address_line1, city, county, postcode, country, telephone, email, gp_name, gp_practice, gp_address, national_insurance_number, passport_number, cache_status, last_synced_at, meta_region) VALUES ('pt-0293', 'Leo Green', 28, 'Male', 'Apt 53, 24 Rose Street', 'Edinburgh', 'City of Edinburgh', 'EH2 2PB', 'UK', '+44 7146 631085', 'lgreen@gmail.com', 'Dr Matthew Evans', 'Brownlow Group Practice', '150 Mt Pleasant, Liverpool L69 3GD, United Kingdom', 'CR314459A', '237706453', 'cached_recent', '2026-02-23T00:00:00Z', 'Edinburgh');
INSERT INTO patient_conditions (patient_id, condition_name, status, since_date) VALUES ('pt-0293', 'Coronary heart disease', 'history', '2012-04-26');
INSERT INTO patient_conditions (patient_id, condition_name, status, since_date) VALUES ('pt-0293', 'Type 2 diabetes', 'active', '2018-09-29');
INSERT INTO patient_conditions (patient_id, condition_name, status, since_date) VALUES ('pt-0293', 'Hypertension', 'controlled', '2018-12-18');
INSERT INTO patient_appointments (patient_id, appointment_date, appointment_time, type, location, reason, verified_up_to_date) VALUES ('pt-0293', '2025-03-23', '08:20', 'Blood test', 'GP practice', 'routine review', 0);
INSERT INTO patient_appointments (patient_id, appointment_date, appointment_time, type, location, reason, verified_up_to_date) VALUES ('pt-0293', '2025-12-07', '09:50', 'Cardiology follow-up', 'Community clinic', 'results discussion', 1);
INSERT INTO patient_appointments (patient_id, appointment_date, appointment_time, type, location, reason, verified_up_to_date) VALUES ('pt-0293', '2026-12-12', '17:40', 'GP review', 'Home visit', 'annual monitoring', 1);

INSERT INTO patients (id, name, age, gender, address_line1, city, county, postcode, country, telephone, email, gp_name, gp_practice, gp_address, national_insurance_number, passport_number, cache_status, last_synced_at, meta_region) VALUES ('pt-0294', 'Charlie Wilson', 47, 'Male', '104 Paradise Street', 'Liverpool', 'Merseyside', 'L1 8BJ', 'UK', '+44 7288 710389', 'charliewilson@outlook.com', 'Dr Fatima Morgan', 'Brownlow Group Practice', '150 Mt Pleasant, Liverpool L69 3GD, United Kingdom', 'HZ232073C', '355440732', 'cached_stale', '2026-02-03T00:00:00Z', 'Liverpool');
INSERT INTO patient_prescriptions (patient_id, drug, indication, dose, frequency, start_date, prescriber) VALUES ('pt-0294', 'Tirzepatide', 'Weight management/Type 2 diabetes', '0.5 mg', 'once daily', '2025-05-27', 'Dr Chloe Ahmed');
INSERT INTO patient_appointments (patient_id, appointment_date, appointment_time, type, location, reason, verified_up_to_date) VALUES ('pt-0294', '2023-07-03', '09:45', 'Medication review', 'Home visit', 'annual monitoring', 1);
INSERT INTO patient_appointments (patient_id, appointment_date, appointment_time, type, location, reason, verified_up_to_date) VALUES ('pt-0294', '2024-07-11', '15:30', 'Diabetes clinic', 'Community clinic', 'vaccination', 1);
INSERT INTO patient_appointments (patient_id, appointment_date, appointment_time, type, location, reason, verified_up_to_date) VALUES ('pt-0294', '2025-12-24', '12:40', 'Cardiology follow-up', 'GP practice', 'routine review', 0);
INSERT INTO patient_appointments (patient_id, appointment_date, appointment_time, type, location, reason, verified_up_to_date) VALUES ('pt-0294', '2026-03-25', '10:40', 'Physiotherapy', 'GP practice', 'symptom check', 1);
INSERT INTO patient_vaccine_records (patient_id, vaccine, vaccine_date, product) VALUES ('pt-0294', 'Td/Tdap (tetanus, diphtheria, pertussis)', '2024-06-11', NULL);

INSERT INTO patients (id, name, age, gender, address_line1, city, county, postcode, country, telephone, email, gp_name, gp_practice, gp_address, national_insurance_number, passport_number, cache_status, last_synced_at, meta_region) VALUES ('pt-0295', 'Amelia Campbell', 52, 'Female', 'Apt 50, 11 Briggate', 'Leeds', 'West Yorkshire', 'LS1 1UR', 'UK', '+44 7244 579800', 'amelia.campbell46@outlook.com', 'Dr Fatima Wilson', 'Brownlow Group Practice', '150 Mt Pleasant, Liverpool L69 3GD, United Kingdom', 'CI484383D', '955553063', 'verified_online', '2026-02-08T00:00:00Z', 'Leeds');
INSERT INTO patient_appointments (patient_id, appointment_date, appointment_time, type, location, reason, verified_up_to_date) VALUES ('pt-0295', '2025-07-21', '17:00', 'Respiratory review', 'Hospital outpatient department', 'results discussion', 1);
INSERT INTO patient_appointments (patient_id, appointment_date, appointment_time, type, location, reason, verified_up_to_date) VALUES ('pt-0295', '2025-09-13', '13:15', 'Blood test', 'Community clinic', 'treatment follow-up', 0);

INSERT INTO patients (id, name, age, gender, address_line1, city, county, postcode, country, telephone, email, gp_name, gp_practice, gp_address, national_insurance_number, passport_number, cache_status, last_synced_at, meta_region) VALUES ('pt-0296', 'Mia Evans', 84, 'Female', 'Flat 15, 104 Bakers Row', 'Cardiff', 'South Glamorgan', 'CF10 1AF', 'UK', '+44 7418 156015', 'mia.evans13@outlook.com', 'Dr Hannah Jones', 'Brownlow Group Practice', '150 Mt Pleasant, Liverpool L69 3GD, United Kingdom', 'FX790618D', '174497626', 'cached_stale', '2026-02-25T00:00:00Z', 'Cardiff');
INSERT INTO patient_conditions (patient_id, condition_name, status, since_date) VALUES ('pt-0296', 'Chronic back pain', 'history', '2011-04-12');
INSERT INTO patient_prescriptions (patient_id, drug, indication, dose, frequency, start_date, prescriber) VALUES ('pt-0296', 'Ramipril', 'Hypertension/Heart failure', '1 g', 'once weekly', '2024-05-11', 'Dr Owen Jones');
INSERT INTO patient_appointments (patient_id, appointment_date, appointment_time, type, location, reason, verified_up_to_date) VALUES ('pt-0296', '2026-08-15', '08:00', 'Physiotherapy', 'Community clinic', 'results discussion', 1);
INSERT INTO patient_appointments (patient_id, appointment_date, appointment_time, type, location, reason, verified_up_to_date) VALUES ('pt-0296', '2026-10-27', '13:50', 'Medication review', 'Community clinic', 'vaccination', 1);
INSERT INTO patient_vaccine_records (patient_id, vaccine, vaccine_date, product) VALUES ('pt-0296', 'COVID-19', '2022-05-11', 'Comirnaty');
INSERT INTO patient_vaccine_records (patient_id, vaccine, vaccine_date, product) VALUES ('pt-0296', 'COVID-19 booster', '2022-03-13', 'Spikevax');
INSERT INTO patient_vaccine_records (patient_id, vaccine, vaccine_date, product) VALUES ('pt-0296', 'Influenza (seasonal)', '2025-08-01', NULL);
INSERT INTO patient_vaccine_records (patient_id, vaccine, vaccine_date, product) VALUES ('pt-0296', 'Shingles (Shingrix)', '2017-12-02', 'Shingrix');
INSERT INTO patient_vaccine_records (patient_id, vaccine, vaccine_date, product) VALUES ('pt-0296', 'RSV', '2019-04-16', 'Abrysvo');

INSERT INTO patients (id, name, age, gender, address_line1, city, county, postcode, country, telephone, email, gp_name, gp_practice, gp_address, national_insurance_number, passport_number, cache_status, last_synced_at, meta_region) VALUES ('pt-0297', 'Maisie Ahmed', 51, 'Female', '14 Marmora Road', 'Cambridge', 'Cambridgeshire', 'CB1 3EY', 'UK', '+44 7912 723767', 'maisie246@icloud.com', 'Dr Zoe Khan', 'Brownlow Group Practice', '150 Mt Pleasant, Liverpool L69 3GD, United Kingdom', 'LM946962A', '656169258', 'cached_recent', '2026-02-11T00:00:00Z', 'Cambridge');
INSERT INTO patient_conditions (patient_id, condition_name, status, since_date) VALUES ('pt-0297', 'Overactive bladder', 'controlled', '2011-12-28');
INSERT INTO patient_conditions (patient_id, condition_name, status, since_date) VALUES ('pt-0297', 'Benign prostatic hyperplasia (BPH)', 'active', '2017-05-24');
INSERT INTO patient_appointments (patient_id, appointment_date, appointment_time, type, location, reason, verified_up_to_date) VALUES ('pt-0297', '2026-05-27', '15:40', 'Diabetes clinic', 'GP practice', 'symptom check', 1);

INSERT INTO patients (id, name, age, gender, address_line1, city, county, postcode, country, telephone, email, gp_name, gp_practice, gp_address, national_insurance_number, passport_number, cache_status, last_synced_at, meta_region) VALUES ('pt-0298', 'Violet Wilson', 70, 'Female', 'Flat 34, 69 Park Row', 'Leeds', 'West Yorkshire', 'LS1 1UR', 'UK', '+44 7452 108950', 'violet.wilson83@icloud.com', 'Dr Maya Patel', 'Brownlow Group Practice', '150 Mt Pleasant, Liverpool L69 3GD, United Kingdom', 'FO198991B', '908932508', 'cached_stale', '2026-02-12T00:00:00Z', 'Leeds');
INSERT INTO patient_conditions (patient_id, condition_name, status, since_date) VALUES ('pt-0298', 'Generalised anxiety disorder', 'active', '2012-09-05');
INSERT INTO patient_conditions (patient_id, condition_name, status, since_date) VALUES ('pt-0298', 'Asthma', 'history', '2014-10-26');
INSERT INTO patient_conditions (patient_id, condition_name, status, since_date) VALUES ('pt-0298', 'Hypertension', 'active', '2015-09-26');
INSERT INTO patient_conditions (patient_id, condition_name, status, since_date) VALUES ('pt-0298', 'Hypothyroidism', 'active', '2020-08-05');
INSERT INTO patient_conditions (patient_id, condition_name, status, since_date) VALUES ('pt-0298', 'Hypercholesterolaemia', 'active', '2019-05-30');
INSERT INTO patient_conditions (patient_id, condition_name, status, since_date) VALUES ('pt-0298', 'Obesity', 'monitoring', '2020-07-19');
INSERT INTO patient_appointments (patient_id, appointment_date, appointment_time, type, location, reason, verified_up_to_date) VALUES ('pt-0298', '2023-05-27', '14:20', 'Vaccination appointment', 'Community clinic', 'routine review', 0);
INSERT INTO patient_appointments (patient_id, appointment_date, appointment_time, type, location, reason, verified_up_to_date) VALUES ('pt-0298', '2025-05-04', '12:30', 'Respiratory review', 'Hospital outpatient department', 'vaccination', 1);
INSERT INTO patient_vaccine_records (patient_id, vaccine, vaccine_date, product) VALUES ('pt-0298', 'COVID-19', '2021-01-16', 'Comirnaty');
INSERT INTO patient_vaccine_records (patient_id, vaccine, vaccine_date, product) VALUES ('pt-0298', 'Influenza (seasonal)', '2019-06-29', NULL);
INSERT INTO patient_vaccine_records (patient_id, vaccine, vaccine_date, product) VALUES ('pt-0298', 'Shingles (Shingrix)', '2024-12-27', 'Shingrix');
INSERT INTO patient_vaccine_records (patient_id, vaccine, vaccine_date, product) VALUES ('pt-0298', 'MMR', '2025-06-21', NULL);

INSERT INTO patients (id, name, age, gender, address_line1, city, county, postcode, country, telephone, email, gp_name, gp_practice, gp_address, national_insurance_number, passport_number, cache_status, last_synced_at, meta_region) VALUES ('pt-0299', 'Ella Evans', 92, 'Female', 'Flat 36, 33 Sauchiehall Street', 'Glasgow', 'Glasgow City', 'G2 2EN', 'UK', '+44 7511 715332', 'eevans@hotmail.co.uk', 'Dr Lucy Foster', 'Brownlow Group Practice', '150 Mt Pleasant, Liverpool L69 3GD, United Kingdom', 'GL251583D', '398056305', 'verified_online', '2026-02-04T00:00:00Z', 'Glasgow');
INSERT INTO patient_conditions (patient_id, condition_name, status, since_date) VALUES ('pt-0299', 'Overactive bladder', 'history', '2014-06-28');
INSERT INTO patient_conditions (patient_id, condition_name, status, since_date) VALUES ('pt-0299', 'Gastro-oesophageal reflux disease (GORD)', 'monitoring', '2013-01-29');
INSERT INTO patient_conditions (patient_id, condition_name, status, since_date) VALUES ('pt-0299', 'Gout', 'history', '2017-02-03');
INSERT INTO patient_conditions (patient_id, condition_name, status, since_date) VALUES ('pt-0299', 'Epilepsy', 'monitoring', '2016-07-20');
INSERT INTO patient_conditions (patient_id, condition_name, status, since_date) VALUES ('pt-0299', 'Active cancer (under treatment)', 'active', '2017-07-01');
INSERT INTO patient_conditions (patient_id, condition_name, status, since_date) VALUES ('pt-0299', 'Asthma', 'active', '2015-05-15');
INSERT INTO patient_prescriptions (patient_id, drug, indication, dose, frequency, start_date, prescriber) VALUES ('pt-0299', 'Citalopram', 'Depression/Anxiety', '25 mg', 'twice daily', '2024-08-19', 'Dr Sophie Khan');
INSERT INTO patient_appointments (patient_id, appointment_date, appointment_time, type, location, reason, verified_up_to_date) VALUES ('pt-0299', '2023-08-10', '09:40', 'Mental health check-in', 'Home visit', 'results discussion', 1);
INSERT INTO patient_vaccine_records (patient_id, vaccine, vaccine_date, product) VALUES ('pt-0299', 'Pneumococcal', '2020-07-06', NULL);

INSERT INTO patients (id, name, age, gender, address_line1, city, county, postcode, country, telephone, email, gp_name, gp_practice, gp_address, national_insurance_number, passport_number, cache_status, last_synced_at, meta_region) VALUES ('pt-0300', 'Sienna Ali', 0, 'Female', '4 Boar Lane', 'Leeds', 'West Yorkshire', 'LS1 1UR', 'UK', '+44 7929 158548', 'sienna473@outlook.com', 'Dr Fatima Wilson', 'Brownlow Group Practice', '150 Mt Pleasant, Liverpool L69 3GD, United Kingdom', 'VY480140B', '111937392', 'cached_stale', '2026-02-28T00:00:00Z', 'Leeds');
INSERT INTO patient_conditions (patient_id, condition_name, status, since_date) VALUES ('pt-0300', 'Gout', 'monitoring', '2015-05-04');
INSERT INTO patient_conditions (patient_id, condition_name, status, since_date) VALUES ('pt-0300', 'Chronic kidney disease', 'controlled', '2018-06-05');
INSERT INTO patient_appointments (patient_id, appointment_date, appointment_time, type, location, reason, verified_up_to_date) VALUES ('pt-0300', '2026-03-15', '17:10', 'Respiratory review', 'Community clinic', 'results discussion', 1);
INSERT INTO patient_appointments (patient_id, appointment_date, appointment_time, type, location, reason, verified_up_to_date) VALUES ('pt-0300', '2026-06-04', '10:10', 'Cardiology follow-up', 'GP practice', 'results discussion', 1);
INSERT INTO patient_vaccine_records (patient_id, vaccine, vaccine_date, product) VALUES ('pt-0300', 'Td/Tdap (tetanus, diphtheria, pertussis)', '2022-03-02', NULL);

INSERT INTO patients (id, name, age, gender, address_line1, city, county, postcode, country, telephone, email, gp_name, gp_practice, gp_address, national_insurance_number, passport_number, cache_status, last_synced_at, meta_region) VALUES ('pt-0301', 'Mia Hall', 67, 'Female', 'Flat 41, 107 Great Charles Street', 'Birmingham', 'West Midlands', 'B1 1BB', 'UK', '+44 7817 474456', 'mia844@gmail.com', 'Dr Chloe Roberts', 'Brownlow Group Practice', '150 Mt Pleasant, Liverpool L69 3GD, United Kingdom', 'AL341294A', '039048281', 'cached_recent', '2026-02-02T00:00:00Z', 'Birmingham');
INSERT INTO patient_conditions (patient_id, condition_name, status, since_date) VALUES ('pt-0301', 'Osteoarthritis', 'controlled', '2015-11-15');
INSERT INTO patient_conditions (patient_id, condition_name, status, since_date) VALUES ('pt-0301', 'Obesity', 'monitoring', '2015-02-18');
INSERT INTO patient_prescriptions (patient_id, drug, indication, dose, frequency, start_date, prescriber) VALUES ('pt-0301', 'Mirtazapine', 'Depression', '50 mg', 'at night', '2025-12-19', 'Dr Rachel Smith');
INSERT INTO patient_appointments (patient_id, appointment_date, appointment_time, type, location, reason, verified_up_to_date) VALUES ('pt-0301', '2023-04-25', '16:45', 'Physiotherapy', 'Community clinic', 'symptom check', 0);

INSERT INTO patients (id, name, age, gender, address_line1, city, county, postcode, country, telephone, email, gp_name, gp_practice, gp_address, national_insurance_number, passport_number, cache_status, last_synced_at, meta_region) VALUES ('pt-0302', 'James Edwards', 71, 'Male', '131 Richardson Road', 'Newcastle upon Tyne', 'Tyne and Wear', 'NE1 4LP', 'UK', '+44 7882 630229', 'jamesedwards@icloud.com', 'Dr Grace Smith', 'Brownlow Group Practice', '150 Mt Pleasant, Liverpool L69 3GD, United Kingdom', 'BD014847D', '133875517', 'cached_recent', '2026-02-23T00:00:00Z', 'Newcastle upon Tyne');
INSERT INTO patient_conditions (patient_id, condition_name, status, since_date) VALUES ('pt-0302', 'Benign prostatic hyperplasia (BPH)', 'controlled', '2011-12-20');
INSERT INTO patient_conditions (patient_id, condition_name, status, since_date) VALUES ('pt-0302', 'Glaucoma', 'controlled', '2019-08-30');
INSERT INTO patient_prescriptions (patient_id, drug, indication, dose, frequency, start_date, prescriber) VALUES ('pt-0302', 'Beclometasone dipropionate', 'Asthma/COPD', '1 tablet', 'at night', '2023-04-28', 'Dr Robert Ahmed');
INSERT INTO patient_prescriptions (patient_id, drug, indication, dose, frequency, start_date, prescriber) VALUES ('pt-0302', 'Levothyroxine', 'Hypothyroidism', '0.5 mg', 'twice daily', '2025-11-21', 'Dr David Clarke');
INSERT INTO patient_appointments (patient_id, appointment_date, appointment_time, type, location, reason, verified_up_to_date) VALUES ('pt-0302', '2024-06-01', '13:20', 'Diabetes clinic', 'Community clinic', 'results discussion', 0);
INSERT INTO patient_appointments (patient_id, appointment_date, appointment_time, type, location, reason, verified_up_to_date) VALUES ('pt-0302', '2025-02-23', '11:20', 'Diabetes clinic', 'Community clinic', 'symptom check', 0);
INSERT INTO patient_appointments (patient_id, appointment_date, appointment_time, type, location, reason, verified_up_to_date) VALUES ('pt-0302', '2026-11-24', '11:15', 'GP review', 'Hospital outpatient department', 'annual monitoring', 0);

INSERT INTO patients (id, name, age, gender, address_line1, city, county, postcode, country, telephone, email, gp_name, gp_practice, gp_address, national_insurance_number, passport_number, cache_status, last_synced_at, meta_region) VALUES ('pt-0303', 'Ryan Reid', 89, 'Male', '24 Houldsworth Street', 'Manchester', 'Greater Manchester', 'M1 1AR', 'UK', '+44 7675 439695', 'ryan.reid@outlook.com', 'Dr Kate Morgan', 'Brownlow Group Practice', '150 Mt Pleasant, Liverpool L69 3GD, United Kingdom', 'YM182992D', '709849060', 'verified_online', '2026-03-03T00:00:00Z', 'Manchester');
INSERT INTO patient_conditions (patient_id, condition_name, status, since_date) VALUES ('pt-0303', 'Gastro-oesophageal reflux disease (GORD)', 'controlled', '2016-01-16');
INSERT INTO patient_conditions (patient_id, condition_name, status, since_date) VALUES ('pt-0303', 'Generalised anxiety disorder', 'active', '2014-08-10');
INSERT INTO patient_conditions (patient_id, condition_name, status, since_date) VALUES ('pt-0303', 'Atrial fibrillation', 'controlled', '2022-08-01');
INSERT INTO patient_conditions (patient_id, condition_name, status, since_date) VALUES ('pt-0303', 'Osteoporosis', 'active', '2024-10-21');
INSERT INTO patient_conditions (patient_id, condition_name, status, since_date) VALUES ('pt-0303', 'Hypothyroidism', 'controlled', '2018-12-11');
INSERT INTO patient_prescriptions (patient_id, drug, indication, dose, frequency, start_date, prescriber) VALUES ('pt-0303', 'Atorvastatin', 'High cholesterol/Cardiovascular risk', '2 puffs', 'at night', '2024-03-16', 'Dr Grace Khan');
INSERT INTO patient_appointments (patient_id, appointment_date, appointment_time, type, location, reason, verified_up_to_date) VALUES ('pt-0303', '2024-07-13', '15:20', 'Blood test', 'GP practice', 'treatment follow-up', 1);
INSERT INTO patient_appointments (patient_id, appointment_date, appointment_time, type, location, reason, verified_up_to_date) VALUES ('pt-0303', '2025-09-07', '17:40', 'Cardiology follow-up', 'Hospital outpatient department', 'vaccination', 1);

INSERT INTO patients (id, name, age, gender, address_line1, city, county, postcode, country, telephone, email, gp_name, gp_practice, gp_address, national_insurance_number, passport_number, cache_status, last_synced_at, meta_region) VALUES ('pt-0304', 'Jack Ali', 8, 'Male', '115 Little Lever Street', 'Manchester', 'Greater Manchester', 'M1 1AL', 'UK', '+44 7561 673698', 'jackali@gmail.com', 'Dr Ben Morgan', 'Brownlow Group Practice', '150 Mt Pleasant, Liverpool L69 3GD, United Kingdom', 'PZ000553B', '019499324', 'verified_online', '2026-02-11T00:00:00Z', 'Manchester');

INSERT INTO patients (id, name, age, gender, address_line1, city, county, postcode, country, telephone, email, gp_name, gp_practice, gp_address, national_insurance_number, passport_number, cache_status, last_synced_at, meta_region) VALUES ('pt-0305', 'Evie Baker', 78, 'Female', 'Unit 1, 118 Deanery Road', 'Bristol', 'Bristol', 'BS1 5AF', 'UK', '+44 7286 344501', 'evie.baker@outlook.com', 'Dr Grace Foster', 'Brownlow Group Practice', '150 Mt Pleasant, Liverpool L69 3GD, United Kingdom', 'DS072617C', '904267682', 'cached_recent', '2026-02-11T00:00:00Z', 'Bristol');
INSERT INTO patient_conditions (patient_id, condition_name, status, since_date) VALUES ('pt-0305', 'History of stroke/TIA', 'history', '2016-01-07');
INSERT INTO patient_conditions (patient_id, condition_name, status, since_date) VALUES ('pt-0305', 'Benign prostatic hyperplasia (BPH)', 'history', '2022-03-08');
INSERT INTO patient_conditions (patient_id, condition_name, status, since_date) VALUES ('pt-0305', 'Osteoporosis', 'active', '2016-05-15');
INSERT INTO patient_prescriptions (patient_id, drug, indication, dose, frequency, start_date, prescriber) VALUES ('pt-0305', 'Bisoprolol', 'Hypertension/Heart failure/Arrhythmia', '500 mg', 'at night', '2025-05-10', 'Dr Robert Jones');
INSERT INTO patient_appointments (patient_id, appointment_date, appointment_time, type, location, reason, verified_up_to_date) VALUES ('pt-0305', '2024-05-03', '17:30', 'Cardiology follow-up', 'GP practice', 'treatment follow-up', 1);
INSERT INTO patient_appointments (patient_id, appointment_date, appointment_time, type, location, reason, verified_up_to_date) VALUES ('pt-0305', '2026-10-15', '16:50', 'Mental health check-in', 'Home visit', 'annual monitoring', 1);
INSERT INTO patient_vaccine_records (patient_id, vaccine, vaccine_date, product) VALUES ('pt-0305', 'COVID-19', '2021-08-18', 'Spikevax');
INSERT INTO patient_vaccine_records (patient_id, vaccine, vaccine_date, product) VALUES ('pt-0305', 'Influenza (seasonal)', '2019-05-08', NULL);
INSERT INTO patient_vaccine_records (patient_id, vaccine, vaccine_date, product) VALUES ('pt-0305', 'Hepatitis B', '2020-11-23', NULL);

INSERT INTO patients (id, name, age, gender, address_line1, city, county, postcode, country, telephone, email, gp_name, gp_practice, gp_address, national_insurance_number, passport_number, cache_status, last_synced_at, meta_region) VALUES ('pt-0306', 'Beatrice Reid', 54, 'Female', '8 Claremont Road', 'Newcastle upon Tyne', 'Tyne and Wear', 'NE1 4LP', 'UK', '+44 7637 750919', 'beatrice.reid72@hotmail.co.uk', 'Dr Aisha Foster', 'Brownlow Group Practice', '150 Mt Pleasant, Liverpool L69 3GD, United Kingdom', 'TM365618C', '444472750', 'cached_stale', '2026-02-09T00:00:00Z', 'Newcastle upon Tyne');
INSERT INTO patient_conditions (patient_id, condition_name, status, since_date) VALUES ('pt-0306', 'Chronic kidney disease', 'controlled', '2019-10-31');
INSERT INTO patient_conditions (patient_id, condition_name, status, since_date) VALUES ('pt-0306', 'Osteoarthritis', 'active', '2020-09-30');
INSERT INTO patient_appointments (patient_id, appointment_date, appointment_time, type, location, reason, verified_up_to_date) VALUES ('pt-0306', '2025-09-30', '08:40', 'Ophthalmology', 'Home visit', 'vaccination', 1);
INSERT INTO patient_appointments (patient_id, appointment_date, appointment_time, type, location, reason, verified_up_to_date) VALUES ('pt-0306', '2026-04-03', '12:45', 'Ophthalmology', 'Community clinic', 'results discussion', 0);
INSERT INTO patient_appointments (patient_id, appointment_date, appointment_time, type, location, reason, verified_up_to_date) VALUES ('pt-0306', '2026-04-24', '11:40', 'Physiotherapy', 'Community clinic', 'results discussion', 1);
INSERT INTO patient_appointments (patient_id, appointment_date, appointment_time, type, location, reason, verified_up_to_date) VALUES ('pt-0306', '2026-12-14', '17:40', 'Diabetes clinic', 'Telehealth', 'vaccination', 0);
INSERT INTO patient_vaccine_records (patient_id, vaccine, vaccine_date, product) VALUES ('pt-0306', 'Pneumococcal', '2019-11-19', NULL);

INSERT INTO patients (id, name, age, gender, address_line1, city, county, postcode, country, telephone, email, gp_name, gp_practice, gp_address, national_insurance_number, passport_number, cache_status, last_synced_at, meta_region) VALUES ('pt-0307', 'Ruby Robinson', 74, 'Female', 'Apt 13, 58 Corporation Street', 'Birmingham', 'West Midlands', 'B1 1BB', 'UK', '+44 7583 939230', 'rubyrobinson@gmail.com', 'Dr Chloe Roberts', 'Brownlow Group Practice', '150 Mt Pleasant, Liverpool L69 3GD, United Kingdom', 'HA044995C', '298648040', 'cached_stale', '2026-03-01T00:00:00Z', 'Birmingham');
INSERT INTO patient_conditions (patient_id, condition_name, status, since_date) VALUES ('pt-0307', 'Gout', 'controlled', '2016-12-23');
INSERT INTO patient_conditions (patient_id, condition_name, status, since_date) VALUES ('pt-0307', 'History of stroke/TIA', 'history', '2017-07-29');
INSERT INTO patient_prescriptions (patient_id, drug, indication, dose, frequency, start_date, prescriber) VALUES ('pt-0307', 'Mirtazapine', 'Depression', '5 mg', 'with meals', '2024-02-18', 'Dr Fatima Morgan');
INSERT INTO patient_appointments (patient_id, appointment_date, appointment_time, type, location, reason, verified_up_to_date) VALUES ('pt-0307', '2025-07-13', '17:50', 'Cardiology follow-up', 'Telehealth', 'vaccination', 1);
INSERT INTO patient_appointments (patient_id, appointment_date, appointment_time, type, location, reason, verified_up_to_date) VALUES ('pt-0307', '2025-08-12', '09:00', 'Ophthalmology', 'Home visit', 'symptom check', 1);

INSERT INTO patients (id, name, age, gender, address_line1, city, county, postcode, country, telephone, email, gp_name, gp_practice, gp_address, national_insurance_number, passport_number, cache_status, last_synced_at, meta_region) VALUES ('pt-0308', 'Freya White', 32, 'Female', '165 Constitution Hill', 'London', 'Greater London', 'SE1 7PB', 'UK', '+44 7309 411032', 'freyawhite@icloud.com', 'Dr Kieran Khan', 'Brownlow Group Practice', '150 Mt Pleasant, Liverpool L69 3GD, United Kingdom', 'FV776849B', '035954751', 'cached_recent', '2026-02-09T00:00:00Z', 'London');
INSERT INTO patient_conditions (patient_id, condition_name, status, since_date) VALUES ('pt-0308', 'Coronary heart disease', 'history', '2015-06-14');
INSERT INTO patient_prescriptions (patient_id, drug, indication, dose, frequency, start_date, prescriber) VALUES ('pt-0308', 'Co-codamol', 'Pain', '1 g', 'once weekly', '2023-08-13', 'Dr Chloe Ahmed');
INSERT INTO patient_prescriptions (patient_id, drug, indication, dose, frequency, start_date, prescriber) VALUES ('pt-0308', 'Tirzepatide', 'Weight management/Type 2 diabetes', '2.5 mg', 'twice daily', '2023-07-23', 'Dr Alex Wilson');

INSERT INTO patients (id, name, age, gender, address_line1, city, county, postcode, country, telephone, email, gp_name, gp_practice, gp_address, national_insurance_number, passport_number, cache_status, last_synced_at, meta_region) VALUES ('pt-0309', 'Lewis Stewart', 57, 'Male', 'Unit 36, 156 Hope Street', 'Glasgow', 'Glasgow City', 'G2 2EN', 'UK', '+44 7409 317935', 'lewis.stewart@outlook.com', 'Dr Priya Clarke', 'Brownlow Group Practice', '150 Mt Pleasant, Liverpool L69 3GD, United Kingdom', 'HR832505C', '050392501', 'cached_stale', '2026-03-01T00:00:00Z', 'Glasgow');
INSERT INTO patient_conditions (patient_id, condition_name, status, since_date) VALUES ('pt-0309', 'Hypertension', 'monitoring', '2014-05-04');
INSERT INTO patient_conditions (patient_id, condition_name, status, since_date) VALUES ('pt-0309', 'Type 2 diabetes', 'monitoring', '2019-09-26');
INSERT INTO patient_vaccine_records (patient_id, vaccine, vaccine_date, product) VALUES ('pt-0309', 'COVID-19', '2023-01-05', 'Nuvaxovid');

INSERT INTO patients (id, name, age, gender, address_line1, city, county, postcode, country, telephone, email, gp_name, gp_practice, gp_address, national_insurance_number, passport_number, cache_status, last_synced_at, meta_region) VALUES ('pt-0310', 'Andrew Clarke', 22, 'Male', 'Flat 41, 10 George Street', 'Edinburgh', 'City of Edinburgh', 'EH2 2SB', 'UK', '+44 7565 852562', 'andrewclarke@hotmail.co.uk', 'Dr Robert Patel', 'Brownlow Group Practice', '150 Mt Pleasant, Liverpool L69 3GD, United Kingdom', 'BL061330D', '874373959', 'cached_stale', '2026-02-26T00:00:00Z', 'Edinburgh');
INSERT INTO patient_conditions (patient_id, condition_name, status, since_date) VALUES ('pt-0310', 'Hypercholesterolaemia', 'active', '2014-03-13');
INSERT INTO patient_prescriptions (patient_id, drug, indication, dose, frequency, start_date, prescriber) VALUES ('pt-0310', 'Lansoprazole', 'Reflux/Ulcer prevention', '25 mg', 'once daily', '2024-05-27', 'Dr Sophie Khan');
INSERT INTO patient_prescriptions (patient_id, drug, indication, dose, frequency, start_date, prescriber) VALUES ('pt-0310', 'Tirzepatide', 'Weight management/Type 2 diabetes', '50 mg', 'once weekly', '2025-10-19', 'Dr Aisha Evans');
INSERT INTO patient_appointments (patient_id, appointment_date, appointment_time, type, location, reason, verified_up_to_date) VALUES ('pt-0310', '2025-02-13', '13:20', 'GP review', 'Community clinic', 'annual monitoring', 1);
INSERT INTO patient_appointments (patient_id, appointment_date, appointment_time, type, location, reason, verified_up_to_date) VALUES ('pt-0310', '2025-05-23', '10:20', 'Ophthalmology', 'Telehealth', 'annual monitoring', 0);
INSERT INTO patient_appointments (patient_id, appointment_date, appointment_time, type, location, reason, verified_up_to_date) VALUES ('pt-0310', '2025-07-28', '15:40', 'GP review', 'Home visit', 'results discussion', 1);

INSERT INTO patients (id, name, age, gender, address_line1, city, county, postcode, country, telephone, email, gp_name, gp_practice, gp_address, national_insurance_number, passport_number, cache_status, last_synced_at, meta_region) VALUES ('pt-0311', 'Gareth Barnes', 87, 'Male', '2 Custom House Place', 'Liverpool', 'Merseyside', 'L1 8JF', 'UK', '+44 7785 177525', 'gareth475@hotmail.co.uk', 'Dr Fatima Morgan', 'Brownlow Group Practice', '150 Mt Pleasant, Liverpool L69 3GD, United Kingdom', 'WB836698B', '642381335', 'cached_recent', '2026-03-04T00:00:00Z', 'Liverpool');
INSERT INTO patient_conditions (patient_id, condition_name, status, since_date) VALUES ('pt-0311', 'Gout', 'controlled', '2023-03-22');
INSERT INTO patient_conditions (patient_id, condition_name, status, since_date) VALUES ('pt-0311', 'Depression', 'active', '2021-01-24');
INSERT INTO patient_conditions (patient_id, condition_name, status, since_date) VALUES ('pt-0311', 'Hypothyroidism', 'history', '2025-04-15');
INSERT INTO patient_conditions (patient_id, condition_name, status, since_date) VALUES ('pt-0311', 'Type 2 diabetes', 'active', '2015-03-20');
INSERT INTO patient_conditions (patient_id, condition_name, status, since_date) VALUES ('pt-0311', 'Heart failure', 'active', '2024-04-19');
INSERT INTO patient_prescriptions (patient_id, drug, indication, dose, frequency, start_date, prescriber) VALUES ('pt-0311', 'Allopurinol', 'Gout', '2 puffs', 'as needed', '2026-01-06', 'Dr Sarah Jones');
INSERT INTO patient_prescriptions (patient_id, drug, indication, dose, frequency, start_date, prescriber) VALUES ('pt-0311', 'Clopidogrel', 'Antiplatelet (post-MI/stroke)', '2 puffs', 'twice daily', '2024-07-23', 'Dr Matthew Campbell');
INSERT INTO patient_appointments (patient_id, appointment_date, appointment_time, type, location, reason, verified_up_to_date) VALUES ('pt-0311', '2025-05-21', '10:10', 'Diabetes clinic', 'GP practice', 'routine review', 1);
INSERT INTO patient_vaccine_records (patient_id, vaccine, vaccine_date, product) VALUES ('pt-0311', 'COVID-19', '2022-10-08', 'Comirnaty');

INSERT INTO patients (id, name, age, gender, address_line1, city, county, postcode, country, telephone, email, gp_name, gp_practice, gp_address, national_insurance_number, passport_number, cache_status, last_synced_at, meta_region) VALUES ('pt-0312', 'Ruby Baker', 32, 'Female', 'Flat 56, 174 Donegall Place', 'Belfast', 'County Antrim', 'BT1 5LR', 'UK', '+44 7713 708290', 'ruby.baker@hotmail.co.uk', 'Dr Rachel Ahmed', 'Brownlow Group Practice', '150 Mt Pleasant, Liverpool L69 3GD, United Kingdom', 'OA843515B', '011085734', 'verified_online', '2026-02-21T00:00:00Z', 'Belfast');
INSERT INTO patient_prescriptions (patient_id, drug, indication, dose, frequency, start_date, prescriber) VALUES ('pt-0312', 'Ramipril', 'Hypertension/Heart failure', '20 mg', 'once weekly', '2024-12-20', 'Dr Robert Jones');
INSERT INTO patient_prescriptions (patient_id, drug, indication, dose, frequency, start_date, prescriber) VALUES ('pt-0312', 'Sacubitril/valsartan', 'Heart failure', '1 puff', 'as needed', '2025-04-26', 'Dr Sophie Khan');

INSERT INTO patients (id, name, age, gender, address_line1, city, county, postcode, country, telephone, email, gp_name, gp_practice, gp_address, national_insurance_number, passport_number, cache_status, last_synced_at, meta_region) VALUES ('pt-0313', 'Ethan Martin', 79, 'Male', 'Apt 3, 176 Broad Street', 'Birmingham', 'West Midlands', 'B1 1BB', 'UK', '+44 7761 801311', 'ethan.martin@outlook.com', 'Dr Tom Clarke', 'Brownlow Group Practice', '150 Mt Pleasant, Liverpool L69 3GD, United Kingdom', 'GX112165B', '702980150', 'cached_stale', '2026-02-13T00:00:00Z', 'Birmingham');
INSERT INTO patient_conditions (patient_id, condition_name, status, since_date) VALUES ('pt-0313', 'Heart failure', 'controlled', '2024-08-02');
INSERT INTO patient_conditions (patient_id, condition_name, status, since_date) VALUES ('pt-0313', 'Dementia', 'history', '2016-05-30');
INSERT INTO patient_conditions (patient_id, condition_name, status, since_date) VALUES ('pt-0313', 'Benign prostatic hyperplasia (BPH)', 'history', '2022-05-08');
INSERT INTO patient_prescriptions (patient_id, drug, indication, dose, frequency, start_date, prescriber) VALUES ('pt-0313', 'Apixaban', 'Anticoagulant (AF/VTE)', '20 mg', 'once daily', '2025-07-08', 'Dr David Wilson');
INSERT INTO patient_prescriptions (patient_id, drug, indication, dose, frequency, start_date, prescriber) VALUES ('pt-0313', 'Finasteride', 'BPH', '1 tablet', 'once weekly', '2025-02-17', 'Dr Owen Jones');
INSERT INTO patient_appointments (patient_id, appointment_date, appointment_time, type, location, reason, verified_up_to_date) VALUES ('pt-0313', '2025-06-05', '11:45', 'Cardiology follow-up', 'Home visit', 'vaccination', 1);
INSERT INTO patient_appointments (patient_id, appointment_date, appointment_time, type, location, reason, verified_up_to_date) VALUES ('pt-0313', '2026-04-28', '11:00', 'Diabetes clinic', 'Telehealth', 'annual monitoring', 1);
INSERT INTO patient_appointments (patient_id, appointment_date, appointment_time, type, location, reason, verified_up_to_date) VALUES ('pt-0313', '2027-01-02', '13:15', 'Diabetes clinic', 'Telehealth', 'annual monitoring', 1);

INSERT INTO patients (id, name, age, gender, address_line1, city, county, postcode, country, telephone, email, gp_name, gp_practice, gp_address, national_insurance_number, passport_number, cache_status, last_synced_at, meta_region) VALUES ('pt-0314', 'Lucas Stewart', 57, 'Male', 'Unit 28, 180 West George Street', 'Glasgow', 'Glasgow City', 'G2 2TG', 'UK', '+44 7753 521240', 'lstewart@gmail.com', 'Dr Ben Jones', 'Brownlow Group Practice', '150 Mt Pleasant, Liverpool L69 3GD, United Kingdom', 'XE228287C', '707063288', 'cached_recent', '2026-02-24T00:00:00Z', 'Glasgow');
INSERT INTO patient_conditions (patient_id, condition_name, status, since_date) VALUES ('pt-0314', 'History of stroke/TIA', 'monitoring', '2017-01-22');
INSERT INTO patient_prescriptions (patient_id, drug, indication, dose, frequency, start_date, prescriber) VALUES ('pt-0314', 'Aspirin', 'Antiplatelet/Pain', '1 injection', 'at night', '2023-03-06', 'Dr Holly Khan');
INSERT INTO patient_prescriptions (patient_id, drug, indication, dose, frequency, start_date, prescriber) VALUES ('pt-0314', 'Bisoprolol', 'Hypertension/Heart failure/Arrhythmia', '1 puff', 'once weekly', '2024-03-02', 'Dr Chloe Ahmed');

INSERT INTO patients (id, name, age, gender, address_line1, city, county, postcode, country, telephone, email, gp_name, gp_practice, gp_address, national_insurance_number, passport_number, cache_status, last_synced_at, meta_region) VALUES ('pt-0315', 'Sienna Clarke', 82, 'Female', 'Flat 2, 159 West George Street', 'Glasgow', 'Glasgow City', 'G2 2EN', 'UK', '+44 7105 464731', 'siennaclarke@hotmail.co.uk', 'Dr Lucy Foster', 'Brownlow Group Practice', '150 Mt Pleasant, Liverpool L69 3GD, United Kingdom', 'GR415267B', '937342444', 'verified_online', '2026-02-23T00:00:00Z', 'Glasgow');
INSERT INTO patient_appointments (patient_id, appointment_date, appointment_time, type, location, reason, verified_up_to_date) VALUES ('pt-0315', '2025-06-14', '17:30', 'Ophthalmology', 'Telehealth', 'routine review', 1);
INSERT INTO patient_appointments (patient_id, appointment_date, appointment_time, type, location, reason, verified_up_to_date) VALUES ('pt-0315', '2026-10-06', '09:10', 'Medication review', 'Telehealth', 'results discussion', 1);
INSERT INTO patient_vaccine_records (patient_id, vaccine, vaccine_date, product) VALUES ('pt-0315', 'COVID-19', '2023-04-06', 'Spikevax');
INSERT INTO patient_vaccine_records (patient_id, vaccine, vaccine_date, product) VALUES ('pt-0315', 'COVID-19 booster', '2019-03-17', 'Comirnaty');
INSERT INTO patient_vaccine_records (patient_id, vaccine, vaccine_date, product) VALUES ('pt-0315', 'Influenza (seasonal)', '2022-02-11', NULL);
INSERT INTO patient_vaccine_records (patient_id, vaccine, vaccine_date, product) VALUES ('pt-0315', 'RSV', '2022-05-19', 'Arexvy');

INSERT INTO patients (id, name, age, gender, address_line1, city, county, postcode, country, telephone, email, gp_name, gp_practice, gp_address, national_insurance_number, passport_number, cache_status, last_synced_at, meta_region) VALUES ('pt-0316', 'Robert Davies', 12, 'Male', 'Flat 53, 210 Houldsworth Street', 'Manchester', 'Greater Manchester', 'M1 1AE', 'UK', '+44 7665 419504', 'robert.davies@gmail.com', 'Dr Kate Morgan', 'Brownlow Group Practice', '150 Mt Pleasant, Liverpool L69 3GD, United Kingdom', 'GE696069B', '215956412', 'cached_recent', '2026-03-02T00:00:00Z', 'Manchester');
INSERT INTO patient_conditions (patient_id, condition_name, status, since_date) VALUES ('pt-0316', 'Osteoporosis', 'controlled', '2016-04-10');
INSERT INTO patient_prescriptions (patient_id, drug, indication, dose, frequency, start_date, prescriber) VALUES ('pt-0316', 'Alendronic acid', 'Osteoporosis', '2.5 mg', 'once weekly', '2024-04-25', 'Dr Hannah Jones');

INSERT INTO patients (id, name, age, gender, address_line1, city, county, postcode, country, telephone, email, gp_name, gp_practice, gp_address, national_insurance_number, passport_number, cache_status, last_synced_at, meta_region) VALUES ('pt-0317', 'Nora Patel', 55, 'Female', 'Apt 20, 215 St Georges Road', 'Bristol', 'Bristol', 'BS1 5AS', 'UK', '+44 7688 969723', 'npatel@icloud.com', 'Dr Maya Hughes', 'Brownlow Group Practice', '150 Mt Pleasant, Liverpool L69 3GD, United Kingdom', 'GJ646701B', '368753641', 'cached_stale', '2026-02-02T00:00:00Z', 'Bristol');
INSERT INTO patient_conditions (patient_id, condition_name, status, since_date) VALUES ('pt-0317', 'Glaucoma', 'active', '2021-12-30');
INSERT INTO patient_conditions (patient_id, condition_name, status, since_date) VALUES ('pt-0317', 'Hypertension', 'active', '2025-10-10');
INSERT INTO patient_conditions (patient_id, condition_name, status, since_date) VALUES ('pt-0317', 'Heart failure', 'monitoring', '2024-03-26');
INSERT INTO patient_prescriptions (patient_id, drug, indication, dose, frequency, start_date, prescriber) VALUES ('pt-0317', 'Colecalciferol', 'Vitamin D deficiency', '10 mg', 'at night', '2024-08-31', 'Dr David Clarke');
INSERT INTO patient_appointments (patient_id, appointment_date, appointment_time, type, location, reason, verified_up_to_date) VALUES ('pt-0317', '2026-06-02', '14:10', 'Medication review', 'Telehealth', 'vaccination', 1);
INSERT INTO patient_appointments (patient_id, appointment_date, appointment_time, type, location, reason, verified_up_to_date) VALUES ('pt-0317', '2026-11-01', '14:20', 'Mental health check-in', 'Hospital outpatient department', 'annual monitoring', 0);
INSERT INTO patient_vaccine_records (patient_id, vaccine, vaccine_date, product) VALUES ('pt-0317', 'COVID-19', '2019-03-28', 'Nuvaxovid');
INSERT INTO patient_vaccine_records (patient_id, vaccine, vaccine_date, product) VALUES ('pt-0317', 'Td/Tdap (tetanus, diphtheria, pertussis)', '2021-02-28', NULL);

INSERT INTO patients (id, name, age, gender, address_line1, city, county, postcode, country, telephone, email, gp_name, gp_practice, gp_address, national_insurance_number, passport_number, cache_status, last_synced_at, meta_region) VALUES ('pt-0318', 'Eliza Barnes', 37, 'Female', '77 Claremont Place', 'Newcastle upon Tyne', 'Tyne and Wear', 'NE1 4LP', 'UK', '+44 7434 279203', 'elizabarnes@icloud.com', 'Dr Chloe Smith', 'Brownlow Group Practice', '150 Mt Pleasant, Liverpool L69 3GD, United Kingdom', 'EO040983D', '429727329', 'cached_stale', '2026-02-19T00:00:00Z', 'Newcastle upon Tyne');
INSERT INTO patient_conditions (patient_id, condition_name, status, since_date) VALUES ('pt-0318', 'Chronic kidney disease', 'history', '2022-01-17');
INSERT INTO patient_conditions (patient_id, condition_name, status, since_date) VALUES ('pt-0318', 'Osteoarthritis', 'active', '2023-08-04');
INSERT INTO patient_appointments (patient_id, appointment_date, appointment_time, type, location, reason, verified_up_to_date) VALUES ('pt-0318', '2025-12-31', '12:10', 'Vaccination appointment', 'Home visit', 'symptom check', 1);
INSERT INTO patient_appointments (patient_id, appointment_date, appointment_time, type, location, reason, verified_up_to_date) VALUES ('pt-0318', '2026-01-30', '13:20', 'Vaccination appointment', 'Telehealth', 'treatment follow-up', 1);
INSERT INTO patient_appointments (patient_id, appointment_date, appointment_time, type, location, reason, verified_up_to_date) VALUES ('pt-0318', '2026-09-27', '13:30', 'Vaccination appointment', 'Hospital outpatient department', 'routine review', 1);
INSERT INTO patient_vaccine_records (patient_id, vaccine, vaccine_date, product) VALUES ('pt-0318', 'COVID-19', '2016-11-11', 'Nuvaxovid');
INSERT INTO patient_vaccine_records (patient_id, vaccine, vaccine_date, product) VALUES ('pt-0318', 'COVID-19 booster', '2019-03-19', 'Comirnaty');
INSERT INTO patient_vaccine_records (patient_id, vaccine, vaccine_date, product) VALUES ('pt-0318', 'Td/Tdap (tetanus, diphtheria, pertussis)', '2022-01-04', NULL);
INSERT INTO patient_vaccine_records (patient_id, vaccine, vaccine_date, product) VALUES ('pt-0318', 'MMR', '2018-08-30', NULL);

INSERT INTO patients (id, name, age, gender, address_line1, city, county, postcode, country, telephone, email, gp_name, gp_practice, gp_address, national_insurance_number, passport_number, cache_status, last_synced_at, meta_region) VALUES ('pt-0319', 'Beatrice Wilson', 54, 'Female', 'Unit 37, 12 Rose Street', 'Edinburgh', 'City of Edinburgh', 'EH2 2AF', 'UK', '+44 7401 552977', 'beatrice.wilson@icloud.com', 'Dr George Hughes', 'Brownlow Group Practice', '150 Mt Pleasant, Liverpool L69 3GD, United Kingdom', 'XA685378A', '569963093', 'cached_stale', '2026-02-05T00:00:00Z', 'Edinburgh');
INSERT INTO patient_conditions (patient_id, condition_name, status, since_date) VALUES ('pt-0319', 'Hypercholesterolaemia', 'history', '2017-01-20');
INSERT INTO patient_conditions (patient_id, condition_name, status, since_date) VALUES ('pt-0319', 'Gout', 'active', '2013-07-23');
INSERT INTO patient_prescriptions (patient_id, drug, indication, dose, frequency, start_date, prescriber) VALUES ('pt-0319', 'Tirzepatide', 'Weight management/Type 2 diabetes', '20 mg', 'once weekly', '2025-04-01', 'Dr Robert Hughes');
INSERT INTO patient_appointments (patient_id, appointment_date, appointment_time, type, location, reason, verified_up_to_date) VALUES ('pt-0319', '2025-05-12', '14:10', 'Ophthalmology', 'Telehealth', 'annual monitoring', 1);
INSERT INTO patient_vaccine_records (patient_id, vaccine, vaccine_date, product) VALUES ('pt-0319', 'COVID-19', '2026-01-10', 'Spikevax');

INSERT INTO patients (id, name, age, gender, address_line1, city, county, postcode, country, telephone, email, gp_name, gp_practice, gp_address, national_insurance_number, passport_number, cache_status, last_synced_at, meta_region) VALUES ('pt-0320', 'Matilda Phillips', 53, 'Female', 'Flat 11, 7 Wall Street', 'Liverpool', 'Merseyside', 'L1 8BU', 'UK', '+44 7364 623138', 'matilda324@hotmail.co.uk', 'Dr Niamh Campbell', 'Brownlow Group Practice', '150 Mt Pleasant, Liverpool L69 3GD, United Kingdom', 'RJ717995C', '399824326', 'cached_stale', '2026-02-09T00:00:00Z', 'Liverpool');
INSERT INTO patient_appointments (patient_id, appointment_date, appointment_time, type, location, reason, verified_up_to_date) VALUES ('pt-0320', '2025-07-11', '09:40', 'Physiotherapy', 'Telehealth', 'treatment follow-up', 0);
INSERT INTO patient_appointments (patient_id, appointment_date, appointment_time, type, location, reason, verified_up_to_date) VALUES ('pt-0320', '2025-07-16', '16:45', 'Physiotherapy', 'Community clinic', 'annual monitoring', 1);

INSERT INTO patients (id, name, age, gender, address_line1, city, county, postcode, country, telephone, email, gp_name, gp_practice, gp_address, national_insurance_number, passport_number, cache_status, last_synced_at, meta_region) VALUES ('pt-0321', 'Zara Wright', 74, 'Female', 'Apt 31, 30 Constitution Hill', 'London', 'Greater London', 'SW1A 1AA', 'UK', '+44 7444 154762', 'zara.wright@hotmail.co.uk', 'Dr Owen Evans', 'Brownlow Group Practice', '150 Mt Pleasant, Liverpool L69 3GD, United Kingdom', 'JT097251C', '481290660', 'verified_online', '2026-02-13T00:00:00Z', 'London');
INSERT INTO patient_conditions (patient_id, condition_name, status, since_date) VALUES ('pt-0321', 'Asthma', 'active', '2011-04-04');
INSERT INTO patient_appointments (patient_id, appointment_date, appointment_time, type, location, reason, verified_up_to_date) VALUES ('pt-0321', '2023-07-22', '15:20', 'Diabetes clinic', 'Home visit', 'results discussion', 1);
INSERT INTO patient_appointments (patient_id, appointment_date, appointment_time, type, location, reason, verified_up_to_date) VALUES ('pt-0321', '2024-12-21', '16:40', 'Diabetes clinic', 'Community clinic', 'treatment follow-up', 1);
INSERT INTO patient_appointments (patient_id, appointment_date, appointment_time, type, location, reason, verified_up_to_date) VALUES ('pt-0321', '2025-12-06', '16:20', 'Ophthalmology', 'Hospital outpatient department', 'treatment follow-up', 1);
INSERT INTO patient_vaccine_records (patient_id, vaccine, vaccine_date, product) VALUES ('pt-0321', 'COVID-19', '2021-06-19', 'Spikevax');
INSERT INTO patient_vaccine_records (patient_id, vaccine, vaccine_date, product) VALUES ('pt-0321', 'COVID-19 booster', '2023-05-04', 'Spikevax');
INSERT INTO patient_vaccine_records (patient_id, vaccine, vaccine_date, product) VALUES ('pt-0321', 'Influenza (seasonal)', '2024-11-02', NULL);

INSERT INTO patients (id, name, age, gender, address_line1, city, county, postcode, country, telephone, email, gp_name, gp_practice, gp_address, national_insurance_number, passport_number, cache_status, last_synced_at, meta_region) VALUES ('pt-0322', 'Liam Powell', 27, 'Male', '140 Houldsworth Street', 'Manchester', 'Greater Manchester', 'M1 1AQ', 'UK', '+44 7947 681804', 'lpowell@gmail.com', 'Dr Sarah Campbell', 'Brownlow Group Practice', '150 Mt Pleasant, Liverpool L69 3GD, United Kingdom', 'KF128164D', '742502678', 'verified_online', '2026-02-18T00:00:00Z', 'Manchester');
INSERT INTO patient_conditions (patient_id, condition_name, status, since_date) VALUES ('pt-0322', 'Type 2 diabetes', 'active', '2016-03-01');
INSERT INTO patient_conditions (patient_id, condition_name, status, since_date) VALUES ('pt-0322', 'Atrial fibrillation', 'controlled', '2020-08-18');
INSERT INTO patient_prescriptions (patient_id, drug, indication, dose, frequency, start_date, prescriber) VALUES ('pt-0322', 'Citalopram', 'Depression/Anxiety', '1 injection', 'at night', '2026-02-04', 'Dr Robert Ahmed');

INSERT INTO patients (id, name, age, gender, address_line1, city, county, postcode, country, telephone, email, gp_name, gp_practice, gp_address, national_insurance_number, passport_number, cache_status, last_synced_at, meta_region) VALUES ('pt-0323', 'Arthur Gill', 60, 'Male', 'Apt 80, 97 Park Row', 'Leeds', 'West Yorkshire', 'LS1 1UR', 'UK', '+44 7997 488953', 'agill@hotmail.co.uk', 'Dr Sophie Taylor', 'Brownlow Group Practice', '150 Mt Pleasant, Liverpool L69 3GD, United Kingdom', 'YQ132559A', '904720921', 'verified_online', '2026-02-11T00:00:00Z', 'Leeds');
INSERT INTO patient_prescriptions (patient_id, drug, indication, dose, frequency, start_date, prescriber) VALUES ('pt-0323', 'Co-codamol', 'Pain', '2 puffs', 'once weekly', '2024-01-31', 'Dr Matthew Smith');
INSERT INTO patient_prescriptions (patient_id, drug, indication, dose, frequency, start_date, prescriber) VALUES ('pt-0323', 'Tiotropium', 'COPD', '1 puff', 'once weekly', '2023-07-16', 'Dr Chloe Khan');
INSERT INTO patient_appointments (patient_id, appointment_date, appointment_time, type, location, reason, verified_up_to_date) VALUES ('pt-0323', '2026-04-27', '16:30', 'Respiratory review', 'Community clinic', 'vaccination', 1);
INSERT INTO patient_appointments (patient_id, appointment_date, appointment_time, type, location, reason, verified_up_to_date) VALUES ('pt-0323', '2026-10-16', '08:20', 'Physiotherapy', 'Community clinic', 'routine review', 1);
INSERT INTO patient_appointments (patient_id, appointment_date, appointment_time, type, location, reason, verified_up_to_date) VALUES ('pt-0323', '2026-10-26', '17:00', 'GP review', 'GP practice', 'routine review', 1);
INSERT INTO patient_appointments (patient_id, appointment_date, appointment_time, type, location, reason, verified_up_to_date) VALUES ('pt-0323', '2026-11-13', '17:30', 'Vaccination appointment', 'Home visit', 'annual monitoring', 1);

INSERT INTO patients (id, name, age, gender, address_line1, city, county, postcode, country, telephone, email, gp_name, gp_practice, gp_address, national_insurance_number, passport_number, cache_status, last_synced_at, meta_region) VALUES ('pt-0324', 'Alfie Foster', 79, 'Male', 'Unit 17, 69 Constitution Hill', 'London', 'Greater London', 'SW1A 1AA', 'UK', '+44 7449 888513', 'alfie.foster@gmail.com', 'Dr Sophie Roberts', 'Brownlow Group Practice', '150 Mt Pleasant, Liverpool L69 3GD, United Kingdom', 'SH639374D', '895814380', 'verified_online', '2026-02-16T00:00:00Z', 'London');
INSERT INTO patient_prescriptions (patient_id, drug, indication, dose, frequency, start_date, prescriber) VALUES ('pt-0324', 'Mirtazapine', 'Depression', '1 tablet', 'as needed', '2023-09-23', 'Dr Priya Patel');

INSERT INTO patients (id, name, age, gender, address_line1, city, county, postcode, country, telephone, email, gp_name, gp_practice, gp_address, national_insurance_number, passport_number, cache_status, last_synced_at, meta_region) VALUES ('pt-0325', 'Ava Ali', 62, 'Female', 'Apt 29, 175 Wall Street', 'Liverpool', 'Merseyside', 'L1 8JQ', 'UK', '+44 7310 497530', 'avaali@icloud.com', 'Dr Tom Foster', 'Brownlow Group Practice', '150 Mt Pleasant, Liverpool L69 3GD, United Kingdom', 'CG723734C', '547240037', 'cached_stale', '2026-02-12T00:00:00Z', 'Liverpool');
INSERT INTO patient_conditions (patient_id, condition_name, status, since_date) VALUES ('pt-0325', 'History of stroke/TIA', 'monitoring', '2022-07-01');
INSERT INTO patient_conditions (patient_id, condition_name, status, since_date) VALUES ('pt-0325', 'Generalised anxiety disorder', 'active', '2021-08-08');
INSERT INTO patient_conditions (patient_id, condition_name, status, since_date) VALUES ('pt-0325', 'Hypercholesterolaemia', 'active', '2011-06-13');
INSERT INTO patient_conditions (patient_id, condition_name, status, since_date) VALUES ('pt-0325', 'Coronary heart disease', 'monitoring', '2015-07-23');
INSERT INTO patient_conditions (patient_id, condition_name, status, since_date) VALUES ('pt-0325', 'Osteoarthritis', 'history', '2011-08-18');
INSERT INTO patient_prescriptions (patient_id, drug, indication, dose, frequency, start_date, prescriber) VALUES ('pt-0325', 'Warfarin', 'Anticoagulant', '5 mg', 'twice daily', '2023-11-17', 'Dr Chloe Ahmed');
INSERT INTO patient_prescriptions (patient_id, drug, indication, dose, frequency, start_date, prescriber) VALUES ('pt-0325', 'Insulin aspart', 'Diabetes', '500 mg', 'as needed', '2023-12-05', 'Dr Ibrahim Foster');
INSERT INTO patient_appointments (patient_id, appointment_date, appointment_time, type, location, reason, verified_up_to_date) VALUES ('pt-0325', '2026-05-14', '08:00', 'Mental health check-in', 'Hospital outpatient department', 'treatment follow-up', 1);

INSERT INTO patients (id, name, age, gender, address_line1, city, county, postcode, country, telephone, email, gp_name, gp_practice, gp_address, national_insurance_number, passport_number, cache_status, last_synced_at, meta_region) VALUES ('pt-0326', 'Andrew Reid', 9, 'Male', '214 Chicheley Street', 'London', 'Greater London', 'SW1A 1BH', 'UK', '+44 7178 136660', 'andrew.reid14@icloud.com', 'Dr Grace Evans', 'Brownlow Group Practice', '150 Mt Pleasant, Liverpool L69 3GD, United Kingdom', 'KU934956B', '359448074', 'verified_online', '2026-02-17T00:00:00Z', 'London');
INSERT INTO patient_conditions (patient_id, condition_name, status, since_date) VALUES ('pt-0326', 'Benign prostatic hyperplasia (BPH)', 'history', '2019-08-09');
INSERT INTO patient_prescriptions (patient_id, drug, indication, dose, frequency, start_date, prescriber) VALUES ('pt-0326', 'Apixaban', 'Anticoagulant (AF/VTE)', '1 puff', 'once daily', '2023-09-28', 'Dr Fatima Taylor');
INSERT INTO patient_appointments (patient_id, appointment_date, appointment_time, type, location, reason, verified_up_to_date) VALUES ('pt-0326', '2023-05-31', '10:20', 'Medication review', 'Home visit', 'symptom check', 0);
INSERT INTO patient_appointments (patient_id, appointment_date, appointment_time, type, location, reason, verified_up_to_date) VALUES ('pt-0326', '2025-08-13', '16:45', 'Vaccination appointment', 'Home visit', 'routine review', 1);

INSERT INTO patients (id, name, age, gender, address_line1, city, county, postcode, country, telephone, email, gp_name, gp_practice, gp_address, national_insurance_number, passport_number, cache_status, last_synced_at, meta_region) VALUES ('pt-0327', 'Oliver Morgan', 31, 'Male', '198 Cyprus Road', 'Cambridge', 'Cambridgeshire', 'CB1 3QB', 'UK', '+44 7907 210790', 'omorgan@gmail.com', 'Dr David Ahmed', 'Brownlow Group Practice', '150 Mt Pleasant, Liverpool L69 3GD, United Kingdom', 'GJ993117B', '634203053', 'verified_online', '2026-02-25T00:00:00Z', 'Cambridge');
INSERT INTO patient_prescriptions (patient_id, drug, indication, dose, frequency, start_date, prescriber) VALUES ('pt-0327', 'Mirtazapine', 'Depression', '0.5 mg', 'as needed', '2024-09-09', 'Dr Kieran Smith');
INSERT INTO patient_appointments (patient_id, appointment_date, appointment_time, type, location, reason, verified_up_to_date) VALUES ('pt-0327', '2026-01-10', '15:30', 'Physiotherapy', 'Hospital outpatient department', 'routine review', 1);
INSERT INTO patient_appointments (patient_id, appointment_date, appointment_time, type, location, reason, verified_up_to_date) VALUES ('pt-0327', '2026-01-22', '11:00', 'Ophthalmology', 'Home visit', 'treatment follow-up', 1);
INSERT INTO patient_appointments (patient_id, appointment_date, appointment_time, type, location, reason, verified_up_to_date) VALUES ('pt-0327', '2026-04-19', '12:00', 'Ophthalmology', 'Community clinic', 'symptom check', 1);
INSERT INTO patient_vaccine_records (patient_id, vaccine, vaccine_date, product) VALUES ('pt-0327', 'COVID-19', '2016-11-27', 'Nuvaxovid');
INSERT INTO patient_vaccine_records (patient_id, vaccine, vaccine_date, product) VALUES ('pt-0327', 'Td/Tdap (tetanus, diphtheria, pertussis)', '2021-06-12', NULL);

INSERT INTO patients (id, name, age, gender, address_line1, city, county, postcode, country, telephone, email, gp_name, gp_practice, gp_address, national_insurance_number, passport_number, cache_status, last_synced_at, meta_region) VALUES ('pt-0328', 'Molly Scott', 79, 'Female', 'Apt 32, 64 Chicheley Street', 'London', 'Greater London', 'SW1A 1BB', 'UK', '+44 7657 588233', 'molly.scott76@icloud.com', 'Dr Fatima Ahmed', 'Brownlow Group Practice', '150 Mt Pleasant, Liverpool L69 3GD, United Kingdom', 'EX408708C', '929377395', 'verified_online', '2026-02-15T00:00:00Z', 'London');
INSERT INTO patient_prescriptions (patient_id, drug, indication, dose, frequency, start_date, prescriber) VALUES ('pt-0328', 'Tirzepatide', 'Weight management/Type 2 diabetes', '100 mg', 'twice daily', '2026-01-17', 'Dr Priya Campbell');
INSERT INTO patient_prescriptions (patient_id, drug, indication, dose, frequency, start_date, prescriber) VALUES ('pt-0328', 'Amoxicillin', 'Bacterial infection', '1 injection', 'once weekly', '2023-04-21', 'Dr Grace Khan');
INSERT INTO patient_prescriptions (patient_id, drug, indication, dose, frequency, start_date, prescriber) VALUES ('pt-0328', 'Ramipril', 'Hypertension/Heart failure', '1 g', 'twice daily', '2025-05-23', 'Dr Zoe Jones');
INSERT INTO patient_appointments (patient_id, appointment_date, appointment_time, type, location, reason, verified_up_to_date) VALUES ('pt-0328', '2024-08-22', '09:15', 'Cardiology follow-up', 'GP practice', 'treatment follow-up', 1);
INSERT INTO patient_appointments (patient_id, appointment_date, appointment_time, type, location, reason, verified_up_to_date) VALUES ('pt-0328', '2025-03-03', '15:50', 'Diabetes clinic', 'GP practice', 'annual monitoring', 1);
INSERT INTO patient_appointments (patient_id, appointment_date, appointment_time, type, location, reason, verified_up_to_date) VALUES ('pt-0328', '2025-04-30', '15:30', 'Blood test', 'Telehealth', 'symptom check', 1);
INSERT INTO patient_vaccine_records (patient_id, vaccine, vaccine_date, product) VALUES ('pt-0328', 'Influenza (seasonal)', '2018-03-26', NULL);

INSERT INTO patients (id, name, age, gender, address_line1, city, county, postcode, country, telephone, email, gp_name, gp_practice, gp_address, national_insurance_number, passport_number, cache_status, last_synced_at, meta_region) VALUES ('pt-0329', 'Clara Johnson', 9, 'Female', 'Unit 25, 172 Princes Street', 'Edinburgh', 'City of Edinburgh', 'EH2 2PR', 'UK', '+44 7126 937319', 'clara.johnson28@icloud.com', 'Dr Robert Patel', 'Brownlow Group Practice', '150 Mt Pleasant, Liverpool L69 3GD, United Kingdom', 'CG789195A', '702601350', 'verified_online', '2026-02-07T00:00:00Z', 'Edinburgh');
INSERT INTO patient_conditions (patient_id, condition_name, status, since_date) VALUES ('pt-0329', 'Glaucoma', 'active', '2021-10-31');
INSERT INTO patient_prescriptions (patient_id, drug, indication, dose, frequency, start_date, prescriber) VALUES ('pt-0329', 'Sitagliptin', 'Type 2 diabetes', '20 mg', 'once daily', '2024-01-09', 'Dr Helen Ahmed');
INSERT INTO patient_appointments (patient_id, appointment_date, appointment_time, type, location, reason, verified_up_to_date) VALUES ('pt-0329', '2024-07-01', '14:45', 'Diabetes clinic', 'GP practice', 'treatment follow-up', 1);
INSERT INTO patient_appointments (patient_id, appointment_date, appointment_time, type, location, reason, verified_up_to_date) VALUES ('pt-0329', '2026-09-11', '17:00', 'GP review', 'Hospital outpatient department', 'results discussion', 0);
INSERT INTO patient_vaccine_records (patient_id, vaccine, vaccine_date, product) VALUES ('pt-0329', 'COVID-19', '2017-03-24', 'Comirnaty');
INSERT INTO patient_vaccine_records (patient_id, vaccine, vaccine_date, product) VALUES ('pt-0329', 'COVID-19 booster', '2022-07-12', 'Spikevax');
INSERT INTO patient_vaccine_records (patient_id, vaccine, vaccine_date, product) VALUES ('pt-0329', 'Td/Tdap (tetanus, diphtheria, pertussis)', '2021-11-21', NULL);

INSERT INTO patients (id, name, age, gender, address_line1, city, county, postcode, country, telephone, email, gp_name, gp_practice, gp_address, national_insurance_number, passport_number, cache_status, last_synced_at, meta_region) VALUES ('pt-0330', 'Rachel Harrison', 53, 'Female', 'Apt 22, 137 Malta Road', 'Cambridge', 'Cambridgeshire', 'CB1 3NL', 'UK', '+44 7793 240442', 'rharrison@hotmail.co.uk', 'Dr Priya Hughes', 'Brownlow Group Practice', '150 Mt Pleasant, Liverpool L69 3GD, United Kingdom', 'DM038855B', '113568279', 'cached_stale', '2026-02-21T00:00:00Z', 'Cambridge');
INSERT INTO patient_conditions (patient_id, condition_name, status, since_date) VALUES ('pt-0330', 'Gastro-oesophageal reflux disease (GORD)', 'active', '2021-10-23');
INSERT INTO patient_conditions (patient_id, condition_name, status, since_date) VALUES ('pt-0330', 'Asthma', 'active', '2021-05-19');
INSERT INTO patient_conditions (patient_id, condition_name, status, since_date) VALUES ('pt-0330', 'History of stroke/TIA', 'controlled', '2020-04-23');
INSERT INTO patient_prescriptions (patient_id, drug, indication, dose, frequency, start_date, prescriber) VALUES ('pt-0330', 'Aspirin', 'Antiplatelet/Pain', '50 mg', 'twice daily', '2024-03-15', 'Dr Kieran Smith');
INSERT INTO patient_appointments (patient_id, appointment_date, appointment_time, type, location, reason, verified_up_to_date) VALUES ('pt-0330', '2023-04-08', '17:30', 'Respiratory review', 'Home visit', 'results discussion', 1);
INSERT INTO patient_appointments (patient_id, appointment_date, appointment_time, type, location, reason, verified_up_to_date) VALUES ('pt-0330', '2025-03-27', '11:15', 'Vaccination appointment', 'Hospital outpatient department', 'annual monitoring', 1);
INSERT INTO patient_appointments (patient_id, appointment_date, appointment_time, type, location, reason, verified_up_to_date) VALUES ('pt-0330', '2026-02-17', '10:20', 'Ophthalmology', 'Hospital outpatient department', 'routine review', 1);
INSERT INTO patient_vaccine_records (patient_id, vaccine, vaccine_date, product) VALUES ('pt-0330', 'COVID-19', '2017-06-01', 'Nuvaxovid');

INSERT INTO patients (id, name, age, gender, address_line1, city, county, postcode, country, telephone, email, gp_name, gp_practice, gp_address, national_insurance_number, passport_number, cache_status, last_synced_at, meta_region) VALUES ('pt-0331', 'Daniel Harrison', 58, 'Male', '124 Westminster Bridge Road', 'London', 'Greater London', 'SW1A 1AA', 'UK', '+44 7564 350895', 'daniel.harrison15@gmail.com', 'Dr Grace Evans', 'Brownlow Group Practice', '150 Mt Pleasant, Liverpool L69 3GD, United Kingdom', 'AQ546404A', '130264298', 'verified_online', '2026-03-03T00:00:00Z', 'London');
INSERT INTO patient_conditions (patient_id, condition_name, status, since_date) VALUES ('pt-0331', 'Chronic back pain', 'active', '2011-05-26');
INSERT INTO patient_conditions (patient_id, condition_name, status, since_date) VALUES ('pt-0331', 'Epilepsy', 'monitoring', '2018-03-06');
INSERT INTO patient_conditions (patient_id, condition_name, status, since_date) VALUES ('pt-0331', 'Dementia', 'active', '2022-08-24');
INSERT INTO patient_conditions (patient_id, condition_name, status, since_date) VALUES ('pt-0331', 'COPD', 'history', '2025-12-04');
INSERT INTO patient_conditions (patient_id, condition_name, status, since_date) VALUES ('pt-0331', 'Generalised anxiety disorder', 'active', '2023-11-04');
INSERT INTO patient_prescriptions (patient_id, drug, indication, dose, frequency, start_date, prescriber) VALUES ('pt-0331', 'Finasteride', 'BPH', '10 mg', 'once weekly', '2024-11-09', 'Dr Holly Khan');
INSERT INTO patient_prescriptions (patient_id, drug, indication, dose, frequency, start_date, prescriber) VALUES ('pt-0331', 'Bisoprolol', 'Hypertension/Heart failure/Arrhythmia', '5 mg', 'once weekly', '2026-02-20', 'Dr Helen Ahmed');
INSERT INTO patient_appointments (patient_id, appointment_date, appointment_time, type, location, reason, verified_up_to_date) VALUES ('pt-0331', '2023-03-24', '10:10', 'Diabetes clinic', 'Community clinic', 'vaccination', 0);
INSERT INTO patient_appointments (patient_id, appointment_date, appointment_time, type, location, reason, verified_up_to_date) VALUES ('pt-0331', '2024-01-02', '08:40', 'Physiotherapy', 'GP practice', 'symptom check', 1);
INSERT INTO patient_appointments (patient_id, appointment_date, appointment_time, type, location, reason, verified_up_to_date) VALUES ('pt-0331', '2025-12-05', '15:00', 'Mental health check-in', 'Community clinic', 'routine review', 1);
INSERT INTO patient_appointments (patient_id, appointment_date, appointment_time, type, location, reason, verified_up_to_date) VALUES ('pt-0331', '2026-08-26', '14:40', 'Respiratory review', 'Home visit', 'symptom check', 1);
INSERT INTO patient_appointments (patient_id, appointment_date, appointment_time, type, location, reason, verified_up_to_date) VALUES ('pt-0331', '2026-12-04', '10:20', 'Physiotherapy', 'Community clinic', 'annual monitoring', 1);
INSERT INTO patient_vaccine_records (patient_id, vaccine, vaccine_date, product) VALUES ('pt-0331', 'COVID-19', '2025-02-16', 'Spikevax');
INSERT INTO patient_vaccine_records (patient_id, vaccine, vaccine_date, product) VALUES ('pt-0331', 'COVID-19 booster', '2020-06-27', 'Comirnaty');
INSERT INTO patient_vaccine_records (patient_id, vaccine, vaccine_date, product) VALUES ('pt-0331', 'MMR', '2018-10-24', NULL);

INSERT INTO patients (id, name, age, gender, address_line1, city, county, postcode, country, telephone, email, gp_name, gp_practice, gp_address, national_insurance_number, passport_number, cache_status, last_synced_at, meta_region) VALUES ('pt-0332', 'Jenny Powell', 84, 'Female', 'Flat 3, 118 Rose Street', 'Edinburgh', 'City of Edinburgh', 'EH2 2SB', 'UK', '+44 7350 567318', 'jenny.powell13@gmail.com', 'Dr Sarah Graham', 'Brownlow Group Practice', '150 Mt Pleasant, Liverpool L69 3GD, United Kingdom', 'KC694317C', '745502042', 'cached_recent', '2026-02-15T00:00:00Z', 'Edinburgh');
INSERT INTO patient_prescriptions (patient_id, drug, indication, dose, frequency, start_date, prescriber) VALUES ('pt-0332', 'Allopurinol', 'Gout', '1 injection', 'once daily', '2025-07-22', 'Dr Richard Wilson');
INSERT INTO patient_vaccine_records (patient_id, vaccine, vaccine_date, product) VALUES ('pt-0332', 'COVID-19', '2017-10-06', 'Nuvaxovid');

INSERT INTO patients (id, name, age, gender, address_line1, city, county, postcode, country, telephone, email, gp_name, gp_practice, gp_address, national_insurance_number, passport_number, cache_status, last_synced_at, meta_region) VALUES ('pt-0333', 'Imogen Young', 63, 'Female', '182 Bakers Row', 'Cardiff', 'South Glamorgan', 'CF10 1GB', 'UK', '+44 7252 510079', 'imogen.young5@hotmail.co.uk', 'Dr George Hughes', 'Brownlow Group Practice', '150 Mt Pleasant, Liverpool L69 3GD, United Kingdom', 'QC521017C', '739622550', 'cached_recent', '2026-02-16T00:00:00Z', 'Cardiff');
INSERT INTO patient_conditions (patient_id, condition_name, status, since_date) VALUES ('pt-0333', 'History of stroke/TIA', 'active', '2017-04-24');
INSERT INTO patient_appointments (patient_id, appointment_date, appointment_time, type, location, reason, verified_up_to_date) VALUES ('pt-0333', '2025-05-02', '16:15', 'Respiratory review', 'GP practice', 'symptom check', 1);

INSERT INTO patients (id, name, age, gender, address_line1, city, county, postcode, country, telephone, email, gp_name, gp_practice, gp_address, national_insurance_number, passport_number, cache_status, last_synced_at, meta_region) VALUES ('pt-0334', 'Sienna Thompson', 21, 'Female', '83 St Georges Road', 'Bristol', 'Bristol', 'BS1 5AH', 'UK', '+44 7277 329704', 'sienna66@icloud.com', 'Dr Maya Hughes', 'Brownlow Group Practice', '150 Mt Pleasant, Liverpool L69 3GD, United Kingdom', 'AB089394B', '602967881', 'cached_stale', '2026-03-03T00:00:00Z', 'Bristol');
INSERT INTO patient_conditions (patient_id, condition_name, status, since_date) VALUES ('pt-0334', 'COPD', 'monitoring', '2013-08-02');
INSERT INTO patient_vaccine_records (patient_id, vaccine, vaccine_date, product) VALUES ('pt-0334', 'COVID-19', '2021-04-26', 'Comirnaty');
INSERT INTO patient_vaccine_records (patient_id, vaccine, vaccine_date, product) VALUES ('pt-0334', 'COVID-19 booster', '2024-04-16', 'Comirnaty');

INSERT INTO patients (id, name, age, gender, address_line1, city, county, postcode, country, telephone, email, gp_name, gp_practice, gp_address, national_insurance_number, passport_number, cache_status, last_synced_at, meta_region) VALUES ('pt-0335', 'Jack Singh', 0, 'Male', '86 The Headrow', 'Leeds', 'West Yorkshire', 'LS1 1UR', 'UK', '+44 7247 561170', 'jsingh@icloud.com', 'Dr Sarah Walsh', 'Brownlow Group Practice', '150 Mt Pleasant, Liverpool L69 3GD, United Kingdom', 'AD652255A', '357444674', 'cached_recent', '2026-03-01T00:00:00Z', 'Leeds');
INSERT INTO patient_conditions (patient_id, condition_name, status, since_date) VALUES ('pt-0335', 'Obesity', 'active', '2022-05-06');
INSERT INTO patient_vaccine_records (patient_id, vaccine, vaccine_date, product) VALUES ('pt-0335', 'COVID-19', '2021-10-10', 'Spikevax');

INSERT INTO patients (id, name, age, gender, address_line1, city, county, postcode, country, telephone, email, gp_name, gp_practice, gp_address, national_insurance_number, passport_number, cache_status, last_synced_at, meta_region) VALUES ('pt-0336', 'Aria Singh', 58, 'Female', 'Flat 44, 26 Bakers Row', 'Cardiff', 'South Glamorgan', 'CF10 1AL', 'UK', '+44 7382 180308', 'aria989@icloud.com', 'Dr Daniel Hughes', 'Brownlow Group Practice', '150 Mt Pleasant, Liverpool L69 3GD, United Kingdom', 'RO535441C', '848370834', 'cached_stale', '2026-02-08T00:00:00Z', 'Cardiff');
INSERT INTO patient_appointments (patient_id, appointment_date, appointment_time, type, location, reason, verified_up_to_date) VALUES ('pt-0336', '2025-06-15', '10:50', 'Diabetes clinic', 'Home visit', 'results discussion', 1);

INSERT INTO patients (id, name, age, gender, address_line1, city, county, postcode, country, telephone, email, gp_name, gp_practice, gp_address, national_insurance_number, passport_number, cache_status, last_synced_at, meta_region) VALUES ('pt-0337', 'Isla Campbell', 68, 'Female', 'Apt 50, 46 Corporation Street', 'Birmingham', 'West Midlands', 'B1 1BB', 'UK', '+44 7604 911713', 'isla.campbell70@gmail.com', 'Dr David Reid', 'Brownlow Group Practice', '150 Mt Pleasant, Liverpool L69 3GD, United Kingdom', 'QE486119B', '002707385', 'verified_online', '2026-02-25T00:00:00Z', 'Birmingham');
INSERT INTO patient_conditions (patient_id, condition_name, status, since_date) VALUES ('pt-0337', 'History of stroke/TIA', 'monitoring', '2014-06-12');
INSERT INTO patient_prescriptions (patient_id, drug, indication, dose, frequency, start_date, prescriber) VALUES ('pt-0337', 'Lansoprazole', 'Reflux/Ulcer prevention', '5 mg', 'as needed', '2025-07-10', 'Dr Michael Foster');
INSERT INTO patient_prescriptions (patient_id, drug, indication, dose, frequency, start_date, prescriber) VALUES ('pt-0337', 'Aspirin', 'Antiplatelet/Pain', '1 puff', 'once weekly', '2024-01-11', 'Dr Helen Morgan');
INSERT INTO patient_appointments (patient_id, appointment_date, appointment_time, type, location, reason, verified_up_to_date) VALUES ('pt-0337', '2025-11-17', '17:40', 'Diabetes clinic', 'Hospital outpatient department', 'annual monitoring', 1);
INSERT INTO patient_vaccine_records (patient_id, vaccine, vaccine_date, product) VALUES ('pt-0337', 'Influenza (seasonal)', '2019-08-14', NULL);
INSERT INTO patient_vaccine_records (patient_id, vaccine, vaccine_date, product) VALUES ('pt-0337', 'Pneumococcal', '2023-10-09', NULL);

INSERT INTO patients (id, name, age, gender, address_line1, city, county, postcode, country, telephone, email, gp_name, gp_practice, gp_address, national_insurance_number, passport_number, cache_status, last_synced_at, meta_region) VALUES ('pt-0338', 'Eleanor James', 58, 'Female', 'Unit 6, 213 Constitution Hill', 'London', 'Greater London', 'SW1A 1BD', 'UK', '+44 7988 482372', 'eleanor.james@gmail.com', 'Dr Kieran Smith', 'Brownlow Group Practice', '150 Mt Pleasant, Liverpool L69 3GD, United Kingdom', 'GO357277B', '362599538', 'verified_online', '2026-02-26T00:00:00Z', 'London');
INSERT INTO patient_conditions (patient_id, condition_name, status, since_date) VALUES ('pt-0338', 'Heart failure', 'active', '2015-04-04');
INSERT INTO patient_conditions (patient_id, condition_name, status, since_date) VALUES ('pt-0338', 'Hypothyroidism', 'monitoring', '2018-02-26');
INSERT INTO patient_conditions (patient_id, condition_name, status, since_date) VALUES ('pt-0338', 'Hypertension', 'monitoring', '2013-01-09');
INSERT INTO patient_conditions (patient_id, condition_name, status, since_date) VALUES ('pt-0338', 'Coronary heart disease', 'active', '2015-05-13');
INSERT INTO patient_conditions (patient_id, condition_name, status, since_date) VALUES ('pt-0338', 'Asthma', 'active', '2013-11-02');
INSERT INTO patient_conditions (patient_id, condition_name, status, since_date) VALUES ('pt-0338', 'Gout', 'active', '2018-02-26');
INSERT INTO patient_prescriptions (patient_id, drug, indication, dose, frequency, start_date, prescriber) VALUES ('pt-0338', 'Citalopram', 'Depression/Anxiety', '500 mg', 'twice daily', '2023-09-26', 'Dr Maya Brown');
INSERT INTO patient_appointments (patient_id, appointment_date, appointment_time, type, location, reason, verified_up_to_date) VALUES ('pt-0338', '2024-05-07', '12:50', 'Blood test', 'Community clinic', 'routine review', 0);
INSERT INTO patient_appointments (patient_id, appointment_date, appointment_time, type, location, reason, verified_up_to_date) VALUES ('pt-0338', '2025-05-02', '11:15', 'GP review', 'Community clinic', 'routine review', 0);
INSERT INTO patient_appointments (patient_id, appointment_date, appointment_time, type, location, reason, verified_up_to_date) VALUES ('pt-0338', '2025-10-15', '16:45', 'GP review', 'GP practice', 'vaccination', 0);
INSERT INTO patient_appointments (patient_id, appointment_date, appointment_time, type, location, reason, verified_up_to_date) VALUES ('pt-0338', '2026-10-31', '17:00', 'Blood test', 'GP practice', 'annual monitoring', 1);
INSERT INTO patient_vaccine_records (patient_id, vaccine, vaccine_date, product) VALUES ('pt-0338', 'COVID-19', '2017-07-07', 'Nuvaxovid');

INSERT INTO patients (id, name, age, gender, address_line1, city, county, postcode, country, telephone, email, gp_name, gp_practice, gp_address, national_insurance_number, passport_number, cache_status, last_synced_at, meta_region) VALUES ('pt-0339', 'Megan Davies', 79, 'Female', '23 Constitution Hill', 'London', 'Greater London', 'SW1A 1JR', 'UK', '+44 7576 624813', 'megandavies@hotmail.co.uk', 'Dr Grace Evans', 'Brownlow Group Practice', '150 Mt Pleasant, Liverpool L69 3GD, United Kingdom', 'VJ203585B', '229015470', 'cached_recent', '2026-02-14T00:00:00Z', 'London');
INSERT INTO patient_prescriptions (patient_id, drug, indication, dose, frequency, start_date, prescriber) VALUES ('pt-0339', 'Alendronic acid', 'Osteoporosis', '10 mg', 'with meals', '2025-10-22', 'Dr Fatima Morgan');
INSERT INTO patient_appointments (patient_id, appointment_date, appointment_time, type, location, reason, verified_up_to_date) VALUES ('pt-0339', '2026-10-27', '14:30', 'Medication review', 'Home visit', 'routine review', 1);
INSERT INTO patient_vaccine_records (patient_id, vaccine, vaccine_date, product) VALUES ('pt-0339', 'Pneumococcal', '2025-06-03', NULL);
INSERT INTO patient_vaccine_records (patient_id, vaccine, vaccine_date, product) VALUES ('pt-0339', 'Shingles (Shingrix)', '2022-09-27', 'Shingrix');
INSERT INTO patient_vaccine_records (patient_id, vaccine, vaccine_date, product) VALUES ('pt-0339', 'RSV', '2022-12-07', 'Arexvy');

INSERT INTO patients (id, name, age, gender, address_line1, city, county, postcode, country, telephone, email, gp_name, gp_practice, gp_address, national_insurance_number, passport_number, cache_status, last_synced_at, meta_region) VALUES ('pt-0340', 'George Murphy', 86, 'Male', '149 Richardson Road', 'Newcastle upon Tyne', 'Tyne and Wear', 'NE1 4LP', 'UK', '+44 7350 342313', 'gmurphy@outlook.com', 'Dr Chloe Smith', 'Brownlow Group Practice', '150 Mt Pleasant, Liverpool L69 3GD, United Kingdom', 'JR095121A', '003371834', 'cached_recent', '2026-02-25T00:00:00Z', 'Newcastle upon Tyne');
INSERT INTO patient_conditions (patient_id, condition_name, status, since_date) VALUES ('pt-0340', 'Asthma', 'monitoring', '2014-05-14');
INSERT INTO patient_prescriptions (patient_id, drug, indication, dose, frequency, start_date, prescriber) VALUES ('pt-0340', 'Budesonide', 'Respiratory/Inflammation', '200 mg', 'once daily', '2023-03-14', 'Dr Richard Wilson');
INSERT INTO patient_prescriptions (patient_id, drug, indication, dose, frequency, start_date, prescriber) VALUES ('pt-0340', 'Aspirin', 'Antiplatelet/Pain', '1 tablet', 'once daily', '2024-05-23', 'Dr Sophie Khan');
INSERT INTO patient_prescriptions (patient_id, drug, indication, dose, frequency, start_date, prescriber) VALUES ('pt-0340', 'Atorvastatin', 'High cholesterol/Cardiovascular risk', '100 mg', 'once daily', '2026-02-07', 'Dr Helen Ahmed');
INSERT INTO patient_appointments (patient_id, appointment_date, appointment_time, type, location, reason, verified_up_to_date) VALUES ('pt-0340', '2025-05-19', '08:40', 'Cardiology follow-up', 'GP practice', 'symptom check', 1);
INSERT INTO patient_appointments (patient_id, appointment_date, appointment_time, type, location, reason, verified_up_to_date) VALUES ('pt-0340', '2025-10-06', '09:20', 'Ophthalmology', 'Community clinic', 'annual monitoring', 1);
INSERT INTO patient_appointments (patient_id, appointment_date, appointment_time, type, location, reason, verified_up_to_date) VALUES ('pt-0340', '2025-10-15', '08:00', 'Respiratory review', 'GP practice', 'vaccination', 0);
INSERT INTO patient_vaccine_records (patient_id, vaccine, vaccine_date, product) VALUES ('pt-0340', 'COVID-19', '2026-01-19', 'Comirnaty');

INSERT INTO patients (id, name, age, gender, address_line1, city, county, postcode, country, telephone, email, gp_name, gp_practice, gp_address, national_insurance_number, passport_number, cache_status, last_synced_at, meta_region) VALUES ('pt-0341', 'Muhammad Green', 47, 'Male', '153 St Mary Street', 'Cardiff', 'South Glamorgan', 'CF10 1AB', 'UK', '+44 7151 269866', 'mgreen@hotmail.co.uk', 'Dr Hannah Jones', 'Brownlow Group Practice', '150 Mt Pleasant, Liverpool L69 3GD, United Kingdom', 'YY413586D', '158377529', 'cached_recent', '2026-02-06T00:00:00Z', 'Cardiff');
INSERT INTO patient_conditions (patient_id, condition_name, status, since_date) VALUES ('pt-0341', 'Atrial fibrillation', 'history', '2022-07-18');
INSERT INTO patient_conditions (patient_id, condition_name, status, since_date) VALUES ('pt-0341', 'Asthma', 'monitoring', '2017-01-01');
INSERT INTO patient_conditions (patient_id, condition_name, status, since_date) VALUES ('pt-0341', 'COPD', 'active', '2024-08-09');
INSERT INTO patient_conditions (patient_id, condition_name, status, since_date) VALUES ('pt-0341', 'Hypercholesterolaemia', 'controlled', '2019-10-12');
INSERT INTO patient_prescriptions (patient_id, drug, indication, dose, frequency, start_date, prescriber) VALUES ('pt-0341', 'Rivaroxaban', 'Anticoagulant (AF/VTE)', '200 mg', 'once weekly', '2025-10-19', 'Dr Fatima Morgan');
INSERT INTO patient_prescriptions (patient_id, drug, indication, dose, frequency, start_date, prescriber) VALUES ('pt-0341', 'Amitriptyline', 'Neuropathic pain/Migraine prevention', '5 mg', 'as needed', '2023-07-15', 'Dr Aisha Evans');
INSERT INTO patient_appointments (patient_id, appointment_date, appointment_time, type, location, reason, verified_up_to_date) VALUES ('pt-0341', '2026-07-29', '15:10', 'Physiotherapy', 'Home visit', 'annual monitoring', 0);
INSERT INTO patient_appointments (patient_id, appointment_date, appointment_time, type, location, reason, verified_up_to_date) VALUES ('pt-0341', '2026-12-20', '11:50', 'GP review', 'Community clinic', 'routine review', 0);
INSERT INTO patient_vaccine_records (patient_id, vaccine, vaccine_date, product) VALUES ('pt-0341', 'Pneumococcal', '2021-12-19', NULL);

INSERT INTO patients (id, name, age, gender, address_line1, city, county, postcode, country, telephone, email, gp_name, gp_practice, gp_address, national_insurance_number, passport_number, cache_status, last_synced_at, meta_region) VALUES ('pt-0342', 'Ada O''Connor', 69, 'Female', '76 South John Street', 'Liverpool', 'Merseyside', 'L1 8LZ', 'UK', '+44 7955 598265', 'ada631@gmail.com', 'Dr Amir Smith', 'Brownlow Group Practice', '150 Mt Pleasant, Liverpool L69 3GD, United Kingdom', 'ZI542126D', '634926925', 'cached_stale', '2026-02-18T00:00:00Z', 'Liverpool');
INSERT INTO patient_conditions (patient_id, condition_name, status, since_date) VALUES ('pt-0342', 'Glaucoma', 'monitoring', '2015-11-07');

INSERT INTO patients (id, name, age, gender, address_line1, city, county, postcode, country, telephone, email, gp_name, gp_practice, gp_address, national_insurance_number, passport_number, cache_status, last_synced_at, meta_region) VALUES ('pt-0343', 'Michael Hall', 63, 'Male', 'Unit 14, 122 Wyndham Arcade', 'Cardiff', 'South Glamorgan', 'CF10 1GB', 'UK', '+44 7447 460984', 'michael270@gmail.com', 'Dr Lucy Walsh', 'Brownlow Group Practice', '150 Mt Pleasant, Liverpool L69 3GD, United Kingdom', 'SW904559A', '259029536', 'cached_stale', '2026-02-28T00:00:00Z', 'Cardiff');
INSERT INTO patient_conditions (patient_id, condition_name, status, since_date) VALUES ('pt-0343', 'Atrial fibrillation', 'history', '2020-10-20');
INSERT INTO patient_vaccine_records (patient_id, vaccine, vaccine_date, product) VALUES ('pt-0343', 'MMR', '2018-03-17', NULL);

INSERT INTO patients (id, name, age, gender, address_line1, city, county, postcode, country, telephone, email, gp_name, gp_practice, gp_address, national_insurance_number, passport_number, cache_status, last_synced_at, meta_region) VALUES ('pt-0344', 'Sara King', 40, 'Female', '71 Corporation Street', 'Birmingham', 'West Midlands', 'B1 1BB', 'UK', '+44 7666 343992', 'saraking@gmail.com', 'Dr Chloe Roberts', 'Brownlow Group Practice', '150 Mt Pleasant, Liverpool L69 3GD, United Kingdom', 'NS008245B', '627617273', 'verified_online', '2026-03-02T00:00:00Z', 'Birmingham');
INSERT INTO patient_appointments (patient_id, appointment_date, appointment_time, type, location, reason, verified_up_to_date) VALUES ('pt-0344', '2025-10-11', '13:50', 'Vaccination appointment', 'Telehealth', 'routine review', 0);

INSERT INTO patients (id, name, age, gender, address_line1, city, county, postcode, country, telephone, email, gp_name, gp_practice, gp_address, national_insurance_number, passport_number, cache_status, last_synced_at, meta_region) VALUES ('pt-0345', 'Jasmine Kelly', 44, 'Female', 'Flat 7, 19 Belvedere Road', 'London', 'Greater London', 'SW1A 1JR', 'UK', '+44 7329 994237', 'jasminekelly@hotmail.co.uk', 'Dr Kieran Khan', 'Brownlow Group Practice', '150 Mt Pleasant, Liverpool L69 3GD, United Kingdom', 'ZO454275B', '983418438', 'cached_recent', '2026-02-03T00:00:00Z', 'London');
INSERT INTO patient_appointments (patient_id, appointment_date, appointment_time, type, location, reason, verified_up_to_date) VALUES ('pt-0345', '2025-03-23', '11:10', 'Vaccination appointment', 'Community clinic', 'results discussion', 1);
INSERT INTO patient_vaccine_records (patient_id, vaccine, vaccine_date, product) VALUES ('pt-0345', 'Hepatitis B', '2020-08-20', NULL);

INSERT INTO patients (id, name, age, gender, address_line1, city, county, postcode, country, telephone, email, gp_name, gp_practice, gp_address, national_insurance_number, passport_number, cache_status, last_synced_at, meta_region) VALUES ('pt-0346', 'Chloe Young', 37, 'Female', '166 Lever Street', 'Manchester', 'Greater Manchester', 'M1 1EE', 'UK', '+44 7545 415991', 'chloe845@icloud.com', 'Dr Sarah Campbell', 'Brownlow Group Practice', '150 Mt Pleasant, Liverpool L69 3GD, United Kingdom', 'LY432834A', '182156180', 'verified_online', '2026-02-26T00:00:00Z', 'Manchester');
INSERT INTO patient_appointments (patient_id, appointment_date, appointment_time, type, location, reason, verified_up_to_date) VALUES ('pt-0346', '2025-07-11', '15:45', 'Physiotherapy', 'Community clinic', 'results discussion', 1);
INSERT INTO patient_appointments (patient_id, appointment_date, appointment_time, type, location, reason, verified_up_to_date) VALUES ('pt-0346', '2025-12-09', '10:10', 'Diabetes clinic', 'Telehealth', 'routine review', 0);
INSERT INTO patient_appointments (patient_id, appointment_date, appointment_time, type, location, reason, verified_up_to_date) VALUES ('pt-0346', '2026-12-31', '08:30', 'Ophthalmology', 'Home visit', 'routine review', 1);

INSERT INTO patients (id, name, age, gender, address_line1, city, county, postcode, country, telephone, email, gp_name, gp_practice, gp_address, national_insurance_number, passport_number, cache_status, last_synced_at, meta_region) VALUES ('pt-0347', 'Sophie Watson', 72, 'Female', '199 Edward''s Walk', 'Newcastle upon Tyne', 'Tyne and Wear', 'NE1 4LP', 'UK', '+44 7331 454046', 'sophie.watson@outlook.com', 'Dr Ben Taylor', 'Brownlow Group Practice', '150 Mt Pleasant, Liverpool L69 3GD, United Kingdom', 'MS528790C', '746403682', 'verified_online', '2026-02-02T00:00:00Z', 'Newcastle upon Tyne');
INSERT INTO patient_conditions (patient_id, condition_name, status, since_date) VALUES ('pt-0347', 'Obesity', 'active', '2024-04-18');
INSERT INTO patient_prescriptions (patient_id, drug, indication, dose, frequency, start_date, prescriber) VALUES ('pt-0347', 'Omeprazole', 'Reflux/Ulcer prevention', '25 mg', 'twice daily', '2024-02-22', 'Dr Robert Hughes');
INSERT INTO patient_vaccine_records (patient_id, vaccine, vaccine_date, product) VALUES ('pt-0347', 'Influenza (seasonal)', '2024-08-23', NULL);
INSERT INTO patient_vaccine_records (patient_id, vaccine, vaccine_date, product) VALUES ('pt-0347', 'Shingles (Shingrix)', '2017-12-30', 'Shingrix');
INSERT INTO patient_vaccine_records (patient_id, vaccine, vaccine_date, product) VALUES ('pt-0347', 'Td/Tdap (tetanus, diphtheria, pertussis)', '2018-12-09', NULL);

INSERT INTO patients (id, name, age, gender, address_line1, city, county, postcode, country, telephone, email, gp_name, gp_practice, gp_address, national_insurance_number, passport_number, cache_status, last_synced_at, meta_region) VALUES ('pt-0348', 'George Singh', 62, 'Male', '177 Constitution Hill', 'London', 'Greater London', 'SW1A 1BB', 'UK', '+44 7975 387382', 'georgesingh@icloud.com', 'Dr Kieran Smith', 'Brownlow Group Practice', '150 Mt Pleasant, Liverpool L69 3GD, United Kingdom', 'IM107883B', '752928728', 'verified_online', '2026-02-10T00:00:00Z', 'London');
INSERT INTO patient_conditions (patient_id, condition_name, status, since_date) VALUES ('pt-0348', 'COPD', 'active', '2017-03-23');
INSERT INTO patient_appointments (patient_id, appointment_date, appointment_time, type, location, reason, verified_up_to_date) VALUES ('pt-0348', '2023-11-01', '10:20', 'Medication review', 'Home visit', 'symptom check', 1);
INSERT INTO patient_appointments (patient_id, appointment_date, appointment_time, type, location, reason, verified_up_to_date) VALUES ('pt-0348', '2026-01-14', '17:40', 'Respiratory review', 'Community clinic', 'routine review', 1);
INSERT INTO patient_appointments (patient_id, appointment_date, appointment_time, type, location, reason, verified_up_to_date) VALUES ('pt-0348', '2026-02-08', '17:45', 'Physiotherapy', 'Telehealth', 'treatment follow-up', 1);
INSERT INTO patient_appointments (patient_id, appointment_date, appointment_time, type, location, reason, verified_up_to_date) VALUES ('pt-0348', '2026-11-03', '12:10', 'Ophthalmology', 'Community clinic', 'results discussion', 1);
INSERT INTO patient_vaccine_records (patient_id, vaccine, vaccine_date, product) VALUES ('pt-0348', 'COVID-19', '2020-12-13', 'Nuvaxovid');
INSERT INTO patient_vaccine_records (patient_id, vaccine, vaccine_date, product) VALUES ('pt-0348', 'COVID-19 booster', '2016-06-22', 'Comirnaty');

INSERT INTO patients (id, name, age, gender, address_line1, city, county, postcode, country, telephone, email, gp_name, gp_practice, gp_address, national_insurance_number, passport_number, cache_status, last_synced_at, meta_region) VALUES ('pt-0349', 'Mia Walker', 7, 'Female', 'Unit 12, 105 Richardson Road', 'Newcastle upon Tyne', 'Tyne and Wear', 'NE1 4LP', 'UK', '+44 7658 347743', 'mwalker@gmail.com', 'Dr Richard Jones', 'Brownlow Group Practice', '150 Mt Pleasant, Liverpool L69 3GD, United Kingdom', 'SF771703A', '324818833', 'verified_online', '2026-03-02T00:00:00Z', 'Newcastle upon Tyne');
INSERT INTO patient_conditions (patient_id, condition_name, status, since_date) VALUES ('pt-0349', 'Atrial fibrillation', 'controlled', '2014-04-24');
INSERT INTO patient_prescriptions (patient_id, drug, indication, dose, frequency, start_date, prescriber) VALUES ('pt-0349', 'Gabapentin', 'Neuropathic pain/Epilepsy', '1 injection', 'once daily', '2026-01-27', 'Dr Aisha Evans');

INSERT INTO patients (id, name, age, gender, address_line1, city, county, postcode, country, telephone, email, gp_name, gp_practice, gp_address, national_insurance_number, passport_number, cache_status, last_synced_at, meta_region) VALUES ('pt-0350', 'Mia Reid', 56, 'Female', 'Apt 9, 119 Newton Street', 'Manchester', 'Greater Manchester', 'M1 1EE', 'UK', '+44 7527 513578', 'mia184@gmail.com', 'Dr Lucy Brown', 'Brownlow Group Practice', '150 Mt Pleasant, Liverpool L69 3GD, United Kingdom', 'EN417859A', '281616927', 'cached_recent', '2026-02-08T00:00:00Z', 'Manchester');
INSERT INTO patient_conditions (patient_id, condition_name, status, since_date) VALUES ('pt-0350', 'Depression', 'history', '2017-05-07');
INSERT INTO patient_conditions (patient_id, condition_name, status, since_date) VALUES ('pt-0350', 'Atrial fibrillation', 'monitoring', '2025-06-16');
INSERT INTO patient_conditions (patient_id, condition_name, status, since_date) VALUES ('pt-0350', 'Osteoporosis', 'monitoring', '2023-01-03');
INSERT INTO patient_conditions (patient_id, condition_name, status, since_date) VALUES ('pt-0350', 'Glaucoma', 'controlled', '2018-05-16');
INSERT INTO patient_conditions (patient_id, condition_name, status, since_date) VALUES ('pt-0350', 'Obesity', 'history', '2014-03-17');
INSERT INTO patient_prescriptions (patient_id, drug, indication, dose, frequency, start_date, prescriber) VALUES ('pt-0350', 'Amitriptyline', 'Neuropathic pain/Migraine prevention', '500 mg', 'twice daily', '2024-02-12', 'Dr Kieran Smith');
INSERT INTO patient_prescriptions (patient_id, drug, indication, dose, frequency, start_date, prescriber) VALUES ('pt-0350', 'Beclometasone dipropionate', 'Asthma/COPD', '50 mg', 'twice daily', '2024-12-17', 'Dr Michael Foster');
INSERT INTO patient_appointments (patient_id, appointment_date, appointment_time, type, location, reason, verified_up_to_date) VALUES ('pt-0350', '2025-11-16', '10:00', 'Blood test', 'Community clinic', 'symptom check', 1);
INSERT INTO patient_appointments (patient_id, appointment_date, appointment_time, type, location, reason, verified_up_to_date) VALUES ('pt-0350', '2026-02-28', '14:15', 'Respiratory review', 'Home visit', 'symptom check', 0);
INSERT INTO patient_appointments (patient_id, appointment_date, appointment_time, type, location, reason, verified_up_to_date) VALUES ('pt-0350', '2026-09-23', '10:15', 'Diabetes clinic', 'Hospital outpatient department', 'routine review', 1);
INSERT INTO patient_vaccine_records (patient_id, vaccine, vaccine_date, product) VALUES ('pt-0350', 'Hepatitis B', '2022-09-09', NULL);

INSERT INTO patients (id, name, age, gender, address_line1, city, county, postcode, country, telephone, email, gp_name, gp_practice, gp_address, national_insurance_number, passport_number, cache_status, last_synced_at, meta_region) VALUES ('pt-0351', 'Bethany Scott', 65, 'Female', 'Flat 23, 50 Boar Lane', 'Leeds', 'West Yorkshire', 'LS1 1UR', 'UK', '+44 7866 538289', 'bethany860@icloud.com', 'Dr Priya Jones', 'Brownlow Group Practice', '150 Mt Pleasant, Liverpool L69 3GD, United Kingdom', 'EM295048B', '760973221', 'cached_stale', '2026-02-05T00:00:00Z', 'Leeds');
INSERT INTO patient_conditions (patient_id, condition_name, status, since_date) VALUES ('pt-0351', 'Type 2 diabetes', 'controlled', '2016-09-09');
INSERT INTO patient_conditions (patient_id, condition_name, status, since_date) VALUES ('pt-0351', 'Overactive bladder', 'controlled', '2023-04-07');
INSERT INTO patient_prescriptions (patient_id, drug, indication, dose, frequency, start_date, prescriber) VALUES ('pt-0351', 'Losartan', 'Hypertension', '10 mg', 'with meals', '2024-06-02', 'Dr Fatima Taylor');
INSERT INTO patient_prescriptions (patient_id, drug, indication, dose, frequency, start_date, prescriber) VALUES ('pt-0351', 'Insulin aspart', 'Diabetes', '1 injection', 'once daily', '2023-06-08', 'Dr Owen Taylor');
INSERT INTO patient_vaccine_records (patient_id, vaccine, vaccine_date, product) VALUES ('pt-0351', 'COVID-19', '2016-04-17', 'Spikevax');

INSERT INTO patients (id, name, age, gender, address_line1, city, county, postcode, country, telephone, email, gp_name, gp_practice, gp_address, national_insurance_number, passport_number, cache_status, last_synced_at, meta_region) VALUES ('pt-0352', 'Maria Cooper', 68, 'Female', 'Unit 19, 151 Newton Street', 'Manchester', 'Greater Manchester', 'M1 1AL', 'UK', '+44 7575 592692', 'maria.cooper50@hotmail.co.uk', 'Dr Lucy Brown', 'Brownlow Group Practice', '150 Mt Pleasant, Liverpool L69 3GD, United Kingdom', 'PN937736A', '453108143', 'cached_recent', '2026-02-12T00:00:00Z', 'Manchester');

INSERT INTO patients (id, name, age, gender, address_line1, city, county, postcode, country, telephone, email, gp_name, gp_practice, gp_address, national_insurance_number, passport_number, cache_status, last_synced_at, meta_region) VALUES ('pt-0353', 'Arthur Porter', 45, 'Male', 'Unit 18, 117 Custom House Place', 'Liverpool', 'Merseyside', 'L1 8BJ', 'UK', '+44 7374 282851', 'aporter@outlook.com', 'Dr Niamh Campbell', 'Brownlow Group Practice', '150 Mt Pleasant, Liverpool L69 3GD, United Kingdom', 'KY618624A', '896820381', 'cached_stale', '2026-02-15T00:00:00Z', 'Liverpool');
INSERT INTO patient_conditions (patient_id, condition_name, status, since_date) VALUES ('pt-0353', 'Gastro-oesophageal reflux disease (GORD)', 'monitoring', '2015-04-13');
INSERT INTO patient_conditions (patient_id, condition_name, status, since_date) VALUES ('pt-0353', 'Gout', 'controlled', '2017-08-14');
INSERT INTO patient_conditions (patient_id, condition_name, status, since_date) VALUES ('pt-0353', 'History of stroke/TIA', 'history', '2018-01-30');
INSERT INTO patient_prescriptions (patient_id, drug, indication, dose, frequency, start_date, prescriber) VALUES ('pt-0353', 'Simvastatin', 'High cholesterol', '50 mg', 'as needed', '2025-07-29', 'Dr Helen Ahmed');
INSERT INTO patient_prescriptions (patient_id, drug, indication, dose, frequency, start_date, prescriber) VALUES ('pt-0353', 'Sertraline', 'Depression/Anxiety', '100 mg', 'twice daily', '2025-12-25', 'Dr Fatima Taylor');
INSERT INTO patient_appointments (patient_id, appointment_date, appointment_time, type, location, reason, verified_up_to_date) VALUES ('pt-0353', '2023-03-27', '10:40', 'Respiratory review', 'Telehealth', 'annual monitoring', 1);
INSERT INTO patient_appointments (patient_id, appointment_date, appointment_time, type, location, reason, verified_up_to_date) VALUES ('pt-0353', '2025-07-22', '14:00', 'Respiratory review', 'Home visit', 'symptom check', 1);

INSERT INTO patients (id, name, age, gender, address_line1, city, county, postcode, country, telephone, email, gp_name, gp_practice, gp_address, national_insurance_number, passport_number, cache_status, last_synced_at, meta_region) VALUES ('pt-0354', 'Zara Campbell', 74, 'Female', '184 Great Charles Street', 'Birmingham', 'West Midlands', 'B1 1BB', 'UK', '+44 7415 450771', 'zara51@icloud.com', 'Dr Rachel Foster', 'Brownlow Group Practice', '150 Mt Pleasant, Liverpool L69 3GD, United Kingdom', 'AJ247660C', '442271517', 'verified_online', '2026-02-02T00:00:00Z', 'Birmingham');
INSERT INTO patient_conditions (patient_id, condition_name, status, since_date) VALUES ('pt-0354', 'Chronic back pain', 'history', '2012-04-30');
INSERT INTO patient_conditions (patient_id, condition_name, status, since_date) VALUES ('pt-0354', 'Hypothyroidism', 'history', '2013-01-10');
INSERT INTO patient_prescriptions (patient_id, drug, indication, dose, frequency, start_date, prescriber) VALUES ('pt-0354', 'Apixaban', 'Anticoagulant (AF/VTE)', '1 tablet', 'once weekly', '2024-08-11', 'Dr Owen Taylor');
INSERT INTO patient_appointments (patient_id, appointment_date, appointment_time, type, location, reason, verified_up_to_date) VALUES ('pt-0354', '2024-06-25', '14:10', 'Physiotherapy', 'Hospital outpatient department', 'vaccination', 1);

INSERT INTO patients (id, name, age, gender, address_line1, city, county, postcode, country, telephone, email, gp_name, gp_practice, gp_address, national_insurance_number, passport_number, cache_status, last_synced_at, meta_region) VALUES ('pt-0355', 'Ada Murray', 65, 'Female', 'Flat 60, 144 St Andrew Square', 'Edinburgh', 'City of Edinburgh', 'EH1 1BQ', 'UK', '+44 7752 438326', 'amurray@outlook.com', 'Dr Sarah Graham', 'Brownlow Group Practice', '150 Mt Pleasant, Liverpool L69 3GD, United Kingdom', 'ED728203D', '063010075', 'verified_online', '2026-02-28T00:00:00Z', 'Edinburgh');
INSERT INTO patient_conditions (patient_id, condition_name, status, since_date) VALUES ('pt-0355', 'Asthma', 'active', '2015-04-15');
INSERT INTO patient_conditions (patient_id, condition_name, status, since_date) VALUES ('pt-0355', 'Obesity', 'history', '2020-05-20');
INSERT INTO patient_appointments (patient_id, appointment_date, appointment_time, type, location, reason, verified_up_to_date) VALUES ('pt-0355', '2025-05-26', '17:00', 'Mental health check-in', 'Home visit', 'treatment follow-up', 0);
INSERT INTO patient_appointments (patient_id, appointment_date, appointment_time, type, location, reason, verified_up_to_date) VALUES ('pt-0355', '2026-07-31', '13:00', 'Vaccination appointment', 'Home visit', 'symptom check', 0);

INSERT INTO patients (id, name, age, gender, address_line1, city, county, postcode, country, telephone, email, gp_name, gp_practice, gp_address, national_insurance_number, passport_number, cache_status, last_synced_at, meta_region) VALUES ('pt-0356', 'Emily Byrne', 83, 'Female', 'Unit 30, 4 South John Street', 'Liverpool', 'Merseyside', 'L1 8BU', 'UK', '+44 7389 476221', 'emily.byrne73@icloud.com', 'Dr Maya Patel', 'Brownlow Group Practice', '150 Mt Pleasant, Liverpool L69 3GD, United Kingdom', 'OA398858B', '068192701', 'cached_stale', '2026-02-27T00:00:00Z', 'Liverpool');
INSERT INTO patient_conditions (patient_id, condition_name, status, since_date) VALUES ('pt-0356', 'Gastro-oesophageal reflux disease (GORD)', 'active', '2023-11-21');
INSERT INTO patient_conditions (patient_id, condition_name, status, since_date) VALUES ('pt-0356', 'Generalised anxiety disorder', 'active', '2014-10-06');
INSERT INTO patient_conditions (patient_id, condition_name, status, since_date) VALUES ('pt-0356', 'History of stroke/TIA', 'controlled', '2020-07-27');
INSERT INTO patient_prescriptions (patient_id, drug, indication, dose, frequency, start_date, prescriber) VALUES ('pt-0356', 'Sertraline', 'Depression/Anxiety', '500 mg', 'once daily', '2025-09-27', 'Dr Michael Foster');
INSERT INTO patient_appointments (patient_id, appointment_date, appointment_time, type, location, reason, verified_up_to_date) VALUES ('pt-0356', '2026-01-13', '17:30', 'Diabetes clinic', 'Home visit', 'treatment follow-up', 1);
INSERT INTO patient_vaccine_records (patient_id, vaccine, vaccine_date, product) VALUES ('pt-0356', 'Shingles (Shingrix)', '2019-01-28', 'Shingrix');

INSERT INTO patients (id, name, age, gender, address_line1, city, county, postcode, country, telephone, email, gp_name, gp_practice, gp_address, national_insurance_number, passport_number, cache_status, last_synced_at, meta_region) VALUES ('pt-0357', 'Ava Hall', 87, 'Female', '65 Hilton Street', 'Manchester', 'Greater Manchester', 'M1 1AQ', 'UK', '+44 7403 973383', 'ahall@gmail.com', 'Dr Kate Morgan', 'Brownlow Group Practice', '150 Mt Pleasant, Liverpool L69 3GD, United Kingdom', 'VA479873B', '554416001', 'verified_online', '2026-02-07T00:00:00Z', 'Manchester');
INSERT INTO patient_conditions (patient_id, condition_name, status, since_date) VALUES ('pt-0357', 'Obesity', 'active', '2019-11-06');
INSERT INTO patient_conditions (patient_id, condition_name, status, since_date) VALUES ('pt-0357', 'Asthma', 'monitoring', '2026-01-21');
INSERT INTO patient_conditions (patient_id, condition_name, status, since_date) VALUES ('pt-0357', 'Dementia', 'active', '2018-11-21');
INSERT INTO patient_conditions (patient_id, condition_name, status, since_date) VALUES ('pt-0357', 'Gastro-oesophageal reflux disease (GORD)', 'active', '2023-01-06');
INSERT INTO patient_prescriptions (patient_id, drug, indication, dose, frequency, start_date, prescriber) VALUES ('pt-0357', 'Dapagliflozin', 'Type 2 diabetes/Heart failure/CKD', '10 mg', 'once weekly', '2024-08-03', 'Dr Helen Ahmed');
INSERT INTO patient_appointments (patient_id, appointment_date, appointment_time, type, location, reason, verified_up_to_date) VALUES ('pt-0357', '2023-10-25', '15:00', 'Ophthalmology', 'Community clinic', 'results discussion', 1);
INSERT INTO patient_appointments (patient_id, appointment_date, appointment_time, type, location, reason, verified_up_to_date) VALUES ('pt-0357', '2025-04-22', '11:00', 'Mental health check-in', 'Telehealth', 'routine review', 1);
INSERT INTO patient_appointments (patient_id, appointment_date, appointment_time, type, location, reason, verified_up_to_date) VALUES ('pt-0357', '2027-01-02', '16:10', 'Physiotherapy', 'GP practice', 'symptom check', 0);
INSERT INTO patient_vaccine_records (patient_id, vaccine, vaccine_date, product) VALUES ('pt-0357', 'COVID-19', '2019-12-24', 'Nuvaxovid');
INSERT INTO patient_vaccine_records (patient_id, vaccine, vaccine_date, product) VALUES ('pt-0357', 'Influenza (seasonal)', '2023-06-07', NULL);
INSERT INTO patient_vaccine_records (patient_id, vaccine, vaccine_date, product) VALUES ('pt-0357', 'Shingles (Shingrix)', '2017-01-08', 'Shingrix');

INSERT INTO patients (id, name, age, gender, address_line1, city, county, postcode, country, telephone, email, gp_name, gp_practice, gp_address, national_insurance_number, passport_number, cache_status, last_synced_at, meta_region) VALUES ('pt-0358', 'Max Kelly', 35, 'Male', 'Apt 19, 174 Paradise Place', 'Liverpool', 'Merseyside', 'L1 8BQ', 'UK', '+44 7485 780552', 'max.kelly@outlook.com', 'Dr Maya Patel', 'Brownlow Group Practice', '150 Mt Pleasant, Liverpool L69 3GD, United Kingdom', 'YJ254052D', '341713055', 'cached_stale', '2026-02-19T00:00:00Z', 'Liverpool');
INSERT INTO patient_prescriptions (patient_id, drug, indication, dose, frequency, start_date, prescriber) VALUES ('pt-0358', 'Losartan', 'Hypertension', '0.5 mg', 'twice daily', '2025-07-14', 'Dr Sophie Khan');
INSERT INTO patient_prescriptions (patient_id, drug, indication, dose, frequency, start_date, prescriber) VALUES ('pt-0358', 'Dapagliflozin', 'Type 2 diabetes/Heart failure/CKD', '0.5 mg', 'as needed', '2024-09-29', 'Dr Priya Patel');
INSERT INTO patient_appointments (patient_id, appointment_date, appointment_time, type, location, reason, verified_up_to_date) VALUES ('pt-0358', '2023-08-18', '10:00', 'Respiratory review', 'Community clinic', 'annual monitoring', 1);
INSERT INTO patient_appointments (patient_id, appointment_date, appointment_time, type, location, reason, verified_up_to_date) VALUES ('pt-0358', '2025-04-08', '11:45', 'Ophthalmology', 'GP practice', 'treatment follow-up', 1);
INSERT INTO patient_appointments (patient_id, appointment_date, appointment_time, type, location, reason, verified_up_to_date) VALUES ('pt-0358', '2026-12-30', '10:30', 'Physiotherapy', 'Telehealth', 'vaccination', 0);

INSERT INTO patients (id, name, age, gender, address_line1, city, county, postcode, country, telephone, email, gp_name, gp_practice, gp_address, national_insurance_number, passport_number, cache_status, last_synced_at, meta_region) VALUES ('pt-0359', 'John Ali', 73, 'Male', '193 New Street', 'Birmingham', 'West Midlands', 'B1 1BB', 'UK', '+44 7112 415734', 'jali@outlook.com', 'Dr Chloe Roberts', 'Brownlow Group Practice', '150 Mt Pleasant, Liverpool L69 3GD, United Kingdom', 'BQ993554C', '961227425', 'cached_recent', '2026-02-02T00:00:00Z', 'Birmingham');
INSERT INTO patient_conditions (patient_id, condition_name, status, since_date) VALUES ('pt-0359', 'Heart failure', 'history', '2022-05-11');
INSERT INTO patient_conditions (patient_id, condition_name, status, since_date) VALUES ('pt-0359', 'Glaucoma', 'monitoring', '2017-05-19');
INSERT INTO patient_conditions (patient_id, condition_name, status, since_date) VALUES ('pt-0359', 'Hypothyroidism', 'active', '2020-02-26');
INSERT INTO patient_conditions (patient_id, condition_name, status, since_date) VALUES ('pt-0359', 'Chronic back pain', 'controlled', '2014-01-12');
INSERT INTO patient_conditions (patient_id, condition_name, status, since_date) VALUES ('pt-0359', 'Obesity', 'active', '2019-09-24');
INSERT INTO patient_conditions (patient_id, condition_name, status, since_date) VALUES ('pt-0359', 'COPD', 'history', '2024-09-25');
INSERT INTO patient_prescriptions (patient_id, drug, indication, dose, frequency, start_date, prescriber) VALUES ('pt-0359', 'Warfarin', 'Anticoagulant', '10 mg', 'twice daily', '2025-04-06', 'Dr Matthew Smith');
INSERT INTO patient_appointments (patient_id, appointment_date, appointment_time, type, location, reason, verified_up_to_date) VALUES ('pt-0359', '2024-02-24', '10:00', 'Respiratory review', 'Community clinic', 'treatment follow-up', 0);
INSERT INTO patient_appointments (patient_id, appointment_date, appointment_time, type, location, reason, verified_up_to_date) VALUES ('pt-0359', '2026-04-28', '17:15', 'GP review', 'Home visit', 'results discussion', 0);
INSERT INTO patient_appointments (patient_id, appointment_date, appointment_time, type, location, reason, verified_up_to_date) VALUES ('pt-0359', '2026-06-11', '17:45', 'Diabetes clinic', 'Community clinic', 'annual monitoring', 0);
INSERT INTO patient_appointments (patient_id, appointment_date, appointment_time, type, location, reason, verified_up_to_date) VALUES ('pt-0359', '2026-10-29', '17:15', 'Ophthalmology', 'Telehealth', 'vaccination', 1);

INSERT INTO patients (id, name, age, gender, address_line1, city, county, postcode, country, telephone, email, gp_name, gp_practice, gp_address, national_insurance_number, passport_number, cache_status, last_synced_at, meta_region) VALUES ('pt-0360', 'Emily Phillips', 38, 'Female', '79 Little Lever Street', 'Manchester', 'Greater Manchester', 'M1 1AQ', 'UK', '+44 7735 520142', 'emily.phillips73@gmail.com', 'Dr Priya O''Neill', 'Brownlow Group Practice', '150 Mt Pleasant, Liverpool L69 3GD, United Kingdom', 'UL421840B', '944191389', 'cached_recent', '2026-02-20T00:00:00Z', 'Manchester');
INSERT INTO patient_conditions (patient_id, condition_name, status, since_date) VALUES ('pt-0360', 'Heart failure', 'active', '2012-09-09');
INSERT INTO patient_conditions (patient_id, condition_name, status, since_date) VALUES ('pt-0360', 'COPD', 'active', '2018-01-08');
INSERT INTO patient_appointments (patient_id, appointment_date, appointment_time, type, location, reason, verified_up_to_date) VALUES ('pt-0360', '2023-07-27', '11:30', 'Blood test', 'GP practice', 'symptom check', 0);
INSERT INTO patient_appointments (patient_id, appointment_date, appointment_time, type, location, reason, verified_up_to_date) VALUES ('pt-0360', '2026-12-14', '16:50', 'Diabetes clinic', 'GP practice', 'treatment follow-up', 0);
INSERT INTO patient_appointments (patient_id, appointment_date, appointment_time, type, location, reason, verified_up_to_date) VALUES ('pt-0360', '2027-01-20', '14:30', 'Diabetes clinic', 'Community clinic', 'annual monitoring', 1);
INSERT INTO patient_appointments (patient_id, appointment_date, appointment_time, type, location, reason, verified_up_to_date) VALUES ('pt-0360', '2027-02-28', '10:00', 'Mental health check-in', 'Community clinic', 'symptom check', 1);
INSERT INTO patient_vaccine_records (patient_id, vaccine, vaccine_date, product) VALUES ('pt-0360', 'COVID-19', '2023-07-26', 'Spikevax');
INSERT INTO patient_vaccine_records (patient_id, vaccine, vaccine_date, product) VALUES ('pt-0360', 'Td/Tdap (tetanus, diphtheria, pertussis)', '2023-01-30', NULL);

INSERT INTO patients (id, name, age, gender, address_line1, city, county, postcode, country, telephone, email, gp_name, gp_practice, gp_address, national_insurance_number, passport_number, cache_status, last_synced_at, meta_region) VALUES ('pt-0361', 'Bethany Thomas', 85, 'Female', '192 Park Row', 'Leeds', 'West Yorkshire', 'LS1 1UR', 'UK', '+44 7288 949729', 'bthomas@icloud.com', 'Dr Fatima Wilson', 'Brownlow Group Practice', '150 Mt Pleasant, Liverpool L69 3GD, United Kingdom', 'JR638513A', '837229493', 'verified_online', '2026-02-26T00:00:00Z', 'Leeds');
INSERT INTO patient_conditions (patient_id, condition_name, status, since_date) VALUES ('pt-0361', 'Hypertension', 'monitoring', '2022-03-10');
INSERT INTO patient_conditions (patient_id, condition_name, status, since_date) VALUES ('pt-0361', 'Chronic kidney disease', 'controlled', '2018-04-24');
INSERT INTO patient_conditions (patient_id, condition_name, status, since_date) VALUES ('pt-0361', 'Hypercholesterolaemia', 'active', '2025-11-28');
INSERT INTO patient_prescriptions (patient_id, drug, indication, dose, frequency, start_date, prescriber) VALUES ('pt-0361', 'Beclometasone dipropionate', 'Asthma/COPD', '10 mg', 'once daily', '2023-06-19', 'Dr Matthew Campbell');
INSERT INTO patient_appointments (patient_id, appointment_date, appointment_time, type, location, reason, verified_up_to_date) VALUES ('pt-0361', '2026-07-25', '13:00', 'Cardiology follow-up', 'Home visit', 'routine review', 1);
INSERT INTO patient_vaccine_records (patient_id, vaccine, vaccine_date, product) VALUES ('pt-0361', 'COVID-19', '2016-06-19', 'Spikevax');
INSERT INTO patient_vaccine_records (patient_id, vaccine, vaccine_date, product) VALUES ('pt-0361', 'Shingles (Shingrix)', '2018-09-15', 'Shingrix');

INSERT INTO patients (id, name, age, gender, address_line1, city, county, postcode, country, telephone, email, gp_name, gp_practice, gp_address, national_insurance_number, passport_number, cache_status, last_synced_at, meta_region) VALUES ('pt-0362', 'Jack Barnes', 94, 'Male', 'Flat 46, 118 Mill Road', 'Cambridge', 'Cambridgeshire', 'CB1 3BS', 'UK', '+44 7797 319158', 'jack612@outlook.com', 'Dr Fatima Hughes', 'Brownlow Group Practice', '150 Mt Pleasant, Liverpool L69 3GD, United Kingdom', 'YX766912A', '256138322', 'verified_online', '2026-03-02T00:00:00Z', 'Cambridge');
INSERT INTO patient_conditions (patient_id, condition_name, status, since_date) VALUES ('pt-0362', 'Osteoarthritis', 'monitoring', '2012-12-09');
INSERT INTO patient_conditions (patient_id, condition_name, status, since_date) VALUES ('pt-0362', 'Gastro-oesophageal reflux disease (GORD)', 'history', '2015-07-02');
INSERT INTO patient_conditions (patient_id, condition_name, status, since_date) VALUES ('pt-0362', 'Glaucoma', 'active', '2012-01-05');
INSERT INTO patient_conditions (patient_id, condition_name, status, since_date) VALUES ('pt-0362', 'Hypercholesterolaemia', 'active', '2023-09-14');
INSERT INTO patient_conditions (patient_id, condition_name, status, since_date) VALUES ('pt-0362', 'Epilepsy', 'active', '2018-11-26');
INSERT INTO patient_prescriptions (patient_id, drug, indication, dose, frequency, start_date, prescriber) VALUES ('pt-0362', 'Amlodipine', 'Hypertension/Angina', '100 mg', 'once weekly', '2024-08-19', 'Dr Priya Patel');
INSERT INTO patient_appointments (patient_id, appointment_date, appointment_time, type, location, reason, verified_up_to_date) VALUES ('pt-0362', '2023-03-10', '08:30', 'GP review', 'Telehealth', 'symptom check', 1);
INSERT INTO patient_appointments (patient_id, appointment_date, appointment_time, type, location, reason, verified_up_to_date) VALUES ('pt-0362', '2024-07-26', '17:10', 'Vaccination appointment', 'GP practice', 'vaccination', 0);
INSERT INTO patient_vaccine_records (patient_id, vaccine, vaccine_date, product) VALUES ('pt-0362', 'COVID-19', '2022-05-25', 'Nuvaxovid');
INSERT INTO patient_vaccine_records (patient_id, vaccine, vaccine_date, product) VALUES ('pt-0362', 'RSV', '2022-03-02', 'Arexvy');

INSERT INTO patients (id, name, age, gender, address_line1, city, county, postcode, country, telephone, email, gp_name, gp_practice, gp_address, national_insurance_number, passport_number, cache_status, last_synced_at, meta_region) VALUES ('pt-0363', 'Leah Reid', 71, 'Female', 'Flat 14, 6 Calverley Street', 'Leeds', 'West Yorkshire', 'LS1 1UR', 'UK', '+44 7512 133919', 'leahreid@outlook.com', 'Dr Priya Jones', 'Brownlow Group Practice', '150 Mt Pleasant, Liverpool L69 3GD, United Kingdom', 'AK236863D', '728126405', 'cached_stale', '2026-03-02T00:00:00Z', 'Leeds');
INSERT INTO patient_conditions (patient_id, condition_name, status, since_date) VALUES ('pt-0363', 'Atrial fibrillation', 'active', '2015-06-10');
INSERT INTO patient_conditions (patient_id, condition_name, status, since_date) VALUES ('pt-0363', 'Overactive bladder', 'history', '2017-11-28');
INSERT INTO patient_conditions (patient_id, condition_name, status, since_date) VALUES ('pt-0363', 'Dementia', 'active', '2022-06-19');
INSERT INTO patient_appointments (patient_id, appointment_date, appointment_time, type, location, reason, verified_up_to_date) VALUES ('pt-0363', '2023-10-31', '17:10', 'Mental health check-in', 'Hospital outpatient department', 'symptom check', 1);
INSERT INTO patient_appointments (patient_id, appointment_date, appointment_time, type, location, reason, verified_up_to_date) VALUES ('pt-0363', '2025-11-27', '08:50', 'GP review', 'Telehealth', 'symptom check', 1);
INSERT INTO patient_appointments (patient_id, appointment_date, appointment_time, type, location, reason, verified_up_to_date) VALUES ('pt-0363', '2027-01-30', '10:45', 'Vaccination appointment', 'GP practice', 'routine review', 1);
INSERT INTO patient_vaccine_records (patient_id, vaccine, vaccine_date, product) VALUES ('pt-0363', 'COVID-19', '2019-03-27', 'Spikevax');

INSERT INTO patients (id, name, age, gender, address_line1, city, county, postcode, country, telephone, email, gp_name, gp_practice, gp_address, national_insurance_number, passport_number, cache_status, last_synced_at, meta_region) VALUES ('pt-0364', 'Imogen Patel', 41, 'Female', '123 The Mall', 'London', 'Greater London', 'SW1A 1AA', 'UK', '+44 7408 117242', 'imogen142@icloud.com', 'Dr Owen Evans', 'Brownlow Group Practice', '150 Mt Pleasant, Liverpool L69 3GD, United Kingdom', 'AG950900D', '555056443', 'verified_online', '2026-02-06T00:00:00Z', 'London');
INSERT INTO patient_appointments (patient_id, appointment_date, appointment_time, type, location, reason, verified_up_to_date) VALUES ('pt-0364', '2026-07-14', '14:45', 'Diabetes clinic', 'Home visit', 'symptom check', 1);
INSERT INTO patient_vaccine_records (patient_id, vaccine, vaccine_date, product) VALUES ('pt-0364', 'COVID-19', '2025-04-16', 'Spikevax');

INSERT INTO patients (id, name, age, gender, address_line1, city, county, postcode, country, telephone, email, gp_name, gp_practice, gp_address, national_insurance_number, passport_number, cache_status, last_synced_at, meta_region) VALUES ('pt-0365', 'Connor Thompson', 78, 'Male', 'Unit 24, 136 Lever Street', 'Manchester', 'Greater Manchester', 'M1 1EE', 'UK', '+44 7330 638752', 'connor.thompson16@gmail.com', 'Dr Grace Roberts', 'Brownlow Group Practice', '150 Mt Pleasant, Liverpool L69 3GD, United Kingdom', 'UR126642D', '373512658', 'verified_online', '2026-02-05T00:00:00Z', 'Manchester');
INSERT INTO patient_conditions (patient_id, condition_name, status, since_date) VALUES ('pt-0365', 'Asthma', 'controlled', '2024-05-03');
INSERT INTO patient_prescriptions (patient_id, drug, indication, dose, frequency, start_date, prescriber) VALUES ('pt-0365', 'Citalopram', 'Depression/Anxiety', '20 mg', 'as needed', '2023-12-07', 'Dr Kieran Taylor');
INSERT INTO patient_prescriptions (patient_id, drug, indication, dose, frequency, start_date, prescriber) VALUES ('pt-0365', 'Gliclazide', 'Type 2 diabetes', '2.5 mg', 'as needed', '2025-01-27', 'Dr Kieran Ahmed');
INSERT INTO patient_prescriptions (patient_id, drug, indication, dose, frequency, start_date, prescriber) VALUES ('pt-0365', 'Semaglutide', 'Type 2 diabetes/Weight management', '2 puffs', 'twice daily', '2025-10-02', 'Dr Eleanor Foster');
INSERT INTO patient_appointments (patient_id, appointment_date, appointment_time, type, location, reason, verified_up_to_date) VALUES ('pt-0365', '2025-10-26', '09:15', 'Vaccination appointment', 'GP practice', 'routine review', 0);
INSERT INTO patient_appointments (patient_id, appointment_date, appointment_time, type, location, reason, verified_up_to_date) VALUES ('pt-0365', '2026-06-21', '13:50', 'Respiratory review', 'Hospital outpatient department', 'annual monitoring', 1);
INSERT INTO patient_vaccine_records (patient_id, vaccine, vaccine_date, product) VALUES ('pt-0365', 'Influenza (seasonal)', '2019-05-10', NULL);

INSERT INTO patients (id, name, age, gender, address_line1, city, county, postcode, country, telephone, email, gp_name, gp_practice, gp_address, national_insurance_number, passport_number, cache_status, last_synced_at, meta_region) VALUES ('pt-0366', 'Zara Johnson', 58, 'Female', '1 Custom House Place', 'Liverpool', 'Merseyside', 'L1 8BJ', 'UK', '+44 7318 201789', 'zara706@gmail.com', 'Dr Fatima Stewart', 'Brownlow Group Practice', '150 Mt Pleasant, Liverpool L69 3GD, United Kingdom', 'KX482591A', '614899200', 'cached_recent', '2026-03-04T00:00:00Z', 'Liverpool');
INSERT INTO patient_conditions (patient_id, condition_name, status, since_date) VALUES ('pt-0366', 'Dementia', 'history', '2014-04-24');
INSERT INTO patient_prescriptions (patient_id, drug, indication, dose, frequency, start_date, prescriber) VALUES ('pt-0366', 'Clopidogrel', 'Antiplatelet (post-MI/stroke)', '500 mg', 'at night', '2024-01-14', 'Dr Eleanor Foster');
INSERT INTO patient_appointments (patient_id, appointment_date, appointment_time, type, location, reason, verified_up_to_date) VALUES ('pt-0366', '2025-06-08', '13:45', 'GP review', 'Hospital outpatient department', 'treatment follow-up', 0);
INSERT INTO patient_appointments (patient_id, appointment_date, appointment_time, type, location, reason, verified_up_to_date) VALUES ('pt-0366', '2025-09-21', '13:10', 'Physiotherapy', 'Telehealth', 'annual monitoring', 1);
INSERT INTO patient_appointments (patient_id, appointment_date, appointment_time, type, location, reason, verified_up_to_date) VALUES ('pt-0366', '2025-09-23', '08:10', 'Medication review', 'Community clinic', 'vaccination', 1);
INSERT INTO patient_appointments (patient_id, appointment_date, appointment_time, type, location, reason, verified_up_to_date) VALUES ('pt-0366', '2026-03-21', '10:15', 'Respiratory review', 'Hospital outpatient department', 'routine review', 1);
INSERT INTO patient_vaccine_records (patient_id, vaccine, vaccine_date, product) VALUES ('pt-0366', 'Td/Tdap (tetanus, diphtheria, pertussis)', '2023-05-22', NULL);

INSERT INTO patients (id, name, age, gender, address_line1, city, county, postcode, country, telephone, email, gp_name, gp_practice, gp_address, national_insurance_number, passport_number, cache_status, last_synced_at, meta_region) VALUES ('pt-0367', 'Archie Byrne', 58, 'Male', 'Apt 80, 55 Wharton Street', 'Cardiff', 'South Glamorgan', 'CF10 1AL', 'UK', '+44 7267 126773', 'archie627@icloud.com', 'Dr Hannah Jones', 'Brownlow Group Practice', '150 Mt Pleasant, Liverpool L69 3GD, United Kingdom', 'HG198866B', '741100072', 'cached_stale', '2026-03-01T00:00:00Z', 'Cardiff');
INSERT INTO patient_conditions (patient_id, condition_name, status, since_date) VALUES ('pt-0367', 'Obesity', 'history', '2017-02-05');
INSERT INTO patient_conditions (patient_id, condition_name, status, since_date) VALUES ('pt-0367', 'Hypercholesterolaemia', 'history', '2020-01-23');
INSERT INTO patient_conditions (patient_id, condition_name, status, since_date) VALUES ('pt-0367', 'Generalised anxiety disorder', 'active', '2019-07-29');
INSERT INTO patient_conditions (patient_id, condition_name, status, since_date) VALUES ('pt-0367', 'Atrial fibrillation', 'active', '2015-05-07');

INSERT INTO patients (id, name, age, gender, address_line1, city, county, postcode, country, telephone, email, gp_name, gp_practice, gp_address, national_insurance_number, passport_number, cache_status, last_synced_at, meta_region) VALUES ('pt-0368', 'Ruby Wilson', 35, 'Female', 'Flat 51, 39 South John Street', 'Liverpool', 'Merseyside', 'L1 8JQ', 'UK', '+44 7100 168428', 'rubywilson@outlook.com', 'Dr Sanjay Reid', 'Brownlow Group Practice', '150 Mt Pleasant, Liverpool L69 3GD, United Kingdom', 'YZ183697C', '314966144', 'cached_stale', '2026-02-17T00:00:00Z', 'Liverpool');
INSERT INTO patient_conditions (patient_id, condition_name, status, since_date) VALUES ('pt-0368', 'Depression', 'active', '2021-07-02');
INSERT INTO patient_prescriptions (patient_id, drug, indication, dose, frequency, start_date, prescriber) VALUES ('pt-0368', 'Mirtazapine', 'Depression', '20 mg', 'once weekly', '2025-10-29', 'Dr David Clarke');

INSERT INTO patients (id, name, age, gender, address_line1, city, county, postcode, country, telephone, email, gp_name, gp_practice, gp_address, national_insurance_number, passport_number, cache_status, last_synced_at, meta_region) VALUES ('pt-0369', 'Hannah Wright', 53, 'Female', 'Unit 1, 162 Paradise Place', 'Liverpool', 'Merseyside', 'L1 8JF', 'UK', '+44 7186 863285', 'hannah853@hotmail.co.uk', 'Dr Niamh Campbell', 'Brownlow Group Practice', '150 Mt Pleasant, Liverpool L69 3GD, United Kingdom', 'XB138701D', '290177266', 'cached_stale', '2026-03-03T00:00:00Z', 'Liverpool');
INSERT INTO patient_conditions (patient_id, condition_name, status, since_date) VALUES ('pt-0369', 'Heart failure', 'history', '2018-06-09');
INSERT INTO patient_prescriptions (patient_id, drug, indication, dose, frequency, start_date, prescriber) VALUES ('pt-0369', 'Omeprazole', 'Reflux/Ulcer prevention', '1 g', 'twice daily', '2023-11-14', 'Dr Kieran Taylor');
INSERT INTO patient_appointments (patient_id, appointment_date, appointment_time, type, location, reason, verified_up_to_date) VALUES ('pt-0369', '2024-07-20', '11:15', 'Diabetes clinic', 'Home visit', 'vaccination', 1);
INSERT INTO patient_appointments (patient_id, appointment_date, appointment_time, type, location, reason, verified_up_to_date) VALUES ('pt-0369', '2025-12-08', '15:50', 'Medication review', 'Community clinic', 'symptom check', 1);
INSERT INTO patient_appointments (patient_id, appointment_date, appointment_time, type, location, reason, verified_up_to_date) VALUES ('pt-0369', '2026-05-31', '08:20', 'Mental health check-in', 'Hospital outpatient department', 'routine review', 1);
INSERT INTO patient_appointments (patient_id, appointment_date, appointment_time, type, location, reason, verified_up_to_date) VALUES ('pt-0369', '2026-08-04', '08:45', 'Vaccination appointment', 'Hospital outpatient department', 'vaccination', 0);
INSERT INTO patient_vaccine_records (patient_id, vaccine, vaccine_date, product) VALUES ('pt-0369', 'COVID-19', '2025-12-01', 'Nuvaxovid');

INSERT INTO patients (id, name, age, gender, address_line1, city, county, postcode, country, telephone, email, gp_name, gp_practice, gp_address, national_insurance_number, passport_number, cache_status, last_synced_at, meta_region) VALUES ('pt-0370', 'Phoebe Clarke', 1, 'Female', 'Unit 22, 174 Princes Street', 'Edinburgh', 'City of Edinburgh', 'EH2 2SB', 'UK', '+44 7322 715592', 'phoebe.clarke99@icloud.com', 'Dr Robert Patel', 'Brownlow Group Practice', '150 Mt Pleasant, Liverpool L69 3GD, United Kingdom', 'XS879380C', '904212535', 'verified_online', '2026-02-20T00:00:00Z', 'Edinburgh');
INSERT INTO patient_conditions (patient_id, condition_name, status, since_date) VALUES ('pt-0370', 'Chronic back pain', 'monitoring', '2025-05-29');

INSERT INTO patients (id, name, age, gender, address_line1, city, county, postcode, country, telephone, email, gp_name, gp_practice, gp_address, national_insurance_number, passport_number, cache_status, last_synced_at, meta_region) VALUES ('pt-0371', 'Ethan Price', 9, 'Male', '166 Wyndham Arcade', 'Cardiff', 'South Glamorgan', 'CF10 1GB', 'UK', '+44 7395 689703', 'ethanprice@hotmail.co.uk', 'Dr David Smith', 'Brownlow Group Practice', '150 Mt Pleasant, Liverpool L69 3GD, United Kingdom', 'AA733796A', '195906878', 'cached_stale', '2026-02-18T00:00:00Z', 'Cardiff');
INSERT INTO patient_conditions (patient_id, condition_name, status, since_date) VALUES ('pt-0371', 'Generalised anxiety disorder', 'active', '2020-12-20');
INSERT INTO patient_conditions (patient_id, condition_name, status, since_date) VALUES ('pt-0371', 'COPD', 'controlled', '2014-02-19');

INSERT INTO patients (id, name, age, gender, address_line1, city, county, postcode, country, telephone, email, gp_name, gp_practice, gp_address, national_insurance_number, passport_number, cache_status, last_synced_at, meta_region) VALUES ('pt-0372', 'Archie Simpson', 50, 'Male', 'Apt 26, 25 Belvedere Road', 'London', 'Greater London', 'SW1A 1BA', 'UK', '+44 7636 568095', 'archie355@outlook.com', 'Dr Grace Evans', 'Brownlow Group Practice', '150 Mt Pleasant, Liverpool L69 3GD, United Kingdom', 'JV060282C', '076548248', 'cached_stale', '2026-02-21T00:00:00Z', 'London');
INSERT INTO patient_conditions (patient_id, condition_name, status, since_date) VALUES ('pt-0372', 'Overactive bladder', 'controlled', '2014-01-25');
INSERT INTO patient_conditions (patient_id, condition_name, status, since_date) VALUES ('pt-0372', 'Chronic back pain', 'history', '2012-06-23');
INSERT INTO patient_conditions (patient_id, condition_name, status, since_date) VALUES ('pt-0372', 'Glaucoma', 'monitoring', '2012-09-10');
INSERT INTO patient_prescriptions (patient_id, drug, indication, dose, frequency, start_date, prescriber) VALUES ('pt-0372', 'Oxybutynin', 'Overactive bladder', '2 puffs', 'at night', '2024-08-09', 'Dr Chloe Ahmed');
INSERT INTO patient_prescriptions (patient_id, drug, indication, dose, frequency, start_date, prescriber) VALUES ('pt-0372', 'Omeprazole', 'Reflux/Ulcer prevention', '0.5 mg', 'as needed', '2025-06-02', 'Dr Chloe Khan');
INSERT INTO patient_appointments (patient_id, appointment_date, appointment_time, type, location, reason, verified_up_to_date) VALUES ('pt-0372', '2025-12-06', '14:00', 'Physiotherapy', 'Telehealth', 'results discussion', 0);
INSERT INTO patient_appointments (patient_id, appointment_date, appointment_time, type, location, reason, verified_up_to_date) VALUES ('pt-0372', '2026-01-24', '15:45', 'Respiratory review', 'Hospital outpatient department', 'results discussion', 0);
INSERT INTO patient_appointments (patient_id, appointment_date, appointment_time, type, location, reason, verified_up_to_date) VALUES ('pt-0372', '2026-04-01', '14:15', 'GP review', 'GP practice', 'results discussion', 1);
INSERT INTO patient_appointments (patient_id, appointment_date, appointment_time, type, location, reason, verified_up_to_date) VALUES ('pt-0372', '2026-04-12', '09:00', 'Mental health check-in', 'GP practice', 'treatment follow-up', 1);
INSERT INTO patient_appointments (patient_id, appointment_date, appointment_time, type, location, reason, verified_up_to_date) VALUES ('pt-0372', '2026-10-05', '14:20', 'Mental health check-in', 'Community clinic', 'routine review', 0);
INSERT INTO patient_vaccine_records (patient_id, vaccine, vaccine_date, product) VALUES ('pt-0372', 'COVID-19', '2019-01-15', 'Spikevax');
INSERT INTO patient_vaccine_records (patient_id, vaccine, vaccine_date, product) VALUES ('pt-0372', 'COVID-19 booster', '2018-02-21', 'Comirnaty');

INSERT INTO patients (id, name, age, gender, address_line1, city, county, postcode, country, telephone, email, gp_name, gp_practice, gp_address, national_insurance_number, passport_number, cache_status, last_synced_at, meta_region) VALUES ('pt-0373', 'Sienna Smith', 44, 'Female', 'Apt 2, 154 West Nile Street', 'Glasgow', 'Glasgow City', 'G1 2RD', 'UK', '+44 7518 303408', 'ssmith@hotmail.co.uk', 'Dr Ibrahim Foster', 'Brownlow Group Practice', '150 Mt Pleasant, Liverpool L69 3GD, United Kingdom', 'EG537599D', '065243920', 'cached_stale', '2026-02-04T00:00:00Z', 'Glasgow');
INSERT INTO patient_vaccine_records (patient_id, vaccine, vaccine_date, product) VALUES ('pt-0373', 'COVID-19', '2019-11-29', 'Nuvaxovid');

INSERT INTO patients (id, name, age, gender, address_line1, city, county, postcode, country, telephone, email, gp_name, gp_practice, gp_address, national_insurance_number, passport_number, cache_status, last_synced_at, meta_region) VALUES ('pt-0374', 'Beatrice Jones', 58, 'Female', '62 Calverley Street', 'Leeds', 'West Yorkshire', 'LS1 1UR', 'UK', '+44 7243 448256', 'beatrice.jones36@gmail.com', 'Dr Priya Jones', 'Brownlow Group Practice', '150 Mt Pleasant, Liverpool L69 3GD, United Kingdom', 'OG885400C', '164889013', 'verified_online', '2026-02-23T00:00:00Z', 'Leeds');
INSERT INTO patient_conditions (patient_id, condition_name, status, since_date) VALUES ('pt-0374', 'Gastro-oesophageal reflux disease (GORD)', 'active', '2018-09-24');
INSERT INTO patient_conditions (patient_id, condition_name, status, since_date) VALUES ('pt-0374', 'Gout', 'active', '2023-08-20');
INSERT INTO patient_conditions (patient_id, condition_name, status, since_date) VALUES ('pt-0374', 'History of stroke/TIA', 'controlled', '2019-04-25');
INSERT INTO patient_conditions (patient_id, condition_name, status, since_date) VALUES ('pt-0374', 'COPD', 'monitoring', '2022-12-29');
INSERT INTO patient_prescriptions (patient_id, drug, indication, dose, frequency, start_date, prescriber) VALUES ('pt-0374', 'Lansoprazole', 'Reflux/Ulcer prevention', '1 puff', 'at night', '2025-12-06', 'Dr Chloe Khan');
INSERT INTO patient_prescriptions (patient_id, drug, indication, dose, frequency, start_date, prescriber) VALUES ('pt-0374', 'Apixaban', 'Anticoagulant (AF/VTE)', '1 g', 'once daily', '2024-12-23', 'Dr Matthew Campbell');
INSERT INTO patient_prescriptions (patient_id, drug, indication, dose, frequency, start_date, prescriber) VALUES ('pt-0374', 'Sacubitril/valsartan', 'Heart failure', '0.5 mg', 'at night', '2024-06-03', 'Dr Chloe Ahmed');
INSERT INTO patient_appointments (patient_id, appointment_date, appointment_time, type, location, reason, verified_up_to_date) VALUES ('pt-0374', '2026-12-07', '16:00', 'Diabetes clinic', 'Home visit', 'routine review', 1);
INSERT INTO patient_vaccine_records (patient_id, vaccine, vaccine_date, product) VALUES ('pt-0374', 'COVID-19', '2022-07-01', 'Comirnaty');

INSERT INTO patients (id, name, age, gender, address_line1, city, county, postcode, country, telephone, email, gp_name, gp_practice, gp_address, national_insurance_number, passport_number, cache_status, last_synced_at, meta_region) VALUES ('pt-0375', 'Harriet Graham', 94, 'Female', 'Apt 49, 148 Chicheley Street', 'London', 'Greater London', 'SE1 7PB', 'UK', '+44 7256 347009', 'harrietgraham@outlook.com', 'Dr Owen Evans', 'Brownlow Group Practice', '150 Mt Pleasant, Liverpool L69 3GD, United Kingdom', 'UP124829D', '670738389', 'verified_online', '2026-02-23T00:00:00Z', 'London');
INSERT INTO patient_conditions (patient_id, condition_name, status, since_date) VALUES ('pt-0375', 'Chronic back pain', 'history', '2022-09-19');
INSERT INTO patient_conditions (patient_id, condition_name, status, since_date) VALUES ('pt-0375', 'Overactive bladder', 'active', '2017-05-19');
INSERT INTO patient_conditions (patient_id, condition_name, status, since_date) VALUES ('pt-0375', 'COPD', 'history', '2014-10-01');
INSERT INTO patient_conditions (patient_id, condition_name, status, since_date) VALUES ('pt-0375', 'Gout', 'controlled', '2014-12-15');
INSERT INTO patient_appointments (patient_id, appointment_date, appointment_time, type, location, reason, verified_up_to_date) VALUES ('pt-0375', '2025-09-06', '17:20', 'Blood test', 'Hospital outpatient department', 'routine review', 1);
INSERT INTO patient_appointments (patient_id, appointment_date, appointment_time, type, location, reason, verified_up_to_date) VALUES ('pt-0375', '2026-08-14', '11:10', 'Medication review', 'Community clinic', 'vaccination', 1);
INSERT INTO patient_appointments (patient_id, appointment_date, appointment_time, type, location, reason, verified_up_to_date) VALUES ('pt-0375', '2026-09-16', '14:30', 'Diabetes clinic', 'Home visit', 'results discussion', 0);
INSERT INTO patient_vaccine_records (patient_id, vaccine, vaccine_date, product) VALUES ('pt-0375', 'COVID-19', '2016-06-24', 'Nuvaxovid');
INSERT INTO patient_vaccine_records (patient_id, vaccine, vaccine_date, product) VALUES ('pt-0375', 'Pneumococcal', '2023-10-18', NULL);
INSERT INTO patient_vaccine_records (patient_id, vaccine, vaccine_date, product) VALUES ('pt-0375', 'RSV', '2019-09-22', 'Arexvy');

INSERT INTO patients (id, name, age, gender, address_line1, city, county, postcode, country, telephone, email, gp_name, gp_practice, gp_address, national_insurance_number, passport_number, cache_status, last_synced_at, meta_region) VALUES ('pt-0376', 'Theo Howard', 83, 'Male', '26 Belvedere Road', 'London', 'Greater London', 'SW1A 1BH', 'UK', '+44 7211 289170', 'theo.howard81@gmail.com', 'Dr Fatima Ahmed', 'Brownlow Group Practice', '150 Mt Pleasant, Liverpool L69 3GD, United Kingdom', 'UK774087A', '587532232', 'cached_stale', '2026-02-26T00:00:00Z', 'London');
INSERT INTO patient_conditions (patient_id, condition_name, status, since_date) VALUES ('pt-0376', 'Osteoporosis', 'monitoring', '2018-03-22');
INSERT INTO patient_prescriptions (patient_id, drug, indication, dose, frequency, start_date, prescriber) VALUES ('pt-0376', 'Allopurinol', 'Gout', '1 g', 'with meals', '2023-05-25', 'Dr Aisha Evans');
INSERT INTO patient_appointments (patient_id, appointment_date, appointment_time, type, location, reason, verified_up_to_date) VALUES ('pt-0376', '2026-10-22', '09:40', 'Medication review', 'Telehealth', 'routine review', 1);
INSERT INTO patient_appointments (patient_id, appointment_date, appointment_time, type, location, reason, verified_up_to_date) VALUES ('pt-0376', '2026-11-17', '14:15', 'Vaccination appointment', 'Telehealth', 'symptom check', 1);

INSERT INTO patients (id, name, age, gender, address_line1, city, county, postcode, country, telephone, email, gp_name, gp_practice, gp_address, national_insurance_number, passport_number, cache_status, last_synced_at, meta_region) VALUES ('pt-0377', 'Rachel Brown', 80, 'Female', '165 Chicheley Street', 'London', 'Greater London', 'SW1A 1BA', 'UK', '+44 7985 336229', 'rbrown@icloud.com', 'Dr Grace Evans', 'Brownlow Group Practice', '150 Mt Pleasant, Liverpool L69 3GD, United Kingdom', 'AZ510487D', '253537964', 'cached_recent', '2026-02-23T00:00:00Z', 'London');
INSERT INTO patient_prescriptions (patient_id, drug, indication, dose, frequency, start_date, prescriber) VALUES ('pt-0377', 'Nitrofurantoin', 'UTI', '5 mg', 'once daily', '2023-06-09', 'Dr Kieran Smith');
INSERT INTO patient_appointments (patient_id, appointment_date, appointment_time, type, location, reason, verified_up_to_date) VALUES ('pt-0377', '2023-12-24', '14:20', 'Cardiology follow-up', 'Hospital outpatient department', 'vaccination', 0);
INSERT INTO patient_vaccine_records (patient_id, vaccine, vaccine_date, product) VALUES ('pt-0377', 'Td/Tdap (tetanus, diphtheria, pertussis)', '2019-11-14', NULL);

INSERT INTO patients (id, name, age, gender, address_line1, city, county, postcode, country, telephone, email, gp_name, gp_practice, gp_address, national_insurance_number, passport_number, cache_status, last_synced_at, meta_region) VALUES ('pt-0378', 'Joseph Hughes', 81, 'Male', 'Flat 32, 85 Deanery Road', 'Bristol', 'Bristol', 'BS1 5AS', 'UK', '+44 7688 949561', 'josephhughes@icloud.com', 'Dr Zoe O''Neill', 'Brownlow Group Practice', '150 Mt Pleasant, Liverpool L69 3GD, United Kingdom', 'XN312646A', '071289646', 'cached_recent', '2026-02-09T00:00:00Z', 'Bristol');
INSERT INTO patient_conditions (patient_id, condition_name, status, since_date) VALUES ('pt-0378', 'Hypercholesterolaemia', 'monitoring', '2017-02-01');
INSERT INTO patient_conditions (patient_id, condition_name, status, since_date) VALUES ('pt-0378', 'Chronic back pain', 'monitoring', '2022-08-07');
INSERT INTO patient_conditions (patient_id, condition_name, status, since_date) VALUES ('pt-0378', 'Hypothyroidism', 'active', '2012-11-22');
INSERT INTO patient_prescriptions (patient_id, drug, indication, dose, frequency, start_date, prescriber) VALUES ('pt-0378', 'Dapagliflozin', 'Type 2 diabetes/Heart failure/CKD', '1 tablet', 'at night', '2023-09-30', 'Dr Eleanor Foster');
INSERT INTO patient_prescriptions (patient_id, drug, indication, dose, frequency, start_date, prescriber) VALUES ('pt-0378', 'Sitagliptin', 'Type 2 diabetes', '20 mg', 'twice daily', '2024-12-24', 'Dr Rachel Smith');
INSERT INTO patient_appointments (patient_id, appointment_date, appointment_time, type, location, reason, verified_up_to_date) VALUES ('pt-0378', '2025-09-12', '17:50', 'Mental health check-in', 'GP practice', 'symptom check', 1);
INSERT INTO patient_appointments (patient_id, appointment_date, appointment_time, type, location, reason, verified_up_to_date) VALUES ('pt-0378', '2026-01-30', '14:10', 'GP review', 'Telehealth', 'vaccination', 0);
INSERT INTO patient_vaccine_records (patient_id, vaccine, vaccine_date, product) VALUES ('pt-0378', 'COVID-19', '2023-01-20', 'Comirnaty');
INSERT INTO patient_vaccine_records (patient_id, vaccine, vaccine_date, product) VALUES ('pt-0378', 'COVID-19 booster', '2024-09-06', 'Comirnaty');
INSERT INTO patient_vaccine_records (patient_id, vaccine, vaccine_date, product) VALUES ('pt-0378', 'Influenza (seasonal)', '2023-08-08', NULL);
INSERT INTO patient_vaccine_records (patient_id, vaccine, vaccine_date, product) VALUES ('pt-0378', 'Pneumococcal', '2017-07-06', NULL);
INSERT INTO patient_vaccine_records (patient_id, vaccine, vaccine_date, product) VALUES ('pt-0378', 'Shingles (Shingrix)', '2021-10-06', 'Shingrix');

INSERT INTO patients (id, name, age, gender, address_line1, city, county, postcode, country, telephone, email, gp_name, gp_practice, gp_address, national_insurance_number, passport_number, cache_status, last_synced_at, meta_region) VALUES ('pt-0379', 'Molly King', 69, 'Female', 'Unit 16, 26 Hope Street', 'Glasgow', 'Glasgow City', 'G2 2PG', 'UK', '+44 7265 273628', 'molly.king@icloud.com', 'Dr Eleanor Khan', 'Brownlow Group Practice', '150 Mt Pleasant, Liverpool L69 3GD, United Kingdom', 'SR075293C', '956962022', 'cached_stale', '2026-02-10T00:00:00Z', 'Glasgow');
INSERT INTO patient_conditions (patient_id, condition_name, status, since_date) VALUES ('pt-0379', 'Obesity', 'monitoring', '2025-08-04');
INSERT INTO patient_prescriptions (patient_id, drug, indication, dose, frequency, start_date, prescriber) VALUES ('pt-0379', 'Aspirin', 'Antiplatelet/Pain', '10 mg', 'once weekly', '2025-04-06', 'Dr Maya Patel');
INSERT INTO patient_appointments (patient_id, appointment_date, appointment_time, type, location, reason, verified_up_to_date) VALUES ('pt-0379', '2025-11-12', '17:45', 'Vaccination appointment', 'GP practice', 'results discussion', 1);
INSERT INTO patient_appointments (patient_id, appointment_date, appointment_time, type, location, reason, verified_up_to_date) VALUES ('pt-0379', '2026-04-01', '15:30', 'Vaccination appointment', 'Community clinic', 'vaccination', 1);
INSERT INTO patient_vaccine_records (patient_id, vaccine, vaccine_date, product) VALUES ('pt-0379', 'Influenza (seasonal)', '2024-09-26', NULL);
INSERT INTO patient_vaccine_records (patient_id, vaccine, vaccine_date, product) VALUES ('pt-0379', 'Pneumococcal', '2019-03-31', NULL);

INSERT INTO patients (id, name, age, gender, address_line1, city, county, postcode, country, telephone, email, gp_name, gp_practice, gp_address, national_insurance_number, passport_number, cache_status, last_synced_at, meta_region) VALUES ('pt-0380', 'William Shaw', 74, 'Male', 'Flat 17, 66 Belvedere Road', 'London', 'Greater London', 'SW1A 1BA', 'UK', '+44 7815 330875', 'william.shaw79@gmail.com', 'Dr Owen Evans', 'Brownlow Group Practice', '150 Mt Pleasant, Liverpool L69 3GD, United Kingdom', 'CG760425D', '454597289', 'verified_online', '2026-02-22T00:00:00Z', 'London');
INSERT INTO patient_appointments (patient_id, appointment_date, appointment_time, type, location, reason, verified_up_to_date) VALUES ('pt-0380', '2025-02-14', '08:45', 'Diabetes clinic', 'GP practice', 'treatment follow-up', 1);
INSERT INTO patient_appointments (patient_id, appointment_date, appointment_time, type, location, reason, verified_up_to_date) VALUES ('pt-0380', '2026-04-22', '12:20', 'Cardiology follow-up', 'GP practice', 'symptom check', 0);
INSERT INTO patient_appointments (patient_id, appointment_date, appointment_time, type, location, reason, verified_up_to_date) VALUES ('pt-0380', '2026-06-10', '15:10', 'Ophthalmology', 'Home visit', 'results discussion', 0);
INSERT INTO patient_vaccine_records (patient_id, vaccine, vaccine_date, product) VALUES ('pt-0380', 'Td/Tdap (tetanus, diphtheria, pertussis)', '2021-06-30', NULL);

INSERT INTO patients (id, name, age, gender, address_line1, city, county, postcode, country, telephone, email, gp_name, gp_practice, gp_address, national_insurance_number, passport_number, cache_status, last_synced_at, meta_region) VALUES ('pt-0381', 'Louise Byrne', 27, 'Female', '79 Chicheley Street', 'London', 'Greater London', 'SW1A 1BB', 'UK', '+44 7465 870770', 'louise936@hotmail.co.uk', 'Dr Fatima Ahmed', 'Brownlow Group Practice', '150 Mt Pleasant, Liverpool L69 3GD, United Kingdom', 'LS794750B', '686506269', 'verified_online', '2026-02-08T00:00:00Z', 'London');
INSERT INTO patient_prescriptions (patient_id, drug, indication, dose, frequency, start_date, prescriber) VALUES ('pt-0381', 'Metformin', 'Type 2 diabetes', '50 mg', 'once weekly', '2025-03-12', 'Dr Richard Patel');
INSERT INTO patient_prescriptions (patient_id, drug, indication, dose, frequency, start_date, prescriber) VALUES ('pt-0381', 'Losartan', 'Hypertension', '1 tablet', 'as needed', '2023-12-16', 'Dr Fatima Taylor');

INSERT INTO patients (id, name, age, gender, address_line1, city, county, postcode, country, telephone, email, gp_name, gp_practice, gp_address, national_insurance_number, passport_number, cache_status, last_synced_at, meta_region) VALUES ('pt-0382', 'John Young', 5, 'Male', '180 Lever Street', 'Manchester', 'Greater Manchester', 'M1 1AQ', 'UK', '+44 7358 478742', 'john.young@hotmail.co.uk', 'Dr Kate Stewart', 'Brownlow Group Practice', '150 Mt Pleasant, Liverpool L69 3GD, United Kingdom', 'VP306614B', '159790935', 'verified_online', '2026-02-04T00:00:00Z', 'Manchester');
INSERT INTO patient_conditions (patient_id, condition_name, status, since_date) VALUES ('pt-0382', 'Osteoarthritis', 'controlled', '2017-04-05');
INSERT INTO patient_vaccine_records (patient_id, vaccine, vaccine_date, product) VALUES ('pt-0382', 'COVID-19', '2019-02-06', 'Comirnaty');

INSERT INTO patients (id, name, age, gender, address_line1, city, county, postcode, country, telephone, email, gp_name, gp_practice, gp_address, national_insurance_number, passport_number, cache_status, last_synced_at, meta_region) VALUES ('pt-0383', 'Leah Jones', 36, 'Female', '78 Chicheley Street', 'London', 'Greater London', 'SW1A 1BB', 'UK', '+44 7515 761506', 'leah547@hotmail.co.uk', 'Dr Sophie Roberts', 'Brownlow Group Practice', '150 Mt Pleasant, Liverpool L69 3GD, United Kingdom', 'EK797951D', '900815201', 'verified_online', '2026-03-03T00:00:00Z', 'London');
INSERT INTO patient_conditions (patient_id, condition_name, status, since_date) VALUES ('pt-0383', 'Gastro-oesophageal reflux disease (GORD)', 'history', '2013-04-22');
INSERT INTO patient_appointments (patient_id, appointment_date, appointment_time, type, location, reason, verified_up_to_date) VALUES ('pt-0383', '2025-04-25', '08:10', 'Mental health check-in', 'Home visit', 'symptom check', 1);
INSERT INTO patient_appointments (patient_id, appointment_date, appointment_time, type, location, reason, verified_up_to_date) VALUES ('pt-0383', '2026-10-21', '09:40', 'Blood test', 'GP practice', 'annual monitoring', 1);

INSERT INTO patients (id, name, age, gender, address_line1, city, county, postcode, country, telephone, email, gp_name, gp_practice, gp_address, national_insurance_number, passport_number, cache_status, last_synced_at, meta_region) VALUES ('pt-0384', 'Jack Ali', 70, 'Male', '126 Morgan Arcade', 'Cardiff', 'South Glamorgan', 'CF10 1AB', 'UK', '+44 7119 200084', 'jack890@outlook.com', 'Dr Daniel Hughes', 'Brownlow Group Practice', '150 Mt Pleasant, Liverpool L69 3GD, United Kingdom', 'GX544532B', '138217410', 'cached_stale', '2026-02-26T00:00:00Z', 'Cardiff');
INSERT INTO patient_conditions (patient_id, condition_name, status, since_date) VALUES ('pt-0384', 'Heart failure', 'controlled', '2015-07-24');
INSERT INTO patient_prescriptions (patient_id, drug, indication, dose, frequency, start_date, prescriber) VALUES ('pt-0384', 'Edoxaban', 'Anticoagulant (AF/VTE)', '0.5 mg', 'at night', '2025-01-19', 'Dr Grace Khan');
INSERT INTO patient_appointments (patient_id, appointment_date, appointment_time, type, location, reason, verified_up_to_date) VALUES ('pt-0384', '2024-02-12', '12:10', 'Blood test', 'Hospital outpatient department', 'symptom check', 1);
INSERT INTO patient_vaccine_records (patient_id, vaccine, vaccine_date, product) VALUES ('pt-0384', 'COVID-19', '2019-04-18', 'Comirnaty');
INSERT INTO patient_vaccine_records (patient_id, vaccine, vaccine_date, product) VALUES ('pt-0384', 'COVID-19 booster', '2018-10-12', 'Spikevax');
INSERT INTO patient_vaccine_records (patient_id, vaccine, vaccine_date, product) VALUES ('pt-0384', 'Shingles (Shingrix)', '2018-02-25', 'Shingrix');
INSERT INTO patient_vaccine_records (patient_id, vaccine, vaccine_date, product) VALUES ('pt-0384', 'Td/Tdap (tetanus, diphtheria, pertussis)', '2020-05-31', NULL);
INSERT INTO patient_vaccine_records (patient_id, vaccine, vaccine_date, product) VALUES ('pt-0384', 'MMR', '2016-06-26', NULL);

INSERT INTO patients (id, name, age, gender, address_line1, city, county, postcode, country, telephone, email, gp_name, gp_practice, gp_address, national_insurance_number, passport_number, cache_status, last_synced_at, meta_region) VALUES ('pt-0385', 'Emily White', 73, 'Female', '76 Bakers Row', 'Cardiff', 'South Glamorgan', 'CF10 1AA', 'UK', '+44 7353 558506', 'emily778@outlook.com', 'Dr Lucy Walsh', 'Brownlow Group Practice', '150 Mt Pleasant, Liverpool L69 3GD, United Kingdom', 'IV600675C', '190424826', 'cached_recent', '2026-02-28T00:00:00Z', 'Cardiff');
INSERT INTO patient_conditions (patient_id, condition_name, status, since_date) VALUES ('pt-0385', 'History of stroke/TIA', 'controlled', '2025-07-29');
INSERT INTO patient_prescriptions (patient_id, drug, indication, dose, frequency, start_date, prescriber) VALUES ('pt-0385', 'Ramipril', 'Hypertension/Heart failure', '20 mg', 'twice daily', '2024-08-06', 'Dr Alex Brown');
INSERT INTO patient_prescriptions (patient_id, drug, indication, dose, frequency, start_date, prescriber) VALUES ('pt-0385', 'Lansoprazole', 'Reflux/Ulcer prevention', '1 injection', 'once weekly', '2024-10-05', 'Dr Alex Brown');
INSERT INTO patient_appointments (patient_id, appointment_date, appointment_time, type, location, reason, verified_up_to_date) VALUES ('pt-0385', '2026-01-03', '12:50', 'Vaccination appointment', 'GP practice', 'symptom check', 1);
INSERT INTO patient_vaccine_records (patient_id, vaccine, vaccine_date, product) VALUES ('pt-0385', 'Td/Tdap (tetanus, diphtheria, pertussis)', '2023-11-24', NULL);

INSERT INTO patients (id, name, age, gender, address_line1, city, county, postcode, country, telephone, email, gp_name, gp_practice, gp_address, national_insurance_number, passport_number, cache_status, last_synced_at, meta_region) VALUES ('pt-0386', 'Claire Patel', 42, 'Female', '88 The Mall', 'London', 'Greater London', 'SW1A 1BB', 'UK', '+44 7352 801241', 'claire601@gmail.com', 'Dr Kieran Khan', 'Brownlow Group Practice', '150 Mt Pleasant, Liverpool L69 3GD, United Kingdom', 'MX564553B', '317865266', 'cached_recent', '2026-02-05T00:00:00Z', 'London');
INSERT INTO patient_conditions (patient_id, condition_name, status, since_date) VALUES ('pt-0386', 'Coronary heart disease', 'history', '2020-07-09');
INSERT INTO patient_conditions (patient_id, condition_name, status, since_date) VALUES ('pt-0386', 'Hypercholesterolaemia', 'monitoring', '2021-10-13');
INSERT INTO patient_conditions (patient_id, condition_name, status, since_date) VALUES ('pt-0386', 'Benign prostatic hyperplasia (BPH)', 'monitoring', '2016-02-05');
INSERT INTO patient_conditions (patient_id, condition_name, status, since_date) VALUES ('pt-0386', 'Chronic back pain', 'monitoring', '2014-10-02');
INSERT INTO patient_conditions (patient_id, condition_name, status, since_date) VALUES ('pt-0386', 'Type 2 diabetes', 'history', '2017-04-03');
INSERT INTO patient_appointments (patient_id, appointment_date, appointment_time, type, location, reason, verified_up_to_date) VALUES ('pt-0386', '2024-01-14', '12:20', 'Vaccination appointment', 'Home visit', 'treatment follow-up', 1);
INSERT INTO patient_appointments (patient_id, appointment_date, appointment_time, type, location, reason, verified_up_to_date) VALUES ('pt-0386', '2025-01-25', '11:45', 'Diabetes clinic', 'Telehealth', 'treatment follow-up', 1);
INSERT INTO patient_appointments (patient_id, appointment_date, appointment_time, type, location, reason, verified_up_to_date) VALUES ('pt-0386', '2026-02-13', '15:10', 'Diabetes clinic', 'Home visit', 'vaccination', 0);

INSERT INTO patients (id, name, age, gender, address_line1, city, county, postcode, country, telephone, email, gp_name, gp_practice, gp_address, national_insurance_number, passport_number, cache_status, last_synced_at, meta_region) VALUES ('pt-0387', 'Charlotte Russell', 12, 'Female', '121 Bath Street', 'Glasgow', 'Glasgow City', 'G2 2EN', 'UK', '+44 7407 111899', 'charlotte.russell51@hotmail.co.uk', 'Dr Owen Campbell', 'Brownlow Group Practice', '150 Mt Pleasant, Liverpool L69 3GD, United Kingdom', 'QV083806A', '194907838', 'verified_online', '2026-02-21T00:00:00Z', 'Glasgow');
INSERT INTO patient_conditions (patient_id, condition_name, status, since_date) VALUES ('pt-0387', 'Generalised anxiety disorder', 'active', '2011-11-02');
INSERT INTO patient_prescriptions (patient_id, drug, indication, dose, frequency, start_date, prescriber) VALUES ('pt-0387', 'Bisoprolol', 'Hypertension/Heart failure/Arrhythmia', '200 mg', 'once daily', '2025-10-25', 'Dr Grace Khan');
INSERT INTO patient_appointments (patient_id, appointment_date, appointment_time, type, location, reason, verified_up_to_date) VALUES ('pt-0387', '2024-10-09', '14:20', 'Ophthalmology', 'Hospital outpatient department', 'results discussion', 0);
INSERT INTO patient_appointments (patient_id, appointment_date, appointment_time, type, location, reason, verified_up_to_date) VALUES ('pt-0387', '2025-06-09', '12:45', 'Medication review', 'Telehealth', 'vaccination', 1);
INSERT INTO patient_appointments (patient_id, appointment_date, appointment_time, type, location, reason, verified_up_to_date) VALUES ('pt-0387', '2025-07-25', '14:30', 'Ophthalmology', 'Community clinic', 'routine review', 1);
INSERT INTO patient_appointments (patient_id, appointment_date, appointment_time, type, location, reason, verified_up_to_date) VALUES ('pt-0387', '2026-12-21', '12:15', 'Ophthalmology', 'Community clinic', 'results discussion', 1);

INSERT INTO patients (id, name, age, gender, address_line1, city, county, postcode, country, telephone, email, gp_name, gp_practice, gp_address, national_insurance_number, passport_number, cache_status, last_synced_at, meta_region) VALUES ('pt-0388', 'Jasmine Brown', 62, 'Female', '138 Bakers Row', 'Cardiff', 'South Glamorgan', 'CF10 1AG', 'UK', '+44 7310 818957', 'jasmine.brown@hotmail.co.uk', 'Dr Lucy Walsh', 'Brownlow Group Practice', '150 Mt Pleasant, Liverpool L69 3GD, United Kingdom', 'BS571993C', '095145232', 'verified_online', '2026-02-04T00:00:00Z', 'Cardiff');
INSERT INTO patient_conditions (patient_id, condition_name, status, since_date) VALUES ('pt-0388', 'Gout', 'active', '2019-12-02');
INSERT INTO patient_prescriptions (patient_id, drug, indication, dose, frequency, start_date, prescriber) VALUES ('pt-0388', 'Semaglutide', 'Type 2 diabetes/Weight management', '200 mg', 'at night', '2024-07-22', 'Dr Chloe Ahmed');
INSERT INTO patient_prescriptions (patient_id, drug, indication, dose, frequency, start_date, prescriber) VALUES ('pt-0388', 'Ramipril', 'Hypertension/Heart failure', '2.5 mg', 'as needed', '2023-05-13', 'Dr Eleanor Foster');

INSERT INTO patients (id, name, age, gender, address_line1, city, county, postcode, country, telephone, email, gp_name, gp_practice, gp_address, national_insurance_number, passport_number, cache_status, last_synced_at, meta_region) VALUES ('pt-0389', 'Hugo Thompson', 18, 'Male', 'Unit 29, 216 Newton Street', 'Manchester', 'Greater Manchester', 'M1 1AE', 'UK', '+44 7367 263511', 'hthompson@outlook.com', 'Dr Lucy Brown', 'Brownlow Group Practice', '150 Mt Pleasant, Liverpool L69 3GD, United Kingdom', 'CN064365D', '607173372', 'cached_stale', '2026-02-14T00:00:00Z', 'Manchester');
INSERT INTO patient_conditions (patient_id, condition_name, status, since_date) VALUES ('pt-0389', 'Glaucoma', 'active', '2011-09-28');
INSERT INTO patient_prescriptions (patient_id, drug, indication, dose, frequency, start_date, prescriber) VALUES ('pt-0389', 'Simvastatin', 'High cholesterol', '20 mg', 'with meals', '2025-07-06', 'Dr Owen Taylor');
INSERT INTO patient_prescriptions (patient_id, drug, indication, dose, frequency, start_date, prescriber) VALUES ('pt-0389', 'Empagliflozin', 'Type 2 diabetes/Heart failure', '1 tablet', 'once daily', '2025-06-09', 'Dr Owen Jones');

INSERT INTO patients (id, name, age, gender, address_line1, city, county, postcode, country, telephone, email, gp_name, gp_practice, gp_address, national_insurance_number, passport_number, cache_status, last_synced_at, meta_region) VALUES ('pt-0390', 'Hannah Fisher', 2, 'Female', 'Flat 28, 64 New Street', 'Birmingham', 'West Midlands', 'B1 1BB', 'UK', '+44 7570 992426', 'hfisher@outlook.com', 'Dr Michael Ahmed', 'Brownlow Group Practice', '150 Mt Pleasant, Liverpool L69 3GD, United Kingdom', 'PW078730B', '468301555', 'verified_online', '2026-03-03T00:00:00Z', 'Birmingham');
INSERT INTO patient_conditions (patient_id, condition_name, status, since_date) VALUES ('pt-0390', 'COPD', 'active', '2024-04-03');

INSERT INTO patients (id, name, age, gender, address_line1, city, county, postcode, country, telephone, email, gp_name, gp_practice, gp_address, national_insurance_number, passport_number, cache_status, last_synced_at, meta_region) VALUES ('pt-0391', 'Archie White', 77, 'Male', 'Flat 59, 136 Richardson Road', 'Newcastle upon Tyne', 'Tyne and Wear', 'NE1 4LP', 'UK', '+44 7279 894464', 'awhite@gmail.com', 'Dr Owen Roberts', 'Brownlow Group Practice', '150 Mt Pleasant, Liverpool L69 3GD, United Kingdom', 'AE663745C', '303864320', 'cached_stale', '2026-02-09T00:00:00Z', 'Newcastle upon Tyne');
INSERT INTO patient_appointments (patient_id, appointment_date, appointment_time, type, location, reason, verified_up_to_date) VALUES ('pt-0391', '2026-02-23', '12:00', 'Blood test', 'Community clinic', 'routine review', 1);
INSERT INTO patient_vaccine_records (patient_id, vaccine, vaccine_date, product) VALUES ('pt-0391', 'COVID-19', '2024-02-11', 'Comirnaty');
INSERT INTO patient_vaccine_records (patient_id, vaccine, vaccine_date, product) VALUES ('pt-0391', 'Influenza (seasonal)', '2024-01-30', NULL);

INSERT INTO patients (id, name, age, gender, address_line1, city, county, postcode, country, telephone, email, gp_name, gp_practice, gp_address, national_insurance_number, passport_number, cache_status, last_synced_at, meta_region) VALUES ('pt-0392', 'George Ali', 38, 'Male', 'Unit 7, 153 Hilton Street', 'Manchester', 'Greater Manchester', 'M1 1AL', 'UK', '+44 7587 123650', 'george.ali@hotmail.co.uk', 'Dr Michael Smith', 'Brownlow Group Practice', '150 Mt Pleasant, Liverpool L69 3GD, United Kingdom', 'UI116634B', '005469253', 'cached_recent', '2026-02-03T00:00:00Z', 'Manchester');
INSERT INTO patient_conditions (patient_id, condition_name, status, since_date) VALUES ('pt-0392', 'Osteoporosis', 'history', '2015-11-07');
INSERT INTO patient_prescriptions (patient_id, drug, indication, dose, frequency, start_date, prescriber) VALUES ('pt-0392', 'Atorvastatin', 'High cholesterol/Cardiovascular risk', '1 injection', 'twice daily', '2025-09-08', 'Dr Priya Campbell');

INSERT INTO patients (id, name, age, gender, address_line1, city, county, postcode, country, telephone, email, gp_name, gp_practice, gp_address, national_insurance_number, passport_number, cache_status, last_synced_at, meta_region) VALUES ('pt-0393', 'David Murray', 68, 'Male', '156 Lever Street', 'Manchester', 'Greater Manchester', 'M1 1AQ', 'UK', '+44 7720 719766', 'david.murray@gmail.com', 'Dr Kate Morgan', 'Brownlow Group Practice', '150 Mt Pleasant, Liverpool L69 3GD, United Kingdom', 'IC040908C', '485729796', 'cached_recent', '2026-02-08T00:00:00Z', 'Manchester');
INSERT INTO patient_conditions (patient_id, condition_name, status, since_date) VALUES ('pt-0393', 'Benign prostatic hyperplasia (BPH)', 'active', '2020-06-01');
INSERT INTO patient_prescriptions (patient_id, drug, indication, dose, frequency, start_date, prescriber) VALUES ('pt-0393', 'Amlodipine', 'Hypertension/Angina', '500 mg', 'twice daily', '2023-12-18', 'Dr Robert Hughes');
INSERT INTO patient_appointments (patient_id, appointment_date, appointment_time, type, location, reason, verified_up_to_date) VALUES ('pt-0393', '2025-06-25', '09:40', 'Diabetes clinic', 'Community clinic', 'symptom check', 1);

INSERT INTO patients (id, name, age, gender, address_line1, city, county, postcode, country, telephone, email, gp_name, gp_practice, gp_address, national_insurance_number, passport_number, cache_status, last_synced_at, meta_region) VALUES ('pt-0394', 'Katherine Murray', 70, 'Female', 'Flat 20, 6 Richardson Road', 'Newcastle upon Tyne', 'Tyne and Wear', 'NE1 4LP', 'UK', '+44 7555 362753', 'katherine963@gmail.com', 'Dr Rachel Ahmed', 'Brownlow Group Practice', '150 Mt Pleasant, Liverpool L69 3GD, United Kingdom', 'KK579390C', '369883245', 'verified_online', '2026-02-28T00:00:00Z', 'Newcastle upon Tyne');
INSERT INTO patient_conditions (patient_id, condition_name, status, since_date) VALUES ('pt-0394', 'COPD', 'history', '2017-09-01');
INSERT INTO patient_conditions (patient_id, condition_name, status, since_date) VALUES ('pt-0394', 'Hypertension', 'monitoring', '2022-02-26');
INSERT INTO patient_prescriptions (patient_id, drug, indication, dose, frequency, start_date, prescriber) VALUES ('pt-0394', 'Colecalciferol', 'Vitamin D deficiency', '5 mg', 'twice daily', '2023-04-09', 'Dr Maya Patel');
INSERT INTO patient_prescriptions (patient_id, drug, indication, dose, frequency, start_date, prescriber) VALUES ('pt-0394', 'Citalopram', 'Depression/Anxiety', '5 mg', 'as needed', '2023-09-30', 'Dr Fatima Morgan');
INSERT INTO patient_appointments (patient_id, appointment_date, appointment_time, type, location, reason, verified_up_to_date) VALUES ('pt-0394', '2023-11-23', '16:00', 'Diabetes clinic', 'GP practice', 'vaccination', 1);
INSERT INTO patient_appointments (patient_id, appointment_date, appointment_time, type, location, reason, verified_up_to_date) VALUES ('pt-0394', '2024-07-13', '12:10', 'Ophthalmology', 'Hospital outpatient department', 'symptom check', 1);
INSERT INTO patient_appointments (patient_id, appointment_date, appointment_time, type, location, reason, verified_up_to_date) VALUES ('pt-0394', '2024-08-23', '12:50', 'Mental health check-in', 'Home visit', 'results discussion', 1);
INSERT INTO patient_appointments (patient_id, appointment_date, appointment_time, type, location, reason, verified_up_to_date) VALUES ('pt-0394', '2025-10-17', '13:50', 'Mental health check-in', 'GP practice', 'vaccination', 1);
INSERT INTO patient_vaccine_records (patient_id, vaccine, vaccine_date, product) VALUES ('pt-0394', 'Shingles (Shingrix)', '2024-10-16', 'Shingrix');
INSERT INTO patient_vaccine_records (patient_id, vaccine, vaccine_date, product) VALUES ('pt-0394', 'Td/Tdap (tetanus, diphtheria, pertussis)', '2024-09-11', NULL);

INSERT INTO patients (id, name, age, gender, address_line1, city, county, postcode, country, telephone, email, gp_name, gp_practice, gp_address, national_insurance_number, passport_number, cache_status, last_synced_at, meta_region) VALUES ('pt-0395', 'Phoebe Johnson', 76, 'Female', '92 West George Street', 'Glasgow', 'Glasgow City', 'G1 2RD', 'UK', '+44 7755 742640', 'pjohnson@hotmail.co.uk', 'Dr Priya Clarke', 'Brownlow Group Practice', '150 Mt Pleasant, Liverpool L69 3GD, United Kingdom', 'JO811463D', '923075731', 'cached_stale', '2026-02-02T00:00:00Z', 'Glasgow');
INSERT INTO patient_conditions (patient_id, condition_name, status, since_date) VALUES ('pt-0395', 'Dementia', 'active', '2019-11-23');
INSERT INTO patient_conditions (patient_id, condition_name, status, since_date) VALUES ('pt-0395', 'Hypertension', 'history', '2016-07-29');
INSERT INTO patient_prescriptions (patient_id, drug, indication, dose, frequency, start_date, prescriber) VALUES ('pt-0395', 'Empagliflozin', 'Type 2 diabetes/Heart failure', '10 mg', 'once weekly', '2024-12-15', 'Dr Fatima Morgan');
INSERT INTO patient_appointments (patient_id, appointment_date, appointment_time, type, location, reason, verified_up_to_date) VALUES ('pt-0395', '2027-01-12', '16:10', 'Respiratory review', 'Telehealth', 'treatment follow-up', 1);
INSERT INTO patient_vaccine_records (patient_id, vaccine, vaccine_date, product) VALUES ('pt-0395', 'Influenza (seasonal)', '2026-01-02', NULL);

INSERT INTO patients (id, name, age, gender, address_line1, city, county, postcode, country, telephone, email, gp_name, gp_practice, gp_address, national_insurance_number, passport_number, cache_status, last_synced_at, meta_region) VALUES ('pt-0396', 'Theo Wright', 49, 'Male', 'Unit 35, 103 Wyndham Arcade', 'Cardiff', 'South Glamorgan', 'CF10 1AL', 'UK', '+44 7517 586550', 'theowright@gmail.com', 'Dr Priya Foster', 'Brownlow Group Practice', '150 Mt Pleasant, Liverpool L69 3GD, United Kingdom', 'LV252432B', '966203490', 'verified_online', '2026-02-05T00:00:00Z', 'Cardiff');
INSERT INTO patient_conditions (patient_id, condition_name, status, since_date) VALUES ('pt-0396', 'Atrial fibrillation', 'monitoring', '2023-03-04');
INSERT INTO patient_conditions (patient_id, condition_name, status, since_date) VALUES ('pt-0396', 'Hypercholesterolaemia', 'history', '2017-07-02');
INSERT INTO patient_conditions (patient_id, condition_name, status, since_date) VALUES ('pt-0396', 'Heart failure', 'active', '2024-04-19');
INSERT INTO patient_appointments (patient_id, appointment_date, appointment_time, type, location, reason, verified_up_to_date) VALUES ('pt-0396', '2025-10-08', '11:15', 'Ophthalmology', 'Hospital outpatient department', 'vaccination', 1);
INSERT INTO patient_appointments (patient_id, appointment_date, appointment_time, type, location, reason, verified_up_to_date) VALUES ('pt-0396', '2025-10-17', '09:40', 'Mental health check-in', 'Community clinic', 'treatment follow-up', 0);
INSERT INTO patient_appointments (patient_id, appointment_date, appointment_time, type, location, reason, verified_up_to_date) VALUES ('pt-0396', '2025-12-15', '08:15', 'Ophthalmology', 'Home visit', 'results discussion', 1);
INSERT INTO patient_appointments (patient_id, appointment_date, appointment_time, type, location, reason, verified_up_to_date) VALUES ('pt-0396', '2026-03-26', '08:15', 'Respiratory review', 'Community clinic', 'annual monitoring', 0);

INSERT INTO patients (id, name, age, gender, address_line1, city, county, postcode, country, telephone, email, gp_name, gp_practice, gp_address, national_insurance_number, passport_number, cache_status, last_synced_at, meta_region) VALUES ('pt-0397', 'Nathan Clarke', 54, 'Male', 'Apt 58, 153 Constitution Hill', 'London', 'Greater London', 'SW1A 1BB', 'UK', '+44 7647 905704', 'nclarke@icloud.com', 'Dr Grace Evans', 'Brownlow Group Practice', '150 Mt Pleasant, Liverpool L69 3GD, United Kingdom', 'JO769567C', '899652612', 'verified_online', '2026-02-23T00:00:00Z', 'London');
INSERT INTO patient_conditions (patient_id, condition_name, status, since_date) VALUES ('pt-0397', 'Coronary heart disease', 'active', '2013-07-25');
INSERT INTO patient_conditions (patient_id, condition_name, status, since_date) VALUES ('pt-0397', 'Hypertension', 'controlled', '2015-12-05');
INSERT INTO patient_conditions (patient_id, condition_name, status, since_date) VALUES ('pt-0397', 'Depression', 'controlled', '2022-02-27');
INSERT INTO patient_conditions (patient_id, condition_name, status, since_date) VALUES ('pt-0397', 'COPD', 'active', '2024-09-20');
INSERT INTO patient_conditions (patient_id, condition_name, status, since_date) VALUES ('pt-0397', 'Type 2 diabetes', 'active', '2025-09-03');
INSERT INTO patient_prescriptions (patient_id, drug, indication, dose, frequency, start_date, prescriber) VALUES ('pt-0397', 'Salbutamol', 'Asthma/COPD (reliever)', '10 mg', 'once weekly', '2023-12-29', 'Dr Grace Khan');
INSERT INTO patient_appointments (patient_id, appointment_date, appointment_time, type, location, reason, verified_up_to_date) VALUES ('pt-0397', '2024-09-30', '15:10', 'Mental health check-in', 'Hospital outpatient department', 'annual monitoring', 1);
INSERT INTO patient_appointments (patient_id, appointment_date, appointment_time, type, location, reason, verified_up_to_date) VALUES ('pt-0397', '2026-06-07', '17:15', 'Cardiology follow-up', 'GP practice', 'annual monitoring', 1);

INSERT INTO patients (id, name, age, gender, address_line1, city, county, postcode, country, telephone, email, gp_name, gp_practice, gp_address, national_insurance_number, passport_number, cache_status, last_synced_at, meta_region) VALUES ('pt-0398', 'Zara Graham', 87, 'Female', '76 Wall Street', 'Liverpool', 'Merseyside', 'L1 8JQ', 'UK', '+44 7699 262856', 'zara83@hotmail.co.uk', 'Dr Holly Roberts', 'Brownlow Group Practice', '150 Mt Pleasant, Liverpool L69 3GD, United Kingdom', 'UQ385492D', '236942857', 'cached_stale', '2026-02-26T00:00:00Z', 'Liverpool');
INSERT INTO patient_conditions (patient_id, condition_name, status, since_date) VALUES ('pt-0398', 'Gastro-oesophageal reflux disease (GORD)', 'history', '2012-09-06');
INSERT INTO patient_prescriptions (patient_id, drug, indication, dose, frequency, start_date, prescriber) VALUES ('pt-0398', 'Insulin aspart', 'Diabetes', '0.5 mg', 'as needed', '2025-11-05', 'Dr Maya Campbell');
INSERT INTO patient_prescriptions (patient_id, drug, indication, dose, frequency, start_date, prescriber) VALUES ('pt-0398', 'Levetiracetam', 'Epilepsy', '5 mg', 'once weekly', '2023-08-03', 'Dr Sarah Jones');
INSERT INTO patient_appointments (patient_id, appointment_date, appointment_time, type, location, reason, verified_up_to_date) VALUES ('pt-0398', '2027-01-24', '09:45', 'Medication review', 'Telehealth', 'vaccination', 0);

INSERT INTO patients (id, name, age, gender, address_line1, city, county, postcode, country, telephone, email, gp_name, gp_practice, gp_address, national_insurance_number, passport_number, cache_status, last_synced_at, meta_region) VALUES ('pt-0399', 'Liam Thomas', 87, 'Male', '113 Constitution Hill', 'London', 'Greater London', 'SW1A 1BW', 'UK', '+44 7997 331031', 'liam.thomas@outlook.com', 'Dr Sophie Roberts', 'Brownlow Group Practice', '150 Mt Pleasant, Liverpool L69 3GD, United Kingdom', 'PF293234C', '370898583', 'verified_online', '2026-02-10T00:00:00Z', 'London');
INSERT INTO patient_conditions (patient_id, condition_name, status, since_date) VALUES ('pt-0399', 'Coronary heart disease', 'history', '2019-09-14');
INSERT INTO patient_prescriptions (patient_id, drug, indication, dose, frequency, start_date, prescriber) VALUES ('pt-0399', 'Allopurinol', 'Gout', '50 mg', 'once daily', '2025-12-04', 'Dr Owen Hughes');
INSERT INTO patient_prescriptions (patient_id, drug, indication, dose, frequency, start_date, prescriber) VALUES ('pt-0399', 'Latanoprost', 'Glaucoma', '1 g', 'twice daily', '2025-12-16', 'Dr Owen Taylor');
INSERT INTO patient_appointments (patient_id, appointment_date, appointment_time, type, location, reason, verified_up_to_date) VALUES ('pt-0399', '2024-05-08', '16:15', 'GP review', 'GP practice', 'routine review', 1);
INSERT INTO patient_vaccine_records (patient_id, vaccine, vaccine_date, product) VALUES ('pt-0399', 'COVID-19', '2021-08-29', 'Comirnaty');

INSERT INTO patients (id, name, age, gender, address_line1, city, county, postcode, country, telephone, email, gp_name, gp_practice, gp_address, national_insurance_number, passport_number, cache_status, last_synced_at, meta_region) VALUES ('pt-0400', 'Jude Scott', 91, 'Male', '179 Park Row', 'Leeds', 'West Yorkshire', 'LS1 1UR', 'UK', '+44 7984 644999', 'jude.scott@icloud.com', 'Dr Fatima Wilson', 'Brownlow Group Practice', '150 Mt Pleasant, Liverpool L69 3GD, United Kingdom', 'AG241359B', '100510003', 'cached_stale', '2026-03-03T00:00:00Z', 'Leeds');
INSERT INTO patient_prescriptions (patient_id, drug, indication, dose, frequency, start_date, prescriber) VALUES ('pt-0400', 'Budesonide', 'Respiratory/Inflammation', '2.5 mg', 'twice daily', '2025-07-09', 'Dr Kieran O''Neill');
INSERT INTO patient_appointments (patient_id, appointment_date, appointment_time, type, location, reason, verified_up_to_date) VALUES ('pt-0400', '2023-12-22', '08:45', 'Diabetes clinic', 'Home visit', 'results discussion', 0);
INSERT INTO patient_appointments (patient_id, appointment_date, appointment_time, type, location, reason, verified_up_to_date) VALUES ('pt-0400', '2025-10-26', '13:00', 'Ophthalmology', 'Home visit', 'treatment follow-up', 1);
INSERT INTO patient_appointments (patient_id, appointment_date, appointment_time, type, location, reason, verified_up_to_date) VALUES ('pt-0400', '2025-12-04', '10:10', 'Diabetes clinic', 'Telehealth', 'routine review', 1);
INSERT INTO patient_appointments (patient_id, appointment_date, appointment_time, type, location, reason, verified_up_to_date) VALUES ('pt-0400', '2027-01-05', '13:00', 'Diabetes clinic', 'Community clinic', 'symptom check', 1);

INSERT INTO patients (id, name, age, gender, address_line1, city, county, postcode, country, telephone, email, gp_name, gp_practice, gp_address, national_insurance_number, passport_number, cache_status, last_synced_at, meta_region) VALUES ('pt-0401', 'Molly Murray', 6, 'Female', 'Flat 33, 10 Richardson Road', 'Newcastle upon Tyne', 'Tyne and Wear', 'NE1 4LP', 'UK', '+44 7490 124055', 'mollymurray@icloud.com', 'Dr Aisha Foster', 'Brownlow Group Practice', '150 Mt Pleasant, Liverpool L69 3GD, United Kingdom', 'PX776015A', '748732917', 'cached_stale', '2026-02-13T00:00:00Z', 'Newcastle upon Tyne');
INSERT INTO patient_conditions (patient_id, condition_name, status, since_date) VALUES ('pt-0401', 'COPD', 'active', '2022-11-06');
INSERT INTO patient_appointments (patient_id, appointment_date, appointment_time, type, location, reason, verified_up_to_date) VALUES ('pt-0401', '2025-08-06', '08:00', 'Mental health check-in', 'Hospital outpatient department', 'treatment follow-up', 1);

INSERT INTO patients (id, name, age, gender, address_line1, city, county, postcode, country, telephone, email, gp_name, gp_practice, gp_address, national_insurance_number, passport_number, cache_status, last_synced_at, meta_region) VALUES ('pt-0402', 'Theo Johnson', 24, 'Male', 'Apt 73, 16 Paradise Street', 'Liverpool', 'Merseyside', 'L1 8LZ', 'UK', '+44 7998 151157', 'theo.johnson68@gmail.com', 'Dr Holly Roberts', 'Brownlow Group Practice', '150 Mt Pleasant, Liverpool L69 3GD, United Kingdom', 'JI669051A', '065767893', 'verified_online', '2026-02-18T00:00:00Z', 'Liverpool');
INSERT INTO patient_vaccine_records (patient_id, vaccine, vaccine_date, product) VALUES ('pt-0402', 'COVID-19', '2018-11-22', 'Spikevax');

INSERT INTO patients (id, name, age, gender, address_line1, city, county, postcode, country, telephone, email, gp_name, gp_practice, gp_address, national_insurance_number, passport_number, cache_status, last_synced_at, meta_region) VALUES ('pt-0403', 'Arthur James', 51, 'Male', '57 Great Charles Street', 'Birmingham', 'West Midlands', 'B1 1BB', 'UK', '+44 7263 533925', 'arthur.james@hotmail.co.uk', 'Dr Tom Clarke', 'Brownlow Group Practice', '150 Mt Pleasant, Liverpool L69 3GD, United Kingdom', 'AK562361B', '402571541', 'verified_online', '2026-02-13T00:00:00Z', 'Birmingham');
INSERT INTO patient_conditions (patient_id, condition_name, status, since_date) VALUES ('pt-0403', 'Coronary heart disease', 'controlled', '2012-02-15');
INSERT INTO patient_appointments (patient_id, appointment_date, appointment_time, type, location, reason, verified_up_to_date) VALUES ('pt-0403', '2025-04-09', '09:00', 'Diabetes clinic', 'Home visit', 'vaccination', 1);
INSERT INTO patient_appointments (patient_id, appointment_date, appointment_time, type, location, reason, verified_up_to_date) VALUES ('pt-0403', '2026-01-23', '14:30', 'Medication review', 'GP practice', 'results discussion', 0);
INSERT INTO patient_appointments (patient_id, appointment_date, appointment_time, type, location, reason, verified_up_to_date) VALUES ('pt-0403', '2026-08-14', '14:45', 'Mental health check-in', 'Home visit', 'routine review', 1);
INSERT INTO patient_appointments (patient_id, appointment_date, appointment_time, type, location, reason, verified_up_to_date) VALUES ('pt-0403', '2026-11-14', '16:20', 'Medication review', 'GP practice', 'results discussion', 1);
INSERT INTO patient_vaccine_records (patient_id, vaccine, vaccine_date, product) VALUES ('pt-0403', 'COVID-19', '2023-05-25', 'Spikevax');

INSERT INTO patients (id, name, age, gender, address_line1, city, county, postcode, country, telephone, email, gp_name, gp_practice, gp_address, national_insurance_number, passport_number, cache_status, last_synced_at, meta_region) VALUES ('pt-0404', 'Henry Porter', 23, 'Male', '34 Westminster Bridge Road', 'London', 'Greater London', 'SW1A 1AA', 'UK', '+44 7762 332761', 'henry.porter@hotmail.co.uk', 'Dr Kieran Smith', 'Brownlow Group Practice', '150 Mt Pleasant, Liverpool L69 3GD, United Kingdom', 'ZX744615A', '176744903', 'verified_online', '2026-02-19T00:00:00Z', 'London');
INSERT INTO patient_conditions (patient_id, condition_name, status, since_date) VALUES ('pt-0404', 'Asthma', 'active', '2021-12-28');
INSERT INTO patient_conditions (patient_id, condition_name, status, since_date) VALUES ('pt-0404', 'Osteoporosis', 'active', '2012-09-03');
INSERT INTO patient_appointments (patient_id, appointment_date, appointment_time, type, location, reason, verified_up_to_date) VALUES ('pt-0404', '2026-09-16', '15:20', 'GP review', 'Community clinic', 'routine review', 1);

INSERT INTO patients (id, name, age, gender, address_line1, city, county, postcode, country, telephone, email, gp_name, gp_practice, gp_address, national_insurance_number, passport_number, cache_status, last_synced_at, meta_region) VALUES ('pt-0405', 'Benjamin Hughes', 91, 'Male', 'Flat 45, 103 Claremont Road', 'Newcastle upon Tyne', 'Tyne and Wear', 'NE1 4LP', 'UK', '+44 7458 909375', 'benjamin418@icloud.com', 'Dr Ben Taylor', 'Brownlow Group Practice', '150 Mt Pleasant, Liverpool L69 3GD, United Kingdom', 'JB636753D', '562657008', 'cached_stale', '2026-02-24T00:00:00Z', 'Newcastle upon Tyne');
INSERT INTO patient_prescriptions (patient_id, drug, indication, dose, frequency, start_date, prescriber) VALUES ('pt-0405', 'Latanoprost', 'Glaucoma', '1 injection', 'twice daily', '2025-11-19', 'Dr Richard Wilson');
INSERT INTO patient_appointments (patient_id, appointment_date, appointment_time, type, location, reason, verified_up_to_date) VALUES ('pt-0405', '2023-10-28', '09:30', 'Diabetes clinic', 'Hospital outpatient department', 'symptom check', 0);
INSERT INTO patient_appointments (patient_id, appointment_date, appointment_time, type, location, reason, verified_up_to_date) VALUES ('pt-0405', '2023-12-29', '09:00', 'Diabetes clinic', 'Hospital outpatient department', 'symptom check', 1);
INSERT INTO patient_appointments (patient_id, appointment_date, appointment_time, type, location, reason, verified_up_to_date) VALUES ('pt-0405', '2025-05-11', '11:00', 'Ophthalmology', 'GP practice', 'routine review', 0);
INSERT INTO patient_appointments (patient_id, appointment_date, appointment_time, type, location, reason, verified_up_to_date) VALUES ('pt-0405', '2025-12-26', '15:20', 'GP review', 'Hospital outpatient department', 'vaccination', 0);
INSERT INTO patient_vaccine_records (patient_id, vaccine, vaccine_date, product) VALUES ('pt-0405', 'Influenza (seasonal)', '2024-11-29', NULL);
INSERT INTO patient_vaccine_records (patient_id, vaccine, vaccine_date, product) VALUES ('pt-0405', 'Pneumococcal', '2016-05-16', NULL);
INSERT INTO patient_vaccine_records (patient_id, vaccine, vaccine_date, product) VALUES ('pt-0405', 'Td/Tdap (tetanus, diphtheria, pertussis)', '2025-06-02', NULL);

INSERT INTO patients (id, name, age, gender, address_line1, city, county, postcode, country, telephone, email, gp_name, gp_practice, gp_address, national_insurance_number, passport_number, cache_status, last_synced_at, meta_region) VALUES ('pt-0406', 'Katherine Powell', 95, 'Female', 'Unit 17, 183 Chicheley Street', 'London', 'Greater London', 'SW1A 1JR', 'UK', '+44 7367 985727', 'katherine.powell44@icloud.com', 'Dr Fatima Ahmed', 'Brownlow Group Practice', '150 Mt Pleasant, Liverpool L69 3GD, United Kingdom', 'RG231375C', '310335417', 'cached_stale', '2026-03-03T00:00:00Z', 'London');
INSERT INTO patient_conditions (patient_id, condition_name, status, since_date) VALUES ('pt-0406', 'Osteoarthritis', 'controlled', '2025-03-03');
INSERT INTO patient_prescriptions (patient_id, drug, indication, dose, frequency, start_date, prescriber) VALUES ('pt-0406', 'Clopidogrel', 'Antiplatelet (post-MI/stroke)', '500 mg', 'at night', '2024-07-15', 'Dr Owen Taylor');
INSERT INTO patient_appointments (patient_id, appointment_date, appointment_time, type, location, reason, verified_up_to_date) VALUES ('pt-0406', '2026-12-19', '17:10', 'Blood test', 'Hospital outpatient department', 'routine review', 1);
INSERT INTO patient_vaccine_records (patient_id, vaccine, vaccine_date, product) VALUES ('pt-0406', 'COVID-19', '2018-07-01', 'Nuvaxovid');
INSERT INTO patient_vaccine_records (patient_id, vaccine, vaccine_date, product) VALUES ('pt-0406', 'Shingles (Shingrix)', '2022-07-29', 'Shingrix');

INSERT INTO patients (id, name, age, gender, address_line1, city, county, postcode, country, telephone, email, gp_name, gp_practice, gp_address, national_insurance_number, passport_number, cache_status, last_synced_at, meta_region) VALUES ('pt-0407', 'Eliza Murphy', 86, 'Female', 'Apt 76, 3 Newton Street', 'Manchester', 'Greater Manchester', 'M1 1AQ', 'UK', '+44 7191 161040', 'eliza.murphy@gmail.com', 'Dr Grace Roberts', 'Brownlow Group Practice', '150 Mt Pleasant, Liverpool L69 3GD, United Kingdom', 'QT617238B', '070830990', 'cached_stale', '2026-03-04T00:00:00Z', 'Manchester');
INSERT INTO patient_conditions (patient_id, condition_name, status, since_date) VALUES ('pt-0407', 'Generalised anxiety disorder', 'history', '2020-09-03');
INSERT INTO patient_conditions (patient_id, condition_name, status, since_date) VALUES ('pt-0407', 'Osteoarthritis', 'controlled', '2018-02-21');
INSERT INTO patient_conditions (patient_id, condition_name, status, since_date) VALUES ('pt-0407', 'Severe osteoporosis (multiple fractures)', 'monitoring', '2017-02-05');
INSERT INTO patient_conditions (patient_id, condition_name, status, since_date) VALUES ('pt-0407', 'Gastro-oesophageal reflux disease (GORD)', 'active', '2024-06-18');
INSERT INTO patient_prescriptions (patient_id, drug, indication, dose, frequency, start_date, prescriber) VALUES ('pt-0407', 'Bisoprolol', 'Hypertension/Heart failure/Arrhythmia', '50 mg', 'once daily', '2023-05-24', 'Dr Holly Khan');
INSERT INTO patient_appointments (patient_id, appointment_date, appointment_time, type, location, reason, verified_up_to_date) VALUES ('pt-0407', '2023-04-16', '16:45', 'GP review', 'GP practice', 'annual monitoring', 0);
INSERT INTO patient_appointments (patient_id, appointment_date, appointment_time, type, location, reason, verified_up_to_date) VALUES ('pt-0407', '2024-12-18', '09:00', 'Mental health check-in', 'Hospital outpatient department', 'annual monitoring', 1);
INSERT INTO patient_appointments (patient_id, appointment_date, appointment_time, type, location, reason, verified_up_to_date) VALUES ('pt-0407', '2025-12-13', '09:45', 'Cardiology follow-up', 'GP practice', 'vaccination', 1);
INSERT INTO patient_vaccine_records (patient_id, vaccine, vaccine_date, product) VALUES ('pt-0407', 'Influenza (seasonal)', '2024-05-01', NULL);
INSERT INTO patient_vaccine_records (patient_id, vaccine, vaccine_date, product) VALUES ('pt-0407', 'Pneumococcal', '2019-08-26', NULL);

INSERT INTO patients (id, name, age, gender, address_line1, city, county, postcode, country, telephone, email, gp_name, gp_practice, gp_address, national_insurance_number, passport_number, cache_status, last_synced_at, meta_region) VALUES ('pt-0408', 'Lucy Harris', 66, 'Female', '28 Constitution Hill', 'London', 'Greater London', 'SW1A 1BA', 'UK', '+44 7227 883282', 'lucy325@outlook.com', 'Dr Owen Evans', 'Brownlow Group Practice', '150 Mt Pleasant, Liverpool L69 3GD, United Kingdom', 'PN769074C', '695396891', 'cached_stale', '2026-02-18T00:00:00Z', 'London');
INSERT INTO patient_conditions (patient_id, condition_name, status, since_date) VALUES ('pt-0408', 'Hypothyroidism', 'history', '2020-07-15');
INSERT INTO patient_prescriptions (patient_id, drug, indication, dose, frequency, start_date, prescriber) VALUES ('pt-0408', 'Simvastatin', 'High cholesterol', '1 tablet', 'at night', '2023-04-24', 'Dr Ibrahim Ahmed');
INSERT INTO patient_prescriptions (patient_id, drug, indication, dose, frequency, start_date, prescriber) VALUES ('pt-0408', 'Allopurinol', 'Gout', '1 puff', 'once daily', '2023-12-17', 'Dr Zoe Jones');
INSERT INTO patient_appointments (patient_id, appointment_date, appointment_time, type, location, reason, verified_up_to_date) VALUES ('pt-0408', '2024-05-29', '09:10', 'GP review', 'Hospital outpatient department', 'vaccination', 1);
INSERT INTO patient_appointments (patient_id, appointment_date, appointment_time, type, location, reason, verified_up_to_date) VALUES ('pt-0408', '2026-10-10', '12:50', 'Respiratory review', 'Home visit', 'routine review', 1);
INSERT INTO patient_vaccine_records (patient_id, vaccine, vaccine_date, product) VALUES ('pt-0408', 'COVID-19', '2017-05-05', 'Nuvaxovid');

INSERT INTO patients (id, name, age, gender, address_line1, city, county, postcode, country, telephone, email, gp_name, gp_practice, gp_address, national_insurance_number, passport_number, cache_status, last_synced_at, meta_region) VALUES ('pt-0409', 'William Campbell', 78, 'Male', '126 Wyndham Arcade', 'Cardiff', 'South Glamorgan', 'CF10 1AG', 'UK', '+44 7125 675715', 'william.campbell25@hotmail.co.uk', 'Dr Sarah Roberts', 'Brownlow Group Practice', '150 Mt Pleasant, Liverpool L69 3GD, United Kingdom', 'XR025833C', '031488819', 'cached_stale', '2026-02-04T00:00:00Z', 'Cardiff');
INSERT INTO patient_conditions (patient_id, condition_name, status, since_date) VALUES ('pt-0409', 'Hypertension', 'active', '2015-01-14');
INSERT INTO patient_conditions (patient_id, condition_name, status, since_date) VALUES ('pt-0409', 'Osteoarthritis', 'controlled', '2020-09-18');
INSERT INTO patient_conditions (patient_id, condition_name, status, since_date) VALUES ('pt-0409', 'Benign prostatic hyperplasia (BPH)', 'history', '2022-09-22');
INSERT INTO patient_conditions (patient_id, condition_name, status, since_date) VALUES ('pt-0409', 'Heart failure', 'active', '2022-09-23');
INSERT INTO patient_conditions (patient_id, condition_name, status, since_date) VALUES ('pt-0409', 'Depression', 'controlled', '2021-03-21');
INSERT INTO patient_conditions (patient_id, condition_name, status, since_date) VALUES ('pt-0409', 'Osteoporosis', 'active', '2020-01-17');
INSERT INTO patient_appointments (patient_id, appointment_date, appointment_time, type, location, reason, verified_up_to_date) VALUES ('pt-0409', '2023-03-06', '15:30', 'Ophthalmology', 'Telehealth', 'symptom check', 1);

INSERT INTO patients (id, name, age, gender, address_line1, city, county, postcode, country, telephone, email, gp_name, gp_practice, gp_address, national_insurance_number, passport_number, cache_status, last_synced_at, meta_region) VALUES ('pt-0410', 'Oscar Gill', 76, 'Male', '36 Mill Road', 'Cambridge', 'Cambridgeshire', 'CB1 3EY', 'UK', '+44 7118 229489', 'oscargill@hotmail.co.uk', 'Dr Fatima Hughes', 'Brownlow Group Practice', '150 Mt Pleasant, Liverpool L69 3GD, United Kingdom', 'UA066907D', '897232806', 'verified_online', '2026-03-01T00:00:00Z', 'Cambridge');
INSERT INTO patient_conditions (patient_id, condition_name, status, since_date) VALUES ('pt-0410', 'Benign prostatic hyperplasia (BPH)', 'active', '2018-02-05');
INSERT INTO patient_conditions (patient_id, condition_name, status, since_date) VALUES ('pt-0410', 'Asthma', 'active', '2012-06-09');
INSERT INTO patient_appointments (patient_id, appointment_date, appointment_time, type, location, reason, verified_up_to_date) VALUES ('pt-0410', '2024-03-15', '12:30', 'Ophthalmology', 'Community clinic', 'treatment follow-up', 0);

INSERT INTO patients (id, name, age, gender, address_line1, city, county, postcode, country, telephone, email, gp_name, gp_practice, gp_address, national_insurance_number, passport_number, cache_status, last_synced_at, meta_region) VALUES ('pt-0411', 'Violet King', 85, 'Female', 'Flat 60, 10 Hope Street', 'Glasgow', 'Glasgow City', 'G2 2TG', 'UK', '+44 7359 490780', 'vking@gmail.com', 'Dr Ben Jones', 'Brownlow Group Practice', '150 Mt Pleasant, Liverpool L69 3GD, United Kingdom', 'IM687149D', '962419975', 'cached_stale', '2026-03-04T00:00:00Z', 'Glasgow');
INSERT INTO patient_conditions (patient_id, condition_name, status, since_date) VALUES ('pt-0411', 'Hypertension', 'active', '2014-03-26');
INSERT INTO patient_conditions (patient_id, condition_name, status, since_date) VALUES ('pt-0411', 'Gastro-oesophageal reflux disease (GORD)', 'active', '2015-01-21');
INSERT INTO patient_appointments (patient_id, appointment_date, appointment_time, type, location, reason, verified_up_to_date) VALUES ('pt-0411', '2025-01-01', '15:10', 'Respiratory review', 'Hospital outpatient department', 'results discussion', 1);
INSERT INTO patient_appointments (patient_id, appointment_date, appointment_time, type, location, reason, verified_up_to_date) VALUES ('pt-0411', '2026-10-12', '15:40', 'Cardiology follow-up', 'Home visit', 'vaccination', 1);

INSERT INTO patients (id, name, age, gender, address_line1, city, county, postcode, country, telephone, email, gp_name, gp_practice, gp_address, national_insurance_number, passport_number, cache_status, last_synced_at, meta_region) VALUES ('pt-0412', 'Connor Graham', 92, 'Male', 'Flat 58, 41 Waverley Bridge', 'Edinburgh', 'City of Edinburgh', 'EH2 2PB', 'UK', '+44 7876 305679', 'connor590@icloud.com', 'Dr Helen Brown', 'Brownlow Group Practice', '150 Mt Pleasant, Liverpool L69 3GD, United Kingdom', 'HX513825B', '906813989', 'cached_stale', '2026-02-13T00:00:00Z', 'Edinburgh');
INSERT INTO patient_conditions (patient_id, condition_name, status, since_date) VALUES ('pt-0412', 'Heart failure', 'controlled', '2014-08-22');
INSERT INTO patient_conditions (patient_id, condition_name, status, since_date) VALUES ('pt-0412', 'Chronic kidney disease', 'history', '2021-10-13');
INSERT INTO patient_prescriptions (patient_id, drug, indication, dose, frequency, start_date, prescriber) VALUES ('pt-0412', 'Nitrofurantoin', 'UTI', '50 mg', 'twice daily', '2024-01-24', 'Dr Helen Ahmed');
INSERT INTO patient_appointments (patient_id, appointment_date, appointment_time, type, location, reason, verified_up_to_date) VALUES ('pt-0412', '2023-05-08', '13:00', 'Respiratory review', 'Hospital outpatient department', 'routine review', 1);
INSERT INTO patient_appointments (patient_id, appointment_date, appointment_time, type, location, reason, verified_up_to_date) VALUES ('pt-0412', '2024-05-25', '12:30', 'Cardiology follow-up', 'Home visit', 'treatment follow-up', 1);
INSERT INTO patient_vaccine_records (patient_id, vaccine, vaccine_date, product) VALUES ('pt-0412', 'Influenza (seasonal)', '2023-04-19', NULL);
INSERT INTO patient_vaccine_records (patient_id, vaccine, vaccine_date, product) VALUES ('pt-0412', 'Shingles (Shingrix)', '2023-03-25', 'Shingrix');

INSERT INTO patients (id, name, age, gender, address_line1, city, county, postcode, country, telephone, email, gp_name, gp_practice, gp_address, national_insurance_number, passport_number, cache_status, last_synced_at, meta_region) VALUES ('pt-0413', 'Isla Hughes', 85, 'Female', 'Unit 29, 36 Corporation Street', 'Birmingham', 'West Midlands', 'B1 1BB', 'UK', '+44 7344 788726', 'isla.hughes@hotmail.co.uk', 'Dr Hannah Taylor', 'Brownlow Group Practice', '150 Mt Pleasant, Liverpool L69 3GD, United Kingdom', 'FM375358B', '950174836', 'verified_online', '2026-02-19T00:00:00Z', 'Birmingham');
INSERT INTO patient_appointments (patient_id, appointment_date, appointment_time, type, location, reason, verified_up_to_date) VALUES ('pt-0413', '2026-01-17', '11:40', 'Cardiology follow-up', 'GP practice', 'symptom check', 0);
INSERT INTO patient_vaccine_records (patient_id, vaccine, vaccine_date, product) VALUES ('pt-0413', 'COVID-19', '2017-11-06', 'Spikevax');
INSERT INTO patient_vaccine_records (patient_id, vaccine, vaccine_date, product) VALUES ('pt-0413', 'Shingles (Shingrix)', '2023-09-01', 'Shingrix');

INSERT INTO patients (id, name, age, gender, address_line1, city, county, postcode, country, telephone, email, gp_name, gp_practice, gp_address, national_insurance_number, passport_number, cache_status, last_synced_at, meta_region) VALUES ('pt-0414', 'Joseph Singh', 20, 'Male', 'Flat 57, 114 Corporation Street', 'Birmingham', 'West Midlands', 'B1 1BB', 'UK', '+44 7494 200105', 'joseph.singh@hotmail.co.uk', 'Dr Grace Hughes', 'Brownlow Group Practice', '150 Mt Pleasant, Liverpool L69 3GD, United Kingdom', 'PL443734B', '817171804', 'cached_recent', '2026-02-14T00:00:00Z', 'Birmingham');
INSERT INTO patient_conditions (patient_id, condition_name, status, since_date) VALUES ('pt-0414', 'Type 2 diabetes', 'active', '2025-03-20');
INSERT INTO patient_conditions (patient_id, condition_name, status, since_date) VALUES ('pt-0414', 'Gout', 'controlled', '2018-06-14');
INSERT INTO patient_prescriptions (patient_id, drug, indication, dose, frequency, start_date, prescriber) VALUES ('pt-0414', 'Aspirin', 'Antiplatelet/Pain', '100 mg', 'as needed', '2024-12-04', 'Dr Eleanor Foster');
INSERT INTO patient_vaccine_records (patient_id, vaccine, vaccine_date, product) VALUES ('pt-0414', 'COVID-19', '2018-02-15', 'Comirnaty');
INSERT INTO patient_vaccine_records (patient_id, vaccine, vaccine_date, product) VALUES ('pt-0414', 'Td/Tdap (tetanus, diphtheria, pertussis)', '2019-01-24', NULL);

INSERT INTO patients (id, name, age, gender, address_line1, city, county, postcode, country, telephone, email, gp_name, gp_practice, gp_address, national_insurance_number, passport_number, cache_status, last_synced_at, meta_region) VALUES ('pt-0415', 'Nancy Davies', 52, 'Female', '61 Great Charles Street', 'Birmingham', 'West Midlands', 'B1 1BB', 'UK', '+44 7765 259649', 'ndavies@outlook.com', 'Dr Michael Ahmed', 'Brownlow Group Practice', '150 Mt Pleasant, Liverpool L69 3GD, United Kingdom', 'MJ384059A', '922366787', 'cached_recent', '2026-02-06T00:00:00Z', 'Birmingham');
INSERT INTO patient_appointments (patient_id, appointment_date, appointment_time, type, location, reason, verified_up_to_date) VALUES ('pt-0415', '2023-11-16', '14:50', 'Cardiology follow-up', 'GP practice', 'symptom check', 1);
INSERT INTO patient_appointments (patient_id, appointment_date, appointment_time, type, location, reason, verified_up_to_date) VALUES ('pt-0415', '2024-11-30', '13:00', 'Physiotherapy', 'Telehealth', 'treatment follow-up', 1);
INSERT INTO patient_appointments (patient_id, appointment_date, appointment_time, type, location, reason, verified_up_to_date) VALUES ('pt-0415', '2026-11-27', '17:40', 'Blood test', 'Home visit', 'vaccination', 0);

INSERT INTO patients (id, name, age, gender, address_line1, city, county, postcode, country, telephone, email, gp_name, gp_practice, gp_address, national_insurance_number, passport_number, cache_status, last_synced_at, meta_region) VALUES ('pt-0416', 'Katherine Ali', 59, 'Female', 'Flat 60, 117 Hope Street', 'Glasgow', 'Glasgow City', 'G2 2PG', 'UK', '+44 7260 796749', 'katherine609@gmail.com', 'Dr Priya Clarke', 'Brownlow Group Practice', '150 Mt Pleasant, Liverpool L69 3GD, United Kingdom', 'VU112410C', '016964748', 'verified_online', '2026-03-01T00:00:00Z', 'Glasgow');
INSERT INTO patient_appointments (patient_id, appointment_date, appointment_time, type, location, reason, verified_up_to_date) VALUES ('pt-0416', '2025-12-21', '12:20', 'Blood test', 'Telehealth', 'vaccination', 1);
INSERT INTO patient_vaccine_records (patient_id, vaccine, vaccine_date, product) VALUES ('pt-0416', 'COVID-19', '2022-09-25', 'Nuvaxovid');
INSERT INTO patient_vaccine_records (patient_id, vaccine, vaccine_date, product) VALUES ('pt-0416', 'COVID-19 booster', '2022-12-17', 'Spikevax');
INSERT INTO patient_vaccine_records (patient_id, vaccine, vaccine_date, product) VALUES ('pt-0416', 'Td/Tdap (tetanus, diphtheria, pertussis)', '2024-12-13', NULL);

INSERT INTO patients (id, name, age, gender, address_line1, city, county, postcode, country, telephone, email, gp_name, gp_practice, gp_address, national_insurance_number, passport_number, cache_status, last_synced_at, meta_region) VALUES ('pt-0417', 'Lily Graham', 37, 'Female', 'Apt 4, 166 The Mall', 'London', 'Greater London', 'SW1A 1BA', 'UK', '+44 7467 243559', 'lily588@icloud.com', 'Dr Kieran Khan', 'Brownlow Group Practice', '150 Mt Pleasant, Liverpool L69 3GD, United Kingdom', 'AO674726C', '371790720', 'verified_online', '2026-02-10T00:00:00Z', 'London');
INSERT INTO patient_prescriptions (patient_id, drug, indication, dose, frequency, start_date, prescriber) VALUES ('pt-0417', 'Amoxicillin', 'Bacterial infection', '20 mg', 'twice daily', '2023-09-21', 'Dr Matthew Smith');

INSERT INTO patients (id, name, age, gender, address_line1, city, county, postcode, country, telephone, email, gp_name, gp_practice, gp_address, national_insurance_number, passport_number, cache_status, last_synced_at, meta_region) VALUES ('pt-0418', 'Ava Jones', 70, 'Female', 'Apt 77, 141 Chicheley Street', 'London', 'Greater London', 'SW1A 1BD', 'UK', '+44 7345 927124', 'ava.jones70@gmail.com', 'Dr Grace Evans', 'Brownlow Group Practice', '150 Mt Pleasant, Liverpool L69 3GD, United Kingdom', 'BC931833B', '891317925', 'cached_stale', '2026-02-07T00:00:00Z', 'London');
INSERT INTO patient_appointments (patient_id, appointment_date, appointment_time, type, location, reason, verified_up_to_date) VALUES ('pt-0418', '2024-02-16', '17:40', 'Mental health check-in', 'Home visit', 'results discussion', 0);
INSERT INTO patient_appointments (patient_id, appointment_date, appointment_time, type, location, reason, verified_up_to_date) VALUES ('pt-0418', '2026-07-23', '16:00', 'Cardiology follow-up', 'Hospital outpatient department', 'vaccination', 1);
INSERT INTO patient_appointments (patient_id, appointment_date, appointment_time, type, location, reason, verified_up_to_date) VALUES ('pt-0418', '2026-12-28', '08:30', 'GP review', 'Telehealth', 'vaccination', 1);
INSERT INTO patient_vaccine_records (patient_id, vaccine, vaccine_date, product) VALUES ('pt-0418', 'COVID-19', '2021-03-08', 'Comirnaty');
INSERT INTO patient_vaccine_records (patient_id, vaccine, vaccine_date, product) VALUES ('pt-0418', 'COVID-19 booster', '2025-12-13', 'Comirnaty');
INSERT INTO patient_vaccine_records (patient_id, vaccine, vaccine_date, product) VALUES ('pt-0418', 'Pneumococcal', '2018-12-02', NULL);
INSERT INTO patient_vaccine_records (patient_id, vaccine, vaccine_date, product) VALUES ('pt-0418', 'Shingles (Shingrix)', '2016-11-07', 'Shingrix');
INSERT INTO patient_vaccine_records (patient_id, vaccine, vaccine_date, product) VALUES ('pt-0418', 'Td/Tdap (tetanus, diphtheria, pertussis)', '2019-08-29', NULL);

INSERT INTO patients (id, name, age, gender, address_line1, city, county, postcode, country, telephone, email, gp_name, gp_practice, gp_address, national_insurance_number, passport_number, cache_status, last_synced_at, meta_region) VALUES ('pt-0419', 'Aria Wood', 17, 'Female', '90 Newton Street', 'Manchester', 'Greater Manchester', 'M1 1AE', 'UK', '+44 7815 852113', 'aria112@gmail.com', 'Dr Priya O''Neill', 'Brownlow Group Practice', '150 Mt Pleasant, Liverpool L69 3GD, United Kingdom', 'OD454769B', '288830383', 'verified_online', '2026-02-07T00:00:00Z', 'Manchester');
INSERT INTO patient_conditions (patient_id, condition_name, status, since_date) VALUES ('pt-0419', 'Osteoarthritis', 'active', '2025-06-21');
INSERT INTO patient_conditions (patient_id, condition_name, status, since_date) VALUES ('pt-0419', 'Epilepsy', 'history', '2011-05-21');
INSERT INTO patient_prescriptions (patient_id, drug, indication, dose, frequency, start_date, prescriber) VALUES ('pt-0419', 'Insulin aspart', 'Diabetes', '0.5 mg', 'at night', '2025-11-09', 'Dr David Clarke');
INSERT INTO patient_vaccine_records (patient_id, vaccine, vaccine_date, product) VALUES ('pt-0419', 'MMR', '2023-07-07', NULL);

INSERT INTO patients (id, name, age, gender, address_line1, city, county, postcode, country, telephone, email, gp_name, gp_practice, gp_address, national_insurance_number, passport_number, cache_status, last_synced_at, meta_region) VALUES ('pt-0420', 'Amelia Webb', 48, 'Female', 'Apt 40, 58 Wyndham Arcade', 'Cardiff', 'South Glamorgan', 'CF10 1AF', 'UK', '+44 7170 416592', 'amelia314@outlook.com', 'Dr Daniel Hughes', 'Brownlow Group Practice', '150 Mt Pleasant, Liverpool L69 3GD, United Kingdom', 'PN214741B', '000911043', 'verified_online', '2026-02-13T00:00:00Z', 'Cardiff');
INSERT INTO patient_conditions (patient_id, condition_name, status, since_date) VALUES ('pt-0420', 'Osteoarthritis', 'monitoring', '2019-04-18');
INSERT INTO patient_conditions (patient_id, condition_name, status, since_date) VALUES ('pt-0420', 'Gout', 'monitoring', '2020-08-10');
INSERT INTO patient_prescriptions (patient_id, drug, indication, dose, frequency, start_date, prescriber) VALUES ('pt-0420', 'Edoxaban', 'Anticoagulant (AF/VTE)', '1 injection', 'once daily', '2024-03-20', 'Dr Kieran Smith');
INSERT INTO patient_prescriptions (patient_id, drug, indication, dose, frequency, start_date, prescriber) VALUES ('pt-0420', 'Sacubitril/valsartan', 'Heart failure', '200 mg', 'once weekly', '2023-08-12', 'Dr David Clarke');
INSERT INTO patient_appointments (patient_id, appointment_date, appointment_time, type, location, reason, verified_up_to_date) VALUES ('pt-0420', '2025-07-19', '14:45', 'Medication review', 'Telehealth', 'symptom check', 1);
INSERT INTO patient_appointments (patient_id, appointment_date, appointment_time, type, location, reason, verified_up_to_date) VALUES ('pt-0420', '2025-12-25', '16:45', 'Diabetes clinic', 'Home visit', 'symptom check', 1);
INSERT INTO patient_appointments (patient_id, appointment_date, appointment_time, type, location, reason, verified_up_to_date) VALUES ('pt-0420', '2026-07-23', '11:50', 'Blood test', 'Community clinic', 'treatment follow-up', 0);
INSERT INTO patient_vaccine_records (patient_id, vaccine, vaccine_date, product) VALUES ('pt-0420', 'COVID-19', '2017-06-01', 'Nuvaxovid');
INSERT INTO patient_vaccine_records (patient_id, vaccine, vaccine_date, product) VALUES ('pt-0420', 'COVID-19 booster', '2020-11-04', 'Spikevax');

INSERT INTO patients (id, name, age, gender, address_line1, city, county, postcode, country, telephone, email, gp_name, gp_practice, gp_address, national_insurance_number, passport_number, cache_status, last_synced_at, meta_region) VALUES ('pt-0421', 'Harriet Moore', 30, 'Female', 'Apt 75, 58 Donegall Place', 'Belfast', 'County Antrim', 'BT1 5GS', 'UK', '+44 7271 605994', 'harriet967@hotmail.co.uk', 'Dr Alex Taylor', 'Brownlow Group Practice', '150 Mt Pleasant, Liverpool L69 3GD, United Kingdom', 'TH293768A', '046902126', 'verified_online', '2026-02-19T00:00:00Z', 'Belfast');
INSERT INTO patient_conditions (patient_id, condition_name, status, since_date) VALUES ('pt-0421', 'Generalised anxiety disorder', 'active', '2016-10-17');
INSERT INTO patient_conditions (patient_id, condition_name, status, since_date) VALUES ('pt-0421', 'Dementia', 'history', '2023-04-06');
INSERT INTO patient_appointments (patient_id, appointment_date, appointment_time, type, location, reason, verified_up_to_date) VALUES ('pt-0421', '2025-03-26', '11:45', 'Mental health check-in', 'Telehealth', 'symptom check', 1);
INSERT INTO patient_appointments (patient_id, appointment_date, appointment_time, type, location, reason, verified_up_to_date) VALUES ('pt-0421', '2026-09-09', '11:50', 'Ophthalmology', 'Community clinic', 'results discussion', 1);

INSERT INTO patients (id, name, age, gender, address_line1, city, county, postcode, country, telephone, email, gp_name, gp_practice, gp_address, national_insurance_number, passport_number, cache_status, last_synced_at, meta_region) VALUES ('pt-0422', 'Freya Porter', 33, 'Female', '144 Wyndham Arcade', 'Cardiff', 'South Glamorgan', 'CF10 1AF', 'UK', '+44 7974 840888', 'freyaporter@gmail.com', 'Dr George Hughes', 'Brownlow Group Practice', '150 Mt Pleasant, Liverpool L69 3GD, United Kingdom', 'NG869364A', '180563600', 'cached_stale', '2026-03-01T00:00:00Z', 'Cardiff');
INSERT INTO patient_prescriptions (patient_id, drug, indication, dose, frequency, start_date, prescriber) VALUES ('pt-0422', 'Levetiracetam', 'Epilepsy', '0.5 mg', 'once daily', '2025-11-12', 'Dr Alex Brown');
INSERT INTO patient_prescriptions (patient_id, drug, indication, dose, frequency, start_date, prescriber) VALUES ('pt-0422', 'Warfarin', 'Anticoagulant', '0.5 mg', 'once weekly', '2026-02-13', 'Dr Fatima Morgan');
INSERT INTO patient_prescriptions (patient_id, drug, indication, dose, frequency, start_date, prescriber) VALUES ('pt-0422', 'Beclometasone dipropionate', 'Asthma/COPD', '2 puffs', 'at night', '2026-02-03', 'Dr Ibrahim Foster');
INSERT INTO patient_appointments (patient_id, appointment_date, appointment_time, type, location, reason, verified_up_to_date) VALUES ('pt-0422', '2025-06-25', '12:45', 'Physiotherapy', 'Home visit', 'annual monitoring', 1);
INSERT INTO patient_appointments (patient_id, appointment_date, appointment_time, type, location, reason, verified_up_to_date) VALUES ('pt-0422', '2025-09-09', '17:00', 'Physiotherapy', 'Community clinic', 'symptom check', 1);

INSERT INTO patients (id, name, age, gender, address_line1, city, county, postcode, country, telephone, email, gp_name, gp_practice, gp_address, national_insurance_number, passport_number, cache_status, last_synced_at, meta_region) VALUES ('pt-0423', 'Arthur Stewart', 64, 'Male', '172 Bakers Row', 'Cardiff', 'South Glamorgan', 'CF10 1AG', 'UK', '+44 7817 875701', 'arthur.stewart42@gmail.com', 'Dr David Smith', 'Brownlow Group Practice', '150 Mt Pleasant, Liverpool L69 3GD, United Kingdom', 'UX883994C', '893429894', 'verified_online', '2026-02-05T00:00:00Z', 'Cardiff');
INSERT INTO patient_conditions (patient_id, condition_name, status, since_date) VALUES ('pt-0423', 'Obesity', 'controlled', '2022-12-20');
INSERT INTO patient_conditions (patient_id, condition_name, status, since_date) VALUES ('pt-0423', 'Chronic back pain', 'active', '2024-05-31');
INSERT INTO patient_prescriptions (patient_id, drug, indication, dose, frequency, start_date, prescriber) VALUES ('pt-0423', 'Colecalciferol', 'Vitamin D deficiency', '2 puffs', 'once daily', '2023-10-24', 'Dr Eleanor Foster');
INSERT INTO patient_prescriptions (patient_id, drug, indication, dose, frequency, start_date, prescriber) VALUES ('pt-0423', 'Simvastatin', 'High cholesterol', '25 mg', 'at night', '2023-03-31', 'Dr Matthew Campbell');
INSERT INTO patient_appointments (patient_id, appointment_date, appointment_time, type, location, reason, verified_up_to_date) VALUES ('pt-0423', '2025-03-05', '12:40', 'Mental health check-in', 'Hospital outpatient department', 'treatment follow-up', 1);
INSERT INTO patient_appointments (patient_id, appointment_date, appointment_time, type, location, reason, verified_up_to_date) VALUES ('pt-0423', '2025-04-10', '08:30', 'Ophthalmology', 'GP practice', 'symptom check', 0);
INSERT INTO patient_appointments (patient_id, appointment_date, appointment_time, type, location, reason, verified_up_to_date) VALUES ('pt-0423', '2025-07-05', '11:10', 'Medication review', 'Telehealth', 'treatment follow-up', 1);
INSERT INTO patient_appointments (patient_id, appointment_date, appointment_time, type, location, reason, verified_up_to_date) VALUES ('pt-0423', '2026-05-09', '11:10', 'Diabetes clinic', 'Home visit', 'annual monitoring', 1);
INSERT INTO patient_appointments (patient_id, appointment_date, appointment_time, type, location, reason, verified_up_to_date) VALUES ('pt-0423', '2027-02-01', '10:10', 'Vaccination appointment', 'Community clinic', 'vaccination', 1);
INSERT INTO patient_vaccine_records (patient_id, vaccine, vaccine_date, product) VALUES ('pt-0423', 'COVID-19', '2018-03-11', 'Spikevax');

INSERT INTO patients (id, name, age, gender, address_line1, city, county, postcode, country, telephone, email, gp_name, gp_practice, gp_address, national_insurance_number, passport_number, cache_status, last_synced_at, meta_region) VALUES ('pt-0424', 'Max Moore', 53, 'Male', '37 Westminster Bridge Road', 'London', 'Greater London', 'SW1A 1BD', 'UK', '+44 7725 734757', 'max.moore@icloud.com', 'Dr Kieran Smith', 'Brownlow Group Practice', '150 Mt Pleasant, Liverpool L69 3GD, United Kingdom', 'PU814114B', '352855224', 'verified_online', '2026-02-08T00:00:00Z', 'London');
INSERT INTO patient_conditions (patient_id, condition_name, status, since_date) VALUES ('pt-0424', 'Generalised anxiety disorder', 'monitoring', '2018-04-27');
INSERT INTO patient_prescriptions (patient_id, drug, indication, dose, frequency, start_date, prescriber) VALUES ('pt-0424', 'Dapagliflozin', 'Type 2 diabetes/Heart failure/CKD', '25 mg', 'once daily', '2025-10-23', 'Dr Robert Ahmed');
INSERT INTO patient_prescriptions (patient_id, drug, indication, dose, frequency, start_date, prescriber) VALUES ('pt-0424', 'Nitrofurantoin', 'UTI', '200 mg', 'with meals', '2025-01-24', 'Dr Helen Ahmed');

INSERT INTO patients (id, name, age, gender, address_line1, city, county, postcode, country, telephone, email, gp_name, gp_practice, gp_address, national_insurance_number, passport_number, cache_status, last_synced_at, meta_region) VALUES ('pt-0425', 'Benjamin Martin', 79, 'Male', '155 Belvedere Road', 'London', 'Greater London', 'SW1A 1JR', 'UK', '+44 7107 831598', 'benjamin625@icloud.com', 'Dr Grace Evans', 'Brownlow Group Practice', '150 Mt Pleasant, Liverpool L69 3GD, United Kingdom', 'LW937894A', '126717996', 'cached_stale', '2026-02-04T00:00:00Z', 'London');
INSERT INTO patient_appointments (patient_id, appointment_date, appointment_time, type, location, reason, verified_up_to_date) VALUES ('pt-0425', '2023-03-27', '10:30', 'Diabetes clinic', 'Community clinic', 'vaccination', 1);
INSERT INTO patient_appointments (patient_id, appointment_date, appointment_time, type, location, reason, verified_up_to_date) VALUES ('pt-0425', '2024-09-08', '09:20', 'GP review', 'Home visit', 'vaccination', 1);
INSERT INTO patient_appointments (patient_id, appointment_date, appointment_time, type, location, reason, verified_up_to_date) VALUES ('pt-0425', '2025-10-30', '14:40', 'Respiratory review', 'GP practice', 'routine review', 1);
INSERT INTO patient_vaccine_records (patient_id, vaccine, vaccine_date, product) VALUES ('pt-0425', 'Influenza (seasonal)', '2023-07-20', NULL);
INSERT INTO patient_vaccine_records (patient_id, vaccine, vaccine_date, product) VALUES ('pt-0425', 'Pneumococcal', '2019-12-13', NULL);
INSERT INTO patient_vaccine_records (patient_id, vaccine, vaccine_date, product) VALUES ('pt-0425', 'Shingles (Shingrix)', '2019-04-02', 'Shingrix');
INSERT INTO patient_vaccine_records (patient_id, vaccine, vaccine_date, product) VALUES ('pt-0425', 'RSV', '2017-05-02', 'Arexvy');

INSERT INTO patients (id, name, age, gender, address_line1, city, county, postcode, country, telephone, email, gp_name, gp_practice, gp_address, national_insurance_number, passport_number, cache_status, last_synced_at, meta_region) VALUES ('pt-0426', 'Sebastian Williams', 49, 'Male', '207 Belvedere Road', 'London', 'Greater London', 'SW1A 1BW', 'UK', '+44 7487 545267', 'sebastian.williams23@outlook.com', 'Dr Fatima Ahmed', 'Brownlow Group Practice', '150 Mt Pleasant, Liverpool L69 3GD, United Kingdom', 'IN200608B', '865385900', 'cached_stale', '2026-02-18T00:00:00Z', 'London');
INSERT INTO patient_conditions (patient_id, condition_name, status, since_date) VALUES ('pt-0426', 'Osteoarthritis', 'active', '2022-08-03');
INSERT INTO patient_appointments (patient_id, appointment_date, appointment_time, type, location, reason, verified_up_to_date) VALUES ('pt-0426', '2023-07-27', '08:20', 'Physiotherapy', 'Home visit', 'annual monitoring', 1);
INSERT INTO patient_appointments (patient_id, appointment_date, appointment_time, type, location, reason, verified_up_to_date) VALUES ('pt-0426', '2026-03-29', '14:45', 'Ophthalmology', 'Community clinic', 'symptom check', 1);
INSERT INTO patient_appointments (patient_id, appointment_date, appointment_time, type, location, reason, verified_up_to_date) VALUES ('pt-0426', '2026-09-05', '14:10', 'Ophthalmology', 'Hospital outpatient department', 'routine review', 1);
INSERT INTO patient_appointments (patient_id, appointment_date, appointment_time, type, location, reason, verified_up_to_date) VALUES ('pt-0426', '2026-10-16', '17:15', 'GP review', 'Community clinic', 'symptom check', 0);

INSERT INTO patients (id, name, age, gender, address_line1, city, county, postcode, country, telephone, email, gp_name, gp_practice, gp_address, national_insurance_number, passport_number, cache_status, last_synced_at, meta_region) VALUES ('pt-0427', 'Rosie Harrison', 81, 'Female', 'Unit 29, 48 Chicheley Street', 'London', 'Greater London', 'SW1A 1BD', 'UK', '+44 7782 495618', 'rosie538@icloud.com', 'Dr Sophie Roberts', 'Brownlow Group Practice', '150 Mt Pleasant, Liverpool L69 3GD, United Kingdom', 'SR640984C', '490684068', 'verified_online', '2026-02-04T00:00:00Z', 'London');
INSERT INTO patient_conditions (patient_id, condition_name, status, since_date) VALUES ('pt-0427', 'Depression', 'history', '2025-02-02');
INSERT INTO patient_conditions (patient_id, condition_name, status, since_date) VALUES ('pt-0427', 'Chronic kidney disease', 'active', '2023-08-14');
INSERT INTO patient_conditions (patient_id, condition_name, status, since_date) VALUES ('pt-0427', 'Hypercholesterolaemia', 'active', '2021-04-08');
INSERT INTO patient_conditions (patient_id, condition_name, status, since_date) VALUES ('pt-0427', 'Overactive bladder', 'monitoring', '2011-09-01');
INSERT INTO patient_prescriptions (patient_id, drug, indication, dose, frequency, start_date, prescriber) VALUES ('pt-0427', 'Tamsulosin', 'BPH', '1 tablet', 'with meals', '2025-04-07', 'Dr Robert Ahmed');
INSERT INTO patient_prescriptions (patient_id, drug, indication, dose, frequency, start_date, prescriber) VALUES ('pt-0427', 'Gliclazide', 'Type 2 diabetes', '50 mg', 'once weekly', '2023-03-21', 'Dr David Clarke');
INSERT INTO patient_appointments (patient_id, appointment_date, appointment_time, type, location, reason, verified_up_to_date) VALUES ('pt-0427', '2025-10-23', '14:40', 'GP review', 'Hospital outpatient department', 'results discussion', 1);
INSERT INTO patient_appointments (patient_id, appointment_date, appointment_time, type, location, reason, verified_up_to_date) VALUES ('pt-0427', '2026-02-08', '11:00', 'GP review', 'Telehealth', 'treatment follow-up', 1);
INSERT INTO patient_appointments (patient_id, appointment_date, appointment_time, type, location, reason, verified_up_to_date) VALUES ('pt-0427', '2026-05-10', '12:40', 'Cardiology follow-up', 'Hospital outpatient department', 'treatment follow-up', 1);
INSERT INTO patient_vaccine_records (patient_id, vaccine, vaccine_date, product) VALUES ('pt-0427', 'COVID-19', '2017-05-16', 'Nuvaxovid');

INSERT INTO patients (id, name, age, gender, address_line1, city, county, postcode, country, telephone, email, gp_name, gp_practice, gp_address, national_insurance_number, passport_number, cache_status, last_synced_at, meta_region) VALUES ('pt-0428', 'Megan Ward', 73, 'Female', '116 Park Row', 'Leeds', 'West Yorkshire', 'LS1 1UR', 'UK', '+44 7439 940472', 'mward@gmail.com', 'Dr Kieran Foster', 'Brownlow Group Practice', '150 Mt Pleasant, Liverpool L69 3GD, United Kingdom', 'EK058402B', '578658039', 'cached_stale', '2026-02-09T00:00:00Z', 'Leeds');
INSERT INTO patient_conditions (patient_id, condition_name, status, since_date) VALUES ('pt-0428', 'Osteoporosis', 'monitoring', '2011-03-08');
INSERT INTO patient_conditions (patient_id, condition_name, status, since_date) VALUES ('pt-0428', 'Asthma', 'active', '2023-05-10');
INSERT INTO patient_conditions (patient_id, condition_name, status, since_date) VALUES ('pt-0428', 'Atrial fibrillation', 'history', '2011-08-18');
INSERT INTO patient_conditions (patient_id, condition_name, status, since_date) VALUES ('pt-0428', 'Heart failure', 'history', '2022-03-15');
INSERT INTO patient_conditions (patient_id, condition_name, status, since_date) VALUES ('pt-0428', 'Gastro-oesophageal reflux disease (GORD)', 'monitoring', '2023-10-22');
INSERT INTO patient_conditions (patient_id, condition_name, status, since_date) VALUES ('pt-0428', 'Coronary heart disease', 'active', '2015-03-27');
INSERT INTO patient_prescriptions (patient_id, drug, indication, dose, frequency, start_date, prescriber) VALUES ('pt-0428', 'Rivaroxaban', 'Anticoagulant (AF/VTE)', '2.5 mg', 'at night', '2025-08-11', 'Dr Chloe Ahmed');
INSERT INTO patient_appointments (patient_id, appointment_date, appointment_time, type, location, reason, verified_up_to_date) VALUES ('pt-0428', '2024-09-24', '13:00', 'Physiotherapy', 'Home visit', 'results discussion', 1);
INSERT INTO patient_vaccine_records (patient_id, vaccine, vaccine_date, product) VALUES ('pt-0428', 'COVID-19', '2021-09-05', 'Nuvaxovid');
INSERT INTO patient_vaccine_records (patient_id, vaccine, vaccine_date, product) VALUES ('pt-0428', 'Influenza (seasonal)', '2020-05-25', NULL);

INSERT INTO patients (id, name, age, gender, address_line1, city, county, postcode, country, telephone, email, gp_name, gp_practice, gp_address, national_insurance_number, passport_number, cache_status, last_synced_at, meta_region) VALUES ('pt-0429', 'Daniel Johnson', 71, 'Male', 'Flat 24, 135 Richardson Road', 'Newcastle upon Tyne', 'Tyne and Wear', 'NE1 4LP', 'UK', '+44 7989 842510', 'djohnson@icloud.com', 'Dr Richard Smith', 'Brownlow Group Practice', '150 Mt Pleasant, Liverpool L69 3GD, United Kingdom', 'YP051141B', '415850822', 'cached_stale', '2026-02-25T00:00:00Z', 'Newcastle upon Tyne');
INSERT INTO patient_conditions (patient_id, condition_name, status, since_date) VALUES ('pt-0429', 'Hypertension', 'active', '2011-09-02');
INSERT INTO patient_vaccine_records (patient_id, vaccine, vaccine_date, product) VALUES ('pt-0429', 'COVID-19', '2016-10-03', 'Comirnaty');
INSERT INTO patient_vaccine_records (patient_id, vaccine, vaccine_date, product) VALUES ('pt-0429', 'Influenza (seasonal)', '2018-08-06', NULL);
INSERT INTO patient_vaccine_records (patient_id, vaccine, vaccine_date, product) VALUES ('pt-0429', 'Pneumococcal', '2023-10-21', NULL);

INSERT INTO patients (id, name, age, gender, address_line1, city, county, postcode, country, telephone, email, gp_name, gp_practice, gp_address, national_insurance_number, passport_number, cache_status, last_synced_at, meta_region) VALUES ('pt-0430', 'James Walker', 49, 'Male', 'Unit 24, 56 The Mall', 'London', 'Greater London', 'SW1A 1BB', 'UK', '+44 7968 299500', 'james466@hotmail.co.uk', 'Dr Sophie Roberts', 'Brownlow Group Practice', '150 Mt Pleasant, Liverpool L69 3GD, United Kingdom', 'AY822092B', '511313927', 'cached_recent', '2026-02-04T00:00:00Z', 'London');
INSERT INTO patient_prescriptions (patient_id, drug, indication, dose, frequency, start_date, prescriber) VALUES ('pt-0430', 'Latanoprost', 'Glaucoma', '500 mg', 'twice daily', '2023-11-14', 'Dr Aisha Evans');
INSERT INTO patient_prescriptions (patient_id, drug, indication, dose, frequency, start_date, prescriber) VALUES ('pt-0430', 'Dapagliflozin', 'Type 2 diabetes/Heart failure/CKD', '50 mg', 'as needed', '2025-03-05', 'Dr Kieran Smith');
INSERT INTO patient_appointments (patient_id, appointment_date, appointment_time, type, location, reason, verified_up_to_date) VALUES ('pt-0430', '2023-12-08', '14:20', 'Vaccination appointment', 'Home visit', 'treatment follow-up', 1);
INSERT INTO patient_appointments (patient_id, appointment_date, appointment_time, type, location, reason, verified_up_to_date) VALUES ('pt-0430', '2026-01-11', '17:50', 'Medication review', 'Hospital outpatient department', 'results discussion', 1);
INSERT INTO patient_vaccine_records (patient_id, vaccine, vaccine_date, product) VALUES ('pt-0430', 'COVID-19', '2022-06-06', 'Spikevax');
INSERT INTO patient_vaccine_records (patient_id, vaccine, vaccine_date, product) VALUES ('pt-0430', 'Td/Tdap (tetanus, diphtheria, pertussis)', '2025-12-16', NULL);
INSERT INTO patient_vaccine_records (patient_id, vaccine, vaccine_date, product) VALUES ('pt-0430', 'MMR', '2025-11-23', NULL);

INSERT INTO patients (id, name, age, gender, address_line1, city, county, postcode, country, telephone, email, gp_name, gp_practice, gp_address, national_insurance_number, passport_number, cache_status, last_synced_at, meta_region) VALUES ('pt-0431', 'Imogen Singh', 20, 'Female', 'Apt 72, 83 Chicheley Street', 'London', 'Greater London', 'SW1A 1BA', 'UK', '+44 7856 135124', 'isingh@icloud.com', 'Dr Sophie Roberts', 'Brownlow Group Practice', '150 Mt Pleasant, Liverpool L69 3GD, United Kingdom', 'LX530831B', '260026075', 'cached_stale', '2026-02-23T00:00:00Z', 'London');

INSERT INTO patients (id, name, age, gender, address_line1, city, county, postcode, country, telephone, email, gp_name, gp_practice, gp_address, national_insurance_number, passport_number, cache_status, last_synced_at, meta_region) VALUES ('pt-0432', 'Aria Begum', 94, 'Female', 'Apt 27, 200 Donegall Square East', 'Belfast', 'County Antrim', 'BT1 5GS', 'UK', '+44 7171 162841', 'abegum@hotmail.co.uk', 'Dr Rachel Patel', 'Brownlow Group Practice', '150 Mt Pleasant, Liverpool L69 3GD, United Kingdom', 'NC082485D', '895015427', 'cached_recent', '2026-02-16T00:00:00Z', 'Belfast');
INSERT INTO patient_vaccine_records (patient_id, vaccine, vaccine_date, product) VALUES ('pt-0432', 'COVID-19', '2017-02-24', 'Comirnaty');
INSERT INTO patient_vaccine_records (patient_id, vaccine, vaccine_date, product) VALUES ('pt-0432', 'Influenza (seasonal)', '2019-09-30', NULL);

INSERT INTO patients (id, name, age, gender, address_line1, city, county, postcode, country, telephone, email, gp_name, gp_practice, gp_address, national_insurance_number, passport_number, cache_status, last_synced_at, meta_region) VALUES ('pt-0433', 'Sophia Porter', 85, 'Female', '121 Lower College Street', 'Bristol', 'Bristol', 'BS1 5UG', 'UK', '+44 7532 399654', 'sporter@hotmail.co.uk', 'Dr Maya Hughes', 'Brownlow Group Practice', '150 Mt Pleasant, Liverpool L69 3GD, United Kingdom', 'PV253723D', '187620469', 'verified_online', '2026-02-19T00:00:00Z', 'Bristol');
INSERT INTO patient_conditions (patient_id, condition_name, status, since_date) VALUES ('pt-0433', 'Overactive bladder', 'history', '2020-02-24');
INSERT INTO patient_conditions (patient_id, condition_name, status, since_date) VALUES ('pt-0433', 'Osteoporosis', 'history', '2023-06-18');
INSERT INTO patient_appointments (patient_id, appointment_date, appointment_time, type, location, reason, verified_up_to_date) VALUES ('pt-0433', '2025-07-18', '13:45', 'Physiotherapy', 'Telehealth', 'treatment follow-up', 1);

INSERT INTO patients (id, name, age, gender, address_line1, city, county, postcode, country, telephone, email, gp_name, gp_practice, gp_address, national_insurance_number, passport_number, cache_status, last_synced_at, meta_region) VALUES ('pt-0434', 'Leo Harrison', 61, 'Male', 'Flat 14, 32 Little Lever Street', 'Manchester', 'Greater Manchester', 'M1 1FJ', 'UK', '+44 7457 320240', 'leo.harrison80@hotmail.co.uk', 'Dr Sarah Campbell', 'Brownlow Group Practice', '150 Mt Pleasant, Liverpool L69 3GD, United Kingdom', 'UF727466A', '525016111', 'cached_stale', '2026-03-02T00:00:00Z', 'Manchester');
INSERT INTO patient_conditions (patient_id, condition_name, status, since_date) VALUES ('pt-0434', 'Chronic kidney disease', 'active', '2014-01-21');
INSERT INTO patient_prescriptions (patient_id, drug, indication, dose, frequency, start_date, prescriber) VALUES ('pt-0434', 'Amlodipine', 'Hypertension/Angina', '1 tablet', 'at night', '2024-02-08', 'Dr Sarah Jones');
INSERT INTO patient_prescriptions (patient_id, drug, indication, dose, frequency, start_date, prescriber) VALUES ('pt-0434', 'Semaglutide', 'Type 2 diabetes/Weight management', '25 mg', 'with meals', '2025-11-13', 'Dr Ibrahim Foster');
INSERT INTO patient_appointments (patient_id, appointment_date, appointment_time, type, location, reason, verified_up_to_date) VALUES ('pt-0434', '2025-06-04', '11:40', 'Blood test', 'Telehealth', 'vaccination', 1);
INSERT INTO patient_appointments (patient_id, appointment_date, appointment_time, type, location, reason, verified_up_to_date) VALUES ('pt-0434', '2027-01-31', '14:45', 'Respiratory review', 'Home visit', 'results discussion', 1);
INSERT INTO patient_vaccine_records (patient_id, vaccine, vaccine_date, product) VALUES ('pt-0434', 'Pneumococcal', '2026-01-04', NULL);

INSERT INTO patients (id, name, age, gender, address_line1, city, county, postcode, country, telephone, email, gp_name, gp_practice, gp_address, national_insurance_number, passport_number, cache_status, last_synced_at, meta_region) VALUES ('pt-0435', 'Jack Jackson', 82, 'Male', 'Unit 16, 121 The Mall', 'London', 'Greater London', 'SW1A 1BH', 'UK', '+44 7192 191389', 'jack312@gmail.com', 'Dr Sophie Roberts', 'Brownlow Group Practice', '150 Mt Pleasant, Liverpool L69 3GD, United Kingdom', 'GH087920C', '947742331', 'verified_online', '2026-02-21T00:00:00Z', 'London');
INSERT INTO patient_conditions (patient_id, condition_name, status, since_date) VALUES ('pt-0435', 'Asthma', 'monitoring', '2025-02-07');
INSERT INTO patient_prescriptions (patient_id, drug, indication, dose, frequency, start_date, prescriber) VALUES ('pt-0435', 'Amlodipine', 'Hypertension/Angina', '2.5 mg', 'twice daily', '2024-12-01', 'Dr Owen Jones');
INSERT INTO patient_appointments (patient_id, appointment_date, appointment_time, type, location, reason, verified_up_to_date) VALUES ('pt-0435', '2025-04-15', '08:20', 'Mental health check-in', 'GP practice', 'annual monitoring', 0);
INSERT INTO patient_appointments (patient_id, appointment_date, appointment_time, type, location, reason, verified_up_to_date) VALUES ('pt-0435', '2025-07-12', '17:15', 'Respiratory review', 'Community clinic', 'routine review', 1);

INSERT INTO patients (id, name, age, gender, address_line1, city, county, postcode, country, telephone, email, gp_name, gp_practice, gp_address, national_insurance_number, passport_number, cache_status, last_synced_at, meta_region) VALUES ('pt-0436', 'Peter Campbell', 62, 'Male', '180 Constitution Hill', 'London', 'Greater London', 'SW1A 1JR', 'UK', '+44 7123 539721', 'peter117@icloud.com', 'Dr Kieran Smith', 'Brownlow Group Practice', '150 Mt Pleasant, Liverpool L69 3GD, United Kingdom', 'WT097814A', '063214863', 'verified_online', '2026-02-23T00:00:00Z', 'London');
INSERT INTO patient_conditions (patient_id, condition_name, status, since_date) VALUES ('pt-0436', 'Atrial fibrillation', 'history', '2016-07-03');
INSERT INTO patient_conditions (patient_id, condition_name, status, since_date) VALUES ('pt-0436', 'Osteoporosis', 'monitoring', '2018-06-25');
INSERT INTO patient_conditions (patient_id, condition_name, status, since_date) VALUES ('pt-0436', 'Dementia', 'active', '2017-12-27');
INSERT INTO patient_prescriptions (patient_id, drug, indication, dose, frequency, start_date, prescriber) VALUES ('pt-0436', 'Nitrofurantoin', 'UTI', '2.5 mg', 'once daily', '2023-12-19', 'Dr Owen Taylor');

INSERT INTO patients (id, name, age, gender, address_line1, city, county, postcode, country, telephone, email, gp_name, gp_practice, gp_address, national_insurance_number, passport_number, cache_status, last_synced_at, meta_region) VALUES ('pt-0437', 'Rachel Edwards', 49, 'Female', 'Flat 50, 141 West Nile Street', 'Glasgow', 'Glasgow City', 'G1 2RD', 'UK', '+44 7248 739694', 'redwards@hotmail.co.uk', 'Dr Richard Patel', 'Brownlow Group Practice', '150 Mt Pleasant, Liverpool L69 3GD, United Kingdom', 'FW850816A', '355604686', 'cached_stale', '2026-03-04T00:00:00Z', 'Glasgow');
INSERT INTO patient_conditions (patient_id, condition_name, status, since_date) VALUES ('pt-0437', 'COPD', 'history', '2019-03-01');
INSERT INTO patient_conditions (patient_id, condition_name, status, since_date) VALUES ('pt-0437', 'Epilepsy', 'active', '2020-03-14');
INSERT INTO patient_prescriptions (patient_id, drug, indication, dose, frequency, start_date, prescriber) VALUES ('pt-0437', 'Finasteride', 'BPH', '1 puff', 'once weekly', '2023-12-29', 'Dr Kieran Taylor');
INSERT INTO patient_appointments (patient_id, appointment_date, appointment_time, type, location, reason, verified_up_to_date) VALUES ('pt-0437', '2025-09-26', '10:15', 'GP review', 'GP practice', 'vaccination', 0);
INSERT INTO patient_appointments (patient_id, appointment_date, appointment_time, type, location, reason, verified_up_to_date) VALUES ('pt-0437', '2026-12-13', '13:50', 'Diabetes clinic', 'Community clinic', 'treatment follow-up', 0);
INSERT INTO patient_appointments (patient_id, appointment_date, appointment_time, type, location, reason, verified_up_to_date) VALUES ('pt-0437', '2027-02-27', '09:00', 'GP review', 'Hospital outpatient department', 'treatment follow-up', 1);

INSERT INTO patients (id, name, age, gender, address_line1, city, county, postcode, country, telephone, email, gp_name, gp_practice, gp_address, national_insurance_number, passport_number, cache_status, last_synced_at, meta_region) VALUES ('pt-0438', 'Olivia O''Connor', 17, 'Female', '142 Lever Street', 'Manchester', 'Greater Manchester', 'M1 1EB', 'UK', '+44 7449 143681', 'olivia.oconnor@hotmail.co.uk', 'Dr Ben Patel', 'Brownlow Group Practice', '150 Mt Pleasant, Liverpool L69 3GD, United Kingdom', 'CU527094C', '467777330', 'verified_online', '2026-02-18T00:00:00Z', 'Manchester');

INSERT INTO patients (id, name, age, gender, address_line1, city, county, postcode, country, telephone, email, gp_name, gp_practice, gp_address, national_insurance_number, passport_number, cache_status, last_synced_at, meta_region) VALUES ('pt-0439', 'Reuben Porter', 79, 'Male', '173 Claremont Road', 'Newcastle upon Tyne', 'Tyne and Wear', 'NE1 4LP', 'UK', '+44 7878 856055', 'reuben.porter33@hotmail.co.uk', 'Dr Ben Taylor', 'Brownlow Group Practice', '150 Mt Pleasant, Liverpool L69 3GD, United Kingdom', 'XH587327B', '771223779', 'verified_online', '2026-02-19T00:00:00Z', 'Newcastle upon Tyne');
INSERT INTO patient_conditions (patient_id, condition_name, status, since_date) VALUES ('pt-0439', 'Gout', 'history', '2025-12-17');
INSERT INTO patient_conditions (patient_id, condition_name, status, since_date) VALUES ('pt-0439', 'Hypercholesterolaemia', 'active', '2020-07-11');
INSERT INTO patient_prescriptions (patient_id, drug, indication, dose, frequency, start_date, prescriber) VALUES ('pt-0439', 'Warfarin', 'Anticoagulant', '1 tablet', 'once daily', '2023-09-21', 'Dr Sarah Jones');
INSERT INTO patient_prescriptions (patient_id, drug, indication, dose, frequency, start_date, prescriber) VALUES ('pt-0439', 'Semaglutide', 'Type 2 diabetes/Weight management', '1 injection', 'twice daily', '2025-04-25', 'Dr Robert Hughes');
INSERT INTO patient_vaccine_records (patient_id, vaccine, vaccine_date, product) VALUES ('pt-0439', 'Influenza (seasonal)', '2022-10-14', NULL);

INSERT INTO patients (id, name, age, gender, address_line1, city, county, postcode, country, telephone, email, gp_name, gp_practice, gp_address, national_insurance_number, passport_number, cache_status, last_synced_at, meta_region) VALUES ('pt-0440', 'Chloe Thompson', 78, 'Female', '144 George Street', 'Edinburgh', 'City of Edinburgh', 'EH2 2SB', 'UK', '+44 7324 602928', 'cthompson@hotmail.co.uk', 'Dr John O''Neill', 'Brownlow Group Practice', '150 Mt Pleasant, Liverpool L69 3GD, United Kingdom', 'SP350982B', '085200790', 'cached_recent', '2026-02-04T00:00:00Z', 'Edinburgh');
INSERT INTO patient_conditions (patient_id, condition_name, status, since_date) VALUES ('pt-0440', 'Atrial fibrillation', 'history', '2022-04-01');
INSERT INTO patient_conditions (patient_id, condition_name, status, since_date) VALUES ('pt-0440', 'Overactive bladder', 'monitoring', '2022-08-19');
INSERT INTO patient_conditions (patient_id, condition_name, status, since_date) VALUES ('pt-0440', 'Hypercholesterolaemia', 'history', '2025-03-28');
INSERT INTO patient_prescriptions (patient_id, drug, indication, dose, frequency, start_date, prescriber) VALUES ('pt-0440', 'Edoxaban', 'Anticoagulant (AF/VTE)', '200 mg', 'at night', '2024-01-04', 'Dr Matthew Smith');
INSERT INTO patient_appointments (patient_id, appointment_date, appointment_time, type, location, reason, verified_up_to_date) VALUES ('pt-0440', '2024-03-19', '10:15', 'Mental health check-in', 'GP practice', 'routine review', 1);
INSERT INTO patient_appointments (patient_id, appointment_date, appointment_time, type, location, reason, verified_up_to_date) VALUES ('pt-0440', '2026-03-21', '11:00', 'Vaccination appointment', 'Telehealth', 'treatment follow-up', 1);
INSERT INTO patient_vaccine_records (patient_id, vaccine, vaccine_date, product) VALUES ('pt-0440', 'COVID-19', '2018-06-05', 'Nuvaxovid');
INSERT INTO patient_vaccine_records (patient_id, vaccine, vaccine_date, product) VALUES ('pt-0440', 'COVID-19 booster', '2019-10-17', 'Spikevax');
INSERT INTO patient_vaccine_records (patient_id, vaccine, vaccine_date, product) VALUES ('pt-0440', 'Td/Tdap (tetanus, diphtheria, pertussis)', '2021-10-26', NULL);

INSERT INTO patients (id, name, age, gender, address_line1, city, county, postcode, country, telephone, email, gp_name, gp_practice, gp_address, national_insurance_number, passport_number, cache_status, last_synced_at, meta_region) VALUES ('pt-0441', 'Jack Phillips', 77, 'Male', 'Flat 8, 26 The Mall', 'London', 'Greater London', 'SW1A 1BH', 'UK', '+44 7995 630737', 'jack.phillips@outlook.com', 'Dr Fatima Ahmed', 'Brownlow Group Practice', '150 Mt Pleasant, Liverpool L69 3GD, United Kingdom', 'GJ580437A', '077298097', 'cached_recent', '2026-02-10T00:00:00Z', 'London');
INSERT INTO patient_conditions (patient_id, condition_name, status, since_date) VALUES ('pt-0441', 'Osteoporosis', 'history', '2020-09-12');
INSERT INTO patient_conditions (patient_id, condition_name, status, since_date) VALUES ('pt-0441', 'Atrial fibrillation', 'controlled', '2017-03-13');
INSERT INTO patient_conditions (patient_id, condition_name, status, since_date) VALUES ('pt-0441', 'Chronic obstructive pulmonary disease (severe)', 'monitoring', '2018-04-27');
INSERT INTO patient_conditions (patient_id, condition_name, status, since_date) VALUES ('pt-0441', 'Asthma', 'monitoring', '2025-07-25');
INSERT INTO patient_conditions (patient_id, condition_name, status, since_date) VALUES ('pt-0441', 'Chronic kidney disease (stage 4)', 'active', '2024-11-22');
INSERT INTO patient_conditions (patient_id, condition_name, status, since_date) VALUES ('pt-0441', 'Overactive bladder', 'history', '2016-07-05');
INSERT INTO patient_appointments (patient_id, appointment_date, appointment_time, type, location, reason, verified_up_to_date) VALUES ('pt-0441', '2023-08-27', '13:50', 'Diabetes clinic', 'Community clinic', 'annual monitoring', 1);
INSERT INTO patient_appointments (patient_id, appointment_date, appointment_time, type, location, reason, verified_up_to_date) VALUES ('pt-0441', '2025-10-01', '13:15', 'GP review', 'GP practice', 'results discussion', 1);
INSERT INTO patient_appointments (patient_id, appointment_date, appointment_time, type, location, reason, verified_up_to_date) VALUES ('pt-0441', '2025-12-16', '16:20', 'Respiratory review', 'Telehealth', 'symptom check', 0);
INSERT INTO patient_vaccine_records (patient_id, vaccine, vaccine_date, product) VALUES ('pt-0441', 'Influenza (seasonal)', '2018-08-20', NULL);

INSERT INTO patients (id, name, age, gender, address_line1, city, county, postcode, country, telephone, email, gp_name, gp_practice, gp_address, national_insurance_number, passport_number, cache_status, last_synced_at, meta_region) VALUES ('pt-0442', 'Olivia Singh', 22, 'Female', 'Apt 73, 120 Constitution Hill', 'London', 'Greater London', 'SW1A 1BH', 'UK', '+44 7473 873705', 'olivia.singh@hotmail.co.uk', 'Dr Kieran Smith', 'Brownlow Group Practice', '150 Mt Pleasant, Liverpool L69 3GD, United Kingdom', 'KX929108B', '598163109', 'cached_recent', '2026-02-07T00:00:00Z', 'London');
INSERT INTO patient_conditions (patient_id, condition_name, status, since_date) VALUES ('pt-0442', 'Dementia', 'monitoring', '2020-03-20');
INSERT INTO patient_appointments (patient_id, appointment_date, appointment_time, type, location, reason, verified_up_to_date) VALUES ('pt-0442', '2025-10-01', '14:30', 'Ophthalmology', 'Telehealth', 'routine review', 1);

INSERT INTO patients (id, name, age, gender, address_line1, city, county, postcode, country, telephone, email, gp_name, gp_practice, gp_address, national_insurance_number, passport_number, cache_status, last_synced_at, meta_region) VALUES ('pt-0443', 'Isabella Ali', 61, 'Female', 'Apt 75, 220 Sauchiehall Street', 'Glasgow', 'Glasgow City', 'G2 2PG', 'UK', '+44 7119 479212', 'isabella.ali39@hotmail.co.uk', 'Dr Ibrahim Foster', 'Brownlow Group Practice', '150 Mt Pleasant, Liverpool L69 3GD, United Kingdom', 'UZ742772B', '685742036', 'verified_online', '2026-02-12T00:00:00Z', 'Glasgow');
INSERT INTO patient_conditions (patient_id, condition_name, status, since_date) VALUES ('pt-0443', 'Hypertension', 'active', '2021-12-16');
INSERT INTO patient_conditions (patient_id, condition_name, status, since_date) VALUES ('pt-0443', 'Osteoporosis', 'active', '2013-01-09');
INSERT INTO patient_conditions (patient_id, condition_name, status, since_date) VALUES ('pt-0443', 'Obesity', 'active', '2024-10-18');
INSERT INTO patient_prescriptions (patient_id, drug, indication, dose, frequency, start_date, prescriber) VALUES ('pt-0443', 'Metformin', 'Type 2 diabetes', '20 mg', 'with meals', '2024-09-22', 'Dr Chloe Khan');
INSERT INTO patient_appointments (patient_id, appointment_date, appointment_time, type, location, reason, verified_up_to_date) VALUES ('pt-0443', '2025-01-27', '11:10', 'Vaccination appointment', 'Hospital outpatient department', 'treatment follow-up', 1);
INSERT INTO patient_vaccine_records (patient_id, vaccine, vaccine_date, product) VALUES ('pt-0443', 'Td/Tdap (tetanus, diphtheria, pertussis)', '2024-10-06', NULL);

INSERT INTO patients (id, name, age, gender, address_line1, city, county, postcode, country, telephone, email, gp_name, gp_practice, gp_address, national_insurance_number, passport_number, cache_status, last_synced_at, meta_region) VALUES ('pt-0444', 'Stephen Wood', 88, 'Male', 'Flat 37, 4 West George Street', 'Glasgow', 'Glasgow City', 'G2 2QZ', 'UK', '+44 7979 339826', 'stephen.wood37@hotmail.co.uk', 'Dr Ibrahim Foster', 'Brownlow Group Practice', '150 Mt Pleasant, Liverpool L69 3GD, United Kingdom', 'HV075242C', '745428502', 'cached_stale', '2026-02-12T00:00:00Z', 'Glasgow');
INSERT INTO patient_prescriptions (patient_id, drug, indication, dose, frequency, start_date, prescriber) VALUES ('pt-0444', 'Dapagliflozin', 'Type 2 diabetes/Heart failure/CKD', '500 mg', 'once weekly', '2024-07-10', 'Dr Chloe Khan');
INSERT INTO patient_vaccine_records (patient_id, vaccine, vaccine_date, product) VALUES ('pt-0444', 'COVID-19', '2018-02-12', 'Comirnaty');
INSERT INTO patient_vaccine_records (patient_id, vaccine, vaccine_date, product) VALUES ('pt-0444', 'Influenza (seasonal)', '2021-10-15', NULL);
INSERT INTO patient_vaccine_records (patient_id, vaccine, vaccine_date, product) VALUES ('pt-0444', 'Pneumococcal', '2019-01-12', NULL);

INSERT INTO patients (id, name, age, gender, address_line1, city, county, postcode, country, telephone, email, gp_name, gp_practice, gp_address, national_insurance_number, passport_number, cache_status, last_synced_at, meta_region) VALUES ('pt-0445', 'Edward Howard', 39, 'Male', '181 St Mary Street', 'Cardiff', 'South Glamorgan', 'CF10 1AB', 'UK', '+44 7743 771377', 'edward130@outlook.com', 'Dr George Hughes', 'Brownlow Group Practice', '150 Mt Pleasant, Liverpool L69 3GD, United Kingdom', 'HG777690C', '476783883', 'cached_stale', '2026-02-20T00:00:00Z', 'Cardiff');
INSERT INTO patient_conditions (patient_id, condition_name, status, since_date) VALUES ('pt-0445', 'COPD', 'monitoring', '2019-01-08');
INSERT INTO patient_vaccine_records (patient_id, vaccine, vaccine_date, product) VALUES ('pt-0445', 'COVID-19', '2021-05-23', 'Comirnaty');
INSERT INTO patient_vaccine_records (patient_id, vaccine, vaccine_date, product) VALUES ('pt-0445', 'COVID-19 booster', '2025-03-23', 'Spikevax');
INSERT INTO patient_vaccine_records (patient_id, vaccine, vaccine_date, product) VALUES ('pt-0445', 'Hepatitis B', '2024-05-11', NULL);

INSERT INTO patients (id, name, age, gender, address_line1, city, county, postcode, country, telephone, email, gp_name, gp_practice, gp_address, national_insurance_number, passport_number, cache_status, last_synced_at, meta_region) VALUES ('pt-0446', 'Rachel Baker', 68, 'Female', 'Unit 30, 209 Bath Street', 'Glasgow', 'Glasgow City', 'G2 2PG', 'UK', '+44 7820 652796', 'rachel.baker@icloud.com', 'Dr Lucy Foster', 'Brownlow Group Practice', '150 Mt Pleasant, Liverpool L69 3GD, United Kingdom', 'BO134309B', '573355009', 'cached_stale', '2026-02-16T00:00:00Z', 'Glasgow');
INSERT INTO patient_conditions (patient_id, condition_name, status, since_date) VALUES ('pt-0446', 'History of stroke/TIA', 'controlled', '2022-05-19');
INSERT INTO patient_conditions (patient_id, condition_name, status, since_date) VALUES ('pt-0446', 'Atrial fibrillation', 'active', '2019-07-18');
INSERT INTO patient_conditions (patient_id, condition_name, status, since_date) VALUES ('pt-0446', 'Type 2 diabetes', 'history', '2012-01-05');
INSERT INTO patient_prescriptions (patient_id, drug, indication, dose, frequency, start_date, prescriber) VALUES ('pt-0446', 'Sacubitril/valsartan', 'Heart failure', '5 mg', 'once daily', '2025-10-02', 'Dr Hannah Wilson');
INSERT INTO patient_prescriptions (patient_id, drug, indication, dose, frequency, start_date, prescriber) VALUES ('pt-0446', 'Amlodipine', 'Hypertension/Angina', '2.5 mg', 'at night', '2023-05-07', 'Dr Owen Hughes');
INSERT INTO patient_appointments (patient_id, appointment_date, appointment_time, type, location, reason, verified_up_to_date) VALUES ('pt-0446', '2025-04-09', '14:50', 'Ophthalmology', 'Hospital outpatient department', 'treatment follow-up', 1);
INSERT INTO patient_appointments (patient_id, appointment_date, appointment_time, type, location, reason, verified_up_to_date) VALUES ('pt-0446', '2026-05-20', '17:15', 'Mental health check-in', 'Hospital outpatient department', 'annual monitoring', 1);
INSERT INTO patient_appointments (patient_id, appointment_date, appointment_time, type, location, reason, verified_up_to_date) VALUES ('pt-0446', '2027-02-22', '10:10', 'Physiotherapy', 'Telehealth', 'symptom check', 0);

INSERT INTO patients (id, name, age, gender, address_line1, city, county, postcode, country, telephone, email, gp_name, gp_practice, gp_address, national_insurance_number, passport_number, cache_status, last_synced_at, meta_region) VALUES ('pt-0447', 'Archie Jackson', 54, 'Male', 'Unit 18, 100 Corporation Street', 'Birmingham', 'West Midlands', 'B1 1BB', 'UK', '+44 7257 508768', 'archie.jackson4@outlook.com', 'Dr Ibrahim Wilson', 'Brownlow Group Practice', '150 Mt Pleasant, Liverpool L69 3GD, United Kingdom', 'KF994661D', '254782376', 'verified_online', '2026-03-02T00:00:00Z', 'Birmingham');
INSERT INTO patient_conditions (patient_id, condition_name, status, since_date) VALUES ('pt-0447', 'Heart failure', 'active', '2016-03-24');
INSERT INTO patient_prescriptions (patient_id, drug, indication, dose, frequency, start_date, prescriber) VALUES ('pt-0447', 'Budesonide', 'Respiratory/Inflammation', '500 mg', 'once daily', '2024-09-03', 'Dr Holly Taylor');

INSERT INTO patients (id, name, age, gender, address_line1, city, county, postcode, country, telephone, email, gp_name, gp_practice, gp_address, national_insurance_number, passport_number, cache_status, last_synced_at, meta_region) VALUES ('pt-0448', 'Megan Knight', 63, 'Female', 'Unit 5, 46 Custom House Place', 'Liverpool', 'Merseyside', 'L1 8BU', 'UK', '+44 7699 612996', 'megan.knight83@outlook.com', 'Dr Kate Khan', 'Brownlow Group Practice', '150 Mt Pleasant, Liverpool L69 3GD, United Kingdom', 'KZ648750C', '423391898', 'cached_recent', '2026-03-03T00:00:00Z', 'Liverpool');

INSERT INTO patients (id, name, age, gender, address_line1, city, county, postcode, country, telephone, email, gp_name, gp_practice, gp_address, national_insurance_number, passport_number, cache_status, last_synced_at, meta_region) VALUES ('pt-0449', 'Isabella Harris', 55, 'Female', '46 Belvedere Road', 'London', 'Greater London', 'SW1A 1AA', 'UK', '+44 7110 542276', 'isabella687@icloud.com', 'Dr Fatima Ahmed', 'Brownlow Group Practice', '150 Mt Pleasant, Liverpool L69 3GD, United Kingdom', 'DR248762D', '405033079', 'cached_recent', '2026-02-06T00:00:00Z', 'London');
INSERT INTO patient_conditions (patient_id, condition_name, status, since_date) VALUES ('pt-0449', 'Asthma', 'active', '2018-11-12');
INSERT INTO patient_conditions (patient_id, condition_name, status, since_date) VALUES ('pt-0449', 'Chronic back pain', 'history', '2021-04-11');
INSERT INTO patient_conditions (patient_id, condition_name, status, since_date) VALUES ('pt-0449', 'Glaucoma', 'active', '2018-10-06');
INSERT INTO patient_conditions (patient_id, condition_name, status, since_date) VALUES ('pt-0449', 'Obesity', 'controlled', '2023-07-30');
INSERT INTO patient_conditions (patient_id, condition_name, status, since_date) VALUES ('pt-0449', 'Epilepsy', 'active', '2025-08-12');
INSERT INTO patient_prescriptions (patient_id, drug, indication, dose, frequency, start_date, prescriber) VALUES ('pt-0449', 'Oxybutynin', 'Overactive bladder', '200 mg', 'with meals', '2024-11-10', 'Dr Helen Ahmed');
INSERT INTO patient_appointments (patient_id, appointment_date, appointment_time, type, location, reason, verified_up_to_date) VALUES ('pt-0449', '2023-09-20', '09:15', 'Medication review', 'Community clinic', 'treatment follow-up', 1);
INSERT INTO patient_appointments (patient_id, appointment_date, appointment_time, type, location, reason, verified_up_to_date) VALUES ('pt-0449', '2024-08-20', '16:20', 'Cardiology follow-up', 'Community clinic', 'annual monitoring', 1);
INSERT INTO patient_appointments (patient_id, appointment_date, appointment_time, type, location, reason, verified_up_to_date) VALUES ('pt-0449', '2026-07-25', '09:30', 'Vaccination appointment', 'Community clinic', 'symptom check', 1);

INSERT INTO patients (id, name, age, gender, address_line1, city, county, postcode, country, telephone, email, gp_name, gp_practice, gp_address, national_insurance_number, passport_number, cache_status, last_synced_at, meta_region) VALUES ('pt-0450', 'Clara Webb', 77, 'Female', 'Apt 69, 192 West Nile Street', 'Glasgow', 'Glasgow City', 'G1 2RD', 'UK', '+44 7220 448246', 'clara.webb@outlook.com', 'Dr Lucy Foster', 'Brownlow Group Practice', '150 Mt Pleasant, Liverpool L69 3GD, United Kingdom', 'UM764019B', '838548183', 'verified_online', '2026-02-06T00:00:00Z', 'Glasgow');
INSERT INTO patient_conditions (patient_id, condition_name, status, since_date) VALUES ('pt-0450', 'Heart failure', 'controlled', '2014-10-23');
INSERT INTO patient_conditions (patient_id, condition_name, status, since_date) VALUES ('pt-0450', 'Chronic kidney disease (stage 4)', 'monitoring', '2025-11-09');
INSERT INTO patient_conditions (patient_id, condition_name, status, since_date) VALUES ('pt-0450', 'History of stroke/TIA', 'history', '2016-12-08');
INSERT INTO patient_prescriptions (patient_id, drug, indication, dose, frequency, start_date, prescriber) VALUES ('pt-0450', 'Amoxicillin', 'Bacterial infection', '200 mg', 'once daily', '2024-12-25', 'Dr Maya Brown');
INSERT INTO patient_prescriptions (patient_id, drug, indication, dose, frequency, start_date, prescriber) VALUES ('pt-0450', 'Insulin aspart', 'Diabetes', '1 tablet', 'at night', '2024-06-19', 'Dr Robert Ahmed');
INSERT INTO patient_appointments (patient_id, appointment_date, appointment_time, type, location, reason, verified_up_to_date) VALUES ('pt-0450', '2023-05-11', '17:50', 'GP review', 'Community clinic', 'annual monitoring', 1);
INSERT INTO patient_appointments (patient_id, appointment_date, appointment_time, type, location, reason, verified_up_to_date) VALUES ('pt-0450', '2027-01-10', '09:50', 'GP review', 'GP practice', 'treatment follow-up', 1);
INSERT INTO patient_vaccine_records (patient_id, vaccine, vaccine_date, product) VALUES ('pt-0450', 'Shingles (Shingrix)', '2018-02-17', 'Shingrix');
INSERT INTO patient_vaccine_records (patient_id, vaccine, vaccine_date, product) VALUES ('pt-0450', 'RSV', '2022-05-08', 'Abrysvo');

INSERT INTO patients (id, name, age, gender, address_line1, city, county, postcode, country, telephone, email, gp_name, gp_practice, gp_address, national_insurance_number, passport_number, cache_status, last_synced_at, meta_region) VALUES ('pt-0451', 'Michael Moore', 29, 'Male', 'Flat 46, 184 Marmora Road', 'Cambridge', 'Cambridgeshire', 'CB1 3QB', 'UK', '+44 7476 638157', 'michael.moore82@icloud.com', 'Dr Laura Jones', 'Brownlow Group Practice', '150 Mt Pleasant, Liverpool L69 3GD, United Kingdom', 'SS012514B', '363864010', 'cached_stale', '2026-02-02T00:00:00Z', 'Cambridge');
INSERT INTO patient_conditions (patient_id, condition_name, status, since_date) VALUES ('pt-0451', 'Chronic kidney disease', 'active', '2011-04-11');
INSERT INTO patient_conditions (patient_id, condition_name, status, since_date) VALUES ('pt-0451', 'Generalised anxiety disorder', 'history', '2016-07-19');
INSERT INTO patient_appointments (patient_id, appointment_date, appointment_time, type, location, reason, verified_up_to_date) VALUES ('pt-0451', '2025-11-18', '14:20', 'Physiotherapy', 'GP practice', 'routine review', 1);

INSERT INTO patients (id, name, age, gender, address_line1, city, county, postcode, country, telephone, email, gp_name, gp_practice, gp_address, national_insurance_number, passport_number, cache_status, last_synced_at, meta_region) VALUES ('pt-0452', 'Chloe Campbell', 46, 'Female', 'Flat 27, 135 Chicheley Street', 'London', 'Greater London', 'SW1A 1BB', 'UK', '+44 7873 624154', 'ccampbell@gmail.com', 'Dr Fatima Ahmed', 'Brownlow Group Practice', '150 Mt Pleasant, Liverpool L69 3GD, United Kingdom', 'YA316874C', '963044449', 'verified_online', '2026-03-01T00:00:00Z', 'London');
INSERT INTO patient_conditions (patient_id, condition_name, status, since_date) VALUES ('pt-0452', 'COPD', 'history', '2011-04-16');
INSERT INTO patient_prescriptions (patient_id, drug, indication, dose, frequency, start_date, prescriber) VALUES ('pt-0452', 'Sertraline', 'Depression/Anxiety', '1 puff', 'at night', '2024-12-20', 'Dr Hannah Jones');
INSERT INTO patient_appointments (patient_id, appointment_date, appointment_time, type, location, reason, verified_up_to_date) VALUES ('pt-0452', '2023-03-24', '14:30', 'Cardiology follow-up', 'Hospital outpatient department', 'annual monitoring', 0);
INSERT INTO patient_appointments (patient_id, appointment_date, appointment_time, type, location, reason, verified_up_to_date) VALUES ('pt-0452', '2026-09-25', '15:45', 'Medication review', 'Home visit', 'vaccination', 0);
INSERT INTO patient_vaccine_records (patient_id, vaccine, vaccine_date, product) VALUES ('pt-0452', 'COVID-19', '2022-10-03', 'Comirnaty');

INSERT INTO patients (id, name, age, gender, address_line1, city, county, postcode, country, telephone, email, gp_name, gp_practice, gp_address, national_insurance_number, passport_number, cache_status, last_synced_at, meta_region) VALUES ('pt-0453', 'Sienna Clarke', 59, 'Female', 'Flat 14, 47 The Mall', 'London', 'Greater London', 'SW1A 1BW', 'UK', '+44 7711 290836', 'sienna954@gmail.com', 'Dr Grace Evans', 'Brownlow Group Practice', '150 Mt Pleasant, Liverpool L69 3GD, United Kingdom', 'GQ138639D', '839438221', 'verified_online', '2026-02-26T00:00:00Z', 'London');
INSERT INTO patient_conditions (patient_id, condition_name, status, since_date) VALUES ('pt-0453', 'Coronary heart disease', 'active', '2020-06-15');
INSERT INTO patient_conditions (patient_id, condition_name, status, since_date) VALUES ('pt-0453', 'History of stroke/TIA', 'active', '2013-07-16');
INSERT INTO patient_conditions (patient_id, condition_name, status, since_date) VALUES ('pt-0453', 'Glaucoma', 'history', '2024-02-07');
INSERT INTO patient_conditions (patient_id, condition_name, status, since_date) VALUES ('pt-0453', 'Chronic kidney disease', 'monitoring', '2021-04-06');
INSERT INTO patient_prescriptions (patient_id, drug, indication, dose, frequency, start_date, prescriber) VALUES ('pt-0453', 'Edoxaban', 'Anticoagulant (AF/VTE)', '500 mg', 'twice daily', '2026-01-16', 'Dr Chloe Ahmed');
INSERT INTO patient_appointments (patient_id, appointment_date, appointment_time, type, location, reason, verified_up_to_date) VALUES ('pt-0453', '2026-10-15', '11:30', 'Mental health check-in', 'Hospital outpatient department', 'annual monitoring', 1);
INSERT INTO patient_vaccine_records (patient_id, vaccine, vaccine_date, product) VALUES ('pt-0453', 'COVID-19', '2023-03-09', 'Comirnaty');

INSERT INTO patients (id, name, age, gender, address_line1, city, county, postcode, country, telephone, email, gp_name, gp_practice, gp_address, national_insurance_number, passport_number, cache_status, last_synced_at, meta_region) VALUES ('pt-0454', 'Jude Campbell', 25, 'Male', 'Apt 21, 42 Houldsworth Street', 'Manchester', 'Greater Manchester', 'M1 1AQ', 'UK', '+44 7347 154406', 'judecampbell@outlook.com', 'Dr Michael Smith', 'Brownlow Group Practice', '150 Mt Pleasant, Liverpool L69 3GD, United Kingdom', 'II397499A', '845569641', 'cached_recent', '2026-02-21T00:00:00Z', 'Manchester');
INSERT INTO patient_conditions (patient_id, condition_name, status, since_date) VALUES ('pt-0454', 'Overactive bladder', 'active', '2021-02-20');
INSERT INTO patient_prescriptions (patient_id, drug, indication, dose, frequency, start_date, prescriber) VALUES ('pt-0454', 'Tiotropium', 'COPD', '100 mg', 'once daily', '2023-11-26', 'Dr Maya Campbell');
INSERT INTO patient_prescriptions (patient_id, drug, indication, dose, frequency, start_date, prescriber) VALUES ('pt-0454', 'Citalopram', 'Depression/Anxiety', '2.5 mg', 'once weekly', '2024-02-21', 'Dr Grace Khan');

INSERT INTO patients (id, name, age, gender, address_line1, city, county, postcode, country, telephone, email, gp_name, gp_practice, gp_address, national_insurance_number, passport_number, cache_status, last_synced_at, meta_region) VALUES ('pt-0455', 'Freya Martin', 62, 'Female', 'Apt 58, 58 Queen Victoria Road', 'Newcastle upon Tyne', 'Tyne and Wear', 'NE1 4LP', 'UK', '+44 7233 276982', 'freya.martin@icloud.com', 'Dr Aisha Foster', 'Brownlow Group Practice', '150 Mt Pleasant, Liverpool L69 3GD, United Kingdom', 'BC651618C', '601491547', 'verified_online', '2026-03-03T00:00:00Z', 'Newcastle upon Tyne');
INSERT INTO patient_conditions (patient_id, condition_name, status, since_date) VALUES ('pt-0455', 'COPD', 'active', '2014-03-30');
INSERT INTO patient_prescriptions (patient_id, drug, indication, dose, frequency, start_date, prescriber) VALUES ('pt-0455', 'Dapagliflozin', 'Type 2 diabetes/Heart failure/CKD', '1 puff', 'once weekly', '2024-08-28', 'Dr Alex Wilson');
INSERT INTO patient_prescriptions (patient_id, drug, indication, dose, frequency, start_date, prescriber) VALUES ('pt-0455', 'Empagliflozin', 'Type 2 diabetes/Heart failure', '1 g', 'with meals', '2025-01-21', 'Dr Chloe Clarke');
INSERT INTO patient_appointments (patient_id, appointment_date, appointment_time, type, location, reason, verified_up_to_date) VALUES ('pt-0455', '2023-12-23', '16:00', 'Physiotherapy', 'Community clinic', 'results discussion', 0);
INSERT INTO patient_appointments (patient_id, appointment_date, appointment_time, type, location, reason, verified_up_to_date) VALUES ('pt-0455', '2024-11-13', '10:40', 'Physiotherapy', 'GP practice', 'results discussion', 0);
INSERT INTO patient_appointments (patient_id, appointment_date, appointment_time, type, location, reason, verified_up_to_date) VALUES ('pt-0455', '2025-06-21', '09:00', 'Respiratory review', 'Community clinic', 'annual monitoring', 1);
INSERT INTO patient_vaccine_records (patient_id, vaccine, vaccine_date, product) VALUES ('pt-0455', 'COVID-19', '2018-07-09', 'Spikevax');

INSERT INTO patients (id, name, age, gender, address_line1, city, county, postcode, country, telephone, email, gp_name, gp_practice, gp_address, national_insurance_number, passport_number, cache_status, last_synced_at, meta_region) VALUES ('pt-0456', 'Adam Cooper', 87, 'Male', '87 Lower College Street', 'Bristol', 'Bristol', 'BS1 5UG', 'UK', '+44 7878 291628', 'adam.cooper72@gmail.com', 'Dr Kate Evans', 'Brownlow Group Practice', '150 Mt Pleasant, Liverpool L69 3GD, United Kingdom', 'PA020327C', '084375586', 'cached_recent', '2026-02-11T00:00:00Z', 'Bristol');
INSERT INTO patient_vaccine_records (patient_id, vaccine, vaccine_date, product) VALUES ('pt-0456', 'Influenza (seasonal)', '2021-08-24', NULL);
INSERT INTO patient_vaccine_records (patient_id, vaccine, vaccine_date, product) VALUES ('pt-0456', 'Pneumococcal', '2023-11-09', NULL);
INSERT INTO patient_vaccine_records (patient_id, vaccine, vaccine_date, product) VALUES ('pt-0456', 'Shingles (Shingrix)', '2016-05-31', 'Shingrix');

INSERT INTO patients (id, name, age, gender, address_line1, city, county, postcode, country, telephone, email, gp_name, gp_practice, gp_address, national_insurance_number, passport_number, cache_status, last_synced_at, meta_region) VALUES ('pt-0457', 'Matilda Patel', 61, 'Female', '68 Hope Street', 'Glasgow', 'Glasgow City', 'G2 2PG', 'UK', '+44 7612 837877', 'matilda112@gmail.com', 'Dr Eleanor Khan', 'Brownlow Group Practice', '150 Mt Pleasant, Liverpool L69 3GD, United Kingdom', 'DL046435A', '607197001', 'verified_online', '2026-02-03T00:00:00Z', 'Glasgow');
INSERT INTO patient_conditions (patient_id, condition_name, status, since_date) VALUES ('pt-0457', 'Glaucoma', 'monitoring', '2020-04-13');
INSERT INTO patient_prescriptions (patient_id, drug, indication, dose, frequency, start_date, prescriber) VALUES ('pt-0457', 'Semaglutide', 'Type 2 diabetes/Weight management', '1 puff', 'once daily', '2025-03-02', 'Dr Kieran Ahmed');
INSERT INTO patient_appointments (patient_id, appointment_date, appointment_time, type, location, reason, verified_up_to_date) VALUES ('pt-0457', '2025-12-11', '10:00', 'Cardiology follow-up', 'Home visit', 'routine review', 0);
INSERT INTO patient_appointments (patient_id, appointment_date, appointment_time, type, location, reason, verified_up_to_date) VALUES ('pt-0457', '2026-02-16', '12:20', 'Cardiology follow-up', 'GP practice', 'treatment follow-up', 1);
INSERT INTO patient_appointments (patient_id, appointment_date, appointment_time, type, location, reason, verified_up_to_date) VALUES ('pt-0457', '2026-07-22', '10:20', 'Mental health check-in', 'Community clinic', 'results discussion', 1);
INSERT INTO patient_vaccine_records (patient_id, vaccine, vaccine_date, product) VALUES ('pt-0457', 'COVID-19', '2025-09-04', 'Nuvaxovid');
INSERT INTO patient_vaccine_records (patient_id, vaccine, vaccine_date, product) VALUES ('pt-0457', 'MMR', '2017-08-16', NULL);

INSERT INTO patients (id, name, age, gender, address_line1, city, county, postcode, country, telephone, email, gp_name, gp_practice, gp_address, national_insurance_number, passport_number, cache_status, last_synced_at, meta_region) VALUES ('pt-0458', 'Abigail Thomas', 56, 'Female', '50 The Mall', 'London', 'Greater London', 'SW1A 1BH', 'UK', '+44 7341 896629', 'abigail956@icloud.com', 'Dr Fatima Ahmed', 'Brownlow Group Practice', '150 Mt Pleasant, Liverpool L69 3GD, United Kingdom', 'PF924706C', '318973243', 'verified_online', '2026-02-21T00:00:00Z', 'London');
INSERT INTO patient_prescriptions (patient_id, drug, indication, dose, frequency, start_date, prescriber) VALUES ('pt-0458', 'Tirzepatide', 'Weight management/Type 2 diabetes', '2.5 mg', 'at night', '2024-04-12', 'Dr Eleanor Foster');
INSERT INTO patient_prescriptions (patient_id, drug, indication, dose, frequency, start_date, prescriber) VALUES ('pt-0458', 'Amitriptyline', 'Neuropathic pain/Migraine prevention', '500 mg', 'with meals', '2025-01-30', 'Dr Ibrahim Ahmed');
INSERT INTO patient_appointments (patient_id, appointment_date, appointment_time, type, location, reason, verified_up_to_date) VALUES ('pt-0458', '2025-06-25', '10:45', 'Diabetes clinic', 'Hospital outpatient department', 'treatment follow-up', 1);
INSERT INTO patient_appointments (patient_id, appointment_date, appointment_time, type, location, reason, verified_up_to_date) VALUES ('pt-0458', '2025-08-29', '09:30', 'Ophthalmology', 'Community clinic', 'routine review', 0);
INSERT INTO patient_appointments (patient_id, appointment_date, appointment_time, type, location, reason, verified_up_to_date) VALUES ('pt-0458', '2026-06-17', '12:10', 'Respiratory review', 'Community clinic', 'annual monitoring', 0);
INSERT INTO patient_appointments (patient_id, appointment_date, appointment_time, type, location, reason, verified_up_to_date) VALUES ('pt-0458', '2026-12-10', '13:40', 'Blood test', 'GP practice', 'results discussion', 1);
INSERT INTO patient_vaccine_records (patient_id, vaccine, vaccine_date, product) VALUES ('pt-0458', 'COVID-19', '2018-05-24', 'Spikevax');

INSERT INTO patients (id, name, age, gender, address_line1, city, county, postcode, country, telephone, email, gp_name, gp_practice, gp_address, national_insurance_number, passport_number, cache_status, last_synced_at, meta_region) VALUES ('pt-0459', 'Samuel Ahmed', 55, 'Male', 'Flat 7, 214 Paradise Street', 'Liverpool', 'Merseyside', 'L1 8BJ', 'UK', '+44 7744 161496', 'sahmed@outlook.com', 'Dr Rachel Clarke', 'Brownlow Group Practice', '150 Mt Pleasant, Liverpool L69 3GD, United Kingdom', 'OH114015A', '807606463', 'verified_online', '2026-02-22T00:00:00Z', 'Liverpool');
INSERT INTO patient_conditions (patient_id, condition_name, status, since_date) VALUES ('pt-0459', 'Chronic kidney disease', 'active', '2025-09-15');
INSERT INTO patient_conditions (patient_id, condition_name, status, since_date) VALUES ('pt-0459', 'Hypercholesterolaemia', 'controlled', '2024-12-08');
INSERT INTO patient_conditions (patient_id, condition_name, status, since_date) VALUES ('pt-0459', 'Chronic back pain', 'active', '2012-03-26');
INSERT INTO patient_appointments (patient_id, appointment_date, appointment_time, type, location, reason, verified_up_to_date) VALUES ('pt-0459', '2023-05-06', '08:30', 'GP review', 'Telehealth', 'routine review', 0);
INSERT INTO patient_appointments (patient_id, appointment_date, appointment_time, type, location, reason, verified_up_to_date) VALUES ('pt-0459', '2025-11-18', '11:50', 'Vaccination appointment', 'Community clinic', 'annual monitoring', 1);
INSERT INTO patient_appointments (patient_id, appointment_date, appointment_time, type, location, reason, verified_up_to_date) VALUES ('pt-0459', '2026-12-20', '12:15', 'Respiratory review', 'Home visit', 'treatment follow-up', 0);
INSERT INTO patient_appointments (patient_id, appointment_date, appointment_time, type, location, reason, verified_up_to_date) VALUES ('pt-0459', '2027-02-13', '10:15', 'Physiotherapy', 'Hospital outpatient department', 'treatment follow-up', 1);

INSERT INTO patients (id, name, age, gender, address_line1, city, county, postcode, country, telephone, email, gp_name, gp_practice, gp_address, national_insurance_number, passport_number, cache_status, last_synced_at, meta_region) VALUES ('pt-0460', 'Matilda Hughes', 90, 'Female', 'Flat 33, 92 Claremont Road', 'Newcastle upon Tyne', 'Tyne and Wear', 'NE1 4LP', 'UK', '+44 7354 231010', 'matilda420@outlook.com', 'Dr Helen Foster', 'Brownlow Group Practice', '150 Mt Pleasant, Liverpool L69 3GD, United Kingdom', 'XW786353A', '788886023', 'verified_online', '2026-02-27T00:00:00Z', 'Newcastle upon Tyne');
INSERT INTO patient_conditions (patient_id, condition_name, status, since_date) VALUES ('pt-0460', 'Overactive bladder', 'controlled', '2025-09-13');
INSERT INTO patient_conditions (patient_id, condition_name, status, since_date) VALUES ('pt-0460', 'Hypothyroidism', 'history', '2020-07-01');
INSERT INTO patient_conditions (patient_id, condition_name, status, since_date) VALUES ('pt-0460', 'Osteoporosis', 'active', '2021-12-22');
INSERT INTO patient_conditions (patient_id, condition_name, status, since_date) VALUES ('pt-0460', 'Chronic kidney disease', 'active', '2019-02-05');
INSERT INTO patient_conditions (patient_id, condition_name, status, since_date) VALUES ('pt-0460', 'Depression', 'active', '2014-12-19');
INSERT INTO patient_conditions (patient_id, condition_name, status, since_date) VALUES ('pt-0460', 'Gout', 'controlled', '2017-12-08');
INSERT INTO patient_prescriptions (patient_id, drug, indication, dose, frequency, start_date, prescriber) VALUES ('pt-0460', 'Tirzepatide', 'Weight management/Type 2 diabetes', '5 mg', 'at night', '2024-04-23', 'Dr Fatima Morgan');
INSERT INTO patient_appointments (patient_id, appointment_date, appointment_time, type, location, reason, verified_up_to_date) VALUES ('pt-0460', '2026-12-15', '08:45', 'Respiratory review', 'Home visit', 'results discussion', 1);
INSERT INTO patient_vaccine_records (patient_id, vaccine, vaccine_date, product) VALUES ('pt-0460', 'COVID-19', '2025-04-11', 'Spikevax');
INSERT INTO patient_vaccine_records (patient_id, vaccine, vaccine_date, product) VALUES ('pt-0460', 'Pneumococcal', '2018-05-19', NULL);
INSERT INTO patient_vaccine_records (patient_id, vaccine, vaccine_date, product) VALUES ('pt-0460', 'Shingles (Shingrix)', '2018-10-08', 'Shingrix');
INSERT INTO patient_vaccine_records (patient_id, vaccine, vaccine_date, product) VALUES ('pt-0460', 'MMR', '2019-10-05', NULL);

INSERT INTO patients (id, name, age, gender, address_line1, city, county, postcode, country, telephone, email, gp_name, gp_practice, gp_address, national_insurance_number, passport_number, cache_status, last_synced_at, meta_region) VALUES ('pt-0461', 'Joseph Wood', 62, 'Male', 'Apt 8, 161 The Mall', 'London', 'Greater London', 'SW1A 1JR', 'UK', '+44 7938 129713', 'joseph.wood@hotmail.co.uk', 'Dr Kieran Smith', 'Brownlow Group Practice', '150 Mt Pleasant, Liverpool L69 3GD, United Kingdom', 'LK560276D', '058131291', 'cached_recent', '2026-02-06T00:00:00Z', 'London');
INSERT INTO patient_conditions (patient_id, condition_name, status, since_date) VALUES ('pt-0461', 'Generalised anxiety disorder', 'active', '2016-02-23');
INSERT INTO patient_prescriptions (patient_id, drug, indication, dose, frequency, start_date, prescriber) VALUES ('pt-0461', 'Edoxaban', 'Anticoagulant (AF/VTE)', '25 mg', 'at night', '2024-05-04', 'Dr Rachel Smith');
INSERT INTO patient_appointments (patient_id, appointment_date, appointment_time, type, location, reason, verified_up_to_date) VALUES ('pt-0461', '2025-09-03', '10:30', 'Medication review', 'Hospital outpatient department', 'routine review', 1);

INSERT INTO patients (id, name, age, gender, address_line1, city, county, postcode, country, telephone, email, gp_name, gp_practice, gp_address, national_insurance_number, passport_number, cache_status, last_synced_at, meta_region) VALUES ('pt-0462', 'Ada Watson', 77, 'Female', '127 George Street', 'Edinburgh', 'City of Edinburgh', 'EH2 2SA', 'UK', '+44 7546 176711', 'awatson@outlook.com', 'Dr John O''Neill', 'Brownlow Group Practice', '150 Mt Pleasant, Liverpool L69 3GD, United Kingdom', 'BK636604D', '537917632', 'verified_online', '2026-02-05T00:00:00Z', 'Edinburgh');
INSERT INTO patient_conditions (patient_id, condition_name, status, since_date) VALUES ('pt-0462', 'Coronary heart disease', 'active', '2013-02-22');
INSERT INTO patient_prescriptions (patient_id, drug, indication, dose, frequency, start_date, prescriber) VALUES ('pt-0462', 'Empagliflozin', 'Type 2 diabetes/Heart failure', '1 puff', 'with meals', '2023-08-06', 'Dr Matthew Smith');
INSERT INTO patient_prescriptions (patient_id, drug, indication, dose, frequency, start_date, prescriber) VALUES ('pt-0462', 'Pregabalin', 'Neuropathic pain/Anxiety', '10 mg', 'twice daily', '2025-02-09', 'Dr Kieran Taylor');
INSERT INTO patient_appointments (patient_id, appointment_date, appointment_time, type, location, reason, verified_up_to_date) VALUES ('pt-0462', '2024-11-29', '17:30', 'Blood test', 'Telehealth', 'vaccination', 0);
INSERT INTO patient_appointments (patient_id, appointment_date, appointment_time, type, location, reason, verified_up_to_date) VALUES ('pt-0462', '2025-10-26', '10:15', 'Respiratory review', 'Home visit', 'symptom check', 1);
INSERT INTO patient_appointments (patient_id, appointment_date, appointment_time, type, location, reason, verified_up_to_date) VALUES ('pt-0462', '2027-02-10', '15:40', 'Physiotherapy', 'Home visit', 'routine review', 0);
INSERT INTO patient_vaccine_records (patient_id, vaccine, vaccine_date, product) VALUES ('pt-0462', 'Influenza (seasonal)', '2020-11-20', NULL);
INSERT INTO patient_vaccine_records (patient_id, vaccine, vaccine_date, product) VALUES ('pt-0462', 'RSV', '2023-11-14', 'Abrysvo');
INSERT INTO patient_vaccine_records (patient_id, vaccine, vaccine_date, product) VALUES ('pt-0462', 'Td/Tdap (tetanus, diphtheria, pertussis)', '2020-11-30', NULL);
INSERT INTO patient_vaccine_records (patient_id, vaccine, vaccine_date, product) VALUES ('pt-0462', 'MMR', '2021-11-04', NULL);

INSERT INTO patients (id, name, age, gender, address_line1, city, county, postcode, country, telephone, email, gp_name, gp_practice, gp_address, national_insurance_number, passport_number, cache_status, last_synced_at, meta_region) VALUES ('pt-0463', 'Sienna Stewart', 92, 'Female', '113 Chicheley Street', 'London', 'Greater London', 'SW1A 1BH', 'UK', '+44 7461 540888', 'sienna.stewart@hotmail.co.uk', 'Dr Sophie Roberts', 'Brownlow Group Practice', '150 Mt Pleasant, Liverpool L69 3GD, United Kingdom', 'UB692939D', '358706412', 'cached_stale', '2026-02-22T00:00:00Z', 'London');
INSERT INTO patient_prescriptions (patient_id, drug, indication, dose, frequency, start_date, prescriber) VALUES ('pt-0463', 'Colecalciferol', 'Vitamin D deficiency', '1 g', 'once daily', '2024-05-02', 'Dr Holly Khan');
INSERT INTO patient_prescriptions (patient_id, drug, indication, dose, frequency, start_date, prescriber) VALUES ('pt-0463', 'Alendronic acid', 'Osteoporosis', '50 mg', 'once weekly', '2023-10-25', 'Dr Fatima Taylor');

INSERT INTO patients (id, name, age, gender, address_line1, city, county, postcode, country, telephone, email, gp_name, gp_practice, gp_address, national_insurance_number, passport_number, cache_status, last_synced_at, meta_region) VALUES ('pt-0464', 'Muhammad Phillips', 51, 'Male', '181 Constitution Hill', 'London', 'Greater London', 'SW1A 1BA', 'UK', '+44 7312 418421', 'muhammad.phillips@gmail.com', 'Dr Kieran Smith', 'Brownlow Group Practice', '150 Mt Pleasant, Liverpool L69 3GD, United Kingdom', 'UU460215B', '631973591', 'verified_online', '2026-02-09T00:00:00Z', 'London');
INSERT INTO patient_conditions (patient_id, condition_name, status, since_date) VALUES ('pt-0464', 'Chronic kidney disease', 'controlled', '2011-10-29');
INSERT INTO patient_appointments (patient_id, appointment_date, appointment_time, type, location, reason, verified_up_to_date) VALUES ('pt-0464', '2025-04-09', '14:45', 'Mental health check-in', 'Telehealth', 'vaccination', 0);
INSERT INTO patient_appointments (patient_id, appointment_date, appointment_time, type, location, reason, verified_up_to_date) VALUES ('pt-0464', '2025-09-29', '14:50', 'Blood test', 'Hospital outpatient department', 'results discussion', 0);
INSERT INTO patient_appointments (patient_id, appointment_date, appointment_time, type, location, reason, verified_up_to_date) VALUES ('pt-0464', '2026-08-18', '17:40', 'Blood test', 'Hospital outpatient department', 'annual monitoring', 1);
INSERT INTO patient_vaccine_records (patient_id, vaccine, vaccine_date, product) VALUES ('pt-0464', 'Pneumococcal', '2016-07-16', NULL);

INSERT INTO patients (id, name, age, gender, address_line1, city, county, postcode, country, telephone, email, gp_name, gp_practice, gp_address, national_insurance_number, passport_number, cache_status, last_synced_at, meta_region) VALUES ('pt-0465', 'Lewis Fisher', 52, 'Male', 'Apt 1, 89 Houldsworth Street', 'Manchester', 'Greater Manchester', 'M1 1EB', 'UK', '+44 7663 983877', 'lewis223@icloud.com', 'Dr Sarah Campbell', 'Brownlow Group Practice', '150 Mt Pleasant, Liverpool L69 3GD, United Kingdom', 'UO248409D', '145067480', 'verified_online', '2026-02-02T00:00:00Z', 'Manchester');
INSERT INTO patient_prescriptions (patient_id, drug, indication, dose, frequency, start_date, prescriber) VALUES ('pt-0465', 'Co-codamol', 'Pain', '10 mg', 'with meals', '2024-01-28', 'Dr Owen Taylor');
INSERT INTO patient_appointments (patient_id, appointment_date, appointment_time, type, location, reason, verified_up_to_date) VALUES ('pt-0465', '2025-08-08', '08:10', 'Diabetes clinic', 'Hospital outpatient department', 'vaccination', 1);
INSERT INTO patient_vaccine_records (patient_id, vaccine, vaccine_date, product) VALUES ('pt-0465', 'COVID-19', '2020-07-27', 'Comirnaty');
INSERT INTO patient_vaccine_records (patient_id, vaccine, vaccine_date, product) VALUES ('pt-0465', 'COVID-19 booster', '2025-02-16', 'Comirnaty');

INSERT INTO patients (id, name, age, gender, address_line1, city, county, postcode, country, telephone, email, gp_name, gp_practice, gp_address, national_insurance_number, passport_number, cache_status, last_synced_at, meta_region) VALUES ('pt-0466', 'Sophia Phillips', 23, 'Female', 'Unit 14, 52 Hilton Street', 'Manchester', 'Greater Manchester', 'M1 1AE', 'UK', '+44 7180 791321', 'sophia.phillips67@gmail.com', 'Dr Kate Stewart', 'Brownlow Group Practice', '150 Mt Pleasant, Liverpool L69 3GD, United Kingdom', 'ID967864B', '829146444', 'verified_online', '2026-02-24T00:00:00Z', 'Manchester');
INSERT INTO patient_conditions (patient_id, condition_name, status, since_date) VALUES ('pt-0466', 'Hypercholesterolaemia', 'monitoring', '2013-07-26');
INSERT INTO patient_conditions (patient_id, condition_name, status, since_date) VALUES ('pt-0466', 'Hypertension', 'history', '2018-03-24');
INSERT INTO patient_appointments (patient_id, appointment_date, appointment_time, type, location, reason, verified_up_to_date) VALUES ('pt-0466', '2026-02-11', '10:50', 'Physiotherapy', 'Home visit', 'routine review', 1);
INSERT INTO patient_appointments (patient_id, appointment_date, appointment_time, type, location, reason, verified_up_to_date) VALUES ('pt-0466', '2026-07-25', '11:40', 'Blood test', 'Telehealth', 'treatment follow-up', 0);
INSERT INTO patient_vaccine_records (patient_id, vaccine, vaccine_date, product) VALUES ('pt-0466', 'MMR', '2016-12-15', NULL);

INSERT INTO patients (id, name, age, gender, address_line1, city, county, postcode, country, telephone, email, gp_name, gp_practice, gp_address, national_insurance_number, passport_number, cache_status, last_synced_at, meta_region) VALUES ('pt-0467', 'Muhammad Harris', 22, 'Male', 'Flat 23, 6 Deanery Road', 'Bristol', 'Bristol', 'BS1 5BE', 'UK', '+44 7918 372128', 'muhammadharris@hotmail.co.uk', 'Dr Maya Hughes', 'Brownlow Group Practice', '150 Mt Pleasant, Liverpool L69 3GD, United Kingdom', 'RR877020D', '205506499', 'verified_online', '2026-03-04T00:00:00Z', 'Bristol');
INSERT INTO patient_conditions (patient_id, condition_name, status, since_date) VALUES ('pt-0467', 'Hypothyroidism', 'active', '2024-04-09');

INSERT INTO patients (id, name, age, gender, address_line1, city, county, postcode, country, telephone, email, gp_name, gp_practice, gp_address, national_insurance_number, passport_number, cache_status, last_synced_at, meta_region) VALUES ('pt-0468', 'Jenny White', 66, 'Female', 'Flat 36, 104 Calverley Street', 'Leeds', 'West Yorkshire', 'LS1 1UR', 'UK', '+44 7665 801581', 'jwhite@gmail.com', 'Dr Sarah Walsh', 'Brownlow Group Practice', '150 Mt Pleasant, Liverpool L69 3GD, United Kingdom', 'BH274552A', '301618042', 'cached_recent', '2026-03-01T00:00:00Z', 'Leeds');
INSERT INTO patient_conditions (patient_id, condition_name, status, since_date) VALUES ('pt-0468', 'Heart failure', 'active', '2017-02-03');
INSERT INTO patient_appointments (patient_id, appointment_date, appointment_time, type, location, reason, verified_up_to_date) VALUES ('pt-0468', '2025-03-10', '14:10', 'GP review', 'Hospital outpatient department', 'results discussion', 1);

INSERT INTO patients (id, name, age, gender, address_line1, city, county, postcode, country, telephone, email, gp_name, gp_practice, gp_address, national_insurance_number, passport_number, cache_status, last_synced_at, meta_region) VALUES ('pt-0469', 'Oliver Bennett', 46, 'Male', 'Flat 16, 140 Claremont Road', 'Newcastle upon Tyne', 'Tyne and Wear', 'NE1 4LP', 'UK', '+44 7327 325228', 'obennett@hotmail.co.uk', 'Dr Richard Smith', 'Brownlow Group Practice', '150 Mt Pleasant, Liverpool L69 3GD, United Kingdom', 'TU608828D', '003983540', 'cached_recent', '2026-02-04T00:00:00Z', 'Newcastle upon Tyne');
INSERT INTO patient_conditions (patient_id, condition_name, status, since_date) VALUES ('pt-0469', 'History of stroke/TIA', 'active', '2019-11-06');
INSERT INTO patient_prescriptions (patient_id, drug, indication, dose, frequency, start_date, prescriber) VALUES ('pt-0469', 'Losartan', 'Hypertension', '25 mg', 'once daily', '2023-04-18', 'Dr Sophie Khan');
INSERT INTO patient_prescriptions (patient_id, drug, indication, dose, frequency, start_date, prescriber) VALUES ('pt-0469', 'Colecalciferol', 'Vitamin D deficiency', '10 mg', 'as needed', '2025-02-26', 'Dr Eleanor Foster');
INSERT INTO patient_vaccine_records (patient_id, vaccine, vaccine_date, product) VALUES ('pt-0469', 'Td/Tdap (tetanus, diphtheria, pertussis)', '2023-01-01', NULL);
INSERT INTO patient_vaccine_records (patient_id, vaccine, vaccine_date, product) VALUES ('pt-0469', 'MMR', '2018-09-28', NULL);

INSERT INTO patients (id, name, age, gender, address_line1, city, county, postcode, country, telephone, email, gp_name, gp_practice, gp_address, national_insurance_number, passport_number, cache_status, last_synced_at, meta_region) VALUES ('pt-0470', 'Eliza Byrne', 67, 'Female', 'Flat 38, 31 Anchor Road', 'Bristol', 'Bristol', 'BS1 5TL', 'UK', '+44 7395 122353', 'eliza72@hotmail.co.uk', 'Dr Ben Roberts', 'Brownlow Group Practice', '150 Mt Pleasant, Liverpool L69 3GD, United Kingdom', 'QM486412C', '941471834', 'cached_recent', '2026-02-02T00:00:00Z', 'Bristol');
INSERT INTO patient_prescriptions (patient_id, drug, indication, dose, frequency, start_date, prescriber) VALUES ('pt-0470', 'Tiotropium', 'COPD', '25 mg', 'once daily', '2023-06-06', 'Dr Hannah Wilson');
INSERT INTO patient_prescriptions (patient_id, drug, indication, dose, frequency, start_date, prescriber) VALUES ('pt-0470', 'Apixaban', 'Anticoagulant (AF/VTE)', '500 mg', 'once weekly', '2024-07-11', 'Dr David Wilson');

INSERT INTO patients (id, name, age, gender, address_line1, city, county, postcode, country, telephone, email, gp_name, gp_practice, gp_address, national_insurance_number, passport_number, cache_status, last_synced_at, meta_region) VALUES ('pt-0471', 'Henry Byrne', 65, 'Male', 'Flat 22, 24 New Street', 'Birmingham', 'West Midlands', 'B1 1BB', 'UK', '+44 7591 913857', 'henrybyrne@outlook.com', 'Dr Zoe Campbell', 'Brownlow Group Practice', '150 Mt Pleasant, Liverpool L69 3GD, United Kingdom', 'LH950923A', '941063927', 'verified_online', '2026-02-25T00:00:00Z', 'Birmingham');
INSERT INTO patient_conditions (patient_id, condition_name, status, since_date) VALUES ('pt-0471', 'Osteoporosis', 'monitoring', '2024-01-22');
INSERT INTO patient_conditions (patient_id, condition_name, status, since_date) VALUES ('pt-0471', 'Hypertension', 'active', '2024-07-15');
INSERT INTO patient_conditions (patient_id, condition_name, status, since_date) VALUES ('pt-0471', 'Osteoarthritis', 'controlled', '2012-01-04');
INSERT INTO patient_conditions (patient_id, condition_name, status, since_date) VALUES ('pt-0471', 'Gastro-oesophageal reflux disease (GORD)', 'active', '2013-08-30');
INSERT INTO patient_conditions (patient_id, condition_name, status, since_date) VALUES ('pt-0471', 'Hypercholesterolaemia', 'active', '2012-11-02');
INSERT INTO patient_prescriptions (patient_id, drug, indication, dose, frequency, start_date, prescriber) VALUES ('pt-0471', 'Dapagliflozin', 'Type 2 diabetes/Heart failure/CKD', '5 mg', 'as needed', '2023-04-22', 'Dr Kieran Ahmed');
INSERT INTO patient_appointments (patient_id, appointment_date, appointment_time, type, location, reason, verified_up_to_date) VALUES ('pt-0471', '2026-03-04', '13:45', 'Medication review', 'Hospital outpatient department', 'symptom check', 1);
INSERT INTO patient_vaccine_records (patient_id, vaccine, vaccine_date, product) VALUES ('pt-0471', 'Influenza (seasonal)', '2023-02-06', NULL);

INSERT INTO patients (id, name, age, gender, address_line1, city, county, postcode, country, telephone, email, gp_name, gp_practice, gp_address, national_insurance_number, passport_number, cache_status, last_synced_at, meta_region) VALUES ('pt-0472', 'Lily Fisher', 79, 'Female', '15 Constitution Hill', 'London', 'Greater London', 'SW1A 1BA', 'UK', '+44 7710 569615', 'lfisher@hotmail.co.uk', 'Dr Grace Evans', 'Brownlow Group Practice', '150 Mt Pleasant, Liverpool L69 3GD, United Kingdom', 'LP005140B', '643493239', 'verified_online', '2026-02-21T00:00:00Z', 'London');
INSERT INTO patient_conditions (patient_id, condition_name, status, since_date) VALUES ('pt-0472', 'History of stroke/TIA', 'controlled', '2015-07-31');
INSERT INTO patient_conditions (patient_id, condition_name, status, since_date) VALUES ('pt-0472', 'Chronic kidney disease', 'monitoring', '2022-12-24');
INSERT INTO patient_conditions (patient_id, condition_name, status, since_date) VALUES ('pt-0472', 'Dementia', 'monitoring', '2026-01-04');
INSERT INTO patient_conditions (patient_id, condition_name, status, since_date) VALUES ('pt-0472', 'COPD', 'controlled', '2021-12-05');
INSERT INTO patient_conditions (patient_id, condition_name, status, since_date) VALUES ('pt-0472', 'Hypothyroidism', 'history', '2023-08-05');
INSERT INTO patient_conditions (patient_id, condition_name, status, since_date) VALUES ('pt-0472', 'Chronic back pain', 'active', '2017-01-11');
INSERT INTO patient_prescriptions (patient_id, drug, indication, dose, frequency, start_date, prescriber) VALUES ('pt-0472', 'Amitriptyline', 'Neuropathic pain/Migraine prevention', '2.5 mg', 'twice daily', '2023-11-14', 'Dr Eleanor Foster');
INSERT INTO patient_appointments (patient_id, appointment_date, appointment_time, type, location, reason, verified_up_to_date) VALUES ('pt-0472', '2025-04-07', '14:00', 'Physiotherapy', 'Hospital outpatient department', 'treatment follow-up', 1);
INSERT INTO patient_appointments (patient_id, appointment_date, appointment_time, type, location, reason, verified_up_to_date) VALUES ('pt-0472', '2025-10-24', '13:50', 'Ophthalmology', 'Community clinic', 'routine review', 1);
INSERT INTO patient_vaccine_records (patient_id, vaccine, vaccine_date, product) VALUES ('pt-0472', 'Influenza (seasonal)', '2017-08-29', NULL);

INSERT INTO patients (id, name, age, gender, address_line1, city, county, postcode, country, telephone, email, gp_name, gp_practice, gp_address, national_insurance_number, passport_number, cache_status, last_synced_at, meta_region) VALUES ('pt-0473', 'Connor Davies', 64, 'Male', 'Apt 48, 169 Bakers Row', 'Cardiff', 'South Glamorgan', 'CF10 1AA', 'UK', '+44 7889 883270', 'connor.davies81@gmail.com', 'Dr Priya Foster', 'Brownlow Group Practice', '150 Mt Pleasant, Liverpool L69 3GD, United Kingdom', 'EC896968B', '001296353', 'cached_stale', '2026-02-21T00:00:00Z', 'Cardiff');
INSERT INTO patient_conditions (patient_id, condition_name, status, since_date) VALUES ('pt-0473', 'Type 2 diabetes', 'active', '2013-09-03');
INSERT INTO patient_vaccine_records (patient_id, vaccine, vaccine_date, product) VALUES ('pt-0473', 'COVID-19', '2022-05-31', 'Nuvaxovid');

INSERT INTO patients (id, name, age, gender, address_line1, city, county, postcode, country, telephone, email, gp_name, gp_practice, gp_address, national_insurance_number, passport_number, cache_status, last_synced_at, meta_region) VALUES ('pt-0474', 'Jasmine Byrne', 51, 'Female', '56 West Nile Street', 'Glasgow', 'Glasgow City', 'G2 2TG', 'UK', '+44 7121 530608', 'jasmine.byrne@icloud.com', 'Dr Richard Taylor', 'Brownlow Group Practice', '150 Mt Pleasant, Liverpool L69 3GD, United Kingdom', 'JD504042D', '067785858', 'verified_online', '2026-02-15T00:00:00Z', 'Glasgow');
INSERT INTO patient_conditions (patient_id, condition_name, status, since_date) VALUES ('pt-0474', 'Type 2 diabetes', 'monitoring', '2023-01-19');
INSERT INTO patient_prescriptions (patient_id, drug, indication, dose, frequency, start_date, prescriber) VALUES ('pt-0474', 'Losartan', 'Hypertension', '0.5 mg', 'twice daily', '2025-06-27', 'Dr Kieran Smith');

INSERT INTO patients (id, name, age, gender, address_line1, city, county, postcode, country, telephone, email, gp_name, gp_practice, gp_address, national_insurance_number, passport_number, cache_status, last_synced_at, meta_region) VALUES ('pt-0475', 'Lily Reid', 78, 'Female', 'Apt 10, 101 Lever Street', 'Manchester', 'Greater Manchester', 'M1 1EB', 'UK', '+44 7424 836604', 'lily.reid@icloud.com', 'Dr Priya O''Neill', 'Brownlow Group Practice', '150 Mt Pleasant, Liverpool L69 3GD, United Kingdom', 'WF817887D', '569777501', 'cached_recent', '2026-02-25T00:00:00Z', 'Manchester');
INSERT INTO patient_conditions (patient_id, condition_name, status, since_date) VALUES ('pt-0475', 'History of stroke/TIA', 'history', '2020-12-04');
INSERT INTO patient_prescriptions (patient_id, drug, indication, dose, frequency, start_date, prescriber) VALUES ('pt-0475', 'Finasteride', 'BPH', '10 mg', 'at night', '2024-06-14', 'Dr Owen Hughes');
INSERT INTO patient_prescriptions (patient_id, drug, indication, dose, frequency, start_date, prescriber) VALUES ('pt-0475', 'Gabapentin', 'Neuropathic pain/Epilepsy', '20 mg', 'as needed', '2023-12-16', 'Dr Owen Jones');
INSERT INTO patient_appointments (patient_id, appointment_date, appointment_time, type, location, reason, verified_up_to_date) VALUES ('pt-0475', '2025-06-30', '12:30', 'Respiratory review', 'Telehealth', 'annual monitoring', 1);
INSERT INTO patient_appointments (patient_id, appointment_date, appointment_time, type, location, reason, verified_up_to_date) VALUES ('pt-0475', '2025-07-31', '16:45', 'Mental health check-in', 'GP practice', 'routine review', 1);
INSERT INTO patient_appointments (patient_id, appointment_date, appointment_time, type, location, reason, verified_up_to_date) VALUES ('pt-0475', '2025-09-20', '09:15', 'Vaccination appointment', 'Telehealth', 'symptom check', 0);
INSERT INTO patient_appointments (patient_id, appointment_date, appointment_time, type, location, reason, verified_up_to_date) VALUES ('pt-0475', '2026-11-13', '17:40', 'Diabetes clinic', 'Community clinic', 'annual monitoring', 1);
INSERT INTO patient_vaccine_records (patient_id, vaccine, vaccine_date, product) VALUES ('pt-0475', 'COVID-19', '2016-10-05', 'Nuvaxovid');
INSERT INTO patient_vaccine_records (patient_id, vaccine, vaccine_date, product) VALUES ('pt-0475', 'COVID-19 booster', '2022-08-25', 'Spikevax');
INSERT INTO patient_vaccine_records (patient_id, vaccine, vaccine_date, product) VALUES ('pt-0475', 'Influenza (seasonal)', '2017-11-18', NULL);

INSERT INTO patients (id, name, age, gender, address_line1, city, county, postcode, country, telephone, email, gp_name, gp_practice, gp_address, national_insurance_number, passport_number, cache_status, last_synced_at, meta_region) VALUES ('pt-0476', 'Ella Martin', 54, 'Female', '128 St Georges Road', 'Bristol', 'Bristol', 'BS1 5AF', 'UK', '+44 7590 808221', 'ella231@gmail.com', 'Dr Ben Roberts', 'Brownlow Group Practice', '150 Mt Pleasant, Liverpool L69 3GD, United Kingdom', 'GW553339D', '159362239', 'verified_online', '2026-02-07T00:00:00Z', 'Bristol');
INSERT INTO patient_appointments (patient_id, appointment_date, appointment_time, type, location, reason, verified_up_to_date) VALUES ('pt-0476', '2025-12-01', '15:20', 'Medication review', 'Telehealth', 'symptom check', 1);

INSERT INTO patients (id, name, age, gender, address_line1, city, county, postcode, country, telephone, email, gp_name, gp_practice, gp_address, national_insurance_number, passport_number, cache_status, last_synced_at, meta_region) VALUES ('pt-0477', 'Abigail Phillips', 70, 'Female', '41 St Georges Road', 'Bristol', 'Bristol', 'BS1 5UG', 'UK', '+44 7435 470653', 'abigail.phillips@gmail.com', 'Dr Ibrahim Hughes', 'Brownlow Group Practice', '150 Mt Pleasant, Liverpool L69 3GD, United Kingdom', 'LC033933A', '664048581', 'cached_stale', '2026-02-22T00:00:00Z', 'Bristol');
INSERT INTO patient_prescriptions (patient_id, drug, indication, dose, frequency, start_date, prescriber) VALUES ('pt-0477', 'Beclometasone dipropionate', 'Asthma/COPD', '2 puffs', 'with meals', '2023-12-29', 'Dr Chloe Ahmed');
INSERT INTO patient_prescriptions (patient_id, drug, indication, dose, frequency, start_date, prescriber) VALUES ('pt-0477', 'Citalopram', 'Depression/Anxiety', '20 mg', 'at night', '2024-08-03', 'Dr Priya Campbell');
INSERT INTO patient_prescriptions (patient_id, drug, indication, dose, frequency, start_date, prescriber) VALUES ('pt-0477', 'Empagliflozin', 'Type 2 diabetes/Heart failure', '1 g', 'twice daily', '2026-01-15', 'Dr Kieran Smith');
INSERT INTO patient_appointments (patient_id, appointment_date, appointment_time, type, location, reason, verified_up_to_date) VALUES ('pt-0477', '2023-10-17', '08:50', 'Mental health check-in', 'Telehealth', 'symptom check', 1);
INSERT INTO patient_appointments (patient_id, appointment_date, appointment_time, type, location, reason, verified_up_to_date) VALUES ('pt-0477', '2024-10-29', '10:50', 'Respiratory review', 'GP practice', 'results discussion', 1);
INSERT INTO patient_appointments (patient_id, appointment_date, appointment_time, type, location, reason, verified_up_to_date) VALUES ('pt-0477', '2025-03-06', '15:15', 'GP review', 'GP practice', 'treatment follow-up', 0);
INSERT INTO patient_appointments (patient_id, appointment_date, appointment_time, type, location, reason, verified_up_to_date) VALUES ('pt-0477', '2026-05-29', '11:45', 'Physiotherapy', 'Hospital outpatient department', 'treatment follow-up', 1);
INSERT INTO patient_vaccine_records (patient_id, vaccine, vaccine_date, product) VALUES ('pt-0477', 'COVID-19', '2024-10-18', 'Nuvaxovid');

INSERT INTO patients (id, name, age, gender, address_line1, city, county, postcode, country, telephone, email, gp_name, gp_practice, gp_address, national_insurance_number, passport_number, cache_status, last_synced_at, meta_region) VALUES ('pt-0478', 'Oliver Martin', 86, 'Male', '187 Hope Street', 'Glasgow', 'Glasgow City', 'G2 2QZ', 'UK', '+44 7522 970460', 'oliver.martin22@gmail.com', 'Dr Ben Jones', 'Brownlow Group Practice', '150 Mt Pleasant, Liverpool L69 3GD, United Kingdom', 'SE310082A', '127791693', 'verified_online', '2026-02-24T00:00:00Z', 'Glasgow');
INSERT INTO patient_appointments (patient_id, appointment_date, appointment_time, type, location, reason, verified_up_to_date) VALUES ('pt-0478', '2023-10-20', '14:45', 'Cardiology follow-up', 'GP practice', 'results discussion', 0);
INSERT INTO patient_appointments (patient_id, appointment_date, appointment_time, type, location, reason, verified_up_to_date) VALUES ('pt-0478', '2025-09-29', '17:10', 'Vaccination appointment', 'Telehealth', 'symptom check', 1);
INSERT INTO patient_appointments (patient_id, appointment_date, appointment_time, type, location, reason, verified_up_to_date) VALUES ('pt-0478', '2025-12-14', '12:10', 'GP review', 'Home visit', 'routine review', 0);
INSERT INTO patient_appointments (patient_id, appointment_date, appointment_time, type, location, reason, verified_up_to_date) VALUES ('pt-0478', '2026-09-26', '15:30', 'GP review', 'Community clinic', 'symptom check', 1);
INSERT INTO patient_appointments (patient_id, appointment_date, appointment_time, type, location, reason, verified_up_to_date) VALUES ('pt-0478', '2026-10-19', '15:00', 'GP review', 'Telehealth', 'annual monitoring', 1);
INSERT INTO patient_vaccine_records (patient_id, vaccine, vaccine_date, product) VALUES ('pt-0478', 'COVID-19', '2025-05-09', 'Spikevax');
INSERT INTO patient_vaccine_records (patient_id, vaccine, vaccine_date, product) VALUES ('pt-0478', 'COVID-19 booster', '2023-01-29', 'Spikevax');
INSERT INTO patient_vaccine_records (patient_id, vaccine, vaccine_date, product) VALUES ('pt-0478', 'Influenza (seasonal)', '2024-02-01', NULL);
INSERT INTO patient_vaccine_records (patient_id, vaccine, vaccine_date, product) VALUES ('pt-0478', 'Td/Tdap (tetanus, diphtheria, pertussis)', '2025-07-23', NULL);
INSERT INTO patient_vaccine_records (patient_id, vaccine, vaccine_date, product) VALUES ('pt-0478', 'MMR', '2019-11-23', NULL);

INSERT INTO patients (id, name, age, gender, address_line1, city, county, postcode, country, telephone, email, gp_name, gp_practice, gp_address, national_insurance_number, passport_number, cache_status, last_synced_at, meta_region) VALUES ('pt-0479', 'Beatrice Johnson', 62, 'Female', 'Unit 18, 56 Queen Victoria Road', 'Newcastle upon Tyne', 'Tyne and Wear', 'NE1 4LP', 'UK', '+44 7427 631148', 'beatricejohnson@icloud.com', 'Dr Grace Smith', 'Brownlow Group Practice', '150 Mt Pleasant, Liverpool L69 3GD, United Kingdom', 'OW569689B', '431500275', 'cached_stale', '2026-02-26T00:00:00Z', 'Newcastle upon Tyne');
INSERT INTO patient_prescriptions (patient_id, drug, indication, dose, frequency, start_date, prescriber) VALUES ('pt-0479', 'Apixaban', 'Anticoagulant (AF/VTE)', '1 tablet', 'as needed', '2023-06-30', 'Dr Grace Khan');

INSERT INTO patients (id, name, age, gender, address_line1, city, county, postcode, country, telephone, email, gp_name, gp_practice, gp_address, national_insurance_number, passport_number, cache_status, last_synced_at, meta_region) VALUES ('pt-0480', 'Muhammad Reid', 9, 'Male', 'Flat 34, 6 The Mall', 'London', 'Greater London', 'SE1 7PB', 'UK', '+44 7553 436776', 'muhammad.reid64@gmail.com', 'Dr Fatima Ahmed', 'Brownlow Group Practice', '150 Mt Pleasant, Liverpool L69 3GD, United Kingdom', 'DV197517D', '636099923', 'verified_online', '2026-02-16T00:00:00Z', 'London');
INSERT INTO patient_conditions (patient_id, condition_name, status, since_date) VALUES ('pt-0480', 'Gout', 'active', '2016-02-13');
INSERT INTO patient_vaccine_records (patient_id, vaccine, vaccine_date, product) VALUES ('pt-0480', 'Td/Tdap (tetanus, diphtheria, pertussis)', '2024-02-15', NULL);

INSERT INTO patients (id, name, age, gender, address_line1, city, county, postcode, country, telephone, email, gp_name, gp_practice, gp_address, national_insurance_number, passport_number, cache_status, last_synced_at, meta_region) VALUES ('pt-0481', 'Ethan Walker', 12, 'Male', '195 Chicheley Street', 'London', 'Greater London', 'SW1A 1BH', 'UK', '+44 7306 497321', 'ethan.walker67@icloud.com', 'Dr Kieran Khan', 'Brownlow Group Practice', '150 Mt Pleasant, Liverpool L69 3GD, United Kingdom', 'BA959880B', '292374097', 'cached_stale', '2026-02-05T00:00:00Z', 'London');

INSERT INTO patients (id, name, age, gender, address_line1, city, county, postcode, country, telephone, email, gp_name, gp_practice, gp_address, national_insurance_number, passport_number, cache_status, last_synced_at, meta_region) VALUES ('pt-0482', 'Patrick Fisher', 64, 'Male', 'Unit 21, 38 Briggate', 'Leeds', 'West Yorkshire', 'LS1 1UR', 'UK', '+44 7420 585023', 'pfisher@hotmail.co.uk', 'Dr Fatima Morgan', 'Brownlow Group Practice', '150 Mt Pleasant, Liverpool L69 3GD, United Kingdom', 'ID891288A', '485223370', 'cached_recent', '2026-02-26T00:00:00Z', 'Leeds');
INSERT INTO patient_prescriptions (patient_id, drug, indication, dose, frequency, start_date, prescriber) VALUES ('pt-0482', 'Beclometasone dipropionate', 'Asthma/COPD', '1 tablet', 'once daily', '2024-05-29', 'Dr Hannah Jones');
INSERT INTO patient_appointments (patient_id, appointment_date, appointment_time, type, location, reason, verified_up_to_date) VALUES ('pt-0482', '2025-06-19', '16:30', 'Cardiology follow-up', 'Telehealth', 'results discussion', 0);
INSERT INTO patient_appointments (patient_id, appointment_date, appointment_time, type, location, reason, verified_up_to_date) VALUES ('pt-0482', '2026-08-17', '13:15', 'Mental health check-in', 'Hospital outpatient department', 'vaccination', 0);

INSERT INTO patients (id, name, age, gender, address_line1, city, county, postcode, country, telephone, email, gp_name, gp_practice, gp_address, national_insurance_number, passport_number, cache_status, last_synced_at, meta_region) VALUES ('pt-0483', 'Chloe Walker', 65, 'Female', '119 The Headrow', 'Leeds', 'West Yorkshire', 'LS1 1UR', 'UK', '+44 7718 456586', 'cwalker@gmail.com', 'Dr Fatima Wilson', 'Brownlow Group Practice', '150 Mt Pleasant, Liverpool L69 3GD, United Kingdom', 'XF235099A', '821390264', 'cached_stale', '2026-02-23T00:00:00Z', 'Leeds');
INSERT INTO patient_conditions (patient_id, condition_name, status, since_date) VALUES ('pt-0483', 'Hypercholesterolaemia', 'controlled', '2024-11-21');
INSERT INTO patient_conditions (patient_id, condition_name, status, since_date) VALUES ('pt-0483', 'Atrial fibrillation', 'active', '2021-07-18');
INSERT INTO patient_conditions (patient_id, condition_name, status, since_date) VALUES ('pt-0483', 'History of stroke/TIA', 'active', '2024-01-07');
INSERT INTO patient_appointments (patient_id, appointment_date, appointment_time, type, location, reason, verified_up_to_date) VALUES ('pt-0483', '2025-03-30', '08:50', 'Mental health check-in', 'Telehealth', 'symptom check', 0);
INSERT INTO patient_appointments (patient_id, appointment_date, appointment_time, type, location, reason, verified_up_to_date) VALUES ('pt-0483', '2025-10-18', '15:40', 'Vaccination appointment', 'Telehealth', 'routine review', 0);
INSERT INTO patient_appointments (patient_id, appointment_date, appointment_time, type, location, reason, verified_up_to_date) VALUES ('pt-0483', '2026-01-14', '11:30', 'GP review', 'Home visit', 'vaccination', 1);
INSERT INTO patient_appointments (patient_id, appointment_date, appointment_time, type, location, reason, verified_up_to_date) VALUES ('pt-0483', '2026-05-31', '09:50', 'Medication review', 'Home visit', 'routine review', 1);
INSERT INTO patient_vaccine_records (patient_id, vaccine, vaccine_date, product) VALUES ('pt-0483', 'Influenza (seasonal)', '2025-05-22', NULL);

INSERT INTO patients (id, name, age, gender, address_line1, city, county, postcode, country, telephone, email, gp_name, gp_practice, gp_address, national_insurance_number, passport_number, cache_status, last_synced_at, meta_region) VALUES ('pt-0484', 'Stephen Edwards', 32, 'Male', '188 Marmora Road', 'Cambridge', 'Cambridgeshire', 'CB1 3PZ', 'UK', '+44 7252 138532', 'stephen.edwards@icloud.com', 'Dr Priya Hughes', 'Brownlow Group Practice', '150 Mt Pleasant, Liverpool L69 3GD, United Kingdom', 'IC204012D', '331966738', 'verified_online', '2026-03-03T00:00:00Z', 'Cambridge');
INSERT INTO patient_appointments (patient_id, appointment_date, appointment_time, type, location, reason, verified_up_to_date) VALUES ('pt-0484', '2025-12-03', '15:50', 'Blood test', 'Hospital outpatient department', 'results discussion', 1);
INSERT INTO patient_vaccine_records (patient_id, vaccine, vaccine_date, product) VALUES ('pt-0484', 'COVID-19', '2022-07-01', 'Spikevax');
INSERT INTO patient_vaccine_records (patient_id, vaccine, vaccine_date, product) VALUES ('pt-0484', 'COVID-19 booster', '2025-02-20', 'Spikevax');

INSERT INTO patients (id, name, age, gender, address_line1, city, county, postcode, country, telephone, email, gp_name, gp_practice, gp_address, national_insurance_number, passport_number, cache_status, last_synced_at, meta_region) VALUES ('pt-0485', 'Leo Hall', 45, 'Male', '65 Deanery Road', 'Bristol', 'Bristol', 'BS1 5QL', 'UK', '+44 7296 704565', 'leo.hall@hotmail.co.uk', 'Dr Zoe O''Neill', 'Brownlow Group Practice', '150 Mt Pleasant, Liverpool L69 3GD, United Kingdom', 'VN037083A', '557861048', 'cached_stale', '2026-02-02T00:00:00Z', 'Bristol');
INSERT INTO patient_conditions (patient_id, condition_name, status, since_date) VALUES ('pt-0485', 'Osteoporosis', 'active', '2014-08-19');
INSERT INTO patient_prescriptions (patient_id, drug, indication, dose, frequency, start_date, prescriber) VALUES ('pt-0485', 'Sitagliptin', 'Type 2 diabetes', '0.5 mg', 'at night', '2023-04-28', 'Dr Kieran Smith');
INSERT INTO patient_prescriptions (patient_id, drug, indication, dose, frequency, start_date, prescriber) VALUES ('pt-0485', 'Citalopram', 'Depression/Anxiety', '200 mg', 'as needed', '2024-10-05', 'Dr Owen Taylor');
INSERT INTO patient_appointments (patient_id, appointment_date, appointment_time, type, location, reason, verified_up_to_date) VALUES ('pt-0485', '2024-08-11', '13:40', 'Physiotherapy', 'Hospital outpatient department', 'treatment follow-up', 1);
INSERT INTO patient_appointments (patient_id, appointment_date, appointment_time, type, location, reason, verified_up_to_date) VALUES ('pt-0485', '2026-04-25', '11:40', 'Vaccination appointment', 'GP practice', 'results discussion', 0);
INSERT INTO patient_vaccine_records (patient_id, vaccine, vaccine_date, product) VALUES ('pt-0485', 'COVID-19', '2025-06-05', 'Nuvaxovid');

INSERT INTO patients (id, name, age, gender, address_line1, city, county, postcode, country, telephone, email, gp_name, gp_practice, gp_address, national_insurance_number, passport_number, cache_status, last_synced_at, meta_region) VALUES ('pt-0486', 'Jasmine Harris', 36, 'Female', '157 Belvedere Road', 'London', 'Greater London', 'SW1A 1BD', 'UK', '+44 7750 996708', 'jasmine.harris10@outlook.com', 'Dr Owen Evans', 'Brownlow Group Practice', '150 Mt Pleasant, Liverpool L69 3GD, United Kingdom', 'SM821241B', '120769011', 'cached_stale', '2026-02-09T00:00:00Z', 'London');
INSERT INTO patient_conditions (patient_id, condition_name, status, since_date) VALUES ('pt-0486', 'Epilepsy', 'active', '2020-11-11');
INSERT INTO patient_conditions (patient_id, condition_name, status, since_date) VALUES ('pt-0486', 'Hypertension', 'history', '2011-09-18');
INSERT INTO patient_conditions (patient_id, condition_name, status, since_date) VALUES ('pt-0486', 'Heart failure', 'active', '2012-09-07');
INSERT INTO patient_conditions (patient_id, condition_name, status, since_date) VALUES ('pt-0486', 'Asthma', 'active', '2013-08-07');
INSERT INTO patient_prescriptions (patient_id, drug, indication, dose, frequency, start_date, prescriber) VALUES ('pt-0486', 'Lansoprazole', 'Reflux/Ulcer prevention', '50 mg', 'with meals', '2023-05-11', 'Dr Kieran Smith');
INSERT INTO patient_prescriptions (patient_id, drug, indication, dose, frequency, start_date, prescriber) VALUES ('pt-0486', 'Mirtazapine', 'Depression', '200 mg', 'with meals', '2025-11-03', 'Dr Kieran Ahmed');
INSERT INTO patient_vaccine_records (patient_id, vaccine, vaccine_date, product) VALUES ('pt-0486', 'COVID-19', '2018-09-10', 'Spikevax');

INSERT INTO patients (id, name, age, gender, address_line1, city, county, postcode, country, telephone, email, gp_name, gp_practice, gp_address, national_insurance_number, passport_number, cache_status, last_synced_at, meta_region) VALUES ('pt-0487', 'Logan James', 42, 'Male', 'Unit 36, 40 Newhall Street', 'Birmingham', 'West Midlands', 'B1 1BB', 'UK', '+44 7529 483437', 'ljames@outlook.com', 'Dr Rachel Foster', 'Brownlow Group Practice', '150 Mt Pleasant, Liverpool L69 3GD, United Kingdom', 'XI514923D', '014109978', 'cached_recent', '2026-02-06T00:00:00Z', 'Birmingham');
INSERT INTO patient_prescriptions (patient_id, drug, indication, dose, frequency, start_date, prescriber) VALUES ('pt-0487', 'Allopurinol', 'Gout', '1 g', 'once weekly', '2024-02-09', 'Dr Maya Campbell');
INSERT INTO patient_vaccine_records (patient_id, vaccine, vaccine_date, product) VALUES ('pt-0487', 'Hepatitis B', '2020-12-17', NULL);

INSERT INTO patients (id, name, age, gender, address_line1, city, county, postcode, country, telephone, email, gp_name, gp_practice, gp_address, national_insurance_number, passport_number, cache_status, last_synced_at, meta_region) VALUES ('pt-0488', 'Freddie Begum', 32, 'Male', 'Apt 57, 124 Morgan Arcade', 'Cardiff', 'South Glamorgan', 'CF10 1PL', 'UK', '+44 7526 433531', 'freddie500@gmail.com', 'Dr Priya Foster', 'Brownlow Group Practice', '150 Mt Pleasant, Liverpool L69 3GD, United Kingdom', 'NC149190D', '989216574', 'cached_stale', '2026-02-25T00:00:00Z', 'Cardiff');
INSERT INTO patient_vaccine_records (patient_id, vaccine, vaccine_date, product) VALUES ('pt-0488', 'COVID-19', '2017-12-01', 'Spikevax');
INSERT INTO patient_vaccine_records (patient_id, vaccine, vaccine_date, product) VALUES ('pt-0488', 'Td/Tdap (tetanus, diphtheria, pertussis)', '2022-11-22', NULL);
INSERT INTO patient_vaccine_records (patient_id, vaccine, vaccine_date, product) VALUES ('pt-0488', 'MMR', '2025-02-10', NULL);

INSERT INTO patients (id, name, age, gender, address_line1, city, county, postcode, country, telephone, email, gp_name, gp_practice, gp_address, national_insurance_number, passport_number, cache_status, last_synced_at, meta_region) VALUES ('pt-0489', 'Ada O''Connor', 32, 'Female', 'Apt 23, 71 Malta Road', 'Cambridge', 'Cambridgeshire', 'CB1 3PY', 'UK', '+44 7583 705267', 'ada.oconnor@outlook.com', 'Dr James Clarke', 'Brownlow Group Practice', '150 Mt Pleasant, Liverpool L69 3GD, United Kingdom', 'OS549135B', '963755218', 'cached_stale', '2026-02-23T00:00:00Z', 'Cambridge');
INSERT INTO patient_vaccine_records (patient_id, vaccine, vaccine_date, product) VALUES ('pt-0489', 'COVID-19', '2024-09-16', 'Comirnaty');

INSERT INTO patients (id, name, age, gender, address_line1, city, county, postcode, country, telephone, email, gp_name, gp_practice, gp_address, national_insurance_number, passport_number, cache_status, last_synced_at, meta_region) VALUES ('pt-0490', 'Jenny Byrne', 67, 'Female', '199 Morgan Arcade', 'Cardiff', 'South Glamorgan', 'CF10 1AF', 'UK', '+44 7582 967183', 'jbyrne@outlook.com', 'Dr David Smith', 'Brownlow Group Practice', '150 Mt Pleasant, Liverpool L69 3GD, United Kingdom', 'HN574590C', '785989218', 'verified_online', '2026-02-23T00:00:00Z', 'Cardiff');
INSERT INTO patient_conditions (patient_id, condition_name, status, since_date) VALUES ('pt-0490', 'Gout', 'monitoring', '2023-08-28');
INSERT INTO patient_prescriptions (patient_id, drug, indication, dose, frequency, start_date, prescriber) VALUES ('pt-0490', 'Ramipril', 'Hypertension/Heart failure', '500 mg', 'once daily', '2026-01-21', 'Dr Helen Ahmed');

INSERT INTO patients (id, name, age, gender, address_line1, city, county, postcode, country, telephone, email, gp_name, gp_practice, gp_address, national_insurance_number, passport_number, cache_status, last_synced_at, meta_region) VALUES ('pt-0491', 'Louise Walker', 56, 'Female', 'Apt 41, 220 Richardson Road', 'Newcastle upon Tyne', 'Tyne and Wear', 'NE1 4LP', 'UK', '+44 7335 728250', 'louise.walker42@icloud.com', 'Dr Ben Taylor', 'Brownlow Group Practice', '150 Mt Pleasant, Liverpool L69 3GD, United Kingdom', 'XJ266762B', '372103760', 'cached_recent', '2026-02-04T00:00:00Z', 'Newcastle upon Tyne');
INSERT INTO patient_prescriptions (patient_id, drug, indication, dose, frequency, start_date, prescriber) VALUES ('pt-0491', 'Gabapentin', 'Neuropathic pain/Epilepsy', '2.5 mg', 'once weekly', '2024-02-02', 'Dr Robert Jones');
INSERT INTO patient_prescriptions (patient_id, drug, indication, dose, frequency, start_date, prescriber) VALUES ('pt-0491', 'Clopidogrel', 'Antiplatelet (post-MI/stroke)', '1 puff', 'at night', '2024-06-17', 'Dr Maya Brown');

INSERT INTO patients (id, name, age, gender, address_line1, city, county, postcode, country, telephone, email, gp_name, gp_practice, gp_address, national_insurance_number, passport_number, cache_status, last_synced_at, meta_region) VALUES ('pt-0492', 'Lily Singh', 71, 'Female', 'Flat 43, 25 South John Street', 'Liverpool', 'Merseyside', 'L1 8BU', 'UK', '+44 7889 921420', 'lily713@icloud.com', 'Dr Fatima Stewart', 'Brownlow Group Practice', '150 Mt Pleasant, Liverpool L69 3GD, United Kingdom', 'RD779660D', '823691492', 'cached_recent', '2026-02-18T00:00:00Z', 'Liverpool');
INSERT INTO patient_conditions (patient_id, condition_name, status, since_date) VALUES ('pt-0492', 'Epilepsy', 'active', '2013-04-07');

INSERT INTO patients (id, name, age, gender, address_line1, city, county, postcode, country, telephone, email, gp_name, gp_practice, gp_address, national_insurance_number, passport_number, cache_status, last_synced_at, meta_region) VALUES ('pt-0493', 'Sara Kelly', 47, 'Female', 'Apt 43, 197 The Mall', 'London', 'Greater London', 'SE1 7PB', 'UK', '+44 7630 490012', 'sara.kelly@hotmail.co.uk', 'Dr Sophie Roberts', 'Brownlow Group Practice', '150 Mt Pleasant, Liverpool L69 3GD, United Kingdom', 'NV444901C', '640437920', 'cached_stale', '2026-02-24T00:00:00Z', 'London');
INSERT INTO patient_conditions (patient_id, condition_name, status, since_date) VALUES ('pt-0493', 'Type 2 diabetes', 'monitoring', '2022-06-21');
INSERT INTO patient_conditions (patient_id, condition_name, status, since_date) VALUES ('pt-0493', 'Chronic back pain', 'monitoring', '2012-03-11');
INSERT INTO patient_appointments (patient_id, appointment_date, appointment_time, type, location, reason, verified_up_to_date) VALUES ('pt-0493', '2026-11-26', '17:45', 'Cardiology follow-up', 'Community clinic', 'annual monitoring', 1);
INSERT INTO patient_vaccine_records (patient_id, vaccine, vaccine_date, product) VALUES ('pt-0493', 'COVID-19', '2017-01-12', 'Comirnaty');

INSERT INTO patients (id, name, age, gender, address_line1, city, county, postcode, country, telephone, email, gp_name, gp_practice, gp_address, national_insurance_number, passport_number, cache_status, last_synced_at, meta_region) VALUES ('pt-0494', 'Matilda Jones', 66, 'Female', 'Flat 17, 38 Lever Street', 'Manchester', 'Greater Manchester', 'M1 1EE', 'UK', '+44 7703 668074', 'matilda547@hotmail.co.uk', 'Dr Ben Patel', 'Brownlow Group Practice', '150 Mt Pleasant, Liverpool L69 3GD, United Kingdom', 'JI345389C', '948626908', 'verified_online', '2026-02-24T00:00:00Z', 'Manchester');
INSERT INTO patient_conditions (patient_id, condition_name, status, since_date) VALUES ('pt-0494', 'Dementia', 'monitoring', '2024-12-31');
INSERT INTO patient_appointments (patient_id, appointment_date, appointment_time, type, location, reason, verified_up_to_date) VALUES ('pt-0494', '2023-12-18', '09:30', 'Medication review', 'Hospital outpatient department', 'treatment follow-up', 1);
INSERT INTO patient_appointments (patient_id, appointment_date, appointment_time, type, location, reason, verified_up_to_date) VALUES ('pt-0494', '2025-11-15', '16:30', 'Medication review', 'Community clinic', 'routine review', 1);
INSERT INTO patient_appointments (patient_id, appointment_date, appointment_time, type, location, reason, verified_up_to_date) VALUES ('pt-0494', '2026-02-06', '12:15', 'Ophthalmology', 'Telehealth', 'results discussion', 1);
INSERT INTO patient_appointments (patient_id, appointment_date, appointment_time, type, location, reason, verified_up_to_date) VALUES ('pt-0494', '2026-04-03', '08:30', 'Diabetes clinic', 'Telehealth', 'symptom check', 0);
INSERT INTO patient_appointments (patient_id, appointment_date, appointment_time, type, location, reason, verified_up_to_date) VALUES ('pt-0494', '2026-06-16', '10:50', 'Physiotherapy', 'Telehealth', 'routine review', 1);
INSERT INTO patient_vaccine_records (patient_id, vaccine, vaccine_date, product) VALUES ('pt-0494', 'COVID-19', '2016-12-14', 'Spikevax');
INSERT INTO patient_vaccine_records (patient_id, vaccine, vaccine_date, product) VALUES ('pt-0494', 'COVID-19 booster', '2017-06-22', 'Comirnaty');
INSERT INTO patient_vaccine_records (patient_id, vaccine, vaccine_date, product) VALUES ('pt-0494', 'Td/Tdap (tetanus, diphtheria, pertussis)', '2022-09-11', NULL);

INSERT INTO patients (id, name, age, gender, address_line1, city, county, postcode, country, telephone, email, gp_name, gp_practice, gp_address, national_insurance_number, passport_number, cache_status, last_synced_at, meta_region) VALUES ('pt-0495', 'Violet Reid', 32, 'Female', '97 Edward''s Walk', 'Newcastle upon Tyne', 'Tyne and Wear', 'NE1 4LP', 'UK', '+44 7832 886909', 'violet.reid@icloud.com', 'Dr Ben Taylor', 'Brownlow Group Practice', '150 Mt Pleasant, Liverpool L69 3GD, United Kingdom', 'UU169818C', '320245089', 'cached_stale', '2026-03-01T00:00:00Z', 'Newcastle upon Tyne');
INSERT INTO patient_conditions (patient_id, condition_name, status, since_date) VALUES ('pt-0495', 'Glaucoma', 'active', '2013-09-01');
INSERT INTO patient_conditions (patient_id, condition_name, status, since_date) VALUES ('pt-0495', 'History of stroke/TIA', 'monitoring', '2023-01-09');
INSERT INTO patient_conditions (patient_id, condition_name, status, since_date) VALUES ('pt-0495', 'Generalised anxiety disorder', 'monitoring', '2021-11-30');
INSERT INTO patient_conditions (patient_id, condition_name, status, since_date) VALUES ('pt-0495', 'Hypothyroidism', 'history', '2019-01-07');
INSERT INTO patient_conditions (patient_id, condition_name, status, since_date) VALUES ('pt-0495', 'Heart failure', 'active', '2019-04-05');
INSERT INTO patient_conditions (patient_id, condition_name, status, since_date) VALUES ('pt-0495', 'Hypercholesterolaemia', 'history', '2014-03-26');
INSERT INTO patient_appointments (patient_id, appointment_date, appointment_time, type, location, reason, verified_up_to_date) VALUES ('pt-0495', '2025-10-13', '08:45', 'Physiotherapy', 'Telehealth', 'annual monitoring', 1);
INSERT INTO patient_vaccine_records (patient_id, vaccine, vaccine_date, product) VALUES ('pt-0495', 'COVID-19', '2020-11-13', 'Spikevax');
INSERT INTO patient_vaccine_records (patient_id, vaccine, vaccine_date, product) VALUES ('pt-0495', 'COVID-19 booster', '2025-02-22', 'Comirnaty');
INSERT INTO patient_vaccine_records (patient_id, vaccine, vaccine_date, product) VALUES ('pt-0495', 'Td/Tdap (tetanus, diphtheria, pertussis)', '2017-01-13', NULL);

INSERT INTO patients (id, name, age, gender, address_line1, city, county, postcode, country, telephone, email, gp_name, gp_practice, gp_address, national_insurance_number, passport_number, cache_status, last_synced_at, meta_region) VALUES ('pt-0496', 'Zara Johnson', 78, 'Female', 'Apt 62, 103 Wall Street', 'Liverpool', 'Merseyside', 'L1 8JQ', 'UK', '+44 7279 662935', 'zara.johnson21@hotmail.co.uk', 'Dr Holly Roberts', 'Brownlow Group Practice', '150 Mt Pleasant, Liverpool L69 3GD, United Kingdom', 'OB344287B', '047734287', 'verified_online', '2026-03-03T00:00:00Z', 'Liverpool');
INSERT INTO patient_appointments (patient_id, appointment_date, appointment_time, type, location, reason, verified_up_to_date) VALUES ('pt-0496', '2024-11-01', '09:00', 'Diabetes clinic', 'Telehealth', 'vaccination', 1);
INSERT INTO patient_appointments (patient_id, appointment_date, appointment_time, type, location, reason, verified_up_to_date) VALUES ('pt-0496', '2026-08-11', '14:45', 'Cardiology follow-up', 'Hospital outpatient department', 'results discussion', 1);
INSERT INTO patient_vaccine_records (patient_id, vaccine, vaccine_date, product) VALUES ('pt-0496', 'COVID-19', '2018-08-25', 'Nuvaxovid');
INSERT INTO patient_vaccine_records (patient_id, vaccine, vaccine_date, product) VALUES ('pt-0496', 'Influenza (seasonal)', '2023-02-04', NULL);

INSERT INTO patients (id, name, age, gender, address_line1, city, county, postcode, country, telephone, email, gp_name, gp_practice, gp_address, national_insurance_number, passport_number, cache_status, last_synced_at, meta_region) VALUES ('pt-0497', 'Maria Reid', 81, 'Female', '183 College Green', 'Bristol', 'Bristol', 'BS1 5AH', 'UK', '+44 7759 848512', 'maria.reid@hotmail.co.uk', 'Dr Zoe O''Neill', 'Brownlow Group Practice', '150 Mt Pleasant, Liverpool L69 3GD, United Kingdom', 'KG356156C', '757759874', 'verified_online', '2026-02-11T00:00:00Z', 'Bristol');
INSERT INTO patient_conditions (patient_id, condition_name, status, since_date) VALUES ('pt-0497', 'Overactive bladder', 'history', '2014-03-27');
INSERT INTO patient_prescriptions (patient_id, drug, indication, dose, frequency, start_date, prescriber) VALUES ('pt-0497', 'Edoxaban', 'Anticoagulant (AF/VTE)', '20 mg', 'once weekly', '2023-12-24', 'Dr Holly Taylor');
INSERT INTO patient_appointments (patient_id, appointment_date, appointment_time, type, location, reason, verified_up_to_date) VALUES ('pt-0497', '2025-08-17', '09:00', 'Vaccination appointment', 'Community clinic', 'vaccination', 1);
INSERT INTO patient_appointments (patient_id, appointment_date, appointment_time, type, location, reason, verified_up_to_date) VALUES ('pt-0497', '2025-11-08', '10:00', 'Mental health check-in', 'Home visit', 'results discussion', 1);
INSERT INTO patient_vaccine_records (patient_id, vaccine, vaccine_date, product) VALUES ('pt-0497', 'Influenza (seasonal)', '2017-08-03', NULL);
INSERT INTO patient_vaccine_records (patient_id, vaccine, vaccine_date, product) VALUES ('pt-0497', 'Shingles (Shingrix)', '2023-04-24', 'Shingrix');
INSERT INTO patient_vaccine_records (patient_id, vaccine, vaccine_date, product) VALUES ('pt-0497', 'Td/Tdap (tetanus, diphtheria, pertussis)', '2022-05-09', NULL);

INSERT INTO patients (id, name, age, gender, address_line1, city, county, postcode, country, telephone, email, gp_name, gp_practice, gp_address, national_insurance_number, passport_number, cache_status, last_synced_at, meta_region) VALUES ('pt-0498', 'John Harrison', 4, 'Male', 'Apt 25, 175 Broad Street', 'Birmingham', 'West Midlands', 'B1 1BB', 'UK', '+44 7990 776251', 'john.harrison30@icloud.com', 'Dr Zoe Campbell', 'Brownlow Group Practice', '150 Mt Pleasant, Liverpool L69 3GD, United Kingdom', 'ZK398578A', '318922760', 'cached_recent', '2026-02-25T00:00:00Z', 'Birmingham');
INSERT INTO patient_conditions (patient_id, condition_name, status, since_date) VALUES ('pt-0498', 'Dementia', 'controlled', '2024-02-29');
INSERT INTO patient_vaccine_records (patient_id, vaccine, vaccine_date, product) VALUES ('pt-0498', 'Td/Tdap (tetanus, diphtheria, pertussis)', '2023-09-15', NULL);

INSERT INTO patients (id, name, age, gender, address_line1, city, county, postcode, country, telephone, email, gp_name, gp_practice, gp_address, national_insurance_number, passport_number, cache_status, last_synced_at, meta_region) VALUES ('pt-0499', 'Poppy Wood', 67, 'Female', 'Unit 32, 73 Newhall Street', 'Birmingham', 'West Midlands', 'B1 1BB', 'UK', '+44 7311 162030', 'poppy.wood@outlook.com', 'Dr Hannah Taylor', 'Brownlow Group Practice', '150 Mt Pleasant, Liverpool L69 3GD, United Kingdom', 'HS536506A', '744971832', 'cached_recent', '2026-03-02T00:00:00Z', 'Birmingham');
INSERT INTO patient_conditions (patient_id, condition_name, status, since_date) VALUES ('pt-0499', 'Obesity', 'monitoring', '2023-03-04');
INSERT INTO patient_prescriptions (patient_id, drug, indication, dose, frequency, start_date, prescriber) VALUES ('pt-0499', 'Gabapentin', 'Neuropathic pain/Epilepsy', '1 tablet', 'twice daily', '2024-07-06', 'Dr Robert Jones');
INSERT INTO patient_prescriptions (patient_id, drug, indication, dose, frequency, start_date, prescriber) VALUES ('pt-0499', 'Salbutamol', 'Asthma/COPD (reliever)', '2.5 mg', 'as needed', '2024-12-04', 'Dr Matthew Smith');

INSERT INTO patients (id, name, age, gender, address_line1, city, county, postcode, country, telephone, email, gp_name, gp_practice, gp_address, national_insurance_number, passport_number, cache_status, last_synced_at, meta_region) VALUES ('pt-0500', 'Robert Robinson', 0, 'Male', 'Apt 74, 93 Westminster Bridge Road', 'London', 'Greater London', 'SW1A 1BW', 'UK', '+44 7695 800224', 'rrobinson@icloud.com', 'Dr Sophie Roberts', 'Brownlow Group Practice', '150 Mt Pleasant, Liverpool L69 3GD, United Kingdom', 'KS359933C', '394970085', 'verified_online', '2026-02-16T00:00:00Z', 'London');
INSERT INTO patient_conditions (patient_id, condition_name, status, since_date) VALUES ('pt-0500', 'Generalised anxiety disorder', 'monitoring', '2015-08-13');
INSERT INTO patient_vaccine_records (patient_id, vaccine, vaccine_date, product) VALUES ('pt-0500', 'COVID-19', '2019-10-24', 'Spikevax');
INSERT INTO patient_vaccine_records (patient_id, vaccine, vaccine_date, product) VALUES ('pt-0500', 'Td/Tdap (tetanus, diphtheria, pertussis)', '2023-03-27', NULL);

INSERT INTO patients (id, name, age, gender, address_line1, city, county, postcode, country, telephone, email, gp_name, gp_practice, gp_address, national_insurance_number, passport_number, cache_status, last_synced_at, meta_region) VALUES ('pt-0501', 'Harriet Ahmed', 95, 'Female', '67 Sauchiehall Street', 'Glasgow', 'Glasgow City', 'G2 2TG', 'UK', '+44 7276 858639', 'harrietahmed@hotmail.co.uk', 'Dr Richard Taylor', 'Brownlow Group Practice', '150 Mt Pleasant, Liverpool L69 3GD, United Kingdom', 'JA772574B', '625722562', 'cached_stale', '2026-02-12T00:00:00Z', 'Glasgow');
INSERT INTO patient_conditions (patient_id, condition_name, status, since_date) VALUES ('pt-0501', 'Gout', 'active', '2021-05-06');
INSERT INTO patient_conditions (patient_id, condition_name, status, since_date) VALUES ('pt-0501', 'Coronary heart disease', 'active', '2023-01-22');
INSERT INTO patient_conditions (patient_id, condition_name, status, since_date) VALUES ('pt-0501', 'Depression', 'controlled', '2012-11-05');
INSERT INTO patient_conditions (patient_id, condition_name, status, since_date) VALUES ('pt-0501', 'Atrial fibrillation', 'monitoring', '2013-05-04');
INSERT INTO patient_conditions (patient_id, condition_name, status, since_date) VALUES ('pt-0501', 'COPD', 'active', '2024-11-13');
INSERT INTO patient_conditions (patient_id, condition_name, status, since_date) VALUES ('pt-0501', 'Glaucoma', 'controlled', '2013-04-04');
INSERT INTO patient_prescriptions (patient_id, drug, indication, dose, frequency, start_date, prescriber) VALUES ('pt-0501', 'Latanoprost', 'Glaucoma', '50 mg', 'as needed', '2024-01-04', 'Dr Rachel Smith');
INSERT INTO patient_appointments (patient_id, appointment_date, appointment_time, type, location, reason, verified_up_to_date) VALUES ('pt-0501', '2023-12-07', '15:45', 'Ophthalmology', 'Hospital outpatient department', 'results discussion', 1);
INSERT INTO patient_vaccine_records (patient_id, vaccine, vaccine_date, product) VALUES ('pt-0501', 'COVID-19', '2018-10-18', 'Spikevax');
INSERT INTO patient_vaccine_records (patient_id, vaccine, vaccine_date, product) VALUES ('pt-0501', 'COVID-19 booster', '2022-08-20', 'Comirnaty');
INSERT INTO patient_vaccine_records (patient_id, vaccine, vaccine_date, product) VALUES ('pt-0501', 'Influenza (seasonal)', '2018-02-25', NULL);

INSERT INTO patients (id, name, age, gender, address_line1, city, county, postcode, country, telephone, email, gp_name, gp_practice, gp_address, national_insurance_number, passport_number, cache_status, last_synced_at, meta_region) VALUES ('pt-0502', 'Noah Brown', 44, 'Male', '146 Houldsworth Street', 'Manchester', 'Greater Manchester', 'M1 1AR', 'UK', '+44 7716 153204', 'noah.brown70@gmail.com', 'Dr Priya O''Neill', 'Brownlow Group Practice', '150 Mt Pleasant, Liverpool L69 3GD, United Kingdom', 'SM710333D', '324289971', 'cached_stale', '2026-02-06T00:00:00Z', 'Manchester');
INSERT INTO patient_conditions (patient_id, condition_name, status, since_date) VALUES ('pt-0502', 'Osteoarthritis', 'active', '2018-06-20');
INSERT INTO patient_conditions (patient_id, condition_name, status, since_date) VALUES ('pt-0502', 'COPD', 'active', '2013-02-12');
INSERT INTO patient_conditions (patient_id, condition_name, status, since_date) VALUES ('pt-0502', 'Benign prostatic hyperplasia (BPH)', 'active', '2013-09-25');
INSERT INTO patient_conditions (patient_id, condition_name, status, since_date) VALUES ('pt-0502', 'Hypercholesterolaemia', 'monitoring', '2016-05-30');
INSERT INTO patient_prescriptions (patient_id, drug, indication, dose, frequency, start_date, prescriber) VALUES ('pt-0502', 'Metformin', 'Type 2 diabetes', '25 mg', 'twice daily', '2025-08-06', 'Dr Grace Khan');
INSERT INTO patient_appointments (patient_id, appointment_date, appointment_time, type, location, reason, verified_up_to_date) VALUES ('pt-0502', '2024-01-07', '08:15', 'Ophthalmology', 'GP practice', 'vaccination', 1);
INSERT INTO patient_appointments (patient_id, appointment_date, appointment_time, type, location, reason, verified_up_to_date) VALUES ('pt-0502', '2025-06-01', '10:50', 'Cardiology follow-up', 'Hospital outpatient department', 'symptom check', 1);

INSERT INTO patients (id, name, age, gender, address_line1, city, county, postcode, country, telephone, email, gp_name, gp_practice, gp_address, national_insurance_number, passport_number, cache_status, last_synced_at, meta_region) VALUES ('pt-0503', 'Isabella Martin', 62, 'Female', '76 Boar Lane', 'Leeds', 'West Yorkshire', 'LS1 1UR', 'UK', '+44 7313 223387', 'isabellamartin@icloud.com', 'Dr Sophie Taylor', 'Brownlow Group Practice', '150 Mt Pleasant, Liverpool L69 3GD, United Kingdom', 'UQ763456A', '099666865', 'verified_online', '2026-03-04T00:00:00Z', 'Leeds');
INSERT INTO patient_conditions (patient_id, condition_name, status, since_date) VALUES ('pt-0503', 'Asthma', 'history', '2025-03-22');
INSERT INTO patient_conditions (patient_id, condition_name, status, since_date) VALUES ('pt-0503', 'Osteoporosis', 'active', '2017-12-01');
INSERT INTO patient_conditions (patient_id, condition_name, status, since_date) VALUES ('pt-0503', 'COPD', 'active', '2012-09-24');
INSERT INTO patient_appointments (patient_id, appointment_date, appointment_time, type, location, reason, verified_up_to_date) VALUES ('pt-0503', '2023-08-08', '12:50', 'Vaccination appointment', 'Hospital outpatient department', 'routine review', 0);
INSERT INTO patient_appointments (patient_id, appointment_date, appointment_time, type, location, reason, verified_up_to_date) VALUES ('pt-0503', '2024-07-26', '12:30', 'Ophthalmology', 'Hospital outpatient department', 'results discussion', 1);
INSERT INTO patient_appointments (patient_id, appointment_date, appointment_time, type, location, reason, verified_up_to_date) VALUES ('pt-0503', '2026-01-26', '08:10', 'Cardiology follow-up', 'Community clinic', 'symptom check', 1);
INSERT INTO patient_appointments (patient_id, appointment_date, appointment_time, type, location, reason, verified_up_to_date) VALUES ('pt-0503', '2026-09-16', '17:10', 'Ophthalmology', 'GP practice', 'treatment follow-up', 0);

INSERT INTO patients (id, name, age, gender, address_line1, city, county, postcode, country, telephone, email, gp_name, gp_practice, gp_address, national_insurance_number, passport_number, cache_status, last_synced_at, meta_region) VALUES ('pt-0504', 'Claire O''Connor', 71, 'Female', '52 Westminster Bridge Road', 'London', 'Greater London', 'SW1A 1AA', 'UK', '+44 7579 451329', 'claire.oconnor@icloud.com', 'Dr Owen Evans', 'Brownlow Group Practice', '150 Mt Pleasant, Liverpool L69 3GD, United Kingdom', 'FE550081C', '980685138', 'verified_online', '2026-03-04T00:00:00Z', 'London');
INSERT INTO patient_prescriptions (patient_id, drug, indication, dose, frequency, start_date, prescriber) VALUES ('pt-0504', 'Nitrofurantoin', 'UTI', '200 mg', 'with meals', '2025-05-25', 'Dr Ibrahim Campbell');
INSERT INTO patient_prescriptions (patient_id, drug, indication, dose, frequency, start_date, prescriber) VALUES ('pt-0504', 'Amitriptyline', 'Neuropathic pain/Migraine prevention', '0.5 mg', 'with meals', '2024-07-19', 'Dr Maya Brown');
INSERT INTO patient_appointments (patient_id, appointment_date, appointment_time, type, location, reason, verified_up_to_date) VALUES ('pt-0504', '2025-03-13', '08:50', 'Blood test', 'Hospital outpatient department', 'vaccination', 1);
INSERT INTO patient_appointments (patient_id, appointment_date, appointment_time, type, location, reason, verified_up_to_date) VALUES ('pt-0504', '2025-09-22', '11:15', 'Cardiology follow-up', 'Hospital outpatient department', 'symptom check', 1);
INSERT INTO patient_appointments (patient_id, appointment_date, appointment_time, type, location, reason, verified_up_to_date) VALUES ('pt-0504', '2026-06-19', '08:00', 'Medication review', 'GP practice', 'vaccination', 1);
INSERT INTO patient_vaccine_records (patient_id, vaccine, vaccine_date, product) VALUES ('pt-0504', 'COVID-19', '2017-10-06', 'Nuvaxovid');
INSERT INTO patient_vaccine_records (patient_id, vaccine, vaccine_date, product) VALUES ('pt-0504', 'Influenza (seasonal)', '2019-12-19', NULL);
INSERT INTO patient_vaccine_records (patient_id, vaccine, vaccine_date, product) VALUES ('pt-0504', 'Shingles (Shingrix)', '2025-12-08', 'Shingrix');

INSERT INTO patients (id, name, age, gender, address_line1, city, county, postcode, country, telephone, email, gp_name, gp_practice, gp_address, national_insurance_number, passport_number, cache_status, last_synced_at, meta_region) VALUES ('pt-0505', 'Alice Knight', 89, 'Female', 'Unit 6, 98 Waverley Bridge', 'Edinburgh', 'City of Edinburgh', 'EH2 2SB', 'UK', '+44 7867 913960', 'alice.knight@hotmail.co.uk', 'Dr Helen Brown', 'Brownlow Group Practice', '150 Mt Pleasant, Liverpool L69 3GD, United Kingdom', 'OF570477A', '758849443', 'verified_online', '2026-02-14T00:00:00Z', 'Edinburgh');
INSERT INTO patient_conditions (patient_id, condition_name, status, since_date) VALUES ('pt-0505', 'Generalised anxiety disorder', 'controlled', '2020-01-27');
INSERT INTO patient_conditions (patient_id, condition_name, status, since_date) VALUES ('pt-0505', 'Obesity', 'active', '2025-06-03');
INSERT INTO patient_prescriptions (patient_id, drug, indication, dose, frequency, start_date, prescriber) VALUES ('pt-0505', 'Empagliflozin', 'Type 2 diabetes/Heart failure', '50 mg', 'at night', '2024-06-29', 'Dr Owen Taylor');
INSERT INTO patient_appointments (patient_id, appointment_date, appointment_time, type, location, reason, verified_up_to_date) VALUES ('pt-0505', '2025-06-02', '10:00', 'Vaccination appointment', 'Community clinic', 'routine review', 0);
INSERT INTO patient_appointments (patient_id, appointment_date, appointment_time, type, location, reason, verified_up_to_date) VALUES ('pt-0505', '2026-05-09', '12:45', 'Medication review', 'Hospital outpatient department', 'routine review', 0);
INSERT INTO patient_vaccine_records (patient_id, vaccine, vaccine_date, product) VALUES ('pt-0505', 'COVID-19', '2024-01-23', 'Comirnaty');
INSERT INTO patient_vaccine_records (patient_id, vaccine, vaccine_date, product) VALUES ('pt-0505', 'Influenza (seasonal)', '2020-10-27', NULL);
INSERT INTO patient_vaccine_records (patient_id, vaccine, vaccine_date, product) VALUES ('pt-0505', 'Shingles (Shingrix)', '2019-08-15', 'Shingrix');
INSERT INTO patient_vaccine_records (patient_id, vaccine, vaccine_date, product) VALUES ('pt-0505', 'Td/Tdap (tetanus, diphtheria, pertussis)', '2018-05-27', NULL);

INSERT INTO patients (id, name, age, gender, address_line1, city, county, postcode, country, telephone, email, gp_name, gp_practice, gp_address, national_insurance_number, passport_number, cache_status, last_synced_at, meta_region) VALUES ('pt-0506', 'George Khan', 53, 'Male', '46 Paradise Place', 'Liverpool', 'Merseyside', 'L1 8BN', 'UK', '+44 7977 862082', 'george999@outlook.com', 'Dr Niamh Campbell', 'Brownlow Group Practice', '150 Mt Pleasant, Liverpool L69 3GD, United Kingdom', 'MZ556140B', '574537025', 'cached_stale', '2026-02-20T00:00:00Z', 'Liverpool');
INSERT INTO patient_conditions (patient_id, condition_name, status, since_date) VALUES ('pt-0506', 'Hypothyroidism', 'history', '2022-05-31');
INSERT INTO patient_appointments (patient_id, appointment_date, appointment_time, type, location, reason, verified_up_to_date) VALUES ('pt-0506', '2024-06-21', '15:50', 'Blood test', 'Hospital outpatient department', 'routine review', 1);
INSERT INTO patient_appointments (patient_id, appointment_date, appointment_time, type, location, reason, verified_up_to_date) VALUES ('pt-0506', '2025-07-20', '08:00', 'Cardiology follow-up', 'GP practice', 'routine review', 1);
INSERT INTO patient_appointments (patient_id, appointment_date, appointment_time, type, location, reason, verified_up_to_date) VALUES ('pt-0506', '2027-01-25', '12:40', 'Respiratory review', 'Hospital outpatient department', 'treatment follow-up', 1);
INSERT INTO patient_vaccine_records (patient_id, vaccine, vaccine_date, product) VALUES ('pt-0506', 'COVID-19', '2022-09-10', 'Comirnaty');
INSERT INTO patient_vaccine_records (patient_id, vaccine, vaccine_date, product) VALUES ('pt-0506', 'COVID-19 booster', '2016-06-01', 'Spikevax');

INSERT INTO patients (id, name, age, gender, address_line1, city, county, postcode, country, telephone, email, gp_name, gp_practice, gp_address, national_insurance_number, passport_number, cache_status, last_synced_at, meta_region) VALUES ('pt-0507', 'Jasmine Ahmed', 3, 'Female', 'Apt 53, 150 Newhall Street', 'Birmingham', 'West Midlands', 'B1 1BB', 'UK', '+44 7134 116353', 'jasmineahmed@icloud.com', 'Dr David Reid', 'Brownlow Group Practice', '150 Mt Pleasant, Liverpool L69 3GD, United Kingdom', 'SK747139C', '940890858', 'cached_recent', '2026-02-21T00:00:00Z', 'Birmingham');

INSERT INTO patients (id, name, age, gender, address_line1, city, county, postcode, country, telephone, email, gp_name, gp_practice, gp_address, national_insurance_number, passport_number, cache_status, last_synced_at, meta_region) VALUES ('pt-0508', 'Lucas Khan', 44, 'Male', '141 West Nile Street', 'Glasgow', 'Glasgow City', 'G2 2PG', 'UK', '+44 7377 420898', 'lkhan@hotmail.co.uk', 'Dr Ibrahim Foster', 'Brownlow Group Practice', '150 Mt Pleasant, Liverpool L69 3GD, United Kingdom', 'SF245613C', '723871532', 'cached_stale', '2026-02-04T00:00:00Z', 'Glasgow');
INSERT INTO patient_vaccine_records (patient_id, vaccine, vaccine_date, product) VALUES ('pt-0508', 'COVID-19', '2024-02-27', 'Spikevax');
INSERT INTO patient_vaccine_records (patient_id, vaccine, vaccine_date, product) VALUES ('pt-0508', 'COVID-19 booster', '2025-05-30', 'Comirnaty');
INSERT INTO patient_vaccine_records (patient_id, vaccine, vaccine_date, product) VALUES ('pt-0508', 'Td/Tdap (tetanus, diphtheria, pertussis)', '2019-04-20', NULL);

INSERT INTO patients (id, name, age, gender, address_line1, city, county, postcode, country, telephone, email, gp_name, gp_practice, gp_address, national_insurance_number, passport_number, cache_status, last_synced_at, meta_region) VALUES ('pt-0509', 'Scott Wilson', 14, 'Male', 'Flat 7, 43 Chicheley Street', 'London', 'Greater London', 'SW1A 1BA', 'UK', '+44 7672 395532', 'swilson@outlook.com', 'Dr Kieran Smith', 'Brownlow Group Practice', '150 Mt Pleasant, Liverpool L69 3GD, United Kingdom', 'UW934309B', '336488400', 'cached_stale', '2026-02-08T00:00:00Z', 'London');

INSERT INTO patients (id, name, age, gender, address_line1, city, county, postcode, country, telephone, email, gp_name, gp_practice, gp_address, national_insurance_number, passport_number, cache_status, last_synced_at, meta_region) VALUES ('pt-0510', 'Jasmine Barnes', 92, 'Female', '109 Chicheley Street', 'London', 'Greater London', 'SW1A 1BH', 'UK', '+44 7104 159250', 'jasmine.barnes72@gmail.com', 'Dr Kieran Smith', 'Brownlow Group Practice', '150 Mt Pleasant, Liverpool L69 3GD, United Kingdom', 'UE357183B', '185308373', 'verified_online', '2026-02-19T00:00:00Z', 'London');
INSERT INTO patient_conditions (patient_id, condition_name, status, since_date) VALUES ('pt-0510', 'Asthma', 'controlled', '2020-06-24');
INSERT INTO patient_conditions (patient_id, condition_name, status, since_date) VALUES ('pt-0510', 'Epilepsy', 'active', '2019-09-01');
INSERT INTO patient_prescriptions (patient_id, drug, indication, dose, frequency, start_date, prescriber) VALUES ('pt-0510', 'Amlodipine', 'Hypertension/Angina', '1 injection', 'once daily', '2025-02-01', 'Dr Holly Taylor');
INSERT INTO patient_appointments (patient_id, appointment_date, appointment_time, type, location, reason, verified_up_to_date) VALUES ('pt-0510', '2023-07-15', '16:50', 'GP review', 'Telehealth', 'treatment follow-up', 1);
INSERT INTO patient_appointments (patient_id, appointment_date, appointment_time, type, location, reason, verified_up_to_date) VALUES ('pt-0510', '2025-03-06', '15:10', 'Blood test', 'Home visit', 'routine review', 1);
INSERT INTO patient_appointments (patient_id, appointment_date, appointment_time, type, location, reason, verified_up_to_date) VALUES ('pt-0510', '2026-04-18', '12:30', 'Vaccination appointment', 'GP practice', 'routine review', 1);
INSERT INTO patient_appointments (patient_id, appointment_date, appointment_time, type, location, reason, verified_up_to_date) VALUES ('pt-0510', '2026-10-15', '15:40', 'Respiratory review', 'Community clinic', 'vaccination', 1);

INSERT INTO patients (id, name, age, gender, address_line1, city, county, postcode, country, telephone, email, gp_name, gp_practice, gp_address, national_insurance_number, passport_number, cache_status, last_synced_at, meta_region) VALUES ('pt-0511', 'Sara King', 51, 'Female', 'Unit 13, 41 George Street', 'Edinburgh', 'City of Edinburgh', 'EH2 2PB', 'UK', '+44 7340 386221', 'sara.king35@outlook.com', 'Dr Robert Patel', 'Brownlow Group Practice', '150 Mt Pleasant, Liverpool L69 3GD, United Kingdom', 'VW725157D', '527967333', 'cached_recent', '2026-02-03T00:00:00Z', 'Edinburgh');
INSERT INTO patient_conditions (patient_id, condition_name, status, since_date) VALUES ('pt-0511', 'Coronary heart disease', 'monitoring', '2020-03-17');
INSERT INTO patient_conditions (patient_id, condition_name, status, since_date) VALUES ('pt-0511', 'Osteoporosis', 'controlled', '2013-08-12');
INSERT INTO patient_appointments (patient_id, appointment_date, appointment_time, type, location, reason, verified_up_to_date) VALUES ('pt-0511', '2025-10-27', '08:00', 'Medication review', 'GP practice', 'symptom check', 0);

INSERT INTO patients (id, name, age, gender, address_line1, city, county, postcode, country, telephone, email, gp_name, gp_practice, gp_address, national_insurance_number, passport_number, cache_status, last_synced_at, meta_region) VALUES ('pt-0512', 'Stephen Scott', 73, 'Male', 'Flat 24, 25 Corporation Street', 'Birmingham', 'West Midlands', 'B1 1BB', 'UK', '+44 7593 896976', 'stephen.scott74@gmail.com', 'Dr Hannah Taylor', 'Brownlow Group Practice', '150 Mt Pleasant, Liverpool L69 3GD, United Kingdom', 'BX837343C', '902546953', 'verified_online', '2026-02-06T00:00:00Z', 'Birmingham');
INSERT INTO patient_conditions (patient_id, condition_name, status, since_date) VALUES ('pt-0512', 'Osteoporosis', 'history', '2019-04-07');
INSERT INTO patient_conditions (patient_id, condition_name, status, since_date) VALUES ('pt-0512', 'COPD', 'active', '2024-08-05');
INSERT INTO patient_prescriptions (patient_id, drug, indication, dose, frequency, start_date, prescriber) VALUES ('pt-0512', 'Warfarin', 'Anticoagulant', '50 mg', 'once weekly', '2025-11-05', 'Dr Chloe Ahmed');
INSERT INTO patient_appointments (patient_id, appointment_date, appointment_time, type, location, reason, verified_up_to_date) VALUES ('pt-0512', '2024-04-04', '12:40', 'Diabetes clinic', 'Community clinic', 'routine review', 1);
INSERT INTO patient_appointments (patient_id, appointment_date, appointment_time, type, location, reason, verified_up_to_date) VALUES ('pt-0512', '2024-08-09', '13:15', 'Physiotherapy', 'Home visit', 'symptom check', 1);
INSERT INTO patient_appointments (patient_id, appointment_date, appointment_time, type, location, reason, verified_up_to_date) VALUES ('pt-0512', '2025-04-06', '15:30', 'GP review', 'Home visit', 'symptom check', 1);
INSERT INTO patient_appointments (patient_id, appointment_date, appointment_time, type, location, reason, verified_up_to_date) VALUES ('pt-0512', '2025-09-03', '14:20', 'GP review', 'Community clinic', 'symptom check', 0);
INSERT INTO patient_vaccine_records (patient_id, vaccine, vaccine_date, product) VALUES ('pt-0512', 'Influenza (seasonal)', '2024-04-15', NULL);
INSERT INTO patient_vaccine_records (patient_id, vaccine, vaccine_date, product) VALUES ('pt-0512', 'Shingles (Shingrix)', '2018-07-09', 'Shingrix');

INSERT INTO patients (id, name, age, gender, address_line1, city, county, postcode, country, telephone, email, gp_name, gp_practice, gp_address, national_insurance_number, passport_number, cache_status, last_synced_at, meta_region) VALUES ('pt-0513', 'Joseph Byrne', 42, 'Male', 'Unit 25, 173 Constitution Hill', 'London', 'Greater London', 'SE1 7PB', 'UK', '+44 7747 757189', 'josephbyrne@hotmail.co.uk', 'Dr Grace Evans', 'Brownlow Group Practice', '150 Mt Pleasant, Liverpool L69 3GD, United Kingdom', 'LM665444A', '137312945', 'cached_stale', '2026-02-18T00:00:00Z', 'London');
INSERT INTO patient_conditions (patient_id, condition_name, status, since_date) VALUES ('pt-0513', 'Hypercholesterolaemia', 'controlled', '2015-05-11');
INSERT INTO patient_prescriptions (patient_id, drug, indication, dose, frequency, start_date, prescriber) VALUES ('pt-0513', 'Sertraline', 'Depression/Anxiety', '500 mg', 'at night', '2023-06-21', 'Dr Robert Hughes');
INSERT INTO patient_prescriptions (patient_id, drug, indication, dose, frequency, start_date, prescriber) VALUES ('pt-0513', 'Latanoprost', 'Glaucoma', '1 g', 'at night', '2024-12-03', 'Dr Fatima Morgan');

INSERT INTO patients (id, name, age, gender, address_line1, city, county, postcode, country, telephone, email, gp_name, gp_practice, gp_address, national_insurance_number, passport_number, cache_status, last_synced_at, meta_region) VALUES ('pt-0514', 'Connor Ali', 86, 'Male', 'Flat 46, 133 Corporation Street', 'Birmingham', 'West Midlands', 'B1 1BB', 'UK', '+44 7316 184203', 'connor.ali@outlook.com', 'Dr Rachel Foster', 'Brownlow Group Practice', '150 Mt Pleasant, Liverpool L69 3GD, United Kingdom', 'FD622710C', '813424845', 'cached_stale', '2026-02-22T00:00:00Z', 'Birmingham');
INSERT INTO patient_conditions (patient_id, condition_name, status, since_date) VALUES ('pt-0514', 'Epilepsy', 'history', '2017-10-25');
INSERT INTO patient_conditions (patient_id, condition_name, status, since_date) VALUES ('pt-0514', 'Heart failure', 'monitoring', '2018-01-26');
INSERT INTO patient_prescriptions (patient_id, drug, indication, dose, frequency, start_date, prescriber) VALUES ('pt-0514', 'Rivaroxaban', 'Anticoagulant (AF/VTE)', '0.5 mg', 'at night', '2024-06-02', 'Dr Kieran Smith');
INSERT INTO patient_prescriptions (patient_id, drug, indication, dose, frequency, start_date, prescriber) VALUES ('pt-0514', 'Pregabalin', 'Neuropathic pain/Anxiety', '2.5 mg', 'at night', '2024-01-21', 'Dr Richard Patel');
INSERT INTO patient_appointments (patient_id, appointment_date, appointment_time, type, location, reason, verified_up_to_date) VALUES ('pt-0514', '2025-09-12', '11:45', 'Mental health check-in', 'Telehealth', 'annual monitoring', 1);
INSERT INTO patient_vaccine_records (patient_id, vaccine, vaccine_date, product) VALUES ('pt-0514', 'Influenza (seasonal)', '2020-01-19', NULL);

INSERT INTO patients (id, name, age, gender, address_line1, city, county, postcode, country, telephone, email, gp_name, gp_practice, gp_address, national_insurance_number, passport_number, cache_status, last_synced_at, meta_region) VALUES ('pt-0515', 'Ryan Williams', 59, 'Male', '168 Chicheley Street', 'London', 'Greater London', 'SE1 7PB', 'UK', '+44 7347 809890', 'ryanwilliams@icloud.com', 'Dr Fatima Ahmed', 'Brownlow Group Practice', '150 Mt Pleasant, Liverpool L69 3GD, United Kingdom', 'HT633043C', '660444339', 'cached_stale', '2026-02-13T00:00:00Z', 'London');
INSERT INTO patient_conditions (patient_id, condition_name, status, since_date) VALUES ('pt-0515', 'Dementia', 'monitoring', '2023-12-05');
INSERT INTO patient_appointments (patient_id, appointment_date, appointment_time, type, location, reason, verified_up_to_date) VALUES ('pt-0515', '2026-03-05', '17:10', 'GP review', 'Community clinic', 'treatment follow-up', 1);
INSERT INTO patient_vaccine_records (patient_id, vaccine, vaccine_date, product) VALUES ('pt-0515', 'COVID-19', '2019-06-02', 'Nuvaxovid');
INSERT INTO patient_vaccine_records (patient_id, vaccine, vaccine_date, product) VALUES ('pt-0515', 'COVID-19 booster', '2019-10-09', 'Spikevax');

INSERT INTO patients (id, name, age, gender, address_line1, city, county, postcode, country, telephone, email, gp_name, gp_practice, gp_address, national_insurance_number, passport_number, cache_status, last_synced_at, meta_region) VALUES ('pt-0516', 'Bethany Davies', 51, 'Female', '74 Houldsworth Street', 'Manchester', 'Greater Manchester', 'M1 1AQ', 'UK', '+44 7536 799957', 'bethany.davies@gmail.com', 'Dr Michael Smith', 'Brownlow Group Practice', '150 Mt Pleasant, Liverpool L69 3GD, United Kingdom', 'BT010880C', '589178808', 'cached_recent', '2026-02-11T00:00:00Z', 'Manchester');
INSERT INTO patient_prescriptions (patient_id, drug, indication, dose, frequency, start_date, prescriber) VALUES ('pt-0516', 'Atorvastatin', 'High cholesterol/Cardiovascular risk', '25 mg', 'once weekly', '2025-04-13', 'Dr Ibrahim Khan');
INSERT INTO patient_prescriptions (patient_id, drug, indication, dose, frequency, start_date, prescriber) VALUES ('pt-0516', 'Losartan', 'Hypertension', '0.5 mg', 'at night', '2024-02-11', 'Dr Hannah Wilson');

INSERT INTO patients (id, name, age, gender, address_line1, city, county, postcode, country, telephone, email, gp_name, gp_practice, gp_address, national_insurance_number, passport_number, cache_status, last_synced_at, meta_region) VALUES ('pt-0517', 'Megan Foster', 82, 'Female', '139 Constitution Hill', 'London', 'Greater London', 'SW1A 1BD', 'UK', '+44 7614 347872', 'meganfoster@hotmail.co.uk', 'Dr Fatima Ahmed', 'Brownlow Group Practice', '150 Mt Pleasant, Liverpool L69 3GD, United Kingdom', 'LB635678D', '545580284', 'cached_stale', '2026-02-07T00:00:00Z', 'London');
INSERT INTO patient_conditions (patient_id, condition_name, status, since_date) VALUES ('pt-0517', 'Gastro-oesophageal reflux disease (GORD)', 'monitoring', '2013-03-25');
INSERT INTO patient_conditions (patient_id, condition_name, status, since_date) VALUES ('pt-0517', 'Chronic back pain', 'history', '2012-06-27');
INSERT INTO patient_conditions (patient_id, condition_name, status, since_date) VALUES ('pt-0517', 'Coronary heart disease', 'active', '2024-08-16');
INSERT INTO patient_prescriptions (patient_id, drug, indication, dose, frequency, start_date, prescriber) VALUES ('pt-0517', 'Latanoprost', 'Glaucoma', '0.5 mg', 'as needed', '2023-10-11', 'Dr Robert Hughes');
INSERT INTO patient_prescriptions (patient_id, drug, indication, dose, frequency, start_date, prescriber) VALUES ('pt-0517', 'Gabapentin', 'Neuropathic pain/Epilepsy', '50 mg', 'as needed', '2025-12-04', 'Dr David Clarke');
INSERT INTO patient_appointments (patient_id, appointment_date, appointment_time, type, location, reason, verified_up_to_date) VALUES ('pt-0517', '2023-06-29', '13:15', 'Mental health check-in', 'Telehealth', 'routine review', 1);
INSERT INTO patient_appointments (patient_id, appointment_date, appointment_time, type, location, reason, verified_up_to_date) VALUES ('pt-0517', '2024-11-08', '12:50', 'Cardiology follow-up', 'Community clinic', 'treatment follow-up', 0);
INSERT INTO patient_vaccine_records (patient_id, vaccine, vaccine_date, product) VALUES ('pt-0517', 'COVID-19', '2021-10-27', 'Comirnaty');
INSERT INTO patient_vaccine_records (patient_id, vaccine, vaccine_date, product) VALUES ('pt-0517', 'COVID-19 booster', '2024-07-21', 'Comirnaty');
INSERT INTO patient_vaccine_records (patient_id, vaccine, vaccine_date, product) VALUES ('pt-0517', 'Influenza (seasonal)', '2017-11-09', NULL);
INSERT INTO patient_vaccine_records (patient_id, vaccine, vaccine_date, product) VALUES ('pt-0517', 'Pneumococcal', '2021-11-30', NULL);

INSERT INTO patients (id, name, age, gender, address_line1, city, county, postcode, country, telephone, email, gp_name, gp_practice, gp_address, national_insurance_number, passport_number, cache_status, last_synced_at, meta_region) VALUES ('pt-0518', 'Charlotte Watson', 72, 'Female', '51 Hilton Street', 'Manchester', 'Greater Manchester', 'M1 1AL', 'UK', '+44 7183 546724', 'charlottewatson@gmail.com', 'Dr Priya O''Neill', 'Brownlow Group Practice', '150 Mt Pleasant, Liverpool L69 3GD, United Kingdom', 'ZK046430B', '780636663', 'cached_stale', '2026-02-20T00:00:00Z', 'Manchester');
INSERT INTO patient_conditions (patient_id, condition_name, status, since_date) VALUES ('pt-0518', 'Gout', 'active', '2015-05-15');
INSERT INTO patient_conditions (patient_id, condition_name, status, since_date) VALUES ('pt-0518', 'Atrial fibrillation', 'active', '2019-02-27');
INSERT INTO patient_prescriptions (patient_id, drug, indication, dose, frequency, start_date, prescriber) VALUES ('pt-0518', 'Metformin', 'Type 2 diabetes', '5 mg', 'with meals', '2023-06-05', 'Dr Hannah Jones');
INSERT INTO patient_appointments (patient_id, appointment_date, appointment_time, type, location, reason, verified_up_to_date) VALUES ('pt-0518', '2026-03-29', '14:00', 'Respiratory review', 'Telehealth', 'routine review', 1);

INSERT INTO patients (id, name, age, gender, address_line1, city, county, postcode, country, telephone, email, gp_name, gp_practice, gp_address, national_insurance_number, passport_number, cache_status, last_synced_at, meta_region) VALUES ('pt-0519', 'Harry Wilson', 74, 'Male', 'Unit 38, 209 George Street', 'Edinburgh', 'City of Edinburgh', 'EH2 2LL', 'UK', '+44 7494 883992', 'harry.wilson@hotmail.co.uk', 'Dr George Hughes', 'Brownlow Group Practice', '150 Mt Pleasant, Liverpool L69 3GD, United Kingdom', 'TS808164A', '203681054', 'cached_stale', '2026-02-15T00:00:00Z', 'Edinburgh');
INSERT INTO patient_prescriptions (patient_id, drug, indication, dose, frequency, start_date, prescriber) VALUES ('pt-0519', 'Bisoprolol', 'Hypertension/Heart failure/Arrhythmia', '200 mg', 'at night', '2025-06-03', 'Dr Robert Hughes');
INSERT INTO patient_prescriptions (patient_id, drug, indication, dose, frequency, start_date, prescriber) VALUES ('pt-0519', 'Allopurinol', 'Gout', '10 mg', 'twice daily', '2026-01-23', 'Dr Kieran O''Neill');
INSERT INTO patient_appointments (patient_id, appointment_date, appointment_time, type, location, reason, verified_up_to_date) VALUES ('pt-0519', '2024-02-10', '17:40', 'Medication review', 'Community clinic', 'treatment follow-up', 1);

INSERT INTO patients (id, name, age, gender, address_line1, city, county, postcode, country, telephone, email, gp_name, gp_practice, gp_address, national_insurance_number, passport_number, cache_status, last_synced_at, meta_region) VALUES ('pt-0520', 'Leo Russell', 60, 'Male', 'Unit 40, 121 The Mall', 'London', 'Greater London', 'SW1A 1BA', 'UK', '+44 7950 488600', 'leo975@hotmail.co.uk', 'Dr Owen Evans', 'Brownlow Group Practice', '150 Mt Pleasant, Liverpool L69 3GD, United Kingdom', 'PV097834B', '118291368', 'cached_stale', '2026-02-24T00:00:00Z', 'London');
INSERT INTO patient_prescriptions (patient_id, drug, indication, dose, frequency, start_date, prescriber) VALUES ('pt-0520', 'Atorvastatin', 'High cholesterol/Cardiovascular risk', '1 injection', 'twice daily', '2024-02-01', 'Dr Eleanor Foster');
INSERT INTO patient_prescriptions (patient_id, drug, indication, dose, frequency, start_date, prescriber) VALUES ('pt-0520', 'Nitrofurantoin', 'UTI', '1 injection', 'with meals', '2025-03-22', 'Dr Kieran Taylor');
INSERT INTO patient_appointments (patient_id, appointment_date, appointment_time, type, location, reason, verified_up_to_date) VALUES ('pt-0520', '2025-04-26', '11:50', 'Blood test', 'Home visit', 'results discussion', 1);
INSERT INTO patient_appointments (patient_id, appointment_date, appointment_time, type, location, reason, verified_up_to_date) VALUES ('pt-0520', '2025-09-19', '12:40', 'Diabetes clinic', 'Community clinic', 'routine review', 1);
INSERT INTO patient_appointments (patient_id, appointment_date, appointment_time, type, location, reason, verified_up_to_date) VALUES ('pt-0520', '2026-02-24', '14:15', 'Medication review', 'Hospital outpatient department', 'treatment follow-up', 1);
INSERT INTO patient_appointments (patient_id, appointment_date, appointment_time, type, location, reason, verified_up_to_date) VALUES ('pt-0520', '2026-05-10', '09:15', 'Ophthalmology', 'Community clinic', 'symptom check', 1);

INSERT INTO patients (id, name, age, gender, address_line1, city, county, postcode, country, telephone, email, gp_name, gp_practice, gp_address, national_insurance_number, passport_number, cache_status, last_synced_at, meta_region) VALUES ('pt-0521', 'James Morris', 23, 'Male', '13 Paradise Street', 'Liverpool', 'Merseyside', 'L1 8BQ', 'UK', '+44 7670 906018', 'jmorris@icloud.com', 'Dr Fatima Stewart', 'Brownlow Group Practice', '150 Mt Pleasant, Liverpool L69 3GD, United Kingdom', 'BR735543A', '742805924', 'cached_recent', '2026-02-15T00:00:00Z', 'Liverpool');
INSERT INTO patient_conditions (patient_id, condition_name, status, since_date) VALUES ('pt-0521', 'Overactive bladder', 'history', '2024-03-16');
INSERT INTO patient_appointments (patient_id, appointment_date, appointment_time, type, location, reason, verified_up_to_date) VALUES ('pt-0521', '2025-05-05', '09:45', 'Mental health check-in', 'GP practice', 'annual monitoring', 1);
INSERT INTO patient_appointments (patient_id, appointment_date, appointment_time, type, location, reason, verified_up_to_date) VALUES ('pt-0521', '2025-06-29', '12:40', 'Ophthalmology', 'Home visit', 'treatment follow-up', 1);

INSERT INTO patients (id, name, age, gender, address_line1, city, county, postcode, country, telephone, email, gp_name, gp_practice, gp_address, national_insurance_number, passport_number, cache_status, last_synced_at, meta_region) VALUES ('pt-0522', 'Freddie James', 56, 'Male', '148 Hope Street', 'Glasgow', 'Glasgow City', 'G2 2TG', 'UK', '+44 7953 465310', 'freddie.james@icloud.com', 'Dr Richard Taylor', 'Brownlow Group Practice', '150 Mt Pleasant, Liverpool L69 3GD, United Kingdom', 'IE637941C', '083938732', 'cached_recent', '2026-03-03T00:00:00Z', 'Glasgow');
INSERT INTO patient_prescriptions (patient_id, drug, indication, dose, frequency, start_date, prescriber) VALUES ('pt-0522', 'Edoxaban', 'Anticoagulant (AF/VTE)', '1 injection', 'with meals', '2023-05-15', 'Dr Owen Taylor');
INSERT INTO patient_vaccine_records (patient_id, vaccine, vaccine_date, product) VALUES ('pt-0522', 'COVID-19', '2023-02-12', 'Nuvaxovid');
INSERT INTO patient_vaccine_records (patient_id, vaccine, vaccine_date, product) VALUES ('pt-0522', 'Td/Tdap (tetanus, diphtheria, pertussis)', '2020-03-15', NULL);

INSERT INTO patients (id, name, age, gender, address_line1, city, county, postcode, country, telephone, email, gp_name, gp_practice, gp_address, national_insurance_number, passport_number, cache_status, last_synced_at, meta_region) VALUES ('pt-0523', 'Hannah Martin', 85, 'Female', '55 George Street', 'Edinburgh', 'City of Edinburgh', 'EH2 2SB', 'UK', '+44 7427 710743', 'hannahmartin@icloud.com', 'Dr John O''Neill', 'Brownlow Group Practice', '150 Mt Pleasant, Liverpool L69 3GD, United Kingdom', 'ET845821D', '416702539', 'cached_recent', '2026-02-17T00:00:00Z', 'Edinburgh');
INSERT INTO patient_conditions (patient_id, condition_name, status, since_date) VALUES ('pt-0523', 'Gout', 'active', '2018-12-05');
INSERT INTO patient_conditions (patient_id, condition_name, status, since_date) VALUES ('pt-0523', 'Osteoarthritis', 'active', '2019-12-11');
INSERT INTO patient_vaccine_records (patient_id, vaccine, vaccine_date, product) VALUES ('pt-0523', 'COVID-19', '2020-07-07', 'Spikevax');
INSERT INTO patient_vaccine_records (patient_id, vaccine, vaccine_date, product) VALUES ('pt-0523', 'COVID-19 booster', '2021-01-22', 'Spikevax');
INSERT INTO patient_vaccine_records (patient_id, vaccine, vaccine_date, product) VALUES ('pt-0523', 'Influenza (seasonal)', '2018-04-21', NULL);
INSERT INTO patient_vaccine_records (patient_id, vaccine, vaccine_date, product) VALUES ('pt-0523', 'Pneumococcal', '2022-01-12', NULL);
INSERT INTO patient_vaccine_records (patient_id, vaccine, vaccine_date, product) VALUES ('pt-0523', 'Shingles (Shingrix)', '2025-03-28', 'Shingrix');

INSERT INTO patients (id, name, age, gender, address_line1, city, county, postcode, country, telephone, email, gp_name, gp_practice, gp_address, national_insurance_number, passport_number, cache_status, last_synced_at, meta_region) VALUES ('pt-0524', 'Muhammad Kelly', 50, 'Male', '188 Lever Street', 'Manchester', 'Greater Manchester', 'M1 1AQ', 'UK', '+44 7911 953945', 'muhammad.kelly@hotmail.co.uk', 'Dr Kate Stewart', 'Brownlow Group Practice', '150 Mt Pleasant, Liverpool L69 3GD, United Kingdom', 'AZ947228D', '549749055', 'cached_stale', '2026-03-01T00:00:00Z', 'Manchester');
INSERT INTO patient_conditions (patient_id, condition_name, status, since_date) VALUES ('pt-0524', 'Epilepsy', 'monitoring', '2022-05-02');
INSERT INTO patient_conditions (patient_id, condition_name, status, since_date) VALUES ('pt-0524', 'Chronic kidney disease', 'active', '2015-10-22');
INSERT INTO patient_conditions (patient_id, condition_name, status, since_date) VALUES ('pt-0524', 'Type 2 diabetes', 'controlled', '2018-05-30');
INSERT INTO patient_prescriptions (patient_id, drug, indication, dose, frequency, start_date, prescriber) VALUES ('pt-0524', 'Atorvastatin', 'High cholesterol/Cardiovascular risk', '1 injection', 'at night', '2025-05-12', 'Dr Holly Khan');
INSERT INTO patient_prescriptions (patient_id, drug, indication, dose, frequency, start_date, prescriber) VALUES ('pt-0524', 'Edoxaban', 'Anticoagulant (AF/VTE)', '5 mg', 'with meals', '2024-12-21', 'Dr Michael Foster');
INSERT INTO patient_appointments (patient_id, appointment_date, appointment_time, type, location, reason, verified_up_to_date) VALUES ('pt-0524', '2025-07-03', '16:30', 'Physiotherapy', 'Home visit', 'routine review', 1);
INSERT INTO patient_appointments (patient_id, appointment_date, appointment_time, type, location, reason, verified_up_to_date) VALUES ('pt-0524', '2025-08-04', '08:40', 'Cardiology follow-up', 'Hospital outpatient department', 'symptom check', 1);
INSERT INTO patient_appointments (patient_id, appointment_date, appointment_time, type, location, reason, verified_up_to_date) VALUES ('pt-0524', '2026-04-07', '09:50', 'Diabetes clinic', 'GP practice', 'annual monitoring', 1);
INSERT INTO patient_appointments (patient_id, appointment_date, appointment_time, type, location, reason, verified_up_to_date) VALUES ('pt-0524', '2026-12-02', '11:30', 'Diabetes clinic', 'Community clinic', 'symptom check', 1);

INSERT INTO patients (id, name, age, gender, address_line1, city, county, postcode, country, telephone, email, gp_name, gp_practice, gp_address, national_insurance_number, passport_number, cache_status, last_synced_at, meta_region) VALUES ('pt-0525', 'Megan Thomas', 3, 'Female', 'Apt 57, 217 The Headrow', 'Leeds', 'West Yorkshire', 'LS1 1UR', 'UK', '+44 7574 644544', 'megan800@outlook.com', 'Dr Kate Wilson', 'Brownlow Group Practice', '150 Mt Pleasant, Liverpool L69 3GD, United Kingdom', 'VK379188D', '484964636', 'verified_online', '2026-02-26T00:00:00Z', 'Leeds');
INSERT INTO patient_conditions (patient_id, condition_name, status, since_date) VALUES ('pt-0525', 'Hypercholesterolaemia', 'history', '2025-02-23');

INSERT INTO patients (id, name, age, gender, address_line1, city, county, postcode, country, telephone, email, gp_name, gp_practice, gp_address, national_insurance_number, passport_number, cache_status, last_synced_at, meta_region) VALUES ('pt-0526', 'David Knight', 69, 'Male', '25 Constitution Hill', 'London', 'Greater London', 'SW1A 1JR', 'UK', '+44 7825 146410', 'david.knight17@icloud.com', 'Dr Kieran Khan', 'Brownlow Group Practice', '150 Mt Pleasant, Liverpool L69 3GD, United Kingdom', 'JK741101D', '084858273', 'cached_stale', '2026-02-13T00:00:00Z', 'London');
INSERT INTO patient_appointments (patient_id, appointment_date, appointment_time, type, location, reason, verified_up_to_date) VALUES ('pt-0526', '2025-12-31', '10:15', 'Physiotherapy', 'Community clinic', 'annual monitoring', 1);
INSERT INTO patient_appointments (patient_id, appointment_date, appointment_time, type, location, reason, verified_up_to_date) VALUES ('pt-0526', '2026-06-24', '16:15', 'Mental health check-in', 'GP practice', 'annual monitoring', 1);
INSERT INTO patient_vaccine_records (patient_id, vaccine, vaccine_date, product) VALUES ('pt-0526', 'Influenza (seasonal)', '2023-03-13', NULL);

INSERT INTO patients (id, name, age, gender, address_line1, city, county, postcode, country, telephone, email, gp_name, gp_practice, gp_address, national_insurance_number, passport_number, cache_status, last_synced_at, meta_region) VALUES ('pt-0527', 'Arthur Ali', 87, 'Male', '71 Claremont Place', 'Newcastle upon Tyne', 'Tyne and Wear', 'NE1 4LP', 'UK', '+44 7914 742074', 'arthur.ali@gmail.com', 'Dr Owen Roberts', 'Brownlow Group Practice', '150 Mt Pleasant, Liverpool L69 3GD, United Kingdom', 'VL237797B', '879059360', 'cached_recent', '2026-02-21T00:00:00Z', 'Newcastle upon Tyne');
INSERT INTO patient_prescriptions (patient_id, drug, indication, dose, frequency, start_date, prescriber) VALUES ('pt-0527', 'Clopidogrel', 'Antiplatelet (post-MI/stroke)', '1 tablet', 'once daily', '2024-08-12', 'Dr Alex Wilson');
INSERT INTO patient_prescriptions (patient_id, drug, indication, dose, frequency, start_date, prescriber) VALUES ('pt-0527', 'Latanoprost', 'Glaucoma', '25 mg', 'once daily', '2023-11-09', 'Dr Robert Hughes');
INSERT INTO patient_vaccine_records (patient_id, vaccine, vaccine_date, product) VALUES ('pt-0527', 'COVID-19', '2024-12-26', 'Spikevax');
INSERT INTO patient_vaccine_records (patient_id, vaccine, vaccine_date, product) VALUES ('pt-0527', 'Influenza (seasonal)', '2023-02-26', NULL);

INSERT INTO patients (id, name, age, gender, address_line1, city, county, postcode, country, telephone, email, gp_name, gp_practice, gp_address, national_insurance_number, passport_number, cache_status, last_synced_at, meta_region) VALUES ('pt-0528', 'Edward Gill', 87, 'Male', '212 Chicheley Street', 'London', 'Greater London', 'SW1A 1AA', 'UK', '+44 7561 316782', 'egill@outlook.com', 'Dr Owen Evans', 'Brownlow Group Practice', '150 Mt Pleasant, Liverpool L69 3GD, United Kingdom', 'ZM582563D', '332488404', 'verified_online', '2026-02-07T00:00:00Z', 'London');
INSERT INTO patient_conditions (patient_id, condition_name, status, since_date) VALUES ('pt-0528', 'Chronic back pain', 'history', '2022-08-29');
INSERT INTO patient_prescriptions (patient_id, drug, indication, dose, frequency, start_date, prescriber) VALUES ('pt-0528', 'Bisoprolol', 'Hypertension/Heart failure/Arrhythmia', '10 mg', 'as needed', '2024-01-13', 'Dr Matthew Campbell');
INSERT INTO patient_appointments (patient_id, appointment_date, appointment_time, type, location, reason, verified_up_to_date) VALUES ('pt-0528', '2025-10-14', '16:15', 'Medication review', 'Hospital outpatient department', 'treatment follow-up', 1);
INSERT INTO patient_vaccine_records (patient_id, vaccine, vaccine_date, product) VALUES ('pt-0528', 'COVID-19', '2025-10-21', 'Nuvaxovid');
INSERT INTO patient_vaccine_records (patient_id, vaccine, vaccine_date, product) VALUES ('pt-0528', 'Influenza (seasonal)', '2016-05-18', NULL);
INSERT INTO patient_vaccine_records (patient_id, vaccine, vaccine_date, product) VALUES ('pt-0528', 'Pneumococcal', '2020-06-29', NULL);
INSERT INTO patient_vaccine_records (patient_id, vaccine, vaccine_date, product) VALUES ('pt-0528', 'Shingles (Shingrix)', '2024-09-22', 'Shingrix');
INSERT INTO patient_vaccine_records (patient_id, vaccine, vaccine_date, product) VALUES ('pt-0528', 'Td/Tdap (tetanus, diphtheria, pertussis)', '2023-09-19', NULL);

INSERT INTO patients (id, name, age, gender, address_line1, city, county, postcode, country, telephone, email, gp_name, gp_practice, gp_address, national_insurance_number, passport_number, cache_status, last_synced_at, meta_region) VALUES ('pt-0529', 'Louis Thomas', 23, 'Male', 'Apt 56, 208 College Green', 'Bristol', 'Bristol', 'BS1 5TL', 'UK', '+44 7999 689741', 'louis.thomas15@hotmail.co.uk', 'Dr Rachel Reid', 'Brownlow Group Practice', '150 Mt Pleasant, Liverpool L69 3GD, United Kingdom', 'ZN368557A', '165377971', 'cached_recent', '2026-02-26T00:00:00Z', 'Bristol');
INSERT INTO patient_conditions (patient_id, condition_name, status, since_date) VALUES ('pt-0529', 'COPD', 'controlled', '2022-06-22');
INSERT INTO patient_conditions (patient_id, condition_name, status, since_date) VALUES ('pt-0529', 'Asthma', 'controlled', '2021-12-18');
INSERT INTO patient_appointments (patient_id, appointment_date, appointment_time, type, location, reason, verified_up_to_date) VALUES ('pt-0529', '2026-05-19', '17:15', 'GP review', 'Home visit', 'results discussion', 0);
INSERT INTO patient_appointments (patient_id, appointment_date, appointment_time, type, location, reason, verified_up_to_date) VALUES ('pt-0529', '2027-02-27', '11:20', 'Cardiology follow-up', 'GP practice', 'annual monitoring', 1);

INSERT INTO patients (id, name, age, gender, address_line1, city, county, postcode, country, telephone, email, gp_name, gp_practice, gp_address, national_insurance_number, passport_number, cache_status, last_synced_at, meta_region) VALUES ('pt-0530', 'Archie Morris', 73, 'Male', 'Flat 11, 158 Constitution Hill', 'London', 'Greater London', 'SW1A 1BH', 'UK', '+44 7953 913231', 'archie326@hotmail.co.uk', 'Dr Owen Evans', 'Brownlow Group Practice', '150 Mt Pleasant, Liverpool L69 3GD, United Kingdom', 'TC613232C', '236286355', 'verified_online', '2026-02-08T00:00:00Z', 'London');
INSERT INTO patient_conditions (patient_id, condition_name, status, since_date) VALUES ('pt-0530', 'Osteoarthritis', 'monitoring', '2024-03-05');
INSERT INTO patient_conditions (patient_id, condition_name, status, since_date) VALUES ('pt-0530', 'Glaucoma', 'monitoring', '2023-07-28');
INSERT INTO patient_appointments (patient_id, appointment_date, appointment_time, type, location, reason, verified_up_to_date) VALUES ('pt-0530', '2025-05-18', '17:20', 'Medication review', 'Telehealth', 'symptom check', 1);
INSERT INTO patient_appointments (patient_id, appointment_date, appointment_time, type, location, reason, verified_up_to_date) VALUES ('pt-0530', '2026-04-27', '11:45', 'Physiotherapy', 'Telehealth', 'results discussion', 1);

INSERT INTO patients (id, name, age, gender, address_line1, city, county, postcode, country, telephone, email, gp_name, gp_practice, gp_address, national_insurance_number, passport_number, cache_status, last_synced_at, meta_region) VALUES ('pt-0531', 'Oliver Shaw', 68, 'Male', 'Apt 44, 15 Boar Lane', 'Leeds', 'West Yorkshire', 'LS1 1UR', 'UK', '+44 7260 905537', 'oliver907@gmail.com', 'Dr Priya Jones', 'Brownlow Group Practice', '150 Mt Pleasant, Liverpool L69 3GD, United Kingdom', 'DD714384C', '330985711', 'verified_online', '2026-02-28T00:00:00Z', 'Leeds');
INSERT INTO patient_conditions (patient_id, condition_name, status, since_date) VALUES ('pt-0531', 'Asthma', 'controlled', '2024-11-09');
INSERT INTO patient_prescriptions (patient_id, drug, indication, dose, frequency, start_date, prescriber) VALUES ('pt-0531', 'Aspirin', 'Antiplatelet/Pain', '20 mg', 'at night', '2024-04-15', 'Dr Owen Taylor');
INSERT INTO patient_prescriptions (patient_id, drug, indication, dose, frequency, start_date, prescriber) VALUES ('pt-0531', 'Clopidogrel', 'Antiplatelet (post-MI/stroke)', '50 mg', 'once weekly', '2024-01-19', 'Dr Eleanor Foster');
INSERT INTO patient_appointments (patient_id, appointment_date, appointment_time, type, location, reason, verified_up_to_date) VALUES ('pt-0531', '2023-04-11', '12:10', 'Physiotherapy', 'Home visit', 'symptom check', 1);
INSERT INTO patient_appointments (patient_id, appointment_date, appointment_time, type, location, reason, verified_up_to_date) VALUES ('pt-0531', '2025-04-10', '17:45', 'Blood test', 'GP practice', 'symptom check', 1);
INSERT INTO patient_appointments (patient_id, appointment_date, appointment_time, type, location, reason, verified_up_to_date) VALUES ('pt-0531', '2025-06-01', '08:45', 'Blood test', 'Home visit', 'annual monitoring', 0);
INSERT INTO patient_appointments (patient_id, appointment_date, appointment_time, type, location, reason, verified_up_to_date) VALUES ('pt-0531', '2026-05-20', '12:20', 'Diabetes clinic', 'GP practice', 'annual monitoring', 0);
INSERT INTO patient_appointments (patient_id, appointment_date, appointment_time, type, location, reason, verified_up_to_date) VALUES ('pt-0531', '2026-11-21', '17:45', 'Medication review', 'Community clinic', 'results discussion', 0);
INSERT INTO patient_vaccine_records (patient_id, vaccine, vaccine_date, product) VALUES ('pt-0531', 'Influenza (seasonal)', '2021-05-29', NULL);

INSERT INTO patients (id, name, age, gender, address_line1, city, county, postcode, country, telephone, email, gp_name, gp_practice, gp_address, national_insurance_number, passport_number, cache_status, last_synced_at, meta_region) VALUES ('pt-0532', 'Lucas Porter', 61, 'Male', '121 South John Street', 'Liverpool', 'Merseyside', 'L1 8LZ', 'UK', '+44 7555 787679', 'lucas769@hotmail.co.uk', 'Dr Rachel Clarke', 'Brownlow Group Practice', '150 Mt Pleasant, Liverpool L69 3GD, United Kingdom', 'SU277954D', '799488361', 'cached_recent', '2026-02-22T00:00:00Z', 'Liverpool');
INSERT INTO patient_conditions (patient_id, condition_name, status, since_date) VALUES ('pt-0532', 'Benign prostatic hyperplasia (BPH)', 'active', '2011-12-19');
INSERT INTO patient_conditions (patient_id, condition_name, status, since_date) VALUES ('pt-0532', 'Epilepsy', 'active', '2022-12-05');
INSERT INTO patient_prescriptions (patient_id, drug, indication, dose, frequency, start_date, prescriber) VALUES ('pt-0532', 'Apixaban', 'Anticoagulant (AF/VTE)', '1 g', 'once weekly', '2025-11-09', 'Dr Matthew Smith');
INSERT INTO patient_appointments (patient_id, appointment_date, appointment_time, type, location, reason, verified_up_to_date) VALUES ('pt-0532', '2024-04-06', '14:30', 'Respiratory review', 'Home visit', 'routine review', 1);
INSERT INTO patient_vaccine_records (patient_id, vaccine, vaccine_date, product) VALUES ('pt-0532', 'COVID-19', '2025-08-14', 'Spikevax');

INSERT INTO patients (id, name, age, gender, address_line1, city, county, postcode, country, telephone, email, gp_name, gp_practice, gp_address, national_insurance_number, passport_number, cache_status, last_synced_at, meta_region) VALUES ('pt-0533', 'Eliza Hughes', 42, 'Female', 'Flat 31, 73 Belvedere Road', 'London', 'Greater London', 'SE1 7PB', 'UK', '+44 7987 134118', 'eliza.hughes62@gmail.com', 'Dr Kieran Smith', 'Brownlow Group Practice', '150 Mt Pleasant, Liverpool L69 3GD, United Kingdom', 'LH557942B', '213375756', 'verified_online', '2026-02-15T00:00:00Z', 'London');
INSERT INTO patient_conditions (patient_id, condition_name, status, since_date) VALUES ('pt-0533', 'Depression', 'active', '2023-09-21');

INSERT INTO patients (id, name, age, gender, address_line1, city, county, postcode, country, telephone, email, gp_name, gp_practice, gp_address, national_insurance_number, passport_number, cache_status, last_synced_at, meta_region) VALUES ('pt-0534', 'Archie Webb', 8, 'Male', '7 Donegall Square South', 'Belfast', 'County Antrim', 'BT1 5JD', 'UK', '+44 7578 394788', 'awebb@icloud.com', 'Dr Aisha O''Neill', 'Brownlow Group Practice', '150 Mt Pleasant, Liverpool L69 3GD, United Kingdom', 'NX039156B', '234516508', 'cached_recent', '2026-02-05T00:00:00Z', 'Belfast');
INSERT INTO patient_conditions (patient_id, condition_name, status, since_date) VALUES ('pt-0534', 'Hypercholesterolaemia', 'active', '2017-05-06');
INSERT INTO patient_prescriptions (patient_id, drug, indication, dose, frequency, start_date, prescriber) VALUES ('pt-0534', 'Lansoprazole', 'Reflux/Ulcer prevention', '1 puff', 'at night', '2024-08-13', 'Dr Kieran Taylor');
INSERT INTO patient_prescriptions (patient_id, drug, indication, dose, frequency, start_date, prescriber) VALUES ('pt-0534', 'Levothyroxine', 'Hypothyroidism', '100 mg', 'once daily', '2023-06-06', 'Dr Michael Foster');

INSERT INTO patients (id, name, age, gender, address_line1, city, county, postcode, country, telephone, email, gp_name, gp_practice, gp_address, national_insurance_number, passport_number, cache_status, last_synced_at, meta_region) VALUES ('pt-0535', 'Ella Johnson', 89, 'Female', '135 Constitution Hill', 'London', 'Greater London', 'SW1A 1BA', 'UK', '+44 7543 892951', 'ella491@gmail.com', 'Dr Kieran Khan', 'Brownlow Group Practice', '150 Mt Pleasant, Liverpool L69 3GD, United Kingdom', 'UW568067A', '171713408', 'cached_stale', '2026-02-05T00:00:00Z', 'London');
INSERT INTO patient_conditions (patient_id, condition_name, status, since_date) VALUES ('pt-0535', 'Active cancer (under treatment)', 'active', '2022-01-05');
INSERT INTO patient_conditions (patient_id, condition_name, status, since_date) VALUES ('pt-0535', 'Osteoarthritis', 'active', '2013-08-26');
INSERT INTO patient_conditions (patient_id, condition_name, status, since_date) VALUES ('pt-0535', 'Hypertension', 'monitoring', '2013-10-04');
INSERT INTO patient_conditions (patient_id, condition_name, status, since_date) VALUES ('pt-0535', 'Depression', 'monitoring', '2024-06-15');
INSERT INTO patient_conditions (patient_id, condition_name, status, since_date) VALUES ('pt-0535', 'Benign prostatic hyperplasia (BPH)', 'active', '2021-11-07');
INSERT INTO patient_prescriptions (patient_id, drug, indication, dose, frequency, start_date, prescriber) VALUES ('pt-0535', 'Citalopram', 'Depression/Anxiety', '1 injection', 'once daily', '2025-07-26', 'Dr David Wilson');
INSERT INTO patient_appointments (patient_id, appointment_date, appointment_time, type, location, reason, verified_up_to_date) VALUES ('pt-0535', '2027-01-04', '13:30', 'Medication review', 'Telehealth', 'treatment follow-up', 1);
INSERT INTO patient_vaccine_records (patient_id, vaccine, vaccine_date, product) VALUES ('pt-0535', 'Influenza (seasonal)', '2024-03-28', NULL);
INSERT INTO patient_vaccine_records (patient_id, vaccine, vaccine_date, product) VALUES ('pt-0535', 'Shingles (Shingrix)', '2018-08-17', 'Shingrix');

INSERT INTO patients (id, name, age, gender, address_line1, city, county, postcode, country, telephone, email, gp_name, gp_practice, gp_address, national_insurance_number, passport_number, cache_status, last_synced_at, meta_region) VALUES ('pt-0536', 'William Baker', 61, 'Male', '131 The Mall', 'London', 'Greater London', 'SW1A 1BW', 'UK', '+44 7551 656697', 'william.baker35@outlook.com', 'Dr Sophie Roberts', 'Brownlow Group Practice', '150 Mt Pleasant, Liverpool L69 3GD, United Kingdom', 'ZA239073C', '555709301', 'cached_stale', '2026-02-11T00:00:00Z', 'London');
INSERT INTO patient_conditions (patient_id, condition_name, status, since_date) VALUES ('pt-0536', 'Glaucoma', 'active', '2022-02-26');
INSERT INTO patient_prescriptions (patient_id, drug, indication, dose, frequency, start_date, prescriber) VALUES ('pt-0536', 'Beclometasone dipropionate', 'Asthma/COPD', '1 injection', 'at night', '2025-03-18', 'Dr Helen Morgan');

INSERT INTO patients (id, name, age, gender, address_line1, city, county, postcode, country, telephone, email, gp_name, gp_practice, gp_address, national_insurance_number, passport_number, cache_status, last_synced_at, meta_region) VALUES ('pt-0537', 'Oliver Phillips', 84, 'Male', '82 Lever Street', 'Manchester', 'Greater Manchester', 'M1 1AQ', 'UK', '+44 7860 716168', 'oliverphillips@outlook.com', 'Dr Kate Walsh', 'Brownlow Group Practice', '150 Mt Pleasant, Liverpool L69 3GD, United Kingdom', 'UB483569C', '467844123', 'cached_recent', '2026-02-14T00:00:00Z', 'Manchester');
INSERT INTO patient_prescriptions (patient_id, drug, indication, dose, frequency, start_date, prescriber) VALUES ('pt-0537', 'Ramipril', 'Hypertension/Heart failure', '1 injection', 'with meals', '2024-07-18', 'Dr Owen Hughes');
INSERT INTO patient_prescriptions (patient_id, drug, indication, dose, frequency, start_date, prescriber) VALUES ('pt-0537', 'Tiotropium', 'COPD', '1 puff', 'once weekly', '2024-08-10', 'Dr David Clarke');
INSERT INTO patient_prescriptions (patient_id, drug, indication, dose, frequency, start_date, prescriber) VALUES ('pt-0537', 'Tamsulosin', 'BPH', '2 puffs', 'once daily', '2025-07-28', 'Dr Matthew Campbell');
INSERT INTO patient_vaccine_records (patient_id, vaccine, vaccine_date, product) VALUES ('pt-0537', 'COVID-19', '2025-06-05', 'Nuvaxovid');
INSERT INTO patient_vaccine_records (patient_id, vaccine, vaccine_date, product) VALUES ('pt-0537', 'COVID-19 booster', '2023-02-14', 'Spikevax');
INSERT INTO patient_vaccine_records (patient_id, vaccine, vaccine_date, product) VALUES ('pt-0537', 'Influenza (seasonal)', '2016-10-13', NULL);
INSERT INTO patient_vaccine_records (patient_id, vaccine, vaccine_date, product) VALUES ('pt-0537', 'Pneumococcal', '2020-03-26', NULL);

INSERT INTO patients (id, name, age, gender, address_line1, city, county, postcode, country, telephone, email, gp_name, gp_practice, gp_address, national_insurance_number, passport_number, cache_status, last_synced_at, meta_region) VALUES ('pt-0538', 'Olivia Jackson', 76, 'Female', 'Flat 36, 194 Queen Victoria Road', 'Newcastle upon Tyne', 'Tyne and Wear', 'NE1 4LP', 'UK', '+44 7866 257664', 'ojackson@hotmail.co.uk', 'Dr Richard Smith', 'Brownlow Group Practice', '150 Mt Pleasant, Liverpool L69 3GD, United Kingdom', 'HQ870178A', '402382313', 'verified_online', '2026-02-18T00:00:00Z', 'Newcastle upon Tyne');
INSERT INTO patient_conditions (patient_id, condition_name, status, since_date) VALUES ('pt-0538', 'Hypertension', 'active', '2019-02-07');
INSERT INTO patient_conditions (patient_id, condition_name, status, since_date) VALUES ('pt-0538', 'Hypercholesterolaemia', 'active', '2015-03-21');
INSERT INTO patient_prescriptions (patient_id, drug, indication, dose, frequency, start_date, prescriber) VALUES ('pt-0538', 'Ramipril', 'Hypertension/Heart failure', '2.5 mg', 'as needed', '2024-05-18', 'Dr David Wilson');
INSERT INTO patient_prescriptions (patient_id, drug, indication, dose, frequency, start_date, prescriber) VALUES ('pt-0538', 'Atorvastatin', 'High cholesterol/Cardiovascular risk', '1 g', 'as needed', '2023-03-13', 'Dr Kieran Taylor');
INSERT INTO patient_prescriptions (patient_id, drug, indication, dose, frequency, start_date, prescriber) VALUES ('pt-0538', 'Gliclazide', 'Type 2 diabetes', '50 mg', 'twice daily', '2024-04-18', 'Dr David Wilson');
INSERT INTO patient_appointments (patient_id, appointment_date, appointment_time, type, location, reason, verified_up_to_date) VALUES ('pt-0538', '2023-05-10', '17:20', 'GP review', 'Hospital outpatient department', 'annual monitoring', 1);
INSERT INTO patient_appointments (patient_id, appointment_date, appointment_time, type, location, reason, verified_up_to_date) VALUES ('pt-0538', '2025-04-30', '16:15', 'GP review', 'Hospital outpatient department', 'treatment follow-up', 1);
INSERT INTO patient_vaccine_records (patient_id, vaccine, vaccine_date, product) VALUES ('pt-0538', 'Influenza (seasonal)', '2021-08-17', NULL);
INSERT INTO patient_vaccine_records (patient_id, vaccine, vaccine_date, product) VALUES ('pt-0538', 'Pneumococcal', '2023-10-15', NULL);

INSERT INTO patients (id, name, age, gender, address_line1, city, county, postcode, country, telephone, email, gp_name, gp_practice, gp_address, national_insurance_number, passport_number, cache_status, last_synced_at, meta_region) VALUES ('pt-0539', 'Maria Ahmed', 59, 'Female', '109 Mill Road', 'Cambridge', 'Cambridgeshire', 'CB1 3BS', 'UK', '+44 7979 165014', 'mariaahmed@outlook.com', 'Dr Laura Jones', 'Brownlow Group Practice', '150 Mt Pleasant, Liverpool L69 3GD, United Kingdom', 'OO813657C', '322149477', 'cached_recent', '2026-03-02T00:00:00Z', 'Cambridge');
INSERT INTO patient_conditions (patient_id, condition_name, status, since_date) VALUES ('pt-0539', 'Chronic back pain', 'monitoring', '2024-06-14');
INSERT INTO patient_conditions (patient_id, condition_name, status, since_date) VALUES ('pt-0539', 'Epilepsy', 'active', '2022-09-10');
INSERT INTO patient_conditions (patient_id, condition_name, status, since_date) VALUES ('pt-0539', 'Overactive bladder', 'history', '2025-02-05');
INSERT INTO patient_prescriptions (patient_id, drug, indication, dose, frequency, start_date, prescriber) VALUES ('pt-0539', 'Losartan', 'Hypertension', '10 mg', 'at night', '2025-01-26', 'Dr Robert Hughes');
INSERT INTO patient_prescriptions (patient_id, drug, indication, dose, frequency, start_date, prescriber) VALUES ('pt-0539', 'Sacubitril/valsartan', 'Heart failure', '1 injection', 'at night', '2024-10-27', 'Dr Ibrahim Ahmed');
INSERT INTO patient_appointments (patient_id, appointment_date, appointment_time, type, location, reason, verified_up_to_date) VALUES ('pt-0539', '2027-03-02', '12:00', 'Cardiology follow-up', 'Hospital outpatient department', 'routine review', 0);
INSERT INTO patient_appointments (patient_id, appointment_date, appointment_time, type, location, reason, verified_up_to_date) VALUES ('pt-0539', '2027-03-04', '13:00', 'Mental health check-in', 'Telehealth', 'symptom check', 1);
INSERT INTO patient_vaccine_records (patient_id, vaccine, vaccine_date, product) VALUES ('pt-0539', 'COVID-19', '2023-03-20', 'Spikevax');

INSERT INTO patients (id, name, age, gender, address_line1, city, county, postcode, country, telephone, email, gp_name, gp_practice, gp_address, national_insurance_number, passport_number, cache_status, last_synced_at, meta_region) VALUES ('pt-0540', 'Oscar Ward', 49, 'Male', '92 St Georges Road', 'Bristol', 'Bristol', 'BS1 5AH', 'UK', '+44 7541 568452', 'oscar.ward@icloud.com', 'Dr Ben Roberts', 'Brownlow Group Practice', '150 Mt Pleasant, Liverpool L69 3GD, United Kingdom', 'JD820236B', '978465034', 'verified_online', '2026-03-04T00:00:00Z', 'Bristol');
INSERT INTO patient_conditions (patient_id, condition_name, status, since_date) VALUES ('pt-0540', 'Hypercholesterolaemia', 'active', '2011-07-25');
INSERT INTO patient_conditions (patient_id, condition_name, status, since_date) VALUES ('pt-0540', 'Gastro-oesophageal reflux disease (GORD)', 'monitoring', '2018-08-09');
INSERT INTO patient_conditions (patient_id, condition_name, status, since_date) VALUES ('pt-0540', 'Gout', 'active', '2024-08-19');
INSERT INTO patient_appointments (patient_id, appointment_date, appointment_time, type, location, reason, verified_up_to_date) VALUES ('pt-0540', '2025-07-04', '15:30', 'Blood test', 'Home visit', 'results discussion', 1);

INSERT INTO patients (id, name, age, gender, address_line1, city, county, postcode, country, telephone, email, gp_name, gp_practice, gp_address, national_insurance_number, passport_number, cache_status, last_synced_at, meta_region) VALUES ('pt-0541', 'Sophie White', 71, 'Female', 'Apt 36, 133 Wharton Street', 'Cardiff', 'South Glamorgan', 'CF10 1AA', 'UK', '+44 7796 594455', 'sophiewhite@gmail.com', 'Dr David Smith', 'Brownlow Group Practice', '150 Mt Pleasant, Liverpool L69 3GD, United Kingdom', 'UW607214D', '626067667', 'cached_stale', '2026-02-23T00:00:00Z', 'Cardiff');
INSERT INTO patient_conditions (patient_id, condition_name, status, since_date) VALUES ('pt-0541', 'Benign prostatic hyperplasia (BPH)', 'monitoring', '2019-05-11');
INSERT INTO patient_conditions (patient_id, condition_name, status, since_date) VALUES ('pt-0541', 'Type 2 diabetes', 'controlled', '2017-09-05');
INSERT INTO patient_prescriptions (patient_id, drug, indication, dose, frequency, start_date, prescriber) VALUES ('pt-0541', 'Rivaroxaban', 'Anticoagulant (AF/VTE)', '1 tablet', 'once weekly', '2024-03-22', 'Dr Helen Morgan');
INSERT INTO patient_appointments (patient_id, appointment_date, appointment_time, type, location, reason, verified_up_to_date) VALUES ('pt-0541', '2024-05-17', '11:40', 'Medication review', 'Home visit', 'results discussion', 1);
INSERT INTO patient_appointments (patient_id, appointment_date, appointment_time, type, location, reason, verified_up_to_date) VALUES ('pt-0541', '2026-11-21', '13:00', 'Respiratory review', 'Telehealth', 'routine review', 1);
INSERT INTO patient_vaccine_records (patient_id, vaccine, vaccine_date, product) VALUES ('pt-0541', 'COVID-19', '2022-05-31', 'Spikevax');
INSERT INTO patient_vaccine_records (patient_id, vaccine, vaccine_date, product) VALUES ('pt-0541', 'Influenza (seasonal)', '2023-02-01', NULL);

INSERT INTO patients (id, name, age, gender, address_line1, city, county, postcode, country, telephone, email, gp_name, gp_practice, gp_address, national_insurance_number, passport_number, cache_status, last_synced_at, meta_region) VALUES ('pt-0542', 'Sophia Williams', 62, 'Female', 'Apt 14, 2 Calverley Street', 'Leeds', 'West Yorkshire', 'LS1 1UR', 'UK', '+44 7341 669736', 'sophia583@outlook.com', 'Dr Kate Wilson', 'Brownlow Group Practice', '150 Mt Pleasant, Liverpool L69 3GD, United Kingdom', 'UC586780B', '567164753', 'verified_online', '2026-02-25T00:00:00Z', 'Leeds');
INSERT INTO patient_prescriptions (patient_id, drug, indication, dose, frequency, start_date, prescriber) VALUES ('pt-0542', 'Levothyroxine', 'Hypothyroidism', '20 mg', 'once weekly', '2024-10-08', 'Dr Rachel Smith');
INSERT INTO patient_prescriptions (patient_id, drug, indication, dose, frequency, start_date, prescriber) VALUES ('pt-0542', 'Empagliflozin', 'Type 2 diabetes/Heart failure', '5 mg', 'with meals', '2024-03-27', 'Dr Robert Jones');
INSERT INTO patient_vaccine_records (patient_id, vaccine, vaccine_date, product) VALUES ('pt-0542', 'COVID-19', '2022-01-02', 'Spikevax');

INSERT INTO patients (id, name, age, gender, address_line1, city, county, postcode, country, telephone, email, gp_name, gp_practice, gp_address, national_insurance_number, passport_number, cache_status, last_synced_at, meta_region) VALUES ('pt-0543', 'Charlotte Watson', 47, 'Female', 'Apt 21, 193 The Mall', 'London', 'Greater London', 'SW1A 1BD', 'UK', '+44 7639 567522', 'cwatson@hotmail.co.uk', 'Dr Kieran Smith', 'Brownlow Group Practice', '150 Mt Pleasant, Liverpool L69 3GD, United Kingdom', 'MT227778C', '267706797', 'verified_online', '2026-03-04T00:00:00Z', 'London');
INSERT INTO patient_prescriptions (patient_id, drug, indication, dose, frequency, start_date, prescriber) VALUES ('pt-0543', 'Co-codamol', 'Pain', '50 mg', 'twice daily', '2025-06-27', 'Dr Chloe Khan');
INSERT INTO patient_appointments (patient_id, appointment_date, appointment_time, type, location, reason, verified_up_to_date) VALUES ('pt-0543', '2026-09-27', '11:15', 'Medication review', 'Telehealth', 'results discussion', 0);
INSERT INTO patient_vaccine_records (patient_id, vaccine, vaccine_date, product) VALUES ('pt-0543', 'COVID-19', '2019-11-18', 'Spikevax');

INSERT INTO patients (id, name, age, gender, address_line1, city, county, postcode, country, telephone, email, gp_name, gp_practice, gp_address, national_insurance_number, passport_number, cache_status, last_synced_at, meta_region) VALUES ('pt-0544', 'Georgia Jones', 95, 'Female', 'Apt 77, 209 Suez Road', 'Cambridge', 'Cambridgeshire', 'CB1 3NU', 'UK', '+44 7802 938947', 'georgia945@icloud.com', 'Dr David Ahmed', 'Brownlow Group Practice', '150 Mt Pleasant, Liverpool L69 3GD, United Kingdom', 'UV960553C', '886561461', 'cached_stale', '2026-02-15T00:00:00Z', 'Cambridge');
INSERT INTO patient_conditions (patient_id, condition_name, status, since_date) VALUES ('pt-0544', 'History of stroke/TIA', 'active', '2013-11-29');
INSERT INTO patient_conditions (patient_id, condition_name, status, since_date) VALUES ('pt-0544', 'Heart failure', 'controlled', '2014-04-20');
INSERT INTO patient_prescriptions (patient_id, drug, indication, dose, frequency, start_date, prescriber) VALUES ('pt-0544', 'Sitagliptin', 'Type 2 diabetes', '0.5 mg', 'at night', '2023-12-09', 'Dr Priya Patel');
INSERT INTO patient_appointments (patient_id, appointment_date, appointment_time, type, location, reason, verified_up_to_date) VALUES ('pt-0544', '2025-04-26', '11:50', 'Cardiology follow-up', 'Community clinic', 'results discussion', 1);
INSERT INTO patient_appointments (patient_id, appointment_date, appointment_time, type, location, reason, verified_up_to_date) VALUES ('pt-0544', '2026-04-04', '09:20', 'Mental health check-in', 'Home visit', 'results discussion', 1);
INSERT INTO patient_vaccine_records (patient_id, vaccine, vaccine_date, product) VALUES ('pt-0544', 'Influenza (seasonal)', '2022-06-23', NULL);
INSERT INTO patient_vaccine_records (patient_id, vaccine, vaccine_date, product) VALUES ('pt-0544', 'Shingles (Shingrix)', '2020-02-18', 'Shingrix');
INSERT INTO patient_vaccine_records (patient_id, vaccine, vaccine_date, product) VALUES ('pt-0544', 'MMR', '2020-08-12', NULL);

INSERT INTO patients (id, name, age, gender, address_line1, city, county, postcode, country, telephone, email, gp_name, gp_practice, gp_address, national_insurance_number, passport_number, cache_status, last_synced_at, meta_region) VALUES ('pt-0545', 'Ruby Morgan', 31, 'Female', 'Unit 40, 84 West George Street', 'Glasgow', 'Glasgow City', 'G2 2NR', 'UK', '+44 7787 719754', 'ruby.morgan@hotmail.co.uk', 'Dr Zoe Jones', 'Brownlow Group Practice', '150 Mt Pleasant, Liverpool L69 3GD, United Kingdom', 'EG214386A', '001679155', 'cached_recent', '2026-02-06T00:00:00Z', 'Glasgow');
INSERT INTO patient_conditions (patient_id, condition_name, status, since_date) VALUES ('pt-0545', 'Type 2 diabetes', 'active', '2016-11-27');
INSERT INTO patient_appointments (patient_id, appointment_date, appointment_time, type, location, reason, verified_up_to_date) VALUES ('pt-0545', '2024-03-02', '08:00', 'Respiratory review', 'Community clinic', 'routine review', 0);
INSERT INTO patient_appointments (patient_id, appointment_date, appointment_time, type, location, reason, verified_up_to_date) VALUES ('pt-0545', '2025-10-31', '11:40', 'Mental health check-in', 'Hospital outpatient department', 'routine review', 1);
INSERT INTO patient_appointments (patient_id, appointment_date, appointment_time, type, location, reason, verified_up_to_date) VALUES ('pt-0545', '2026-06-13', '09:40', 'Diabetes clinic', 'GP practice', 'symptom check', 1);
INSERT INTO patient_appointments (patient_id, appointment_date, appointment_time, type, location, reason, verified_up_to_date) VALUES ('pt-0545', '2026-10-13', '09:40', 'GP review', 'Hospital outpatient department', 'results discussion', 1);

INSERT INTO patients (id, name, age, gender, address_line1, city, county, postcode, country, telephone, email, gp_name, gp_practice, gp_address, national_insurance_number, passport_number, cache_status, last_synced_at, meta_region) VALUES ('pt-0546', 'Sophia Webb', 32, 'Female', '153 Westminster Bridge Road', 'London', 'Greater London', 'SW1A 1BH', 'UK', '+44 7390 357770', 'sophiawebb@icloud.com', 'Dr Kieran Khan', 'Brownlow Group Practice', '150 Mt Pleasant, Liverpool L69 3GD, United Kingdom', 'JH838703A', '192860384', 'cached_stale', '2026-02-02T00:00:00Z', 'London');
INSERT INTO patient_conditions (patient_id, condition_name, status, since_date) VALUES ('pt-0546', 'Chronic kidney disease', 'active', '2020-04-18');
INSERT INTO patient_conditions (patient_id, condition_name, status, since_date) VALUES ('pt-0546', 'History of stroke/TIA', 'active', '2018-09-01');
INSERT INTO patient_appointments (patient_id, appointment_date, appointment_time, type, location, reason, verified_up_to_date) VALUES ('pt-0546', '2025-12-30', '11:00', 'Respiratory review', 'GP practice', 'vaccination', 0);
INSERT INTO patient_appointments (patient_id, appointment_date, appointment_time, type, location, reason, verified_up_to_date) VALUES ('pt-0546', '2026-03-14', '09:20', 'GP review', 'Home visit', 'routine review', 1);
INSERT INTO patient_appointments (patient_id, appointment_date, appointment_time, type, location, reason, verified_up_to_date) VALUES ('pt-0546', '2026-11-29', '14:10', 'Blood test', 'Hospital outpatient department', 'symptom check', 1);
INSERT INTO patient_vaccine_records (patient_id, vaccine, vaccine_date, product) VALUES ('pt-0546', 'COVID-19', '2020-02-13', 'Spikevax');
INSERT INTO patient_vaccine_records (patient_id, vaccine, vaccine_date, product) VALUES ('pt-0546', 'Pneumococcal', '2018-08-30', NULL);

INSERT INTO patients (id, name, age, gender, address_line1, city, county, postcode, country, telephone, email, gp_name, gp_practice, gp_address, national_insurance_number, passport_number, cache_status, last_synced_at, meta_region) VALUES ('pt-0547', 'Ella Harrison', 55, 'Female', '192 Corporation Street', 'Birmingham', 'West Midlands', 'B1 1BB', 'UK', '+44 7132 255090', 'ella287@hotmail.co.uk', 'Dr Rachel Foster', 'Brownlow Group Practice', '150 Mt Pleasant, Liverpool L69 3GD, United Kingdom', 'NX553984C', '674395802', 'verified_online', '2026-02-12T00:00:00Z', 'Birmingham');
INSERT INTO patient_conditions (patient_id, condition_name, status, since_date) VALUES ('pt-0547', 'COPD', 'active', '2016-08-10');
INSERT INTO patient_prescriptions (patient_id, drug, indication, dose, frequency, start_date, prescriber) VALUES ('pt-0547', 'Atorvastatin', 'High cholesterol/Cardiovascular risk', '500 mg', 'at night', '2024-12-07', 'Dr Helen Morgan');
INSERT INTO patient_appointments (patient_id, appointment_date, appointment_time, type, location, reason, verified_up_to_date) VALUES ('pt-0547', '2025-05-20', '09:15', 'Blood test', 'Telehealth', 'routine review', 0);
INSERT INTO patient_appointments (patient_id, appointment_date, appointment_time, type, location, reason, verified_up_to_date) VALUES ('pt-0547', '2025-10-25', '11:00', 'Physiotherapy', 'Hospital outpatient department', 'treatment follow-up', 1);
INSERT INTO patient_appointments (patient_id, appointment_date, appointment_time, type, location, reason, verified_up_to_date) VALUES ('pt-0547', '2027-02-03', '14:50', 'GP review', 'Home visit', 'treatment follow-up', 1);
INSERT INTO patient_appointments (patient_id, appointment_date, appointment_time, type, location, reason, verified_up_to_date) VALUES ('pt-0547', '2027-02-06', '17:20', 'Diabetes clinic', 'Community clinic', 'annual monitoring', 1);
INSERT INTO patient_vaccine_records (patient_id, vaccine, vaccine_date, product) VALUES ('pt-0547', 'Pneumococcal', '2017-06-01', NULL);
INSERT INTO patient_vaccine_records (patient_id, vaccine, vaccine_date, product) VALUES ('pt-0547', 'MMR', '2016-07-25', NULL);

INSERT INTO patients (id, name, age, gender, address_line1, city, county, postcode, country, telephone, email, gp_name, gp_practice, gp_address, national_insurance_number, passport_number, cache_status, last_synced_at, meta_region) VALUES ('pt-0548', 'Hugo Russell', 10, 'Male', '18 St Andrew Square', 'Edinburgh', 'City of Edinburgh', 'EH2 2LL', 'UK', '+44 7162 216726', 'hrussell@outlook.com', 'Dr Robert Patel', 'Brownlow Group Practice', '150 Mt Pleasant, Liverpool L69 3GD, United Kingdom', 'RV875219B', '926218715', 'cached_recent', '2026-02-18T00:00:00Z', 'Edinburgh');
INSERT INTO patient_appointments (patient_id, appointment_date, appointment_time, type, location, reason, verified_up_to_date) VALUES ('pt-0548', '2025-11-12', '11:45', 'Cardiology follow-up', 'Community clinic', 'routine review', 1);
INSERT INTO patient_appointments (patient_id, appointment_date, appointment_time, type, location, reason, verified_up_to_date) VALUES ('pt-0548', '2026-03-16', '12:20', 'Medication review', 'GP practice', 'routine review', 1);
INSERT INTO patient_vaccine_records (patient_id, vaccine, vaccine_date, product) VALUES ('pt-0548', 'COVID-19', '2025-05-15', 'Nuvaxovid');

INSERT INTO patients (id, name, age, gender, address_line1, city, county, postcode, country, telephone, email, gp_name, gp_practice, gp_address, national_insurance_number, passport_number, cache_status, last_synced_at, meta_region) VALUES ('pt-0549', 'Georgia Murray', 56, 'Female', '84 The Headrow', 'Leeds', 'West Yorkshire', 'LS1 1UR', 'UK', '+44 7838 291142', 'georgia.murray15@outlook.com', 'Dr Kate Wilson', 'Brownlow Group Practice', '150 Mt Pleasant, Liverpool L69 3GD, United Kingdom', 'NA797008B', '891414827', 'cached_stale', '2026-02-15T00:00:00Z', 'Leeds');
INSERT INTO patient_conditions (patient_id, condition_name, status, since_date) VALUES ('pt-0549', 'Overactive bladder', 'active', '2023-10-21');
INSERT INTO patient_conditions (patient_id, condition_name, status, since_date) VALUES ('pt-0549', 'Hypercholesterolaemia', 'active', '2012-06-18');
INSERT INTO patient_appointments (patient_id, appointment_date, appointment_time, type, location, reason, verified_up_to_date) VALUES ('pt-0549', '2023-06-01', '14:40', 'Respiratory review', 'Hospital outpatient department', 'symptom check', 1);
INSERT INTO patient_appointments (patient_id, appointment_date, appointment_time, type, location, reason, verified_up_to_date) VALUES ('pt-0549', '2025-04-12', '12:50', 'GP review', 'Telehealth', 'treatment follow-up', 1);
INSERT INTO patient_appointments (patient_id, appointment_date, appointment_time, type, location, reason, verified_up_to_date) VALUES ('pt-0549', '2026-03-16', '15:00', 'Medication review', 'Home visit', 'annual monitoring', 1);
INSERT INTO patient_appointments (patient_id, appointment_date, appointment_time, type, location, reason, verified_up_to_date) VALUES ('pt-0549', '2026-03-26', '17:20', 'Cardiology follow-up', 'GP practice', 'results discussion', 1);

INSERT INTO patients (id, name, age, gender, address_line1, city, county, postcode, country, telephone, email, gp_name, gp_practice, gp_address, national_insurance_number, passport_number, cache_status, last_synced_at, meta_region) VALUES ('pt-0550', 'Maria Taylor', 65, 'Female', 'Flat 29, 122 South John Street', 'Liverpool', 'Merseyside', 'L1 8BQ', 'UK', '+44 7460 147064', 'mtaylor@gmail.com', 'Dr Tom Foster', 'Brownlow Group Practice', '150 Mt Pleasant, Liverpool L69 3GD, United Kingdom', 'NO783294C', '944120474', 'cached_stale', '2026-02-17T00:00:00Z', 'Liverpool');
INSERT INTO patient_conditions (patient_id, condition_name, status, since_date) VALUES ('pt-0550', 'Hypercholesterolaemia', 'monitoring', '2024-01-02');
INSERT INTO patient_conditions (patient_id, condition_name, status, since_date) VALUES ('pt-0550', 'Dementia', 'active', '2025-11-03');
INSERT INTO patient_conditions (patient_id, condition_name, status, since_date) VALUES ('pt-0550', 'Hypertension', 'active', '2015-08-02');
INSERT INTO patient_conditions (patient_id, condition_name, status, since_date) VALUES ('pt-0550', 'History of stroke/TIA', 'active', '2022-05-21');
INSERT INTO patient_conditions (patient_id, condition_name, status, since_date) VALUES ('pt-0550', 'Benign prostatic hyperplasia (BPH)', 'controlled', '2023-01-04');
INSERT INTO patient_prescriptions (patient_id, drug, indication, dose, frequency, start_date, prescriber) VALUES ('pt-0550', 'Gabapentin', 'Neuropathic pain/Epilepsy', '2 puffs', 'with meals', '2025-10-05', 'Dr Kieran Smith');
INSERT INTO patient_appointments (patient_id, appointment_date, appointment_time, type, location, reason, verified_up_to_date) VALUES ('pt-0550', '2023-08-25', '12:50', 'Diabetes clinic', 'Home visit', 'treatment follow-up', 1);
INSERT INTO patient_appointments (patient_id, appointment_date, appointment_time, type, location, reason, verified_up_to_date) VALUES ('pt-0550', '2023-09-26', '09:40', 'Vaccination appointment', 'Telehealth', 'results discussion', 1);
INSERT INTO patient_appointments (patient_id, appointment_date, appointment_time, type, location, reason, verified_up_to_date) VALUES ('pt-0550', '2023-10-20', '17:15', 'Diabetes clinic', 'GP practice', 'annual monitoring', 1);
INSERT INTO patient_appointments (patient_id, appointment_date, appointment_time, type, location, reason, verified_up_to_date) VALUES ('pt-0550', '2026-07-19', '15:20', 'Physiotherapy', 'Telehealth', 'annual monitoring', 0);
INSERT INTO patient_vaccine_records (patient_id, vaccine, vaccine_date, product) VALUES ('pt-0550', 'Influenza (seasonal)', '2023-05-06', NULL);

INSERT INTO patients (id, name, age, gender, address_line1, city, county, postcode, country, telephone, email, gp_name, gp_practice, gp_address, national_insurance_number, passport_number, cache_status, last_synced_at, meta_region) VALUES ('pt-0551', 'Imogen Scott', 64, 'Female', '201 Sauchiehall Street', 'Glasgow', 'Glasgow City', 'G2 2EN', 'UK', '+44 7670 327278', 'imogen50@outlook.com', 'Dr Zoe Jones', 'Brownlow Group Practice', '150 Mt Pleasant, Liverpool L69 3GD, United Kingdom', 'QZ773894D', '401483933', 'cached_recent', '2026-02-17T00:00:00Z', 'Glasgow');
INSERT INTO patient_conditions (patient_id, condition_name, status, since_date) VALUES ('pt-0551', 'Gout', 'controlled', '2023-03-24');
INSERT INTO patient_conditions (patient_id, condition_name, status, since_date) VALUES ('pt-0551', 'Epilepsy', 'history', '2024-09-26');
INSERT INTO patient_conditions (patient_id, condition_name, status, since_date) VALUES ('pt-0551', 'Atrial fibrillation', 'history', '2013-12-19');
INSERT INTO patient_conditions (patient_id, condition_name, status, since_date) VALUES ('pt-0551', 'Benign prostatic hyperplasia (BPH)', 'controlled', '2011-12-28');
INSERT INTO patient_appointments (patient_id, appointment_date, appointment_time, type, location, reason, verified_up_to_date) VALUES ('pt-0551', '2025-11-19', '14:10', 'Diabetes clinic', 'Home visit', 'results discussion', 1);
INSERT INTO patient_vaccine_records (patient_id, vaccine, vaccine_date, product) VALUES ('pt-0551', 'COVID-19', '2025-08-19', 'Spikevax');
INSERT INTO patient_vaccine_records (patient_id, vaccine, vaccine_date, product) VALUES ('pt-0551', 'COVID-19 booster', '2023-11-29', 'Spikevax');
INSERT INTO patient_vaccine_records (patient_id, vaccine, vaccine_date, product) VALUES ('pt-0551', 'Td/Tdap (tetanus, diphtheria, pertussis)', '2017-09-13', NULL);

INSERT INTO patients (id, name, age, gender, address_line1, city, county, postcode, country, telephone, email, gp_name, gp_practice, gp_address, national_insurance_number, passport_number, cache_status, last_synced_at, meta_region) VALUES ('pt-0552', 'Lily Harris', 57, 'Female', 'Apt 74, 144 Wall Street', 'Liverpool', 'Merseyside', 'L1 8JF', 'UK', '+44 7362 306652', 'lily.harris@icloud.com', 'Dr Niamh Campbell', 'Brownlow Group Practice', '150 Mt Pleasant, Liverpool L69 3GD, United Kingdom', 'RM933140D', '005115137', 'cached_stale', '2026-02-22T00:00:00Z', 'Liverpool');
INSERT INTO patient_conditions (patient_id, condition_name, status, since_date) VALUES ('pt-0552', 'Generalised anxiety disorder', 'active', '2021-04-27');
INSERT INTO patient_conditions (patient_id, condition_name, status, since_date) VALUES ('pt-0552', 'Chronic kidney disease', 'controlled', '2014-01-15');
INSERT INTO patient_prescriptions (patient_id, drug, indication, dose, frequency, start_date, prescriber) VALUES ('pt-0552', 'Losartan', 'Hypertension', '200 mg', 'as needed', '2023-03-21', 'Dr David Clarke');
INSERT INTO patient_prescriptions (patient_id, drug, indication, dose, frequency, start_date, prescriber) VALUES ('pt-0552', 'Alendronic acid', 'Osteoporosis', '2.5 mg', 'at night', '2024-09-22', 'Dr Robert Jones');
INSERT INTO patient_appointments (patient_id, appointment_date, appointment_time, type, location, reason, verified_up_to_date) VALUES ('pt-0552', '2023-08-13', '15:30', 'Cardiology follow-up', 'GP practice', 'symptom check', 1);
INSERT INTO patient_appointments (patient_id, appointment_date, appointment_time, type, location, reason, verified_up_to_date) VALUES ('pt-0552', '2026-02-05', '15:40', 'GP review', 'Telehealth', 'symptom check', 0);
INSERT INTO patient_appointments (patient_id, appointment_date, appointment_time, type, location, reason, verified_up_to_date) VALUES ('pt-0552', '2026-12-20', '13:20', 'Physiotherapy', 'Community clinic', 'treatment follow-up', 1);
INSERT INTO patient_appointments (patient_id, appointment_date, appointment_time, type, location, reason, verified_up_to_date) VALUES ('pt-0552', '2026-12-23', '08:40', 'Physiotherapy', 'Home visit', 'vaccination', 0);

INSERT INTO patients (id, name, age, gender, address_line1, city, county, postcode, country, telephone, email, gp_name, gp_practice, gp_address, national_insurance_number, passport_number, cache_status, last_synced_at, meta_region) VALUES ('pt-0553', 'Theo Walker', 2, 'Male', '4 Westminster Bridge Road', 'London', 'Greater London', 'SW1A 1BH', 'UK', '+44 7737 772662', 'theowalker@outlook.com', 'Dr Sophie Roberts', 'Brownlow Group Practice', '150 Mt Pleasant, Liverpool L69 3GD, United Kingdom', 'LO999548C', '225633104', 'cached_recent', '2026-02-13T00:00:00Z', 'London');
INSERT INTO patient_prescriptions (patient_id, drug, indication, dose, frequency, start_date, prescriber) VALUES ('pt-0553', 'Co-codamol', 'Pain', '50 mg', 'with meals', '2024-04-03', 'Dr Hannah Wilson');
INSERT INTO patient_vaccine_records (patient_id, vaccine, vaccine_date, product) VALUES ('pt-0553', 'COVID-19', '2026-02-18', 'Nuvaxovid');
INSERT INTO patient_vaccine_records (patient_id, vaccine, vaccine_date, product) VALUES ('pt-0553', 'Td/Tdap (tetanus, diphtheria, pertussis)', '2019-10-27', NULL);

INSERT INTO patients (id, name, age, gender, address_line1, city, county, postcode, country, telephone, email, gp_name, gp_practice, gp_address, national_insurance_number, passport_number, cache_status, last_synced_at, meta_region) VALUES ('pt-0554', 'Ada Thompson', 91, 'Female', 'Flat 12, 13 Chicheley Street', 'London', 'Greater London', 'SE1 7PB', 'UK', '+44 7359 796734', 'ada.thompson11@hotmail.co.uk', 'Dr Kieran Khan', 'Brownlow Group Practice', '150 Mt Pleasant, Liverpool L69 3GD, United Kingdom', 'ID201059B', '723821585', 'verified_online', '2026-02-23T00:00:00Z', 'London');
INSERT INTO patient_conditions (patient_id, condition_name, status, since_date) VALUES ('pt-0554', 'Depression', 'active', '2011-04-03');
INSERT INTO patient_conditions (patient_id, condition_name, status, since_date) VALUES ('pt-0554', 'Heart failure', 'active', '2013-12-13');
INSERT INTO patient_conditions (patient_id, condition_name, status, since_date) VALUES ('pt-0554', 'Chronic kidney disease', 'active', '2018-11-05');
INSERT INTO patient_conditions (patient_id, condition_name, status, since_date) VALUES ('pt-0554', 'Atrial fibrillation', 'history', '2025-02-25');
INSERT INTO patient_conditions (patient_id, condition_name, status, since_date) VALUES ('pt-0554', 'Dementia', 'controlled', '2014-05-31');
INSERT INTO patient_prescriptions (patient_id, drug, indication, dose, frequency, start_date, prescriber) VALUES ('pt-0554', 'Insulin aspart', 'Diabetes', '25 mg', 'at night', '2024-10-29', 'Dr Ibrahim Khan');
INSERT INTO patient_prescriptions (patient_id, drug, indication, dose, frequency, start_date, prescriber) VALUES ('pt-0554', 'Tiotropium', 'COPD', '50 mg', 'once weekly', '2025-04-27', 'Dr Rachel Smith');
INSERT INTO patient_appointments (patient_id, appointment_date, appointment_time, type, location, reason, verified_up_to_date) VALUES ('pt-0554', '2024-08-16', '15:00', 'GP review', 'Home visit', 'routine review', 1);
INSERT INTO patient_appointments (patient_id, appointment_date, appointment_time, type, location, reason, verified_up_to_date) VALUES ('pt-0554', '2026-02-12', '10:10', 'Respiratory review', 'GP practice', 'vaccination', 1);
INSERT INTO patient_appointments (patient_id, appointment_date, appointment_time, type, location, reason, verified_up_to_date) VALUES ('pt-0554', '2026-02-13', '09:00', 'Medication review', 'Telehealth', 'annual monitoring', 1);
INSERT INTO patient_vaccine_records (patient_id, vaccine, vaccine_date, product) VALUES ('pt-0554', 'COVID-19', '2020-03-18', 'Spikevax');
INSERT INTO patient_vaccine_records (patient_id, vaccine, vaccine_date, product) VALUES ('pt-0554', 'Influenza (seasonal)', '2021-12-26', NULL);
INSERT INTO patient_vaccine_records (patient_id, vaccine, vaccine_date, product) VALUES ('pt-0554', 'Pneumococcal', '2022-11-16', NULL);
INSERT INTO patient_vaccine_records (patient_id, vaccine, vaccine_date, product) VALUES ('pt-0554', 'RSV', '2023-12-28', 'Arexvy');

INSERT INTO patients (id, name, age, gender, address_line1, city, county, postcode, country, telephone, email, gp_name, gp_practice, gp_address, national_insurance_number, passport_number, cache_status, last_synced_at, meta_region) VALUES ('pt-0555', 'Bethany Jackson', 55, 'Female', '201 Newhall Street', 'Birmingham', 'West Midlands', 'B1 1BB', 'UK', '+44 7107 887564', 'bethany.jackson28@hotmail.co.uk', 'Dr Aisha Hughes', 'Brownlow Group Practice', '150 Mt Pleasant, Liverpool L69 3GD, United Kingdom', 'WW416045B', '623293988', 'verified_online', '2026-02-06T00:00:00Z', 'Birmingham');
INSERT INTO patient_vaccine_records (patient_id, vaccine, vaccine_date, product) VALUES ('pt-0555', 'COVID-19', '2020-10-19', 'Comirnaty');
INSERT INTO patient_vaccine_records (patient_id, vaccine, vaccine_date, product) VALUES ('pt-0555', 'COVID-19 booster', '2017-07-13', 'Comirnaty');

INSERT INTO patients (id, name, age, gender, address_line1, city, county, postcode, country, telephone, email, gp_name, gp_practice, gp_address, national_insurance_number, passport_number, cache_status, last_synced_at, meta_region) VALUES ('pt-0556', 'Harriet Watson', 78, 'Female', 'Unit 10, 52 Chicheley Street', 'London', 'Greater London', 'SW1A 1AA', 'UK', '+44 7646 904784', 'hwatson@outlook.com', 'Dr Kieran Smith', 'Brownlow Group Practice', '150 Mt Pleasant, Liverpool L69 3GD, United Kingdom', 'RI979460A', '780895991', 'verified_online', '2026-02-09T00:00:00Z', 'London');
INSERT INTO patient_conditions (patient_id, condition_name, status, since_date) VALUES ('pt-0556', 'Heart failure', 'active', '2023-05-07');
INSERT INTO patient_conditions (patient_id, condition_name, status, since_date) VALUES ('pt-0556', 'Coronary heart disease', 'controlled', '2024-08-20');
INSERT INTO patient_prescriptions (patient_id, drug, indication, dose, frequency, start_date, prescriber) VALUES ('pt-0556', 'Gabapentin', 'Neuropathic pain/Epilepsy', '100 mg', 'with meals', '2023-09-29', 'Dr Owen Taylor');
INSERT INTO patient_appointments (patient_id, appointment_date, appointment_time, type, location, reason, verified_up_to_date) VALUES ('pt-0556', '2025-07-08', '13:20', 'Diabetes clinic', 'GP practice', 'treatment follow-up', 1);
INSERT INTO patient_vaccine_records (patient_id, vaccine, vaccine_date, product) VALUES ('pt-0556', 'COVID-19', '2026-01-04', 'Nuvaxovid');
INSERT INTO patient_vaccine_records (patient_id, vaccine, vaccine_date, product) VALUES ('pt-0556', 'Influenza (seasonal)', '2018-02-17', NULL);

INSERT INTO patients (id, name, age, gender, address_line1, city, county, postcode, country, telephone, email, gp_name, gp_practice, gp_address, national_insurance_number, passport_number, cache_status, last_synced_at, meta_region) VALUES ('pt-0557', 'Logan Wilson', 80, 'Male', '77 Constitution Hill', 'London', 'Greater London', 'SW1A 1AA', 'UK', '+44 7282 932036', 'logan.wilson@gmail.com', 'Dr Kieran Khan', 'Brownlow Group Practice', '150 Mt Pleasant, Liverpool L69 3GD, United Kingdom', 'HG732910A', '947544663', 'cached_recent', '2026-02-27T00:00:00Z', 'London');
INSERT INTO patient_conditions (patient_id, condition_name, status, since_date) VALUES ('pt-0557', 'Post-stroke disability', 'history', '2025-07-13');
INSERT INTO patient_vaccine_records (patient_id, vaccine, vaccine_date, product) VALUES ('pt-0557', 'Pneumococcal', '2023-09-23', NULL);

INSERT INTO patients (id, name, age, gender, address_line1, city, county, postcode, country, telephone, email, gp_name, gp_practice, gp_address, national_insurance_number, passport_number, cache_status, last_synced_at, meta_region) VALUES ('pt-0558', 'Joseph James', 29, 'Male', 'Flat 58, 208 Broad Street', 'Birmingham', 'West Midlands', 'B1 1BB', 'UK', '+44 7536 641036', 'joseph.james@hotmail.co.uk', 'Dr Ibrahim Wilson', 'Brownlow Group Practice', '150 Mt Pleasant, Liverpool L69 3GD, United Kingdom', 'FU918975B', '378259678', 'cached_stale', '2026-02-09T00:00:00Z', 'Birmingham');
INSERT INTO patient_conditions (patient_id, condition_name, status, since_date) VALUES ('pt-0558', 'Overactive bladder', 'active', '2023-02-09');
INSERT INTO patient_appointments (patient_id, appointment_date, appointment_time, type, location, reason, verified_up_to_date) VALUES ('pt-0558', '2025-08-10', '11:40', 'Diabetes clinic', 'Community clinic', 'treatment follow-up', 1);
INSERT INTO patient_vaccine_records (patient_id, vaccine, vaccine_date, product) VALUES ('pt-0558', 'Hepatitis B', '2023-01-24', NULL);

INSERT INTO patients (id, name, age, gender, address_line1, city, county, postcode, country, telephone, email, gp_name, gp_practice, gp_address, national_insurance_number, passport_number, cache_status, last_synced_at, meta_region) VALUES ('pt-0559', 'Sophia Graham', 83, 'Female', '132 New Street', 'Birmingham', 'West Midlands', 'B1 1BB', 'UK', '+44 7174 740561', 'sophia.graham33@hotmail.co.uk', 'Dr Chloe Roberts', 'Brownlow Group Practice', '150 Mt Pleasant, Liverpool L69 3GD, United Kingdom', 'XL291403B', '174894656', 'cached_stale', '2026-02-24T00:00:00Z', 'Birmingham');
INSERT INTO patient_prescriptions (patient_id, drug, indication, dose, frequency, start_date, prescriber) VALUES ('pt-0559', 'Latanoprost', 'Glaucoma', '2 puffs', 'once daily', '2025-02-10', 'Dr Robert Hughes');
INSERT INTO patient_prescriptions (patient_id, drug, indication, dose, frequency, start_date, prescriber) VALUES ('pt-0559', 'Losartan', 'Hypertension', '1 injection', 'once weekly', '2023-03-11', 'Dr Matthew Campbell');
INSERT INTO patient_appointments (patient_id, appointment_date, appointment_time, type, location, reason, verified_up_to_date) VALUES ('pt-0559', '2026-01-02', '17:30', 'Ophthalmology', 'Telehealth', 'treatment follow-up', 0);
INSERT INTO patient_vaccine_records (patient_id, vaccine, vaccine_date, product) VALUES ('pt-0559', 'Influenza (seasonal)', '2019-12-14', NULL);

INSERT INTO patients (id, name, age, gender, address_line1, city, county, postcode, country, telephone, email, gp_name, gp_practice, gp_address, national_insurance_number, passport_number, cache_status, last_synced_at, meta_region) VALUES ('pt-0560', 'Nora Evans', 13, 'Female', 'Unit 21, 147 Morgan Arcade', 'Cardiff', 'South Glamorgan', 'CF10 1AL', 'UK', '+44 7769 860720', 'noraevans@hotmail.co.uk', 'Dr George Hughes', 'Brownlow Group Practice', '150 Mt Pleasant, Liverpool L69 3GD, United Kingdom', 'JV464645C', '942021557', 'cached_recent', '2026-03-02T00:00:00Z', 'Cardiff');
INSERT INTO patient_conditions (patient_id, condition_name, status, since_date) VALUES ('pt-0560', 'Epilepsy', 'history', '2016-04-29');
INSERT INTO patient_appointments (patient_id, appointment_date, appointment_time, type, location, reason, verified_up_to_date) VALUES ('pt-0560', '2023-12-21', '10:20', 'Respiratory review', 'Community clinic', 'results discussion', 0);
INSERT INTO patient_appointments (patient_id, appointment_date, appointment_time, type, location, reason, verified_up_to_date) VALUES ('pt-0560', '2025-01-19', '08:30', 'Blood test', 'Home visit', 'symptom check', 0);

INSERT INTO patients (id, name, age, gender, address_line1, city, county, postcode, country, telephone, email, gp_name, gp_practice, gp_address, national_insurance_number, passport_number, cache_status, last_synced_at, meta_region) VALUES ('pt-0561', 'Jack Thompson', 51, 'Male', '166 Westminster Bridge Road', 'London', 'Greater London', 'SW1A 1BH', 'UK', '+44 7318 859417', 'jthompson@outlook.com', 'Dr Owen Evans', 'Brownlow Group Practice', '150 Mt Pleasant, Liverpool L69 3GD, United Kingdom', 'DB431340C', '071235647', 'verified_online', '2026-02-05T00:00:00Z', 'London');
INSERT INTO patient_conditions (patient_id, condition_name, status, since_date) VALUES ('pt-0561', 'Hypertension', 'history', '2018-09-05');
INSERT INTO patient_conditions (patient_id, condition_name, status, since_date) VALUES ('pt-0561', 'Obesity', 'monitoring', '2011-10-09');
INSERT INTO patient_conditions (patient_id, condition_name, status, since_date) VALUES ('pt-0561', 'Chronic back pain', 'active', '2022-08-10');
INSERT INTO patient_conditions (patient_id, condition_name, status, since_date) VALUES ('pt-0561', 'Heart failure', 'active', '2016-08-22');
INSERT INTO patient_conditions (patient_id, condition_name, status, since_date) VALUES ('pt-0561', 'Depression', 'monitoring', '2023-06-15');
INSERT INTO patient_conditions (patient_id, condition_name, status, since_date) VALUES ('pt-0561', 'Hypercholesterolaemia', 'active', '2013-04-05');
INSERT INTO patient_prescriptions (patient_id, drug, indication, dose, frequency, start_date, prescriber) VALUES ('pt-0561', 'Alendronic acid', 'Osteoporosis', '50 mg', 'once daily', '2024-08-03', 'Dr Kieran Taylor');
INSERT INTO patient_prescriptions (patient_id, drug, indication, dose, frequency, start_date, prescriber) VALUES ('pt-0561', 'Atorvastatin', 'High cholesterol/Cardiovascular risk', '1 g', 'once daily', '2025-09-06', 'Dr Holly Khan');
INSERT INTO patient_appointments (patient_id, appointment_date, appointment_time, type, location, reason, verified_up_to_date) VALUES ('pt-0561', '2026-05-12', '16:50', 'Mental health check-in', 'Home visit', 'vaccination', 1);

INSERT INTO patients (id, name, age, gender, address_line1, city, county, postcode, country, telephone, email, gp_name, gp_practice, gp_address, national_insurance_number, passport_number, cache_status, last_synced_at, meta_region) VALUES ('pt-0562', 'Sophie Khan', 79, 'Female', 'Unit 14, 98 Cyprus Road', 'Cambridge', 'Cambridgeshire', 'CB1 3NU', 'UK', '+44 7927 969306', 'sophie96@outlook.com', 'Dr Priya Hughes', 'Brownlow Group Practice', '150 Mt Pleasant, Liverpool L69 3GD, United Kingdom', 'ID564711A', '535401161', 'verified_online', '2026-03-03T00:00:00Z', 'Cambridge');
INSERT INTO patient_conditions (patient_id, condition_name, status, since_date) VALUES ('pt-0562', 'COPD', 'controlled', '2016-05-20');
INSERT INTO patient_prescriptions (patient_id, drug, indication, dose, frequency, start_date, prescriber) VALUES ('pt-0562', 'Levetiracetam', 'Epilepsy', '500 mg', 'twice daily', '2023-08-26', 'Dr Matthew Campbell');
INSERT INTO patient_appointments (patient_id, appointment_date, appointment_time, type, location, reason, verified_up_to_date) VALUES ('pt-0562', '2023-07-13', '11:50', 'Medication review', 'GP practice', 'symptom check', 1);
INSERT INTO patient_appointments (patient_id, appointment_date, appointment_time, type, location, reason, verified_up_to_date) VALUES ('pt-0562', '2025-05-29', '16:20', 'Ophthalmology', 'Home visit', 'vaccination', 1);
INSERT INTO patient_appointments (patient_id, appointment_date, appointment_time, type, location, reason, verified_up_to_date) VALUES ('pt-0562', '2025-12-16', '16:50', 'Medication review', 'Home visit', 'results discussion', 0);
INSERT INTO patient_vaccine_records (patient_id, vaccine, vaccine_date, product) VALUES ('pt-0562', 'Influenza (seasonal)', '2020-09-10', NULL);
INSERT INTO patient_vaccine_records (patient_id, vaccine, vaccine_date, product) VALUES ('pt-0562', 'RSV', '2020-01-29', 'Abrysvo');

INSERT INTO patients (id, name, age, gender, address_line1, city, county, postcode, country, telephone, email, gp_name, gp_practice, gp_address, national_insurance_number, passport_number, cache_status, last_synced_at, meta_region) VALUES ('pt-0563', 'Robert Young', 30, 'Male', '126 Broad Street', 'Birmingham', 'West Midlands', 'B1 1BB', 'UK', '+44 7385 294942', 'ryoung@hotmail.co.uk', 'Dr Rachel Foster', 'Brownlow Group Practice', '150 Mt Pleasant, Liverpool L69 3GD, United Kingdom', 'VU365158C', '811492871', 'cached_recent', '2026-02-16T00:00:00Z', 'Birmingham');
INSERT INTO patient_conditions (patient_id, condition_name, status, since_date) VALUES ('pt-0563', 'Hypothyroidism', 'active', '2024-08-28');
INSERT INTO patient_prescriptions (patient_id, drug, indication, dose, frequency, start_date, prescriber) VALUES ('pt-0563', 'Insulin aspart', 'Diabetes', '2.5 mg', 'as needed', '2024-08-01', 'Dr Kieran Taylor');
INSERT INTO patient_prescriptions (patient_id, drug, indication, dose, frequency, start_date, prescriber) VALUES ('pt-0563', 'Donepezil', 'Dementia', '200 mg', 'twice daily', '2026-01-25', 'Dr Kieran O''Neill');
INSERT INTO patient_vaccine_records (patient_id, vaccine, vaccine_date, product) VALUES ('pt-0563', 'COVID-19', '2019-03-04', 'Spikevax');
INSERT INTO patient_vaccine_records (patient_id, vaccine, vaccine_date, product) VALUES ('pt-0563', 'COVID-19 booster', '2021-03-23', 'Comirnaty');

INSERT INTO patients (id, name, age, gender, address_line1, city, county, postcode, country, telephone, email, gp_name, gp_practice, gp_address, national_insurance_number, passport_number, cache_status, last_synced_at, meta_region) VALUES ('pt-0564', 'Harriet Webb', 63, 'Female', 'Unit 39, 118 George Street', 'Edinburgh', 'City of Edinburgh', 'EH2 2SB', 'UK', '+44 7402 522085', 'harriet118@hotmail.co.uk', 'Dr Sarah Graham', 'Brownlow Group Practice', '150 Mt Pleasant, Liverpool L69 3GD, United Kingdom', 'VP563520A', '958319628', 'cached_recent', '2026-02-15T00:00:00Z', 'Edinburgh');
INSERT INTO patient_conditions (patient_id, condition_name, status, since_date) VALUES ('pt-0564', 'Glaucoma', 'active', '2014-03-21');
INSERT INTO patient_vaccine_records (patient_id, vaccine, vaccine_date, product) VALUES ('pt-0564', 'Td/Tdap (tetanus, diphtheria, pertussis)', '2026-02-18', NULL);
INSERT INTO patient_vaccine_records (patient_id, vaccine, vaccine_date, product) VALUES ('pt-0564', 'MMR', '2023-12-17', NULL);

INSERT INTO patients (id, name, age, gender, address_line1, city, county, postcode, country, telephone, email, gp_name, gp_practice, gp_address, national_insurance_number, passport_number, cache_status, last_synced_at, meta_region) VALUES ('pt-0565', 'Eleanor Stewart', 26, 'Female', 'Unit 12, 145 St Georges Road', 'Bristol', 'Bristol', 'BS1 5BE', 'UK', '+44 7614 585685', 'eleanorstewart@outlook.com', 'Dr Ben Roberts', 'Brownlow Group Practice', '150 Mt Pleasant, Liverpool L69 3GD, United Kingdom', 'FK485746A', '744036666', 'cached_stale', '2026-02-20T00:00:00Z', 'Bristol');
INSERT INTO patient_vaccine_records (patient_id, vaccine, vaccine_date, product) VALUES ('pt-0565', 'COVID-19', '2018-09-10', 'Spikevax');
INSERT INTO patient_vaccine_records (patient_id, vaccine, vaccine_date, product) VALUES ('pt-0565', 'Td/Tdap (tetanus, diphtheria, pertussis)', '2018-12-01', NULL);
INSERT INTO patient_vaccine_records (patient_id, vaccine, vaccine_date, product) VALUES ('pt-0565', 'MMR', '2025-08-07', NULL);

INSERT INTO patients (id, name, age, gender, address_line1, city, county, postcode, country, telephone, email, gp_name, gp_practice, gp_address, national_insurance_number, passport_number, cache_status, last_synced_at, meta_region) VALUES ('pt-0566', 'Benjamin Harrison', 90, 'Male', '170 Broad Street', 'Birmingham', 'West Midlands', 'B1 1BB', 'UK', '+44 7158 122621', 'benjaminharrison@icloud.com', 'Dr Chloe Roberts', 'Brownlow Group Practice', '150 Mt Pleasant, Liverpool L69 3GD, United Kingdom', 'IG764241B', '380211687', 'verified_online', '2026-03-02T00:00:00Z', 'Birmingham');
INSERT INTO patient_conditions (patient_id, condition_name, status, since_date) VALUES ('pt-0566', 'Type 2 diabetes', 'active', '2021-08-03');
INSERT INTO patient_conditions (patient_id, condition_name, status, since_date) VALUES ('pt-0566', 'Hypothyroidism', 'controlled', '2017-01-14');
INSERT INTO patient_conditions (patient_id, condition_name, status, since_date) VALUES ('pt-0566', 'Hypercholesterolaemia', 'controlled', '2017-07-17');
INSERT INTO patient_conditions (patient_id, condition_name, status, since_date) VALUES ('pt-0566', 'Chronic back pain', 'monitoring', '2023-01-04');
INSERT INTO patient_prescriptions (patient_id, drug, indication, dose, frequency, start_date, prescriber) VALUES ('pt-0566', 'Dapagliflozin', 'Type 2 diabetes/Heart failure/CKD', '10 mg', 'with meals', '2025-07-24', 'Dr Helen Ahmed');
INSERT INTO patient_vaccine_records (patient_id, vaccine, vaccine_date, product) VALUES ('pt-0566', 'Shingles (Shingrix)', '2025-04-16', 'Shingrix');

INSERT INTO patients (id, name, age, gender, address_line1, city, county, postcode, country, telephone, email, gp_name, gp_practice, gp_address, national_insurance_number, passport_number, cache_status, last_synced_at, meta_region) VALUES ('pt-0567', 'Charlie King', 44, 'Male', 'Unit 4, 156 The Mall', 'London', 'Greater London', 'SW1A 1BW', 'UK', '+44 7350 884610', 'charlieking@hotmail.co.uk', 'Dr Grace Evans', 'Brownlow Group Practice', '150 Mt Pleasant, Liverpool L69 3GD, United Kingdom', 'VE331311D', '128762167', 'cached_recent', '2026-02-25T00:00:00Z', 'London');
INSERT INTO patient_conditions (patient_id, condition_name, status, since_date) VALUES ('pt-0567', 'Osteoarthritis', 'active', '2025-07-15');
INSERT INTO patient_prescriptions (patient_id, drug, indication, dose, frequency, start_date, prescriber) VALUES ('pt-0567', 'Citalopram', 'Depression/Anxiety', '2 puffs', 'once weekly', '2024-04-25', 'Dr Rachel Smith');
INSERT INTO patient_vaccine_records (patient_id, vaccine, vaccine_date, product) VALUES ('pt-0567', 'COVID-19', '2017-05-25', 'Spikevax');

INSERT INTO patients (id, name, age, gender, address_line1, city, county, postcode, country, telephone, email, gp_name, gp_practice, gp_address, national_insurance_number, passport_number, cache_status, last_synced_at, meta_region) VALUES ('pt-0568', 'Victoria Wright', 55, 'Female', '85 Briggate', 'Leeds', 'West Yorkshire', 'LS1 1UR', 'UK', '+44 7380 692963', 'victoria.wright34@outlook.com', 'Dr Priya Jones', 'Brownlow Group Practice', '150 Mt Pleasant, Liverpool L69 3GD, United Kingdom', 'BJ447886C', '866222423', 'cached_stale', '2026-02-15T00:00:00Z', 'Leeds');
INSERT INTO patient_conditions (patient_id, condition_name, status, since_date) VALUES ('pt-0568', 'Atrial fibrillation', 'controlled', '2020-03-08');
INSERT INTO patient_prescriptions (patient_id, drug, indication, dose, frequency, start_date, prescriber) VALUES ('pt-0568', 'Dapagliflozin', 'Type 2 diabetes/Heart failure/CKD', '1 g', 'once daily', '2024-09-07', 'Dr Fatima Morgan');
INSERT INTO patient_appointments (patient_id, appointment_date, appointment_time, type, location, reason, verified_up_to_date) VALUES ('pt-0568', '2025-04-03', '13:00', 'Medication review', 'Hospital outpatient department', 'routine review', 0);
INSERT INTO patient_appointments (patient_id, appointment_date, appointment_time, type, location, reason, verified_up_to_date) VALUES ('pt-0568', '2025-04-05', '10:20', 'Diabetes clinic', 'Community clinic', 'annual monitoring', 1);
INSERT INTO patient_appointments (patient_id, appointment_date, appointment_time, type, location, reason, verified_up_to_date) VALUES ('pt-0568', '2026-01-09', '09:50', 'Cardiology follow-up', 'Hospital outpatient department', 'annual monitoring', 1);
INSERT INTO patient_appointments (patient_id, appointment_date, appointment_time, type, location, reason, verified_up_to_date) VALUES ('pt-0568', '2026-02-23', '16:00', 'Cardiology follow-up', 'Hospital outpatient department', 'vaccination', 1);
INSERT INTO patient_vaccine_records (patient_id, vaccine, vaccine_date, product) VALUES ('pt-0568', 'COVID-19', '2016-04-10', 'Spikevax');

INSERT INTO patients (id, name, age, gender, address_line1, city, county, postcode, country, telephone, email, gp_name, gp_practice, gp_address, national_insurance_number, passport_number, cache_status, last_synced_at, meta_region) VALUES ('pt-0569', 'Nora Powell', 56, 'Female', '95 West George Street', 'Glasgow', 'Glasgow City', 'G2 3AB', 'UK', '+44 7933 333363', 'npowell@icloud.com', 'Dr Eleanor Khan', 'Brownlow Group Practice', '150 Mt Pleasant, Liverpool L69 3GD, United Kingdom', 'AO591046B', '426424634', 'cached_recent', '2026-02-08T00:00:00Z', 'Glasgow');
INSERT INTO patient_conditions (patient_id, condition_name, status, since_date) VALUES ('pt-0569', 'History of stroke/TIA', 'monitoring', '2025-10-17');
INSERT INTO patient_conditions (patient_id, condition_name, status, since_date) VALUES ('pt-0569', 'Hypercholesterolaemia', 'active', '2025-10-31');
INSERT INTO patient_appointments (patient_id, appointment_date, appointment_time, type, location, reason, verified_up_to_date) VALUES ('pt-0569', '2025-11-19', '08:50', 'Diabetes clinic', 'Hospital outpatient department', 'annual monitoring', 1);

INSERT INTO patients (id, name, age, gender, address_line1, city, county, postcode, country, telephone, email, gp_name, gp_practice, gp_address, national_insurance_number, passport_number, cache_status, last_synced_at, meta_region) VALUES ('pt-0570', 'Molly Davies', 29, 'Female', 'Apt 3, 3 Park Row', 'Leeds', 'West Yorkshire', 'LS1 1UR', 'UK', '+44 7905 992509', 'mdavies@icloud.com', 'Dr Maya Patel', 'Brownlow Group Practice', '150 Mt Pleasant, Liverpool L69 3GD, United Kingdom', 'XI352450C', '649073655', 'cached_stale', '2026-02-18T00:00:00Z', 'Leeds');

INSERT INTO patients (id, name, age, gender, address_line1, city, county, postcode, country, telephone, email, gp_name, gp_practice, gp_address, national_insurance_number, passport_number, cache_status, last_synced_at, meta_region) VALUES ('pt-0571', 'Thomas Foster', 88, 'Male', '126 Princes Street', 'Edinburgh', 'City of Edinburgh', 'EH2 2PF', 'UK', '+44 7336 629154', 'thomas.foster@hotmail.co.uk', 'Dr Robert Patel', 'Brownlow Group Practice', '150 Mt Pleasant, Liverpool L69 3GD, United Kingdom', 'AE741709B', '571120053', 'verified_online', '2026-02-16T00:00:00Z', 'Edinburgh');
INSERT INTO patient_appointments (patient_id, appointment_date, appointment_time, type, location, reason, verified_up_to_date) VALUES ('pt-0571', '2023-11-24', '15:45', 'Blood test', 'Home visit', 'results discussion', 1);
INSERT INTO patient_appointments (patient_id, appointment_date, appointment_time, type, location, reason, verified_up_to_date) VALUES ('pt-0571', '2023-12-24', '15:10', 'Mental health check-in', 'Community clinic', 'symptom check', 1);
INSERT INTO patient_appointments (patient_id, appointment_date, appointment_time, type, location, reason, verified_up_to_date) VALUES ('pt-0571', '2024-09-28', '08:15', 'Cardiology follow-up', 'Telehealth', 'symptom check', 0);
INSERT INTO patient_vaccine_records (patient_id, vaccine, vaccine_date, product) VALUES ('pt-0571', 'Influenza (seasonal)', '2021-07-11', NULL);
INSERT INTO patient_vaccine_records (patient_id, vaccine, vaccine_date, product) VALUES ('pt-0571', 'Shingles (Shingrix)', '2023-04-25', 'Shingrix');

INSERT INTO patients (id, name, age, gender, address_line1, city, county, postcode, country, telephone, email, gp_name, gp_practice, gp_address, national_insurance_number, passport_number, cache_status, last_synced_at, meta_region) VALUES ('pt-0572', 'Daniel Shaw', 53, 'Male', '100 West Nile Street', 'Glasgow', 'Glasgow City', 'G2 2NR', 'UK', '+44 7169 369966', 'dshaw@icloud.com', 'Dr Richard Taylor', 'Brownlow Group Practice', '150 Mt Pleasant, Liverpool L69 3GD, United Kingdom', 'SV825541D', '848335295', 'verified_online', '2026-02-05T00:00:00Z', 'Glasgow');
INSERT INTO patient_appointments (patient_id, appointment_date, appointment_time, type, location, reason, verified_up_to_date) VALUES ('pt-0572', '2024-06-16', '15:20', 'Diabetes clinic', 'Home visit', 'treatment follow-up', 1);
INSERT INTO patient_vaccine_records (patient_id, vaccine, vaccine_date, product) VALUES ('pt-0572', 'Hepatitis B', '2020-03-05', NULL);

INSERT INTO patients (id, name, age, gender, address_line1, city, county, postcode, country, telephone, email, gp_name, gp_practice, gp_address, national_insurance_number, passport_number, cache_status, last_synced_at, meta_region) VALUES ('pt-0573', 'Joseph Harris', 17, 'Male', 'Unit 31, 76 Westminster Bridge Road', 'London', 'Greater London', 'SW1A 1JR', 'UK', '+44 7276 128855', 'joseph584@gmail.com', 'Dr Owen Evans', 'Brownlow Group Practice', '150 Mt Pleasant, Liverpool L69 3GD, United Kingdom', 'FY127127C', '372770515', 'verified_online', '2026-02-28T00:00:00Z', 'London');
INSERT INTO patient_appointments (patient_id, appointment_date, appointment_time, type, location, reason, verified_up_to_date) VALUES ('pt-0573', '2024-12-01', '16:40', 'GP review', 'Community clinic', 'vaccination', 0);
INSERT INTO patient_appointments (patient_id, appointment_date, appointment_time, type, location, reason, verified_up_to_date) VALUES ('pt-0573', '2025-10-23', '09:15', 'Ophthalmology', 'Home visit', 'symptom check', 1);
INSERT INTO patient_appointments (patient_id, appointment_date, appointment_time, type, location, reason, verified_up_to_date) VALUES ('pt-0573', '2026-03-09', '08:50', 'Ophthalmology', 'Community clinic', 'symptom check', 0);

INSERT INTO patients (id, name, age, gender, address_line1, city, county, postcode, country, telephone, email, gp_name, gp_practice, gp_address, national_insurance_number, passport_number, cache_status, last_synced_at, meta_region) VALUES ('pt-0574', 'Rosie Knight', 95, 'Female', 'Apt 33, 202 Newton Street', 'Manchester', 'Greater Manchester', 'M1 1FJ', 'UK', '+44 7298 410267', 'rosie.knight26@hotmail.co.uk', 'Dr Kate Walsh', 'Brownlow Group Practice', '150 Mt Pleasant, Liverpool L69 3GD, United Kingdom', 'DN822200D', '482252333', 'cached_stale', '2026-02-12T00:00:00Z', 'Manchester');
INSERT INTO patient_conditions (patient_id, condition_name, status, since_date) VALUES ('pt-0574', 'Gout', 'controlled', '2011-06-28');
INSERT INTO patient_conditions (patient_id, condition_name, status, since_date) VALUES ('pt-0574', 'Hypertension', 'active', '2023-07-15');
INSERT INTO patient_prescriptions (patient_id, drug, indication, dose, frequency, start_date, prescriber) VALUES ('pt-0574', 'Tirzepatide', 'Weight management/Type 2 diabetes', '50 mg', 'once daily', '2025-10-12', 'Dr Alex Brown');
INSERT INTO patient_prescriptions (patient_id, drug, indication, dose, frequency, start_date, prescriber) VALUES ('pt-0574', 'Nitrofurantoin', 'UTI', '5 mg', 'twice daily', '2024-09-27', 'Dr Helen Morgan');
INSERT INTO patient_appointments (patient_id, appointment_date, appointment_time, type, location, reason, verified_up_to_date) VALUES ('pt-0574', '2023-10-04', '16:10', 'Respiratory review', 'Community clinic', 'routine review', 1);
INSERT INTO patient_appointments (patient_id, appointment_date, appointment_time, type, location, reason, verified_up_to_date) VALUES ('pt-0574', '2025-04-17', '12:50', 'Diabetes clinic', 'Community clinic', 'results discussion', 0);
INSERT INTO patient_appointments (patient_id, appointment_date, appointment_time, type, location, reason, verified_up_to_date) VALUES ('pt-0574', '2026-08-11', '16:45', 'Medication review', 'Hospital outpatient department', 'treatment follow-up', 0);
INSERT INTO patient_appointments (patient_id, appointment_date, appointment_time, type, location, reason, verified_up_to_date) VALUES ('pt-0574', '2027-01-26', '14:15', 'Medication review', 'Community clinic', 'treatment follow-up', 0);
INSERT INTO patient_appointments (patient_id, appointment_date, appointment_time, type, location, reason, verified_up_to_date) VALUES ('pt-0574', '2027-02-01', '16:40', 'GP review', 'Telehealth', 'annual monitoring', 1);
INSERT INTO patient_vaccine_records (patient_id, vaccine, vaccine_date, product) VALUES ('pt-0574', 'COVID-19', '2021-02-16', 'Comirnaty');
INSERT INTO patient_vaccine_records (patient_id, vaccine, vaccine_date, product) VALUES ('pt-0574', 'Influenza (seasonal)', '2023-09-18', NULL);

INSERT INTO patients (id, name, age, gender, address_line1, city, county, postcode, country, telephone, email, gp_name, gp_practice, gp_address, national_insurance_number, passport_number, cache_status, last_synced_at, meta_region) VALUES ('pt-0575', 'Rosie Robinson', 67, 'Female', '136 Newton Street', 'Manchester', 'Greater Manchester', 'M1 1EE', 'UK', '+44 7584 154929', 'rrobinson@outlook.com', 'Dr Lucy Brown', 'Brownlow Group Practice', '150 Mt Pleasant, Liverpool L69 3GD, United Kingdom', 'DN776507C', '382653788', 'cached_recent', '2026-02-16T00:00:00Z', 'Manchester');

INSERT INTO patients (id, name, age, gender, address_line1, city, county, postcode, country, telephone, email, gp_name, gp_practice, gp_address, national_insurance_number, passport_number, cache_status, last_synced_at, meta_region) VALUES ('pt-0576', 'Isla Fisher', 71, 'Female', '219 Constitution Hill', 'London', 'Greater London', 'SW1A 1BH', 'UK', '+44 7849 662147', 'isla.fisher79@icloud.com', 'Dr Kieran Khan', 'Brownlow Group Practice', '150 Mt Pleasant, Liverpool L69 3GD, United Kingdom', 'XZ462621A', '790668081', 'cached_stale', '2026-02-04T00:00:00Z', 'London');
INSERT INTO patient_conditions (patient_id, condition_name, status, since_date) VALUES ('pt-0576', 'Chronic back pain', 'active', '2019-07-21');
INSERT INTO patient_prescriptions (patient_id, drug, indication, dose, frequency, start_date, prescriber) VALUES ('pt-0576', 'Levetiracetam', 'Epilepsy', '1 tablet', 'with meals', '2023-12-15', 'Dr Eleanor Foster');
INSERT INTO patient_appointments (patient_id, appointment_date, appointment_time, type, location, reason, verified_up_to_date) VALUES ('pt-0576', '2024-05-29', '10:50', 'Cardiology follow-up', 'Hospital outpatient department', 'results discussion', 1);
INSERT INTO patient_appointments (patient_id, appointment_date, appointment_time, type, location, reason, verified_up_to_date) VALUES ('pt-0576', '2025-03-04', '13:50', 'Mental health check-in', 'Community clinic', 'results discussion', 1);
INSERT INTO patient_appointments (patient_id, appointment_date, appointment_time, type, location, reason, verified_up_to_date) VALUES ('pt-0576', '2026-01-10', '10:40', 'Vaccination appointment', 'Home visit', 'routine review', 1);
INSERT INTO patient_appointments (patient_id, appointment_date, appointment_time, type, location, reason, verified_up_to_date) VALUES ('pt-0576', '2026-02-16', '15:40', 'Ophthalmology', 'GP practice', 'annual monitoring', 1);
INSERT INTO patient_appointments (patient_id, appointment_date, appointment_time, type, location, reason, verified_up_to_date) VALUES ('pt-0576', '2026-04-06', '15:15', 'Blood test', 'Community clinic', 'symptom check', 1);
INSERT INTO patient_vaccine_records (patient_id, vaccine, vaccine_date, product) VALUES ('pt-0576', 'COVID-19', '2020-12-15', 'Comirnaty');
INSERT INTO patient_vaccine_records (patient_id, vaccine, vaccine_date, product) VALUES ('pt-0576', 'COVID-19 booster', '2019-03-26', 'Spikevax');
INSERT INTO patient_vaccine_records (patient_id, vaccine, vaccine_date, product) VALUES ('pt-0576', 'Pneumococcal', '2019-04-18', NULL);
INSERT INTO patient_vaccine_records (patient_id, vaccine, vaccine_date, product) VALUES ('pt-0576', 'Td/Tdap (tetanus, diphtheria, pertussis)', '2021-03-03', NULL);
INSERT INTO patient_vaccine_records (patient_id, vaccine, vaccine_date, product) VALUES ('pt-0576', 'MMR', '2016-09-30', NULL);

INSERT INTO patients (id, name, age, gender, address_line1, city, county, postcode, country, telephone, email, gp_name, gp_practice, gp_address, national_insurance_number, passport_number, cache_status, last_synced_at, meta_region) VALUES ('pt-0577', 'Aaron Shaw', 93, 'Male', '167 St Mary Street', 'Cardiff', 'South Glamorgan', 'CF10 1AF', 'UK', '+44 7211 861049', 'aaron.shaw78@icloud.com', 'Dr Priya Roberts', 'Brownlow Group Practice', '150 Mt Pleasant, Liverpool L69 3GD, United Kingdom', 'FN217306C', '736639915', 'verified_online', '2026-02-12T00:00:00Z', 'Cardiff');
INSERT INTO patient_conditions (patient_id, condition_name, status, since_date) VALUES ('pt-0577', 'Osteoarthritis', 'history', '2016-07-11');
INSERT INTO patient_prescriptions (patient_id, drug, indication, dose, frequency, start_date, prescriber) VALUES ('pt-0577', 'Insulin aspart', 'Diabetes', '1 tablet', 'as needed', '2025-11-07', 'Dr Maya Brown');
INSERT INTO patient_appointments (patient_id, appointment_date, appointment_time, type, location, reason, verified_up_to_date) VALUES ('pt-0577', '2026-01-30', '12:40', 'Mental health check-in', 'Home visit', 'results discussion', 1);
INSERT INTO patient_vaccine_records (patient_id, vaccine, vaccine_date, product) VALUES ('pt-0577', 'Influenza (seasonal)', '2017-12-25', NULL);

INSERT INTO patients (id, name, age, gender, address_line1, city, county, postcode, country, telephone, email, gp_name, gp_practice, gp_address, national_insurance_number, passport_number, cache_status, last_synced_at, meta_region) VALUES ('pt-0578', 'George Jones', 48, 'Male', '160 West George Street', 'Glasgow', 'Glasgow City', 'G2 2TG', 'UK', '+44 7575 781473', 'george722@gmail.com', 'Dr Lucy Foster', 'Brownlow Group Practice', '150 Mt Pleasant, Liverpool L69 3GD, United Kingdom', 'JK437979B', '619259403', 'cached_stale', '2026-03-04T00:00:00Z', 'Glasgow');
INSERT INTO patient_vaccine_records (patient_id, vaccine, vaccine_date, product) VALUES ('pt-0578', 'COVID-19', '2020-09-07', 'Comirnaty');

INSERT INTO patients (id, name, age, gender, address_line1, city, county, postcode, country, telephone, email, gp_name, gp_practice, gp_address, national_insurance_number, passport_number, cache_status, last_synced_at, meta_region) VALUES ('pt-0579', 'Louise Byrne', 91, 'Female', '133 Donegall Place', 'Belfast', 'County Antrim', 'BT1 5UB', 'UK', '+44 7803 833826', 'louise.byrne@icloud.com', 'Dr Rachel Ahmed', 'Brownlow Group Practice', '150 Mt Pleasant, Liverpool L69 3GD, United Kingdom', 'TF623810D', '841423105', 'verified_online', '2026-02-20T00:00:00Z', 'Belfast');
INSERT INTO patient_conditions (patient_id, condition_name, status, since_date) VALUES ('pt-0579', 'Hypothyroidism', 'active', '2012-03-25');
INSERT INTO patient_conditions (patient_id, condition_name, status, since_date) VALUES ('pt-0579', 'Gastro-oesophageal reflux disease (GORD)', 'controlled', '2011-05-15');
INSERT INTO patient_prescriptions (patient_id, drug, indication, dose, frequency, start_date, prescriber) VALUES ('pt-0579', 'Sitagliptin', 'Type 2 diabetes', '20 mg', 'with meals', '2025-08-13', 'Dr Chloe Khan');
INSERT INTO patient_appointments (patient_id, appointment_date, appointment_time, type, location, reason, verified_up_to_date) VALUES ('pt-0579', '2026-07-19', '13:00', 'Respiratory review', 'Telehealth', 'treatment follow-up', 0);
INSERT INTO patient_vaccine_records (patient_id, vaccine, vaccine_date, product) VALUES ('pt-0579', 'Influenza (seasonal)', '2021-01-07', NULL);

INSERT INTO patients (id, name, age, gender, address_line1, city, county, postcode, country, telephone, email, gp_name, gp_practice, gp_address, national_insurance_number, passport_number, cache_status, last_synced_at, meta_region) VALUES ('pt-0580', 'Mia Thompson', 19, 'Female', 'Apt 30, 188 Constitution Hill', 'London', 'Greater London', 'SW1A 1BB', 'UK', '+44 7568 365238', 'mia.thompson59@outlook.com', 'Dr Fatima Ahmed', 'Brownlow Group Practice', '150 Mt Pleasant, Liverpool L69 3GD, United Kingdom', 'KC982997D', '614040889', 'cached_recent', '2026-02-13T00:00:00Z', 'London');
INSERT INTO patient_appointments (patient_id, appointment_date, appointment_time, type, location, reason, verified_up_to_date) VALUES ('pt-0580', '2024-07-12', '08:10', 'Blood test', 'GP practice', 'treatment follow-up', 1);
INSERT INTO patient_appointments (patient_id, appointment_date, appointment_time, type, location, reason, verified_up_to_date) VALUES ('pt-0580', '2025-06-02', '13:30', 'Mental health check-in', 'Telehealth', 'annual monitoring', 1);

INSERT INTO patients (id, name, age, gender, address_line1, city, county, postcode, country, telephone, email, gp_name, gp_practice, gp_address, national_insurance_number, passport_number, cache_status, last_synced_at, meta_region) VALUES ('pt-0581', 'Lucas Reid', 72, 'Male', '6 Edward''s Walk', 'Newcastle upon Tyne', 'Tyne and Wear', 'NE1 4LP', 'UK', '+44 7541 650723', 'lucas.reid@icloud.com', 'Dr Rachel Ahmed', 'Brownlow Group Practice', '150 Mt Pleasant, Liverpool L69 3GD, United Kingdom', 'SO200528D', '516884793', 'cached_stale', '2026-02-26T00:00:00Z', 'Newcastle upon Tyne');
INSERT INTO patient_conditions (patient_id, condition_name, status, since_date) VALUES ('pt-0581', 'Obesity', 'monitoring', '2023-03-25');
INSERT INTO patient_prescriptions (patient_id, drug, indication, dose, frequency, start_date, prescriber) VALUES ('pt-0581', 'Allopurinol', 'Gout', '100 mg', 'at night', '2025-05-05', 'Dr Holly Khan');
INSERT INTO patient_prescriptions (patient_id, drug, indication, dose, frequency, start_date, prescriber) VALUES ('pt-0581', 'Atorvastatin', 'High cholesterol/Cardiovascular risk', '2 puffs', 'once daily', '2023-10-18', 'Dr Helen Ahmed');

INSERT INTO patients (id, name, age, gender, address_line1, city, county, postcode, country, telephone, email, gp_name, gp_practice, gp_address, national_insurance_number, passport_number, cache_status, last_synced_at, meta_region) VALUES ('pt-0582', 'Victoria Price', 88, 'Female', 'Flat 52, 14 Bath Street', 'Glasgow', 'Glasgow City', 'G1 2RD', 'UK', '+44 7794 469945', 'victoriaprice@hotmail.co.uk', 'Dr Ben Jones', 'Brownlow Group Practice', '150 Mt Pleasant, Liverpool L69 3GD, United Kingdom', 'GX137863D', '137682411', 'verified_online', '2026-02-06T00:00:00Z', 'Glasgow');
INSERT INTO patient_conditions (patient_id, condition_name, status, since_date) VALUES ('pt-0582', 'Obesity', 'active', '2021-05-14');
INSERT INTO patient_prescriptions (patient_id, drug, indication, dose, frequency, start_date, prescriber) VALUES ('pt-0582', 'Rivaroxaban', 'Anticoagulant (AF/VTE)', '10 mg', 'with meals', '2023-05-28', 'Dr Priya Campbell');
INSERT INTO patient_prescriptions (patient_id, drug, indication, dose, frequency, start_date, prescriber) VALUES ('pt-0582', 'Gliclazide', 'Type 2 diabetes', '50 mg', 'as needed', '2025-04-26', 'Dr Kieran Ahmed');
INSERT INTO patient_vaccine_records (patient_id, vaccine, vaccine_date, product) VALUES ('pt-0582', 'COVID-19', '2022-03-20', 'Nuvaxovid');

INSERT INTO patients (id, name, age, gender, address_line1, city, county, postcode, country, telephone, email, gp_name, gp_practice, gp_address, national_insurance_number, passport_number, cache_status, last_synced_at, meta_region) VALUES ('pt-0583', 'Reuben Watson', 29, 'Male', 'Apt 5, 190 Little Lever Street', 'Manchester', 'Greater Manchester', 'M1 1AQ', 'UK', '+44 7325 613297', 'rwatson@hotmail.co.uk', 'Dr Kate Stewart', 'Brownlow Group Practice', '150 Mt Pleasant, Liverpool L69 3GD, United Kingdom', 'OM068022D', '136659193', 'cached_recent', '2026-02-15T00:00:00Z', 'Manchester');
INSERT INTO patient_prescriptions (patient_id, drug, indication, dose, frequency, start_date, prescriber) VALUES ('pt-0583', 'Nitrofurantoin', 'UTI', '2 puffs', 'twice daily', '2024-03-16', 'Dr Ibrahim Ahmed');
INSERT INTO patient_prescriptions (patient_id, drug, indication, dose, frequency, start_date, prescriber) VALUES ('pt-0583', 'Lansoprazole', 'Reflux/Ulcer prevention', '5 mg', 'with meals', '2025-10-13', 'Dr Kieran Taylor');
INSERT INTO patient_appointments (patient_id, appointment_date, appointment_time, type, location, reason, verified_up_to_date) VALUES ('pt-0583', '2025-09-27', '09:00', 'Ophthalmology', 'GP practice', 'results discussion', 0);

INSERT INTO patients (id, name, age, gender, address_line1, city, county, postcode, country, telephone, email, gp_name, gp_practice, gp_address, national_insurance_number, passport_number, cache_status, last_synced_at, meta_region) VALUES ('pt-0584', 'Lucy Baker', 63, 'Female', 'Flat 24, 206 Claremont Road', 'Newcastle upon Tyne', 'Tyne and Wear', 'NE1 4LP', 'UK', '+44 7433 727090', 'lucy.baker@hotmail.co.uk', 'Dr Grace Smith', 'Brownlow Group Practice', '150 Mt Pleasant, Liverpool L69 3GD, United Kingdom', 'IG413006C', '941190904', 'cached_recent', '2026-02-06T00:00:00Z', 'Newcastle upon Tyne');
INSERT INTO patient_conditions (patient_id, condition_name, status, since_date) VALUES ('pt-0584', 'Hypothyroidism', 'active', '2014-04-18');
INSERT INTO patient_appointments (patient_id, appointment_date, appointment_time, type, location, reason, verified_up_to_date) VALUES ('pt-0584', '2025-06-26', '17:10', 'Diabetes clinic', 'Home visit', 'annual monitoring', 1);
INSERT INTO patient_appointments (patient_id, appointment_date, appointment_time, type, location, reason, verified_up_to_date) VALUES ('pt-0584', '2025-10-10', '17:10', 'Diabetes clinic', 'Telehealth', 'treatment follow-up', 1);
INSERT INTO patient_appointments (patient_id, appointment_date, appointment_time, type, location, reason, verified_up_to_date) VALUES ('pt-0584', '2025-11-19', '11:20', 'Ophthalmology', 'GP practice', 'results discussion', 1);
INSERT INTO patient_appointments (patient_id, appointment_date, appointment_time, type, location, reason, verified_up_to_date) VALUES ('pt-0584', '2026-03-10', '13:50', 'Blood test', 'Hospital outpatient department', 'symptom check', 1);
INSERT INTO patient_appointments (patient_id, appointment_date, appointment_time, type, location, reason, verified_up_to_date) VALUES ('pt-0584', '2026-09-07', '17:40', 'Mental health check-in', 'Community clinic', 'annual monitoring', 0);

INSERT INTO patients (id, name, age, gender, address_line1, city, county, postcode, country, telephone, email, gp_name, gp_practice, gp_address, national_insurance_number, passport_number, cache_status, last_synced_at, meta_region) VALUES ('pt-0585', 'Megan Smith', 79, 'Female', 'Flat 4, 104 Richardson Road', 'Newcastle upon Tyne', 'Tyne and Wear', 'NE1 4LP', 'UK', '+44 7587 567606', 'msmith@icloud.com', 'Dr Grace Smith', 'Brownlow Group Practice', '150 Mt Pleasant, Liverpool L69 3GD, United Kingdom', 'LR433258A', '514788559', 'cached_stale', '2026-02-11T00:00:00Z', 'Newcastle upon Tyne');
INSERT INTO patient_conditions (patient_id, condition_name, status, since_date) VALUES ('pt-0585', 'Osteoporosis', 'controlled', '2018-05-04');
INSERT INTO patient_prescriptions (patient_id, drug, indication, dose, frequency, start_date, prescriber) VALUES ('pt-0585', 'Alendronic acid', 'Osteoporosis', '1 tablet', 'once weekly', '2024-12-18', 'Dr Owen Hughes');
INSERT INTO patient_appointments (patient_id, appointment_date, appointment_time, type, location, reason, verified_up_to_date) VALUES ('pt-0585', '2024-03-24', '16:40', 'Cardiology follow-up', 'GP practice', 'routine review', 1);
INSERT INTO patient_vaccine_records (patient_id, vaccine, vaccine_date, product) VALUES ('pt-0585', 'COVID-19', '2019-08-23', 'Nuvaxovid');
INSERT INTO patient_vaccine_records (patient_id, vaccine, vaccine_date, product) VALUES ('pt-0585', 'Influenza (seasonal)', '2018-11-19', NULL);
INSERT INTO patient_vaccine_records (patient_id, vaccine, vaccine_date, product) VALUES ('pt-0585', 'Pneumococcal', '2025-03-09', NULL);

INSERT INTO patients (id, name, age, gender, address_line1, city, county, postcode, country, telephone, email, gp_name, gp_practice, gp_address, national_insurance_number, passport_number, cache_status, last_synced_at, meta_region) VALUES ('pt-0586', 'Robert Patel', 58, 'Male', '186 Bakers Row', 'Cardiff', 'South Glamorgan', 'CF10 1AA', 'UK', '+44 7469 708085', 'robert428@gmail.com', 'Dr George Hughes', 'Brownlow Group Practice', '150 Mt Pleasant, Liverpool L69 3GD, United Kingdom', 'BZ973718B', '757352096', 'verified_online', '2026-03-02T00:00:00Z', 'Cardiff');
INSERT INTO patient_conditions (patient_id, condition_name, status, since_date) VALUES ('pt-0586', 'Osteoporosis', 'controlled', '2018-03-19');
INSERT INTO patient_vaccine_records (patient_id, vaccine, vaccine_date, product) VALUES ('pt-0586', 'COVID-19', '2019-09-16', 'Nuvaxovid');

INSERT INTO patients (id, name, age, gender, address_line1, city, county, postcode, country, telephone, email, gp_name, gp_practice, gp_address, national_insurance_number, passport_number, cache_status, last_synced_at, meta_region) VALUES ('pt-0587', 'Sophia Morgan', 60, 'Female', '126 Newhall Street', 'Birmingham', 'West Midlands', 'B1 1BB', 'UK', '+44 7929 444374', 'sophia.morgan@icloud.com', 'Dr Rachel Foster', 'Brownlow Group Practice', '150 Mt Pleasant, Liverpool L69 3GD, United Kingdom', 'RG691253C', '806943107', 'cached_recent', '2026-02-14T00:00:00Z', 'Birmingham');
INSERT INTO patient_conditions (patient_id, condition_name, status, since_date) VALUES ('pt-0587', 'Overactive bladder', 'controlled', '2016-05-02');
INSERT INTO patient_conditions (patient_id, condition_name, status, since_date) VALUES ('pt-0587', 'Generalised anxiety disorder', 'history', '2012-03-11');
INSERT INTO patient_prescriptions (patient_id, drug, indication, dose, frequency, start_date, prescriber) VALUES ('pt-0587', 'Aspirin', 'Antiplatelet/Pain', '5 mg', 'twice daily', '2025-10-26', 'Dr Holly Khan');
INSERT INTO patient_prescriptions (patient_id, drug, indication, dose, frequency, start_date, prescriber) VALUES ('pt-0587', 'Lansoprazole', 'Reflux/Ulcer prevention', '1 g', 'once daily', '2024-05-29', 'Dr Matthew Campbell');
INSERT INTO patient_appointments (patient_id, appointment_date, appointment_time, type, location, reason, verified_up_to_date) VALUES ('pt-0587', '2025-03-20', '17:20', 'Physiotherapy', 'Community clinic', 'annual monitoring', 1);
INSERT INTO patient_appointments (patient_id, appointment_date, appointment_time, type, location, reason, verified_up_to_date) VALUES ('pt-0587', '2025-08-21', '17:40', 'GP review', 'GP practice', 'vaccination', 1);
INSERT INTO patient_vaccine_records (patient_id, vaccine, vaccine_date, product) VALUES ('pt-0587', 'COVID-19', '2023-11-19', 'Spikevax');

INSERT INTO patients (id, name, age, gender, address_line1, city, county, postcode, country, telephone, email, gp_name, gp_practice, gp_address, national_insurance_number, passport_number, cache_status, last_synced_at, meta_region) VALUES ('pt-0588', 'Alice Morris', 45, 'Female', '27 Lower College Street', 'Bristol', 'Bristol', 'BS1 5AH', 'UK', '+44 7522 666542', 'alice.morris92@outlook.com', 'Dr Grace Foster', 'Brownlow Group Practice', '150 Mt Pleasant, Liverpool L69 3GD, United Kingdom', 'PB763002C', '502000979', 'cached_stale', '2026-02-25T00:00:00Z', 'Bristol');
INSERT INTO patient_conditions (patient_id, condition_name, status, since_date) VALUES ('pt-0588', 'Chronic kidney disease', 'controlled', '2019-03-02');
INSERT INTO patient_conditions (patient_id, condition_name, status, since_date) VALUES ('pt-0588', 'Generalised anxiety disorder', 'active', '2011-07-20');
INSERT INTO patient_prescriptions (patient_id, drug, indication, dose, frequency, start_date, prescriber) VALUES ('pt-0588', 'Gliclazide', 'Type 2 diabetes', '20 mg', 'with meals', '2025-11-05', 'Dr Grace Khan');
INSERT INTO patient_prescriptions (patient_id, drug, indication, dose, frequency, start_date, prescriber) VALUES ('pt-0588', 'Salbutamol', 'Asthma/COPD (reliever)', '200 mg', 'once weekly', '2023-12-29', 'Dr Hannah Jones');
INSERT INTO patient_vaccine_records (patient_id, vaccine, vaccine_date, product) VALUES ('pt-0588', 'COVID-19', '2023-10-21', 'Nuvaxovid');
INSERT INTO patient_vaccine_records (patient_id, vaccine, vaccine_date, product) VALUES ('pt-0588', 'COVID-19 booster', '2025-12-28', 'Spikevax');

INSERT INTO patients (id, name, age, gender, address_line1, city, county, postcode, country, telephone, email, gp_name, gp_practice, gp_address, national_insurance_number, passport_number, cache_status, last_synced_at, meta_region) VALUES ('pt-0589', 'Leo Johnson', 92, 'Male', '216 Great Charles Street', 'Birmingham', 'West Midlands', 'B1 1BB', 'UK', '+44 7340 206427', 'leo.johnson32@gmail.com', 'Dr Hannah Taylor', 'Brownlow Group Practice', '150 Mt Pleasant, Liverpool L69 3GD, United Kingdom', 'DM607442B', '287607301', 'verified_online', '2026-02-04T00:00:00Z', 'Birmingham');
INSERT INTO patient_conditions (patient_id, condition_name, status, since_date) VALUES ('pt-0589', 'Heart failure', 'history', '2024-12-30');
INSERT INTO patient_appointments (patient_id, appointment_date, appointment_time, type, location, reason, verified_up_to_date) VALUES ('pt-0589', '2024-08-07', '08:20', 'Ophthalmology', 'Hospital outpatient department', 'routine review', 0);
INSERT INTO patient_vaccine_records (patient_id, vaccine, vaccine_date, product) VALUES ('pt-0589', 'COVID-19', '2016-12-10', 'Nuvaxovid');
INSERT INTO patient_vaccine_records (patient_id, vaccine, vaccine_date, product) VALUES ('pt-0589', 'Influenza (seasonal)', '2025-01-13', NULL);

INSERT INTO patients (id, name, age, gender, address_line1, city, county, postcode, country, telephone, email, gp_name, gp_practice, gp_address, national_insurance_number, passport_number, cache_status, last_synced_at, meta_region) VALUES ('pt-0590', 'Jacob Clarke', 65, 'Male', 'Flat 17, 41 Constitution Hill', 'London', 'Greater London', 'SW1A 1BD', 'UK', '+44 7398 905330', 'jacob.clarke76@outlook.com', 'Dr Sophie Roberts', 'Brownlow Group Practice', '150 Mt Pleasant, Liverpool L69 3GD, United Kingdom', 'CF508595A', '197129318', 'verified_online', '2026-02-23T00:00:00Z', 'London');
INSERT INTO patient_prescriptions (patient_id, drug, indication, dose, frequency, start_date, prescriber) VALUES ('pt-0590', 'Semaglutide', 'Type 2 diabetes/Weight management', '5 mg', 'at night', '2024-01-12', 'Dr David Clarke');
INSERT INTO patient_vaccine_records (patient_id, vaccine, vaccine_date, product) VALUES ('pt-0590', 'COVID-19', '2022-11-06', 'Nuvaxovid');

INSERT INTO patients (id, name, age, gender, address_line1, city, county, postcode, country, telephone, email, gp_name, gp_practice, gp_address, national_insurance_number, passport_number, cache_status, last_synced_at, meta_region) VALUES ('pt-0591', 'Adam Price', 63, 'Male', '21 Bath Street', 'Glasgow', 'Glasgow City', 'G2 3AB', 'UK', '+44 7159 850289', 'adam716@gmail.com', 'Dr Owen Campbell', 'Brownlow Group Practice', '150 Mt Pleasant, Liverpool L69 3GD, United Kingdom', 'EP147462B', '972932074', 'cached_recent', '2026-02-22T00:00:00Z', 'Glasgow');
INSERT INTO patient_conditions (patient_id, condition_name, status, since_date) VALUES ('pt-0591', 'Glaucoma', 'active', '2025-11-24');
INSERT INTO patient_prescriptions (patient_id, drug, indication, dose, frequency, start_date, prescriber) VALUES ('pt-0591', 'Losartan', 'Hypertension', '200 mg', 'as needed', '2024-05-13', 'Dr Eleanor Foster');
INSERT INTO patient_appointments (patient_id, appointment_date, appointment_time, type, location, reason, verified_up_to_date) VALUES ('pt-0591', '2025-11-03', '12:20', 'Mental health check-in', 'Home visit', 'routine review', 1);
INSERT INTO patient_vaccine_records (patient_id, vaccine, vaccine_date, product) VALUES ('pt-0591', 'COVID-19', '2016-10-10', 'Spikevax');

INSERT INTO patients (id, name, age, gender, address_line1, city, county, postcode, country, telephone, email, gp_name, gp_practice, gp_address, national_insurance_number, passport_number, cache_status, last_synced_at, meta_region) VALUES ('pt-0592', 'Connor White', 24, 'Male', 'Apt 72, 169 Newton Street', 'Manchester', 'Greater Manchester', 'M1 1AE', 'UK', '+44 7561 503052', 'connorwhite@gmail.com', 'Dr Rachel Graham', 'Brownlow Group Practice', '150 Mt Pleasant, Liverpool L69 3GD, United Kingdom', 'FC230941A', '106008562', 'cached_stale', '2026-02-02T00:00:00Z', 'Manchester');
INSERT INTO patient_vaccine_records (patient_id, vaccine, vaccine_date, product) VALUES ('pt-0592', 'COVID-19', '2020-01-23', 'Nuvaxovid');

INSERT INTO patients (id, name, age, gender, address_line1, city, county, postcode, country, telephone, email, gp_name, gp_practice, gp_address, national_insurance_number, passport_number, cache_status, last_synced_at, meta_region) VALUES ('pt-0593', 'Megan Wright', 61, 'Female', '8 Mill Road', 'Cambridge', 'Cambridgeshire', 'CB1 3PY', 'UK', '+44 7553 345221', 'meganwright@outlook.com', 'Dr Fatima Hughes', 'Brownlow Group Practice', '150 Mt Pleasant, Liverpool L69 3GD, United Kingdom', 'BT601224C', '089839295', 'verified_online', '2026-02-03T00:00:00Z', 'Cambridge');
INSERT INTO patient_vaccine_records (patient_id, vaccine, vaccine_date, product) VALUES ('pt-0593', 'COVID-19', '2018-07-08', 'Spikevax');
INSERT INTO patient_vaccine_records (patient_id, vaccine, vaccine_date, product) VALUES ('pt-0593', 'Td/Tdap (tetanus, diphtheria, pertussis)', '2023-09-25', NULL);

INSERT INTO patients (id, name, age, gender, address_line1, city, county, postcode, country, telephone, email, gp_name, gp_practice, gp_address, national_insurance_number, passport_number, cache_status, last_synced_at, meta_region) VALUES ('pt-0594', 'George Foster', 55, 'Male', 'Unit 3, 121 St Mary Street', 'Cardiff', 'South Glamorgan', 'CF10 1AB', 'UK', '+44 7950 142296', 'georgefoster@hotmail.co.uk', 'Dr Lucy Walsh', 'Brownlow Group Practice', '150 Mt Pleasant, Liverpool L69 3GD, United Kingdom', 'KW939312A', '090420592', 'cached_stale', '2026-02-19T00:00:00Z', 'Cardiff');
INSERT INTO patient_prescriptions (patient_id, drug, indication, dose, frequency, start_date, prescriber) VALUES ('pt-0594', 'Budesonide', 'Respiratory/Inflammation', '500 mg', 'once daily', '2024-06-23', 'Dr Matthew Campbell');
INSERT INTO patient_prescriptions (patient_id, drug, indication, dose, frequency, start_date, prescriber) VALUES ('pt-0594', 'Pregabalin', 'Neuropathic pain/Anxiety', '1 g', 'as needed', '2025-08-14', 'Dr Aisha Evans');

INSERT INTO patients (id, name, age, gender, address_line1, city, county, postcode, country, telephone, email, gp_name, gp_practice, gp_address, national_insurance_number, passport_number, cache_status, last_synced_at, meta_region) VALUES ('pt-0595', 'Oscar Jones', 47, 'Male', 'Unit 19, 36 Hope Street', 'Glasgow', 'Glasgow City', 'G2 3AB', 'UK', '+44 7460 951440', 'oscar.jones57@icloud.com', 'Dr Owen Campbell', 'Brownlow Group Practice', '150 Mt Pleasant, Liverpool L69 3GD, United Kingdom', 'QR425238B', '677268327', 'cached_stale', '2026-02-23T00:00:00Z', 'Glasgow');
INSERT INTO patient_conditions (patient_id, condition_name, status, since_date) VALUES ('pt-0595', 'Generalised anxiety disorder', 'history', '2015-07-26');
INSERT INTO patient_appointments (patient_id, appointment_date, appointment_time, type, location, reason, verified_up_to_date) VALUES ('pt-0595', '2025-04-13', '13:00', 'Diabetes clinic', 'Hospital outpatient department', 'routine review', 0);
INSERT INTO patient_vaccine_records (patient_id, vaccine, vaccine_date, product) VALUES ('pt-0595', 'Td/Tdap (tetanus, diphtheria, pertussis)', '2024-12-26', NULL);

INSERT INTO patients (id, name, age, gender, address_line1, city, county, postcode, country, telephone, email, gp_name, gp_practice, gp_address, national_insurance_number, passport_number, cache_status, last_synced_at, meta_region) VALUES ('pt-0596', 'Archie Watson', 47, 'Male', '150 Anchor Road', 'Bristol', 'Bristol', 'BS1 5UG', 'UK', '+44 7846 255995', 'awatson@outlook.com', 'Dr Zoe O''Neill', 'Brownlow Group Practice', '150 Mt Pleasant, Liverpool L69 3GD, United Kingdom', 'RI549594D', '841642051', 'verified_online', '2026-02-22T00:00:00Z', 'Bristol');
INSERT INTO patient_conditions (patient_id, condition_name, status, since_date) VALUES ('pt-0596', 'Epilepsy', 'active', '2013-12-20');
INSERT INTO patient_conditions (patient_id, condition_name, status, since_date) VALUES ('pt-0596', 'Chronic back pain', 'monitoring', '2018-09-13');
INSERT INTO patient_appointments (patient_id, appointment_date, appointment_time, type, location, reason, verified_up_to_date) VALUES ('pt-0596', '2023-09-18', '15:00', 'Ophthalmology', 'Community clinic', 'routine review', 0);
INSERT INTO patient_appointments (patient_id, appointment_date, appointment_time, type, location, reason, verified_up_to_date) VALUES ('pt-0596', '2026-02-06', '09:50', 'Medication review', 'GP practice', 'symptom check', 1);
INSERT INTO patient_appointments (patient_id, appointment_date, appointment_time, type, location, reason, verified_up_to_date) VALUES ('pt-0596', '2026-05-04', '09:40', 'Diabetes clinic', 'Hospital outpatient department', 'treatment follow-up', 0);

INSERT INTO patients (id, name, age, gender, address_line1, city, county, postcode, country, telephone, email, gp_name, gp_practice, gp_address, national_insurance_number, passport_number, cache_status, last_synced_at, meta_region) VALUES ('pt-0597', 'Liam Barnes', 85, 'Male', 'Unit 36, 68 Houldsworth Street', 'Manchester', 'Greater Manchester', 'M1 1EB', 'UK', '+44 7520 544729', 'lbarnes@gmail.com', 'Dr Michael Smith', 'Brownlow Group Practice', '150 Mt Pleasant, Liverpool L69 3GD, United Kingdom', 'DI724730B', '098640578', 'cached_recent', '2026-02-03T00:00:00Z', 'Manchester');
INSERT INTO patient_appointments (patient_id, appointment_date, appointment_time, type, location, reason, verified_up_to_date) VALUES ('pt-0597', '2024-10-11', '16:30', 'Respiratory review', 'Community clinic', 'vaccination', 0);
INSERT INTO patient_appointments (patient_id, appointment_date, appointment_time, type, location, reason, verified_up_to_date) VALUES ('pt-0597', '2026-09-21', '16:45', 'Medication review', 'Home visit', 'symptom check', 1);
INSERT INTO patient_appointments (patient_id, appointment_date, appointment_time, type, location, reason, verified_up_to_date) VALUES ('pt-0597', '2026-09-25', '11:40', 'Vaccination appointment', 'Hospital outpatient department', 'symptom check', 1);
INSERT INTO patient_appointments (patient_id, appointment_date, appointment_time, type, location, reason, verified_up_to_date) VALUES ('pt-0597', '2026-10-14', '16:45', 'Vaccination appointment', 'Community clinic', 'vaccination', 1);
INSERT INTO patient_vaccine_records (patient_id, vaccine, vaccine_date, product) VALUES ('pt-0597', 'COVID-19', '2018-05-18', 'Nuvaxovid');
INSERT INTO patient_vaccine_records (patient_id, vaccine, vaccine_date, product) VALUES ('pt-0597', 'COVID-19 booster', '2018-03-01', 'Spikevax');

INSERT INTO patients (id, name, age, gender, address_line1, city, county, postcode, country, telephone, email, gp_name, gp_practice, gp_address, national_insurance_number, passport_number, cache_status, last_synced_at, meta_region) VALUES ('pt-0598', 'Matilda Ahmed', 48, 'Female', 'Unit 33, 146 Briggate', 'Leeds', 'West Yorkshire', 'LS1 1UR', 'UK', '+44 7607 492856', 'matilda.ahmed83@gmail.com', 'Dr Maya Patel', 'Brownlow Group Practice', '150 Mt Pleasant, Liverpool L69 3GD, United Kingdom', 'LH895554A', '065664998', 'verified_online', '2026-03-03T00:00:00Z', 'Leeds');
INSERT INTO patient_conditions (patient_id, condition_name, status, since_date) VALUES ('pt-0598', 'Chronic kidney disease', 'active', '2021-08-29');
INSERT INTO patient_conditions (patient_id, condition_name, status, since_date) VALUES ('pt-0598', 'Generalised anxiety disorder', 'monitoring', '2017-10-02');
INSERT INTO patient_conditions (patient_id, condition_name, status, since_date) VALUES ('pt-0598', 'Hypothyroidism', 'active', '2018-08-21');
INSERT INTO patient_conditions (patient_id, condition_name, status, since_date) VALUES ('pt-0598', 'COPD', 'monitoring', '2014-12-02');
INSERT INTO patient_appointments (patient_id, appointment_date, appointment_time, type, location, reason, verified_up_to_date) VALUES ('pt-0598', '2024-03-06', '12:45', 'Cardiology follow-up', 'Telehealth', 'routine review', 1);
INSERT INTO patient_appointments (patient_id, appointment_date, appointment_time, type, location, reason, verified_up_to_date) VALUES ('pt-0598', '2026-12-03', '09:10', 'Vaccination appointment', 'Hospital outpatient department', 'results discussion', 1);
INSERT INTO patient_vaccine_records (patient_id, vaccine, vaccine_date, product) VALUES ('pt-0598', 'COVID-19', '2019-02-08', 'Comirnaty');
INSERT INTO patient_vaccine_records (patient_id, vaccine, vaccine_date, product) VALUES ('pt-0598', 'Td/Tdap (tetanus, diphtheria, pertussis)', '2022-02-09', NULL);

INSERT INTO patients (id, name, age, gender, address_line1, city, county, postcode, country, telephone, email, gp_name, gp_practice, gp_address, national_insurance_number, passport_number, cache_status, last_synced_at, meta_region) VALUES ('pt-0599', 'Henry Johnson', 59, 'Male', '118 South John Street', 'Liverpool', 'Merseyside', 'L1 8BJ', 'UK', '+44 7844 300289', 'henry.johnson@gmail.com', 'Dr Owen Evans', 'Brownlow Group Practice', '150 Mt Pleasant, Liverpool L69 3GD, United Kingdom', 'IY055263B', '977496413', 'cached_stale', '2026-02-06T00:00:00Z', 'Liverpool');
INSERT INTO patient_conditions (patient_id, condition_name, status, since_date) VALUES ('pt-0599', 'Hypothyroidism', 'active', '2011-10-04');
INSERT INTO patient_conditions (patient_id, condition_name, status, since_date) VALUES ('pt-0599', 'Atrial fibrillation', 'active', '2014-04-30');
INSERT INTO patient_prescriptions (patient_id, drug, indication, dose, frequency, start_date, prescriber) VALUES ('pt-0599', 'Citalopram', 'Depression/Anxiety', '2 puffs', 'once weekly', '2025-04-29', 'Dr Kieran Ahmed');
INSERT INTO patient_appointments (patient_id, appointment_date, appointment_time, type, location, reason, verified_up_to_date) VALUES ('pt-0599', '2023-07-28', '12:45', 'GP review', 'Home visit', 'results discussion', 0);
INSERT INTO patient_appointments (patient_id, appointment_date, appointment_time, type, location, reason, verified_up_to_date) VALUES ('pt-0599', '2023-12-31', '09:50', 'Ophthalmology', 'GP practice', 'results discussion', 1);
INSERT INTO patient_appointments (patient_id, appointment_date, appointment_time, type, location, reason, verified_up_to_date) VALUES ('pt-0599', '2025-03-31', '14:45', 'Cardiology follow-up', 'Home visit', 'annual monitoring', 1);

INSERT INTO patients (id, name, age, gender, address_line1, city, county, postcode, country, telephone, email, gp_name, gp_practice, gp_address, national_insurance_number, passport_number, cache_status, last_synced_at, meta_region) VALUES ('pt-0600', 'Poppy Davies', 47, 'Female', '119 Boar Lane', 'Leeds', 'West Yorkshire', 'LS1 1UR', 'UK', '+44 7822 984936', 'poppy.davies@hotmail.co.uk', 'Dr Fatima Wilson', 'Brownlow Group Practice', '150 Mt Pleasant, Liverpool L69 3GD, United Kingdom', 'SL177898C', '794426794', 'cached_recent', '2026-02-24T00:00:00Z', 'Leeds');
INSERT INTO patient_conditions (patient_id, condition_name, status, since_date) VALUES ('pt-0600', 'Obesity', 'active', '2021-07-18');
INSERT INTO patient_conditions (patient_id, condition_name, status, since_date) VALUES ('pt-0600', 'Chronic kidney disease', 'history', '2025-01-14');
INSERT INTO patient_prescriptions (patient_id, drug, indication, dose, frequency, start_date, prescriber) VALUES ('pt-0600', 'Alendronic acid', 'Osteoporosis', '1 tablet', 'as needed', '2024-02-03', 'Dr Holly Khan');

INSERT INTO patients (id, name, age, gender, address_line1, city, county, postcode, country, telephone, email, gp_name, gp_practice, gp_address, national_insurance_number, passport_number, cache_status, last_synced_at, meta_region) VALUES ('pt-0601', 'David Jackson', 45, 'Male', '3 The Headrow', 'Leeds', 'West Yorkshire', 'LS1 1UR', 'UK', '+44 7502 117921', 'djackson@gmail.com', 'Dr Priya Jones', 'Brownlow Group Practice', '150 Mt Pleasant, Liverpool L69 3GD, United Kingdom', 'ZF091302A', '095136366', 'verified_online', '2026-03-02T00:00:00Z', 'Leeds');
INSERT INTO patient_conditions (patient_id, condition_name, status, since_date) VALUES ('pt-0601', 'History of stroke/TIA', 'controlled', '2019-12-05');
INSERT INTO patient_conditions (patient_id, condition_name, status, since_date) VALUES ('pt-0601', 'Gastro-oesophageal reflux disease (GORD)', 'active', '2021-09-13');
INSERT INTO patient_prescriptions (patient_id, drug, indication, dose, frequency, start_date, prescriber) VALUES ('pt-0601', 'Warfarin', 'Anticoagulant', '2.5 mg', 'as needed', '2023-10-02', 'Dr Kieran O''Neill');
INSERT INTO patient_prescriptions (patient_id, drug, indication, dose, frequency, start_date, prescriber) VALUES ('pt-0601', 'Lansoprazole', 'Reflux/Ulcer prevention', '5 mg', 'as needed', '2024-06-17', 'Dr Chloe Ahmed');
INSERT INTO patient_appointments (patient_id, appointment_date, appointment_time, type, location, reason, verified_up_to_date) VALUES ('pt-0601', '2025-08-09', '08:15', 'Mental health check-in', 'Hospital outpatient department', 'treatment follow-up', 0);
INSERT INTO patient_vaccine_records (patient_id, vaccine, vaccine_date, product) VALUES ('pt-0601', 'COVID-19', '2020-07-18', 'Comirnaty');
INSERT INTO patient_vaccine_records (patient_id, vaccine, vaccine_date, product) VALUES ('pt-0601', 'COVID-19 booster', '2020-06-08', 'Comirnaty');

INSERT INTO patients (id, name, age, gender, address_line1, city, county, postcode, country, telephone, email, gp_name, gp_practice, gp_address, national_insurance_number, passport_number, cache_status, last_synced_at, meta_region) VALUES ('pt-0602', 'Matthew James', 54, 'Male', 'Apt 4, 202 Paradise Place', 'Liverpool', 'Merseyside', 'L1 8BN', 'UK', '+44 7461 862755', 'matthewjames@hotmail.co.uk', 'Dr Hannah Hughes', 'Brownlow Group Practice', '150 Mt Pleasant, Liverpool L69 3GD, United Kingdom', 'CF178816C', '878072429', 'verified_online', '2026-02-23T00:00:00Z', 'Liverpool');
INSERT INTO patient_prescriptions (patient_id, drug, indication, dose, frequency, start_date, prescriber) VALUES ('pt-0602', 'Furosemide', 'Oedema/Heart failure', '200 mg', 'as needed', '2024-07-09', 'Dr Alex Brown');
INSERT INTO patient_appointments (patient_id, appointment_date, appointment_time, type, location, reason, verified_up_to_date) VALUES ('pt-0602', '2026-06-11', '17:40', 'GP review', 'Home visit', 'vaccination', 0);

INSERT INTO patients (id, name, age, gender, address_line1, city, county, postcode, country, telephone, email, gp_name, gp_practice, gp_address, national_insurance_number, passport_number, cache_status, last_synced_at, meta_region) VALUES ('pt-0603', 'Hannah Jackson', 92, 'Female', 'Flat 12, 191 Westminster Bridge Road', 'London', 'Greater London', 'SW1A 1BB', 'UK', '+44 7142 400789', 'hannah.jackson92@gmail.com', 'Dr Kieran Smith', 'Brownlow Group Practice', '150 Mt Pleasant, Liverpool L69 3GD, United Kingdom', 'PC843525D', '051829195', 'verified_online', '2026-02-23T00:00:00Z', 'London');
INSERT INTO patient_conditions (patient_id, condition_name, status, since_date) VALUES ('pt-0603', 'Gout', 'history', '2018-07-13');
INSERT INTO patient_conditions (patient_id, condition_name, status, since_date) VALUES ('pt-0603', 'Hypothyroidism', 'active', '2015-11-14');
INSERT INTO patient_conditions (patient_id, condition_name, status, since_date) VALUES ('pt-0603', 'History of stroke/TIA', 'history', '2022-04-25');
INSERT INTO patient_conditions (patient_id, condition_name, status, since_date) VALUES ('pt-0603', 'Epilepsy', 'active', '2014-05-15');
INSERT INTO patient_prescriptions (patient_id, drug, indication, dose, frequency, start_date, prescriber) VALUES ('pt-0603', 'Amitriptyline', 'Neuropathic pain/Migraine prevention', '500 mg', 'once daily', '2023-07-03', 'Dr Maya Campbell');
INSERT INTO patient_prescriptions (patient_id, drug, indication, dose, frequency, start_date, prescriber) VALUES ('pt-0603', 'Empagliflozin', 'Type 2 diabetes/Heart failure', '50 mg', 'once daily', '2025-02-03', 'Dr Chloe Ahmed');
INSERT INTO patient_appointments (patient_id, appointment_date, appointment_time, type, location, reason, verified_up_to_date) VALUES ('pt-0603', '2025-05-03', '16:40', 'Diabetes clinic', 'GP practice', 'results discussion', 1);
INSERT INTO patient_appointments (patient_id, appointment_date, appointment_time, type, location, reason, verified_up_to_date) VALUES ('pt-0603', '2025-09-26', '17:50', 'Vaccination appointment', 'Community clinic', 'annual monitoring', 1);
INSERT INTO patient_appointments (patient_id, appointment_date, appointment_time, type, location, reason, verified_up_to_date) VALUES ('pt-0603', '2026-04-25', '09:10', 'Mental health check-in', 'Telehealth', 'results discussion', 0);
INSERT INTO patient_appointments (patient_id, appointment_date, appointment_time, type, location, reason, verified_up_to_date) VALUES ('pt-0603', '2026-05-02', '17:40', 'Medication review', 'Hospital outpatient department', 'symptom check', 1);
INSERT INTO patient_appointments (patient_id, appointment_date, appointment_time, type, location, reason, verified_up_to_date) VALUES ('pt-0603', '2026-05-05', '09:30', 'Diabetes clinic', 'Home visit', 'vaccination', 1);
INSERT INTO patient_vaccine_records (patient_id, vaccine, vaccine_date, product) VALUES ('pt-0603', 'Influenza (seasonal)', '2025-06-19', NULL);
INSERT INTO patient_vaccine_records (patient_id, vaccine, vaccine_date, product) VALUES ('pt-0603', 'RSV', '2019-06-14', 'Arexvy');
INSERT INTO patient_vaccine_records (patient_id, vaccine, vaccine_date, product) VALUES ('pt-0603', 'Td/Tdap (tetanus, diphtheria, pertussis)', '2022-02-10', NULL);

INSERT INTO patients (id, name, age, gender, address_line1, city, county, postcode, country, telephone, email, gp_name, gp_practice, gp_address, national_insurance_number, passport_number, cache_status, last_synced_at, meta_region) VALUES ('pt-0604', 'Olivia Cooper', 15, 'Female', 'Flat 55, 165 Belvedere Road', 'London', 'Greater London', 'SW1A 1BW', 'UK', '+44 7732 160998', 'olivia.cooper33@gmail.com', 'Dr Grace Evans', 'Brownlow Group Practice', '150 Mt Pleasant, Liverpool L69 3GD, United Kingdom', 'TK845071C', '216941329', 'verified_online', '2026-02-28T00:00:00Z', 'London');
INSERT INTO patient_conditions (patient_id, condition_name, status, since_date) VALUES ('pt-0604', 'Overactive bladder', 'active', '2011-11-20');

INSERT INTO patients (id, name, age, gender, address_line1, city, county, postcode, country, telephone, email, gp_name, gp_practice, gp_address, national_insurance_number, passport_number, cache_status, last_synced_at, meta_region) VALUES ('pt-0605', 'Rosie Green', 25, 'Female', 'Flat 47, 183 Boar Lane', 'Leeds', 'West Yorkshire', 'LS1 1UR', 'UK', '+44 7350 870452', 'rosiegreen@icloud.com', 'Dr Fatima Wilson', 'Brownlow Group Practice', '150 Mt Pleasant, Liverpool L69 3GD, United Kingdom', 'WS475646B', '058553049', 'cached_stale', '2026-02-03T00:00:00Z', 'Leeds');
INSERT INTO patient_appointments (patient_id, appointment_date, appointment_time, type, location, reason, verified_up_to_date) VALUES ('pt-0605', '2023-07-26', '12:40', 'Physiotherapy', 'GP practice', 'results discussion', 1);
INSERT INTO patient_appointments (patient_id, appointment_date, appointment_time, type, location, reason, verified_up_to_date) VALUES ('pt-0605', '2025-11-15', '08:45', 'Diabetes clinic', 'Home visit', 'routine review', 0);

INSERT INTO patients (id, name, age, gender, address_line1, city, county, postcode, country, telephone, email, gp_name, gp_practice, gp_address, national_insurance_number, passport_number, cache_status, last_synced_at, meta_region) VALUES ('pt-0606', 'Nora Ahmed', 51, 'Female', 'Unit 35, 93 Queen Victoria Road', 'Newcastle upon Tyne', 'Tyne and Wear', 'NE1 4LP', 'UK', '+44 7227 818123', 'nora318@gmail.com', 'Dr James Wilson', 'Brownlow Group Practice', '150 Mt Pleasant, Liverpool L69 3GD, United Kingdom', 'XT712056B', '454750117', 'cached_stale', '2026-02-04T00:00:00Z', 'Newcastle upon Tyne');
INSERT INTO patient_conditions (patient_id, condition_name, status, since_date) VALUES ('pt-0606', 'Depression', 'monitoring', '2023-01-31');
INSERT INTO patient_conditions (patient_id, condition_name, status, since_date) VALUES ('pt-0606', 'Coronary heart disease', 'active', '2023-09-23');
INSERT INTO patient_conditions (patient_id, condition_name, status, since_date) VALUES ('pt-0606', 'Obesity', 'active', '2024-06-14');
INSERT INTO patient_prescriptions (patient_id, drug, indication, dose, frequency, start_date, prescriber) VALUES ('pt-0606', 'Aspirin', 'Antiplatelet/Pain', '1 injection', 'with meals', '2025-03-07', 'Dr David Wilson');
INSERT INTO patient_appointments (patient_id, appointment_date, appointment_time, type, location, reason, verified_up_to_date) VALUES ('pt-0606', '2025-05-11', '17:30', 'Physiotherapy', 'Home visit', 'vaccination', 1);
INSERT INTO patient_appointments (patient_id, appointment_date, appointment_time, type, location, reason, verified_up_to_date) VALUES ('pt-0606', '2025-05-17', '13:15', 'Respiratory review', 'Community clinic', 'vaccination', 0);
INSERT INTO patient_appointments (patient_id, appointment_date, appointment_time, type, location, reason, verified_up_to_date) VALUES ('pt-0606', '2025-08-06', '12:40', 'Diabetes clinic', 'Community clinic', 'treatment follow-up', 1);
INSERT INTO patient_vaccine_records (patient_id, vaccine, vaccine_date, product) VALUES ('pt-0606', 'COVID-19', '2020-01-12', 'Nuvaxovid');

INSERT INTO patients (id, name, age, gender, address_line1, city, county, postcode, country, telephone, email, gp_name, gp_practice, gp_address, national_insurance_number, passport_number, cache_status, last_synced_at, meta_region) VALUES ('pt-0607', 'Lola Williams', 80, 'Female', 'Apt 40, 160 Morgan Arcade', 'Cardiff', 'South Glamorgan', 'CF10 1AG', 'UK', '+44 7345 541007', 'lolawilliams@icloud.com', 'Dr David Smith', 'Brownlow Group Practice', '150 Mt Pleasant, Liverpool L69 3GD, United Kingdom', 'IN670277A', '366827916', 'verified_online', '2026-02-18T00:00:00Z', 'Cardiff');
INSERT INTO patient_conditions (patient_id, condition_name, status, since_date) VALUES ('pt-0607', 'Epilepsy', 'controlled', '2026-01-24');
INSERT INTO patient_conditions (patient_id, condition_name, status, since_date) VALUES ('pt-0607', 'Hypercholesterolaemia', 'history', '2024-05-10');
INSERT INTO patient_conditions (patient_id, condition_name, status, since_date) VALUES ('pt-0607', 'Asthma', 'active', '2019-10-28');
INSERT INTO patient_prescriptions (patient_id, drug, indication, dose, frequency, start_date, prescriber) VALUES ('pt-0607', 'Levothyroxine', 'Hypothyroidism', '500 mg', 'as needed', '2024-10-16', 'Dr Ibrahim Foster');
INSERT INTO patient_appointments (patient_id, appointment_date, appointment_time, type, location, reason, verified_up_to_date) VALUES ('pt-0607', '2023-06-19', '14:45', 'Mental health check-in', 'Telehealth', 'routine review', 1);
INSERT INTO patient_appointments (patient_id, appointment_date, appointment_time, type, location, reason, verified_up_to_date) VALUES ('pt-0607', '2024-04-20', '10:45', 'Medication review', 'Telehealth', 'annual monitoring', 1);
INSERT INTO patient_vaccine_records (patient_id, vaccine, vaccine_date, product) VALUES ('pt-0607', 'Influenza (seasonal)', '2017-07-08', NULL);
INSERT INTO patient_vaccine_records (patient_id, vaccine, vaccine_date, product) VALUES ('pt-0607', 'Shingles (Shingrix)', '2016-12-24', 'Shingrix');

INSERT INTO patients (id, name, age, gender, address_line1, city, county, postcode, country, telephone, email, gp_name, gp_practice, gp_address, national_insurance_number, passport_number, cache_status, last_synced_at, meta_region) VALUES ('pt-0608', 'Molly Byrne', 4, 'Female', '220 Constitution Hill', 'London', 'Greater London', 'SW1A 1BH', 'UK', '+44 7518 875448', 'molly.byrne11@icloud.com', 'Dr Grace Evans', 'Brownlow Group Practice', '150 Mt Pleasant, Liverpool L69 3GD, United Kingdom', 'HB364384B', '531137796', 'verified_online', '2026-02-26T00:00:00Z', 'London');
INSERT INTO patient_prescriptions (patient_id, drug, indication, dose, frequency, start_date, prescriber) VALUES ('pt-0608', 'Tiotropium', 'COPD', '1 injection', 'at night', '2024-12-02', 'Dr Maya Campbell');

INSERT INTO patients (id, name, age, gender, address_line1, city, county, postcode, country, telephone, email, gp_name, gp_practice, gp_address, national_insurance_number, passport_number, cache_status, last_synced_at, meta_region) VALUES ('pt-0609', 'Florence Wright', 49, 'Female', '182 Belvedere Road', 'London', 'Greater London', 'SW1A 1BA', 'UK', '+44 7118 328591', 'fwright@outlook.com', 'Dr Kieran Smith', 'Brownlow Group Practice', '150 Mt Pleasant, Liverpool L69 3GD, United Kingdom', 'WO319402D', '222284641', 'verified_online', '2026-02-19T00:00:00Z', 'London');
INSERT INTO patient_conditions (patient_id, condition_name, status, since_date) VALUES ('pt-0609', 'COPD', 'active', '2011-05-28');
INSERT INTO patient_conditions (patient_id, condition_name, status, since_date) VALUES ('pt-0609', 'Gastro-oesophageal reflux disease (GORD)', 'history', '2015-10-02');
INSERT INTO patient_conditions (patient_id, condition_name, status, since_date) VALUES ('pt-0609', 'Chronic kidney disease', 'active', '2024-10-08');
INSERT INTO patient_conditions (patient_id, condition_name, status, since_date) VALUES ('pt-0609', 'Heart failure', 'history', '2016-08-24');
INSERT INTO patient_conditions (patient_id, condition_name, status, since_date) VALUES ('pt-0609', 'History of stroke/TIA', 'active', '2022-12-08');
INSERT INTO patient_prescriptions (patient_id, drug, indication, dose, frequency, start_date, prescriber) VALUES ('pt-0609', 'Tirzepatide', 'Weight management/Type 2 diabetes', '1 puff', 'twice daily', '2024-02-23', 'Dr Sophie Khan');
INSERT INTO patient_prescriptions (patient_id, drug, indication, dose, frequency, start_date, prescriber) VALUES ('pt-0609', 'Budesonide', 'Respiratory/Inflammation', '5 mg', 'once weekly', '2024-03-25', 'Dr Hannah Wilson');
INSERT INTO patient_appointments (patient_id, appointment_date, appointment_time, type, location, reason, verified_up_to_date) VALUES ('pt-0609', '2025-12-03', '15:40', 'Vaccination appointment', 'Telehealth', 'vaccination', 1);

INSERT INTO patients (id, name, age, gender, address_line1, city, county, postcode, country, telephone, email, gp_name, gp_practice, gp_address, national_insurance_number, passport_number, cache_status, last_synced_at, meta_region) VALUES ('pt-0610', 'Megan Thomas', 7, 'Female', 'Unit 28, 54 Corporation Street', 'Birmingham', 'West Midlands', 'B1 1BB', 'UK', '+44 7577 607958', 'megan.thomas@outlook.com', 'Dr Aisha Hughes', 'Brownlow Group Practice', '150 Mt Pleasant, Liverpool L69 3GD, United Kingdom', 'UM444490D', '422242485', 'cached_recent', '2026-03-04T00:00:00Z', 'Birmingham');
INSERT INTO patient_conditions (patient_id, condition_name, status, since_date) VALUES ('pt-0610', 'Epilepsy', 'active', '2024-04-01');

INSERT INTO patients (id, name, age, gender, address_line1, city, county, postcode, country, telephone, email, gp_name, gp_practice, gp_address, national_insurance_number, passport_number, cache_status, last_synced_at, meta_region) VALUES ('pt-0611', 'Nathan Porter', 18, 'Male', 'Flat 59, 68 Newhall Street', 'Birmingham', 'West Midlands', 'B1 1BB', 'UK', '+44 7305 262844', 'nporter@outlook.com', 'Dr Aisha Hughes', 'Brownlow Group Practice', '150 Mt Pleasant, Liverpool L69 3GD, United Kingdom', 'WO999139C', '445120650', 'cached_recent', '2026-02-14T00:00:00Z', 'Birmingham');

INSERT INTO patients (id, name, age, gender, address_line1, city, county, postcode, country, telephone, email, gp_name, gp_practice, gp_address, national_insurance_number, passport_number, cache_status, last_synced_at, meta_region) VALUES ('pt-0612', 'Abigail Davies', 47, 'Female', '154 Belvedere Road', 'London', 'Greater London', 'SW1A 1BA', 'UK', '+44 7351 519387', 'abigail753@hotmail.co.uk', 'Dr Owen Evans', 'Brownlow Group Practice', '150 Mt Pleasant, Liverpool L69 3GD, United Kingdom', 'ON879907C', '147817826', 'cached_stale', '2026-02-10T00:00:00Z', 'London');
INSERT INTO patient_appointments (patient_id, appointment_date, appointment_time, type, location, reason, verified_up_to_date) VALUES ('pt-0612', '2024-10-23', '16:10', 'Mental health check-in', 'Hospital outpatient department', 'symptom check', 1);
INSERT INTO patient_vaccine_records (patient_id, vaccine, vaccine_date, product) VALUES ('pt-0612', 'COVID-19', '2017-09-05', 'Comirnaty');

INSERT INTO patients (id, name, age, gender, address_line1, city, county, postcode, country, telephone, email, gp_name, gp_practice, gp_address, national_insurance_number, passport_number, cache_status, last_synced_at, meta_region) VALUES ('pt-0613', 'Jude Brown', 95, 'Male', 'Apt 55, 55 Boar Lane', 'Leeds', 'West Yorkshire', 'LS1 1UR', 'UK', '+44 7696 992144', 'jbrown@hotmail.co.uk', 'Dr Maya Patel', 'Brownlow Group Practice', '150 Mt Pleasant, Liverpool L69 3GD, United Kingdom', 'XM780994D', '553587277', 'verified_online', '2026-02-06T00:00:00Z', 'Leeds');
INSERT INTO patient_prescriptions (patient_id, drug, indication, dose, frequency, start_date, prescriber) VALUES ('pt-0613', 'Clopidogrel', 'Antiplatelet (post-MI/stroke)', '25 mg', 'at night', '2024-08-10', 'Dr Michael Foster');
INSERT INTO patient_vaccine_records (patient_id, vaccine, vaccine_date, product) VALUES ('pt-0613', 'COVID-19', '2022-07-04', 'Comirnaty');
INSERT INTO patient_vaccine_records (patient_id, vaccine, vaccine_date, product) VALUES ('pt-0613', 'Shingles (Shingrix)', '2024-08-30', 'Shingrix');

INSERT INTO patients (id, name, age, gender, address_line1, city, county, postcode, country, telephone, email, gp_name, gp_practice, gp_address, national_insurance_number, passport_number, cache_status, last_synced_at, meta_region) VALUES ('pt-0614', 'George Stewart', 62, 'Male', '185 Newhall Street', 'Birmingham', 'West Midlands', 'B1 1BB', 'UK', '+44 7515 791381', 'george887@hotmail.co.uk', 'Dr Tom Clarke', 'Brownlow Group Practice', '150 Mt Pleasant, Liverpool L69 3GD, United Kingdom', 'GS427859D', '513588116', 'cached_stale', '2026-03-04T00:00:00Z', 'Birmingham');
INSERT INTO patient_conditions (patient_id, condition_name, status, since_date) VALUES ('pt-0614', 'Dementia', 'active', '2021-01-04');
INSERT INTO patient_conditions (patient_id, condition_name, status, since_date) VALUES ('pt-0614', 'Type 2 diabetes', 'controlled', '2011-11-01');
INSERT INTO patient_conditions (patient_id, condition_name, status, since_date) VALUES ('pt-0614', 'Glaucoma', 'active', '2016-03-11');
INSERT INTO patient_appointments (patient_id, appointment_date, appointment_time, type, location, reason, verified_up_to_date) VALUES ('pt-0614', '2025-05-11', '10:00', 'Ophthalmology', 'Telehealth', 'results discussion', 0);
INSERT INTO patient_appointments (patient_id, appointment_date, appointment_time, type, location, reason, verified_up_to_date) VALUES ('pt-0614', '2025-07-29', '11:50', 'Diabetes clinic', 'GP practice', 'symptom check', 0);

INSERT INTO patients (id, name, age, gender, address_line1, city, county, postcode, country, telephone, email, gp_name, gp_practice, gp_address, national_insurance_number, passport_number, cache_status, last_synced_at, meta_region) VALUES ('pt-0615', 'Alexander Allen', 93, 'Male', 'Flat 25, 86 Deanery Road', 'Bristol', 'Bristol', 'BS1 5AS', 'UK', '+44 7363 511553', 'alexanderallen@hotmail.co.uk', 'Dr Rachel Reid', 'Brownlow Group Practice', '150 Mt Pleasant, Liverpool L69 3GD, United Kingdom', 'XP296807B', '906827952', 'verified_online', '2026-02-13T00:00:00Z', 'Bristol');
INSERT INTO patient_conditions (patient_id, condition_name, status, since_date) VALUES ('pt-0615', 'Hypercholesterolaemia', 'monitoring', '2022-10-15');
INSERT INTO patient_conditions (patient_id, condition_name, status, since_date) VALUES ('pt-0615', 'Glaucoma', 'active', '2020-10-18');
INSERT INTO patient_prescriptions (patient_id, drug, indication, dose, frequency, start_date, prescriber) VALUES ('pt-0615', 'Lansoprazole', 'Reflux/Ulcer prevention', '2.5 mg', 'twice daily', '2025-07-17', 'Dr Owen Taylor');
INSERT INTO patient_prescriptions (patient_id, drug, indication, dose, frequency, start_date, prescriber) VALUES ('pt-0615', 'Amlodipine', 'Hypertension/Angina', '20 mg', 'as needed', '2024-09-12', 'Dr Matthew Campbell');
INSERT INTO patient_prescriptions (patient_id, drug, indication, dose, frequency, start_date, prescriber) VALUES ('pt-0615', 'Bisoprolol', 'Hypertension/Heart failure/Arrhythmia', '1 puff', 'with meals', '2023-06-12', 'Dr Robert Jones');
INSERT INTO patient_appointments (patient_id, appointment_date, appointment_time, type, location, reason, verified_up_to_date) VALUES ('pt-0615', '2025-03-18', '09:30', 'Vaccination appointment', 'GP practice', 'annual monitoring', 0);
INSERT INTO patient_vaccine_records (patient_id, vaccine, vaccine_date, product) VALUES ('pt-0615', 'COVID-19', '2018-10-12', 'Nuvaxovid');

INSERT INTO patients (id, name, age, gender, address_line1, city, county, postcode, country, telephone, email, gp_name, gp_practice, gp_address, national_insurance_number, passport_number, cache_status, last_synced_at, meta_region) VALUES ('pt-0616', 'Beatrice Harrison', 87, 'Female', 'Flat 6, 52 Donegall Place', 'Belfast', 'County Antrim', 'BT1 5GA', 'UK', '+44 7309 764418', 'beatrice648@gmail.com', 'Dr Matthew Ahmed', 'Brownlow Group Practice', '150 Mt Pleasant, Liverpool L69 3GD, United Kingdom', 'FM788645D', '260227614', 'cached_recent', '2026-02-17T00:00:00Z', 'Belfast');
INSERT INTO patient_appointments (patient_id, appointment_date, appointment_time, type, location, reason, verified_up_to_date) VALUES ('pt-0616', '2023-07-28', '11:30', 'GP review', 'Community clinic', 'treatment follow-up', 0);
INSERT INTO patient_appointments (patient_id, appointment_date, appointment_time, type, location, reason, verified_up_to_date) VALUES ('pt-0616', '2025-04-15', '11:40', 'Ophthalmology', 'Hospital outpatient department', 'vaccination', 1);
INSERT INTO patient_appointments (patient_id, appointment_date, appointment_time, type, location, reason, verified_up_to_date) VALUES ('pt-0616', '2025-08-21', '17:30', 'Blood test', 'Community clinic', 'annual monitoring', 0);
INSERT INTO patient_appointments (patient_id, appointment_date, appointment_time, type, location, reason, verified_up_to_date) VALUES ('pt-0616', '2025-10-18', '14:45', 'GP review', 'Home visit', 'symptom check', 1);
INSERT INTO patient_appointments (patient_id, appointment_date, appointment_time, type, location, reason, verified_up_to_date) VALUES ('pt-0616', '2026-10-28', '08:20', 'Diabetes clinic', 'Community clinic', 'treatment follow-up', 0);
INSERT INTO patient_vaccine_records (patient_id, vaccine, vaccine_date, product) VALUES ('pt-0616', 'COVID-19', '2021-06-20', 'Comirnaty');
INSERT INTO patient_vaccine_records (patient_id, vaccine, vaccine_date, product) VALUES ('pt-0616', 'COVID-19 booster', '2022-06-13', 'Spikevax');
INSERT INTO patient_vaccine_records (patient_id, vaccine, vaccine_date, product) VALUES ('pt-0616', 'Influenza (seasonal)', '2019-10-31', NULL);

INSERT INTO patients (id, name, age, gender, address_line1, city, county, postcode, country, telephone, email, gp_name, gp_practice, gp_address, national_insurance_number, passport_number, cache_status, last_synced_at, meta_region) VALUES ('pt-0617', 'Freya Green', 92, 'Female', '111 Constitution Hill', 'London', 'Greater London', 'SW1A 1BW', 'UK', '+44 7422 871556', 'freyagreen@outlook.com', 'Dr Owen Evans', 'Brownlow Group Practice', '150 Mt Pleasant, Liverpool L69 3GD, United Kingdom', 'RL078189C', '493864359', 'verified_online', '2026-03-01T00:00:00Z', 'London');
INSERT INTO patient_conditions (patient_id, condition_name, status, since_date) VALUES ('pt-0617', 'Osteoporosis', 'controlled', '2016-07-10');
INSERT INTO patient_conditions (patient_id, condition_name, status, since_date) VALUES ('pt-0617', 'Atrial fibrillation', 'active', '2015-11-15');
INSERT INTO patient_conditions (patient_id, condition_name, status, since_date) VALUES ('pt-0617', 'Overactive bladder', 'history', '2021-01-01');
INSERT INTO patient_conditions (patient_id, condition_name, status, since_date) VALUES ('pt-0617', 'Hypothyroidism', 'history', '2013-08-31');
INSERT INTO patient_conditions (patient_id, condition_name, status, since_date) VALUES ('pt-0617', 'Type 2 diabetes', 'controlled', '2017-02-25');
INSERT INTO patient_conditions (patient_id, condition_name, status, since_date) VALUES ('pt-0617', 'Coronary heart disease', 'history', '2026-01-14');
INSERT INTO patient_prescriptions (patient_id, drug, indication, dose, frequency, start_date, prescriber) VALUES ('pt-0617', 'Losartan', 'Hypertension', '10 mg', 'twice daily', '2025-06-11', 'Dr Chloe Clarke');
INSERT INTO patient_appointments (patient_id, appointment_date, appointment_time, type, location, reason, verified_up_to_date) VALUES ('pt-0617', '2025-03-01', '15:30', 'Respiratory review', 'Telehealth', 'treatment follow-up', 1);
INSERT INTO patient_appointments (patient_id, appointment_date, appointment_time, type, location, reason, verified_up_to_date) VALUES ('pt-0617', '2025-03-18', '09:30', 'Physiotherapy', 'Community clinic', 'results discussion', 1);
INSERT INTO patient_vaccine_records (patient_id, vaccine, vaccine_date, product) VALUES ('pt-0617', 'COVID-19', '2020-11-22', 'Nuvaxovid');

INSERT INTO patients (id, name, age, gender, address_line1, city, county, postcode, country, telephone, email, gp_name, gp_practice, gp_address, national_insurance_number, passport_number, cache_status, last_synced_at, meta_region) VALUES ('pt-0618', 'Freddie Reid', 46, 'Male', '156 Briggate', 'Leeds', 'West Yorkshire', 'LS1 1UR', 'UK', '+44 7691 258051', 'freddie.reid39@hotmail.co.uk', 'Dr Sophie Taylor', 'Brownlow Group Practice', '150 Mt Pleasant, Liverpool L69 3GD, United Kingdom', 'EI806676C', '485406801', 'cached_recent', '2026-02-08T00:00:00Z', 'Leeds');

INSERT INTO patients (id, name, age, gender, address_line1, city, county, postcode, country, telephone, email, gp_name, gp_practice, gp_address, national_insurance_number, passport_number, cache_status, last_synced_at, meta_region) VALUES ('pt-0619', 'Oliver Cooper', 95, 'Male', 'Unit 28, 4 St Georges Road', 'Bristol', 'Bristol', 'BS1 5QH', 'UK', '+44 7425 664943', 'olivercooper@gmail.com', 'Dr Rachel Reid', 'Brownlow Group Practice', '150 Mt Pleasant, Liverpool L69 3GD, United Kingdom', 'IY003775A', '956210329', 'verified_online', '2026-02-15T00:00:00Z', 'Bristol');
INSERT INTO patient_conditions (patient_id, condition_name, status, since_date) VALUES ('pt-0619', 'COPD', 'history', '2014-10-14');
INSERT INTO patient_conditions (patient_id, condition_name, status, since_date) VALUES ('pt-0619', 'Osteoporosis', 'history', '2024-03-10');
INSERT INTO patient_conditions (patient_id, condition_name, status, since_date) VALUES ('pt-0619', 'Osteoarthritis', 'active', '2016-10-22');
INSERT INTO patient_prescriptions (patient_id, drug, indication, dose, frequency, start_date, prescriber) VALUES ('pt-0619', 'Lansoprazole', 'Reflux/Ulcer prevention', '500 mg', 'once daily', '2024-05-06', 'Dr Robert Jones');
INSERT INTO patient_prescriptions (patient_id, drug, indication, dose, frequency, start_date, prescriber) VALUES ('pt-0619', 'Gliclazide', 'Type 2 diabetes', '1 g', 'as needed', '2024-09-26', 'Dr Richard Wilson');
INSERT INTO patient_appointments (patient_id, appointment_date, appointment_time, type, location, reason, verified_up_to_date) VALUES ('pt-0619', '2024-03-18', '14:10', 'Ophthalmology', 'Community clinic', 'routine review', 1);
INSERT INTO patient_appointments (patient_id, appointment_date, appointment_time, type, location, reason, verified_up_to_date) VALUES ('pt-0619', '2026-10-10', '12:10', 'Diabetes clinic', 'Community clinic', 'symptom check', 1);
INSERT INTO patient_vaccine_records (patient_id, vaccine, vaccine_date, product) VALUES ('pt-0619', 'COVID-19', '2018-09-12', 'Spikevax');
INSERT INTO patient_vaccine_records (patient_id, vaccine, vaccine_date, product) VALUES ('pt-0619', 'COVID-19 booster', '2021-11-03', 'Comirnaty');
INSERT INTO patient_vaccine_records (patient_id, vaccine, vaccine_date, product) VALUES ('pt-0619', 'Influenza (seasonal)', '2021-07-02', NULL);

INSERT INTO patients (id, name, age, gender, address_line1, city, county, postcode, country, telephone, email, gp_name, gp_practice, gp_address, national_insurance_number, passport_number, cache_status, last_synced_at, meta_region) VALUES ('pt-0620', 'David Reid', 67, 'Male', '66 Belvedere Road', 'London', 'Greater London', 'SW1A 1BB', 'UK', '+44 7796 649298', 'davidreid@outlook.com', 'Dr Sophie Roberts', 'Brownlow Group Practice', '150 Mt Pleasant, Liverpool L69 3GD, United Kingdom', 'AS178256C', '584518140', 'verified_online', '2026-02-09T00:00:00Z', 'London');
INSERT INTO patient_vaccine_records (patient_id, vaccine, vaccine_date, product) VALUES ('pt-0620', 'COVID-19', '2022-11-19', 'Nuvaxovid');

INSERT INTO patients (id, name, age, gender, address_line1, city, county, postcode, country, telephone, email, gp_name, gp_practice, gp_address, national_insurance_number, passport_number, cache_status, last_synced_at, meta_region) VALUES ('pt-0621', 'Abigail Phillips', 48, 'Female', '217 Sauchiehall Street', 'Glasgow', 'Glasgow City', 'G2 2EN', 'UK', '+44 7471 977748', 'abigail.phillips@hotmail.co.uk', 'Dr Priya Clarke', 'Brownlow Group Practice', '150 Mt Pleasant, Liverpool L69 3GD, United Kingdom', 'YA559333C', '487172565', 'cached_stale', '2026-02-02T00:00:00Z', 'Glasgow');
INSERT INTO patient_conditions (patient_id, condition_name, status, since_date) VALUES ('pt-0621', 'COPD', 'controlled', '2020-04-08');
INSERT INTO patient_conditions (patient_id, condition_name, status, since_date) VALUES ('pt-0621', 'Chronic back pain', 'active', '2022-09-29');
INSERT INTO patient_conditions (patient_id, condition_name, status, since_date) VALUES ('pt-0621', 'Hypertension', 'active', '2017-07-20');
INSERT INTO patient_appointments (patient_id, appointment_date, appointment_time, type, location, reason, verified_up_to_date) VALUES ('pt-0621', '2025-06-04', '14:20', 'Respiratory review', 'Community clinic', 'vaccination', 1);

INSERT INTO patients (id, name, age, gender, address_line1, city, county, postcode, country, telephone, email, gp_name, gp_practice, gp_address, national_insurance_number, passport_number, cache_status, last_synced_at, meta_region) VALUES ('pt-0622', 'Eleanor Graham', 12, 'Female', '212 Little Lever Street', 'Manchester', 'Greater Manchester', 'M1 1AQ', 'UK', '+44 7115 820389', 'eleanorgraham@hotmail.co.uk', 'Dr Sarah Campbell', 'Brownlow Group Practice', '150 Mt Pleasant, Liverpool L69 3GD, United Kingdom', 'AF255729A', '371575802', 'cached_recent', '2026-02-19T00:00:00Z', 'Manchester');
INSERT INTO patient_conditions (patient_id, condition_name, status, since_date) VALUES ('pt-0622', 'Overactive bladder', 'active', '2015-04-12');
INSERT INTO patient_conditions (patient_id, condition_name, status, since_date) VALUES ('pt-0622', 'Type 2 diabetes', 'active', '2011-04-27');
INSERT INTO patient_prescriptions (patient_id, drug, indication, dose, frequency, start_date, prescriber) VALUES ('pt-0622', 'Tiotropium', 'COPD', '50 mg', 'with meals', '2025-01-20', 'Dr Sophie Khan');
INSERT INTO patient_appointments (patient_id, appointment_date, appointment_time, type, location, reason, verified_up_to_date) VALUES ('pt-0622', '2025-08-02', '13:00', 'Diabetes clinic', 'Hospital outpatient department', 'symptom check', 1);
INSERT INTO patient_appointments (patient_id, appointment_date, appointment_time, type, location, reason, verified_up_to_date) VALUES ('pt-0622', '2026-03-27', '10:30', 'Respiratory review', 'GP practice', 'routine review', 0);
INSERT INTO patient_appointments (patient_id, appointment_date, appointment_time, type, location, reason, verified_up_to_date) VALUES ('pt-0622', '2026-07-20', '16:30', 'Physiotherapy', 'Home visit', 'symptom check', 1);

INSERT INTO patients (id, name, age, gender, address_line1, city, county, postcode, country, telephone, email, gp_name, gp_practice, gp_address, national_insurance_number, passport_number, cache_status, last_synced_at, meta_region) VALUES ('pt-0623', 'Charlotte Cooper', 80, 'Female', '7 Waverley Bridge', 'Edinburgh', 'City of Edinburgh', 'EH2 2AF', 'UK', '+44 7474 148053', 'charlottecooper@icloud.com', 'Dr Sarah Graham', 'Brownlow Group Practice', '150 Mt Pleasant, Liverpool L69 3GD, United Kingdom', 'IT416738B', '846459838', 'cached_stale', '2026-02-14T00:00:00Z', 'Edinburgh');
INSERT INTO patient_conditions (patient_id, condition_name, status, since_date) VALUES ('pt-0623', 'Atrial fibrillation', 'active', '2015-01-04');
INSERT INTO patient_prescriptions (patient_id, drug, indication, dose, frequency, start_date, prescriber) VALUES ('pt-0623', 'Simvastatin', 'High cholesterol', '50 mg', 'with meals', '2024-03-03', 'Dr Kieran Ahmed');
INSERT INTO patient_appointments (patient_id, appointment_date, appointment_time, type, location, reason, verified_up_to_date) VALUES ('pt-0623', '2025-04-19', '13:00', 'Medication review', 'Community clinic', 'vaccination', 1);
INSERT INTO patient_appointments (patient_id, appointment_date, appointment_time, type, location, reason, verified_up_to_date) VALUES ('pt-0623', '2026-05-29', '14:00', 'Blood test', 'Community clinic', 'results discussion', 0);
INSERT INTO patient_appointments (patient_id, appointment_date, appointment_time, type, location, reason, verified_up_to_date) VALUES ('pt-0623', '2027-01-20', '16:10', 'Physiotherapy', 'Community clinic', 'routine review', 1);
INSERT INTO patient_vaccine_records (patient_id, vaccine, vaccine_date, product) VALUES ('pt-0623', 'Influenza (seasonal)', '2021-11-06', NULL);

INSERT INTO patients (id, name, age, gender, address_line1, city, county, postcode, country, telephone, email, gp_name, gp_practice, gp_address, national_insurance_number, passport_number, cache_status, last_synced_at, meta_region) VALUES ('pt-0624', 'Isabella Allen', 41, 'Female', '166 Westminster Bridge Road', 'London', 'Greater London', 'SW1A 1BA', 'UK', '+44 7787 635987', 'isabella.allen@hotmail.co.uk', 'Dr Grace Evans', 'Brownlow Group Practice', '150 Mt Pleasant, Liverpool L69 3GD, United Kingdom', 'SA876890C', '126613964', 'cached_stale', '2026-02-03T00:00:00Z', 'London');
INSERT INTO patient_conditions (patient_id, condition_name, status, since_date) VALUES ('pt-0624', 'Chronic back pain', 'controlled', '2011-10-09');

INSERT INTO patients (id, name, age, gender, address_line1, city, county, postcode, country, telephone, email, gp_name, gp_practice, gp_address, national_insurance_number, passport_number, cache_status, last_synced_at, meta_region) VALUES ('pt-0625', 'Sienna Harrison', 52, 'Female', 'Flat 59, 202 Donegall Place', 'Belfast', 'County Antrim', 'BT1 5JA', 'UK', '+44 7794 714077', 'sienna.harrison@hotmail.co.uk', 'Dr Grace Patel', 'Brownlow Group Practice', '150 Mt Pleasant, Liverpool L69 3GD, United Kingdom', 'GS259068C', '125592042', 'cached_recent', '2026-02-19T00:00:00Z', 'Belfast');
INSERT INTO patient_conditions (patient_id, condition_name, status, since_date) VALUES ('pt-0625', 'Gastro-oesophageal reflux disease (GORD)', 'monitoring', '2011-05-27');
INSERT INTO patient_conditions (patient_id, condition_name, status, since_date) VALUES ('pt-0625', 'Asthma', 'monitoring', '2019-03-06');
INSERT INTO patient_prescriptions (patient_id, drug, indication, dose, frequency, start_date, prescriber) VALUES ('pt-0625', 'Amitriptyline', 'Neuropathic pain/Migraine prevention', '1 tablet', 'with meals', '2025-05-24', 'Dr Alex Brown');
INSERT INTO patient_appointments (patient_id, appointment_date, appointment_time, type, location, reason, verified_up_to_date) VALUES ('pt-0625', '2025-12-29', '12:45', 'Vaccination appointment', 'Home visit', 'routine review', 0);
INSERT INTO patient_appointments (patient_id, appointment_date, appointment_time, type, location, reason, verified_up_to_date) VALUES ('pt-0625', '2026-04-11', '14:00', 'Respiratory review', 'Home visit', 'annual monitoring', 1);
INSERT INTO patient_vaccine_records (patient_id, vaccine, vaccine_date, product) VALUES ('pt-0625', 'COVID-19', '2020-08-13', 'Comirnaty');

INSERT INTO patients (id, name, age, gender, address_line1, city, county, postcode, country, telephone, email, gp_name, gp_practice, gp_address, national_insurance_number, passport_number, cache_status, last_synced_at, meta_region) VALUES ('pt-0626', 'Abigail Johnson', 41, 'Female', 'Apt 28, 42 Calverley Street', 'Leeds', 'West Yorkshire', 'LS1 1UR', 'UK', '+44 7634 785206', 'abigailjohnson@outlook.com', 'Dr Priya Jones', 'Brownlow Group Practice', '150 Mt Pleasant, Liverpool L69 3GD, United Kingdom', 'TZ586000D', '944532037', 'cached_recent', '2026-02-12T00:00:00Z', 'Leeds');
INSERT INTO patient_prescriptions (patient_id, drug, indication, dose, frequency, start_date, prescriber) VALUES ('pt-0626', 'Furosemide', 'Oedema/Heart failure', '50 mg', 'at night', '2023-07-20', 'Dr David Clarke');
INSERT INTO patient_prescriptions (patient_id, drug, indication, dose, frequency, start_date, prescriber) VALUES ('pt-0626', 'Atorvastatin', 'High cholesterol/Cardiovascular risk', '100 mg', 'twice daily', '2025-11-27', 'Dr Fatima Taylor');
INSERT INTO patient_vaccine_records (patient_id, vaccine, vaccine_date, product) VALUES ('pt-0626', 'COVID-19', '2025-11-17', 'Nuvaxovid');

INSERT INTO patients (id, name, age, gender, address_line1, city, county, postcode, country, telephone, email, gp_name, gp_practice, gp_address, national_insurance_number, passport_number, cache_status, last_synced_at, meta_region) VALUES ('pt-0627', 'Zara Cooper', 85, 'Female', '99 Constitution Hill', 'London', 'Greater London', 'SW1A 1BD', 'UK', '+44 7415 900270', 'zara.cooper@hotmail.co.uk', 'Dr Fatima Ahmed', 'Brownlow Group Practice', '150 Mt Pleasant, Liverpool L69 3GD, United Kingdom', 'RK461010D', '482382555', 'verified_online', '2026-02-07T00:00:00Z', 'London');
INSERT INTO patient_conditions (patient_id, condition_name, status, since_date) VALUES ('pt-0627', 'History of stroke/TIA', 'history', '2021-06-21');
INSERT INTO patient_conditions (patient_id, condition_name, status, since_date) VALUES ('pt-0627', 'Gout', 'monitoring', '2019-05-11');
INSERT INTO patient_appointments (patient_id, appointment_date, appointment_time, type, location, reason, verified_up_to_date) VALUES ('pt-0627', '2024-07-30', '08:40', 'Medication review', 'Community clinic', 'results discussion', 1);
INSERT INTO patient_appointments (patient_id, appointment_date, appointment_time, type, location, reason, verified_up_to_date) VALUES ('pt-0627', '2025-12-13', '11:00', 'Medication review', 'Community clinic', 'routine review', 0);
INSERT INTO patient_appointments (patient_id, appointment_date, appointment_time, type, location, reason, verified_up_to_date) VALUES ('pt-0627', '2026-01-30', '08:30', 'Blood test', 'Home visit', 'annual monitoring', 0);
INSERT INTO patient_appointments (patient_id, appointment_date, appointment_time, type, location, reason, verified_up_to_date) VALUES ('pt-0627', '2026-06-08', '11:45', 'Blood test', 'GP practice', 'vaccination', 1);
INSERT INTO patient_vaccine_records (patient_id, vaccine, vaccine_date, product) VALUES ('pt-0627', 'Influenza (seasonal)', '2017-10-22', NULL);
INSERT INTO patient_vaccine_records (patient_id, vaccine, vaccine_date, product) VALUES ('pt-0627', 'MMR', '2017-10-15', NULL);

INSERT INTO patients (id, name, age, gender, address_line1, city, county, postcode, country, telephone, email, gp_name, gp_practice, gp_address, national_insurance_number, passport_number, cache_status, last_synced_at, meta_region) VALUES ('pt-0628', 'Andrew Porter', 50, 'Male', 'Unit 37, 199 Westminster Bridge Road', 'London', 'Greater London', 'SE1 7PB', 'UK', '+44 7597 266625', 'andrew.porter53@outlook.com', 'Dr Fatima Ahmed', 'Brownlow Group Practice', '150 Mt Pleasant, Liverpool L69 3GD, United Kingdom', 'FX589106C', '804402429', 'cached_stale', '2026-02-28T00:00:00Z', 'London');
INSERT INTO patient_conditions (patient_id, condition_name, status, since_date) VALUES ('pt-0628', 'History of stroke/TIA', 'monitoring', '2013-06-03');
INSERT INTO patient_conditions (patient_id, condition_name, status, since_date) VALUES ('pt-0628', 'Osteoarthritis', 'monitoring', '2023-09-30');
INSERT INTO patient_conditions (patient_id, condition_name, status, since_date) VALUES ('pt-0628', 'Gout', 'monitoring', '2015-07-08');
INSERT INTO patient_conditions (patient_id, condition_name, status, since_date) VALUES ('pt-0628', 'Heart failure', 'controlled', '2012-07-25');
INSERT INTO patient_conditions (patient_id, condition_name, status, since_date) VALUES ('pt-0628', 'Hypertension', 'monitoring', '2015-12-29');
INSERT INTO patient_prescriptions (patient_id, drug, indication, dose, frequency, start_date, prescriber) VALUES ('pt-0628', 'Furosemide', 'Oedema/Heart failure', '2.5 mg', 'once weekly', '2025-12-10', 'Dr Kieran Taylor');
INSERT INTO patient_prescriptions (patient_id, drug, indication, dose, frequency, start_date, prescriber) VALUES ('pt-0628', 'Rivaroxaban', 'Anticoagulant (AF/VTE)', '500 mg', 'once daily', '2025-08-12', 'Dr Eleanor Foster');
INSERT INTO patient_appointments (patient_id, appointment_date, appointment_time, type, location, reason, verified_up_to_date) VALUES ('pt-0628', '2025-06-09', '12:30', 'GP review', 'GP practice', 'routine review', 1);
INSERT INTO patient_vaccine_records (patient_id, vaccine, vaccine_date, product) VALUES ('pt-0628', 'Pneumococcal', '2018-06-28', NULL);

INSERT INTO patients (id, name, age, gender, address_line1, city, county, postcode, country, telephone, email, gp_name, gp_practice, gp_address, national_insurance_number, passport_number, cache_status, last_synced_at, meta_region) VALUES ('pt-0629', 'Charlie Ali', 38, 'Male', 'Flat 7, 88 Belvedere Road', 'London', 'Greater London', 'SW1A 1BW', 'UK', '+44 7595 170177', 'cali@outlook.com', 'Dr Owen Evans', 'Brownlow Group Practice', '150 Mt Pleasant, Liverpool L69 3GD, United Kingdom', 'SX729659B', '380755542', 'cached_recent', '2026-02-05T00:00:00Z', 'London');
INSERT INTO patient_conditions (patient_id, condition_name, status, since_date) VALUES ('pt-0629', 'Generalised anxiety disorder', 'active', '2020-04-30');

INSERT INTO patients (id, name, age, gender, address_line1, city, county, postcode, country, telephone, email, gp_name, gp_practice, gp_address, national_insurance_number, passport_number, cache_status, last_synced_at, meta_region) VALUES ('pt-0630', 'Alfie Byrne', 3, 'Male', '3 South John Street', 'Liverpool', 'Merseyside', 'L1 8BU', 'UK', '+44 7247 874103', 'alfiebyrne@gmail.com', 'Dr Owen Evans', 'Brownlow Group Practice', '150 Mt Pleasant, Liverpool L69 3GD, United Kingdom', 'MU243410A', '342059059', 'cached_stale', '2026-02-07T00:00:00Z', 'Liverpool');
INSERT INTO patient_conditions (patient_id, condition_name, status, since_date) VALUES ('pt-0630', 'Glaucoma', 'controlled', '2019-01-13');
INSERT INTO patient_conditions (patient_id, condition_name, status, since_date) VALUES ('pt-0630', 'Hypertension', 'active', '2012-03-24');
INSERT INTO patient_prescriptions (patient_id, drug, indication, dose, frequency, start_date, prescriber) VALUES ('pt-0630', 'Donepezil', 'Dementia', '500 mg', 'as needed', '2024-01-01', 'Dr Richard Wilson');
INSERT INTO patient_prescriptions (patient_id, drug, indication, dose, frequency, start_date, prescriber) VALUES ('pt-0630', 'Beclometasone dipropionate', 'Asthma/COPD', '1 puff', 'once daily', '2025-08-17', 'Dr Helen Morgan');
INSERT INTO patient_prescriptions (patient_id, drug, indication, dose, frequency, start_date, prescriber) VALUES ('pt-0630', 'Pregabalin', 'Neuropathic pain/Anxiety', '20 mg', 'once weekly', '2025-10-19', 'Dr Ben Hughes');
INSERT INTO patient_appointments (patient_id, appointment_date, appointment_time, type, location, reason, verified_up_to_date) VALUES ('pt-0630', '2023-03-23', '14:30', 'Diabetes clinic', 'Home visit', 'symptom check', 1);
INSERT INTO patient_vaccine_records (patient_id, vaccine, vaccine_date, product) VALUES ('pt-0630', 'COVID-19', '2019-03-28', 'Spikevax');
INSERT INTO patient_vaccine_records (patient_id, vaccine, vaccine_date, product) VALUES ('pt-0630', 'Td/Tdap (tetanus, diphtheria, pertussis)', '2020-11-14', NULL);
INSERT INTO patient_vaccine_records (patient_id, vaccine, vaccine_date, product) VALUES ('pt-0630', 'MMR', '2019-05-08', NULL);

INSERT INTO patients (id, name, age, gender, address_line1, city, county, postcode, country, telephone, email, gp_name, gp_practice, gp_address, national_insurance_number, passport_number, cache_status, last_synced_at, meta_region) VALUES ('pt-0631', 'Harry King', 45, 'Male', 'Apt 44, 170 George Street', 'Edinburgh', 'City of Edinburgh', 'EH2 2PR', 'UK', '+44 7875 785263', 'hking@hotmail.co.uk', 'Dr Ibrahim Reid', 'Brownlow Group Practice', '150 Mt Pleasant, Liverpool L69 3GD, United Kingdom', 'KL139862D', '118340887', 'cached_recent', '2026-02-03T00:00:00Z', 'Edinburgh');
INSERT INTO patient_conditions (patient_id, condition_name, status, since_date) VALUES ('pt-0631', 'Atrial fibrillation', 'controlled', '2019-12-29');
INSERT INTO patient_conditions (patient_id, condition_name, status, since_date) VALUES ('pt-0631', 'Glaucoma', 'active', '2016-07-05');
INSERT INTO patient_conditions (patient_id, condition_name, status, since_date) VALUES ('pt-0631', 'Coronary heart disease', 'history', '2016-04-04');
INSERT INTO patient_conditions (patient_id, condition_name, status, since_date) VALUES ('pt-0631', 'Type 2 diabetes', 'controlled', '2014-08-26');
INSERT INTO patient_appointments (patient_id, appointment_date, appointment_time, type, location, reason, verified_up_to_date) VALUES ('pt-0631', '2024-09-23', '11:40', 'Cardiology follow-up', 'Community clinic', 'treatment follow-up', 0);
INSERT INTO patient_appointments (patient_id, appointment_date, appointment_time, type, location, reason, verified_up_to_date) VALUES ('pt-0631', '2025-04-29', '15:45', 'Vaccination appointment', 'Hospital outpatient department', 'annual monitoring', 1);
INSERT INTO patient_appointments (patient_id, appointment_date, appointment_time, type, location, reason, verified_up_to_date) VALUES ('pt-0631', '2025-10-15', '16:00', 'Physiotherapy', 'Telehealth', 'routine review', 1);
INSERT INTO patient_appointments (patient_id, appointment_date, appointment_time, type, location, reason, verified_up_to_date) VALUES ('pt-0631', '2026-12-14', '10:30', 'Diabetes clinic', 'GP practice', 'vaccination', 0);
INSERT INTO patient_vaccine_records (patient_id, vaccine, vaccine_date, product) VALUES ('pt-0631', 'COVID-19', '2021-02-12', 'Comirnaty');
INSERT INTO patient_vaccine_records (patient_id, vaccine, vaccine_date, product) VALUES ('pt-0631', 'COVID-19 booster', '2023-08-23', 'Spikevax');

INSERT INTO patients (id, name, age, gender, address_line1, city, county, postcode, country, telephone, email, gp_name, gp_practice, gp_address, national_insurance_number, passport_number, cache_status, last_synced_at, meta_region) VALUES ('pt-0632', 'Hugo Simpson', 73, 'Male', 'Flat 19, 186 Lever Street', 'Manchester', 'Greater Manchester', 'M1 1AR', 'UK', '+44 7883 363379', 'hugo.simpson43@gmail.com', 'Dr Priya O''Neill', 'Brownlow Group Practice', '150 Mt Pleasant, Liverpool L69 3GD, United Kingdom', 'VC654743D', '454311349', 'cached_recent', '2026-02-09T00:00:00Z', 'Manchester');
INSERT INTO patient_conditions (patient_id, condition_name, status, since_date) VALUES ('pt-0632', 'Generalised anxiety disorder', 'history', '2025-11-21');
INSERT INTO patient_prescriptions (patient_id, drug, indication, dose, frequency, start_date, prescriber) VALUES ('pt-0632', 'Nitrofurantoin', 'UTI', '20 mg', 'once weekly', '2024-07-21', 'Dr Kieran O''Neill');
INSERT INTO patient_appointments (patient_id, appointment_date, appointment_time, type, location, reason, verified_up_to_date) VALUES ('pt-0632', '2026-02-09', '13:10', 'Physiotherapy', 'GP practice', 'results discussion', 0);
INSERT INTO patient_vaccine_records (patient_id, vaccine, vaccine_date, product) VALUES ('pt-0632', 'Influenza (seasonal)', '2019-03-12', NULL);
INSERT INTO patient_vaccine_records (patient_id, vaccine, vaccine_date, product) VALUES ('pt-0632', 'Shingles (Shingrix)', '2019-04-15', 'Shingrix');
INSERT INTO patient_vaccine_records (patient_id, vaccine, vaccine_date, product) VALUES ('pt-0632', 'MMR', '2017-11-05', NULL);

INSERT INTO patients (id, name, age, gender, address_line1, city, county, postcode, country, telephone, email, gp_name, gp_practice, gp_address, national_insurance_number, passport_number, cache_status, last_synced_at, meta_region) VALUES ('pt-0633', 'Ella Hughes', 90, 'Female', 'Unit 38, 69 Newton Street', 'Manchester', 'Greater Manchester', 'M1 1FJ', 'UK', '+44 7827 332108', 'ella.hughes83@icloud.com', 'Dr Rachel Graham', 'Brownlow Group Practice', '150 Mt Pleasant, Liverpool L69 3GD, United Kingdom', 'SS039884B', '113452979', 'cached_recent', '2026-03-04T00:00:00Z', 'Manchester');
INSERT INTO patient_conditions (patient_id, condition_name, status, since_date) VALUES ('pt-0633', 'Overactive bladder', 'active', '2014-12-11');
INSERT INTO patient_conditions (patient_id, condition_name, status, since_date) VALUES ('pt-0633', 'Epilepsy', 'history', '2012-10-20');
INSERT INTO patient_conditions (patient_id, condition_name, status, since_date) VALUES ('pt-0633', 'Chronic back pain', 'monitoring', '2012-02-27');
INSERT INTO patient_conditions (patient_id, condition_name, status, since_date) VALUES ('pt-0633', 'Asthma', 'monitoring', '2016-09-14');
INSERT INTO patient_conditions (patient_id, condition_name, status, since_date) VALUES ('pt-0633', 'Hypertension', 'monitoring', '2023-08-08');
INSERT INTO patient_conditions (patient_id, condition_name, status, since_date) VALUES ('pt-0633', 'Benign prostatic hyperplasia (BPH)', 'active', '2014-03-24');
INSERT INTO patient_prescriptions (patient_id, drug, indication, dose, frequency, start_date, prescriber) VALUES ('pt-0633', 'Nitrofurantoin', 'UTI', '25 mg', 'once daily', '2023-04-03', 'Dr Holly Taylor');
INSERT INTO patient_appointments (patient_id, appointment_date, appointment_time, type, location, reason, verified_up_to_date) VALUES ('pt-0633', '2026-10-31', '17:00', 'Physiotherapy', 'Telehealth', 'routine review', 1);
INSERT INTO patient_vaccine_records (patient_id, vaccine, vaccine_date, product) VALUES ('pt-0633', 'Pneumococcal', '2024-01-17', NULL);
INSERT INTO patient_vaccine_records (patient_id, vaccine, vaccine_date, product) VALUES ('pt-0633', 'Shingles (Shingrix)', '2019-07-31', 'Shingrix');

INSERT INTO patients (id, name, age, gender, address_line1, city, county, postcode, country, telephone, email, gp_name, gp_practice, gp_address, national_insurance_number, passport_number, cache_status, last_synced_at, meta_region) VALUES ('pt-0634', 'Phoebe Morgan', 21, 'Female', 'Apt 3, 16 Newhall Street', 'Birmingham', 'West Midlands', 'B1 1BB', 'UK', '+44 7841 436626', 'phoebemorgan@icloud.com', 'Dr Zoe Campbell', 'Brownlow Group Practice', '150 Mt Pleasant, Liverpool L69 3GD, United Kingdom', 'AS155855A', '262735441', 'cached_recent', '2026-02-14T00:00:00Z', 'Birmingham');

INSERT INTO patients (id, name, age, gender, address_line1, city, county, postcode, country, telephone, email, gp_name, gp_practice, gp_address, national_insurance_number, passport_number, cache_status, last_synced_at, meta_region) VALUES ('pt-0635', 'Claire Porter', 71, 'Female', 'Flat 22, 175 West Nile Street', 'Glasgow', 'Glasgow City', 'G2 2TG', 'UK', '+44 7823 690913', 'claireporter@outlook.com', 'Dr Zoe Jones', 'Brownlow Group Practice', '150 Mt Pleasant, Liverpool L69 3GD, United Kingdom', 'YE888164B', '024660552', 'cached_stale', '2026-02-13T00:00:00Z', 'Glasgow');
INSERT INTO patient_vaccine_records (patient_id, vaccine, vaccine_date, product) VALUES ('pt-0635', 'COVID-19', '2019-03-21', 'Comirnaty');
INSERT INTO patient_vaccine_records (patient_id, vaccine, vaccine_date, product) VALUES ('pt-0635', 'Td/Tdap (tetanus, diphtheria, pertussis)', '2018-04-08', NULL);

INSERT INTO patients (id, name, age, gender, address_line1, city, county, postcode, country, telephone, email, gp_name, gp_practice, gp_address, national_insurance_number, passport_number, cache_status, last_synced_at, meta_region) VALUES ('pt-0636', 'Robert Ahmed', 55, 'Male', 'Apt 44, 30 Donegall Square South', 'Belfast', 'County Antrim', 'BT1 5UB', 'UK', '+44 7581 456994', 'robert.ahmed@outlook.com', 'Dr Niamh Stewart', 'Brownlow Group Practice', '150 Mt Pleasant, Liverpool L69 3GD, United Kingdom', 'TX636838C', '364228730', 'verified_online', '2026-03-02T00:00:00Z', 'Belfast');
INSERT INTO patient_conditions (patient_id, condition_name, status, since_date) VALUES ('pt-0636', 'Overactive bladder', 'monitoring', '2022-06-26');
INSERT INTO patient_prescriptions (patient_id, drug, indication, dose, frequency, start_date, prescriber) VALUES ('pt-0636', 'Empagliflozin', 'Type 2 diabetes/Heart failure', '25 mg', 'as needed', '2024-09-10', 'Dr Priya Campbell');
INSERT INTO patient_prescriptions (patient_id, drug, indication, dose, frequency, start_date, prescriber) VALUES ('pt-0636', 'Colecalciferol', 'Vitamin D deficiency', '1 injection', 'as needed', '2023-12-18', 'Dr Robert Jones');
INSERT INTO patient_appointments (patient_id, appointment_date, appointment_time, type, location, reason, verified_up_to_date) VALUES ('pt-0636', '2026-03-20', '14:20', 'Diabetes clinic', 'Hospital outpatient department', 'vaccination', 0);
INSERT INTO patient_appointments (patient_id, appointment_date, appointment_time, type, location, reason, verified_up_to_date) VALUES ('pt-0636', '2026-09-13', '16:10', 'Ophthalmology', 'Community clinic', 'routine review', 0);

INSERT INTO patients (id, name, age, gender, address_line1, city, county, postcode, country, telephone, email, gp_name, gp_practice, gp_address, national_insurance_number, passport_number, cache_status, last_synced_at, meta_region) VALUES ('pt-0637', 'Martin Green', 65, 'Male', 'Apt 80, 125 Park Row', 'Leeds', 'West Yorkshire', 'LS1 1UR', 'UK', '+44 7860 327501', 'martin.green@icloud.com', 'Dr Maya Patel', 'Brownlow Group Practice', '150 Mt Pleasant, Liverpool L69 3GD, United Kingdom', 'VX447691D', '919923001', 'verified_online', '2026-02-24T00:00:00Z', 'Leeds');
INSERT INTO patient_prescriptions (patient_id, drug, indication, dose, frequency, start_date, prescriber) VALUES ('pt-0637', 'Budesonide', 'Respiratory/Inflammation', '2.5 mg', 'as needed', '2025-03-17', 'Dr Kieran Taylor');
INSERT INTO patient_prescriptions (patient_id, drug, indication, dose, frequency, start_date, prescriber) VALUES ('pt-0637', 'Bisoprolol', 'Hypertension/Heart failure/Arrhythmia', '20 mg', 'at night', '2025-05-04', 'Dr Owen Hughes');

INSERT INTO patients (id, name, age, gender, address_line1, city, county, postcode, country, telephone, email, gp_name, gp_practice, gp_address, national_insurance_number, passport_number, cache_status, last_synced_at, meta_region) VALUES ('pt-0638', 'Leo Davies', 35, 'Male', 'Unit 38, 177 Anchor Road', 'Bristol', 'Bristol', 'BS1 5AS', 'UK', '+44 7291 197763', 'leo.davies37@hotmail.co.uk', 'Dr Kate Evans', 'Brownlow Group Practice', '150 Mt Pleasant, Liverpool L69 3GD, United Kingdom', 'NB238314D', '203586154', 'verified_online', '2026-02-27T00:00:00Z', 'Bristol');
INSERT INTO patient_conditions (patient_id, condition_name, status, since_date) VALUES ('pt-0638', 'Overactive bladder', 'controlled', '2020-01-09');
INSERT INTO patient_prescriptions (patient_id, drug, indication, dose, frequency, start_date, prescriber) VALUES ('pt-0638', 'Co-codamol', 'Pain', '500 mg', 'with meals', '2025-02-10', 'Dr Ibrahim Foster');
INSERT INTO patient_prescriptions (patient_id, drug, indication, dose, frequency, start_date, prescriber) VALUES ('pt-0638', 'Latanoprost', 'Glaucoma', '25 mg', 'twice daily', '2024-10-03', 'Dr Fatima Morgan');
INSERT INTO patient_appointments (patient_id, appointment_date, appointment_time, type, location, reason, verified_up_to_date) VALUES ('pt-0638', '2026-11-24', '10:15', 'Respiratory review', 'Community clinic', 'annual monitoring', 0);
INSERT INTO patient_vaccine_records (patient_id, vaccine, vaccine_date, product) VALUES ('pt-0638', 'COVID-19', '2025-06-14', 'Nuvaxovid');

INSERT INTO patients (id, name, age, gender, address_line1, city, county, postcode, country, telephone, email, gp_name, gp_practice, gp_address, national_insurance_number, passport_number, cache_status, last_synced_at, meta_region) VALUES ('pt-0639', 'Andrew Scott', 63, 'Male', '85 Marmora Road', 'Cambridge', 'Cambridgeshire', 'CB1 3PZ', 'UK', '+44 7320 852436', 'andrew.scott@outlook.com', 'Dr David Ahmed', 'Brownlow Group Practice', '150 Mt Pleasant, Liverpool L69 3GD, United Kingdom', 'SK648439C', '837806400', 'verified_online', '2026-02-24T00:00:00Z', 'Cambridge');
INSERT INTO patient_conditions (patient_id, condition_name, status, since_date) VALUES ('pt-0639', 'Epilepsy', 'monitoring', '2021-03-17');
INSERT INTO patient_appointments (patient_id, appointment_date, appointment_time, type, location, reason, verified_up_to_date) VALUES ('pt-0639', '2024-07-17', '17:15', 'Mental health check-in', 'Hospital outpatient department', 'symptom check', 1);
INSERT INTO patient_appointments (patient_id, appointment_date, appointment_time, type, location, reason, verified_up_to_date) VALUES ('pt-0639', '2025-04-28', '10:40', 'Respiratory review', 'Home visit', 'routine review', 0);

INSERT INTO patients (id, name, age, gender, address_line1, city, county, postcode, country, telephone, email, gp_name, gp_practice, gp_address, national_insurance_number, passport_number, cache_status, last_synced_at, meta_region) VALUES ('pt-0640', 'Peter Murray', 38, 'Male', 'Unit 16, 182 George Street', 'Edinburgh', 'City of Edinburgh', 'EH2 2AF', 'UK', '+44 7600 439070', 'peter.murray@hotmail.co.uk', 'Dr Helen Brown', 'Brownlow Group Practice', '150 Mt Pleasant, Liverpool L69 3GD, United Kingdom', 'SY791418A', '606731119', 'cached_stale', '2026-02-18T00:00:00Z', 'Edinburgh');
INSERT INTO patient_conditions (patient_id, condition_name, status, since_date) VALUES ('pt-0640', 'Osteoarthritis', 'controlled', '2022-04-08');
INSERT INTO patient_conditions (patient_id, condition_name, status, since_date) VALUES ('pt-0640', 'Gout', 'history', '2014-04-08');
INSERT INTO patient_prescriptions (patient_id, drug, indication, dose, frequency, start_date, prescriber) VALUES ('pt-0640', 'Warfarin', 'Anticoagulant', '1 tablet', 'as needed', '2024-10-23', 'Dr Helen Ahmed');
INSERT INTO patient_prescriptions (patient_id, drug, indication, dose, frequency, start_date, prescriber) VALUES ('pt-0640', 'Sacubitril/valsartan', 'Heart failure', '2.5 mg', 'with meals', '2025-12-09', 'Dr Robert Jones');
INSERT INTO patient_appointments (patient_id, appointment_date, appointment_time, type, location, reason, verified_up_to_date) VALUES ('pt-0640', '2026-12-06', '10:15', 'GP review', 'GP practice', 'treatment follow-up', 1);

INSERT INTO patients (id, name, age, gender, address_line1, city, county, postcode, country, telephone, email, gp_name, gp_practice, gp_address, national_insurance_number, passport_number, cache_status, last_synced_at, meta_region) VALUES ('pt-0641', 'Lola Morgan', 76, 'Female', '109 Claremont Road', 'Newcastle upon Tyne', 'Tyne and Wear', 'NE1 4LP', 'UK', '+44 7109 414107', 'lola.morgan83@icloud.com', 'Dr Helen Foster', 'Brownlow Group Practice', '150 Mt Pleasant, Liverpool L69 3GD, United Kingdom', 'TC269233A', '504994070', 'cached_recent', '2026-02-14T00:00:00Z', 'Newcastle upon Tyne');
INSERT INTO patient_conditions (patient_id, condition_name, status, since_date) VALUES ('pt-0641', 'Depression', 'monitoring', '2024-05-24');
INSERT INTO patient_conditions (patient_id, condition_name, status, since_date) VALUES ('pt-0641', 'Epilepsy', 'active', '2020-09-05');
INSERT INTO patient_prescriptions (patient_id, drug, indication, dose, frequency, start_date, prescriber) VALUES ('pt-0641', 'Colecalciferol', 'Vitamin D deficiency', '25 mg', 'once daily', '2025-02-09', 'Dr Helen Morgan');
INSERT INTO patient_appointments (patient_id, appointment_date, appointment_time, type, location, reason, verified_up_to_date) VALUES ('pt-0641', '2026-02-06', '09:15', 'Cardiology follow-up', 'Hospital outpatient department', 'symptom check', 1);
INSERT INTO patient_appointments (patient_id, appointment_date, appointment_time, type, location, reason, verified_up_to_date) VALUES ('pt-0641', '2026-05-20', '15:40', 'Medication review', 'Home visit', 'results discussion', 0);
INSERT INTO patient_vaccine_records (patient_id, vaccine, vaccine_date, product) VALUES ('pt-0641', 'Influenza (seasonal)', '2023-11-13', NULL);

INSERT INTO patients (id, name, age, gender, address_line1, city, county, postcode, country, telephone, email, gp_name, gp_practice, gp_address, national_insurance_number, passport_number, cache_status, last_synced_at, meta_region) VALUES ('pt-0642', 'Lola Campbell', 80, 'Female', 'Apt 51, 13 Constitution Hill', 'London', 'Greater London', 'SW1A 1BD', 'UK', '+44 7722 314548', 'lolacampbell@gmail.com', 'Dr Fatima Ahmed', 'Brownlow Group Practice', '150 Mt Pleasant, Liverpool L69 3GD, United Kingdom', 'YS414040B', '924097876', 'cached_recent', '2026-02-08T00:00:00Z', 'London');
INSERT INTO patient_conditions (patient_id, condition_name, status, since_date) VALUES ('pt-0642', 'Dementia (moderate)', 'active', '2013-03-15');
INSERT INTO patient_prescriptions (patient_id, drug, indication, dose, frequency, start_date, prescriber) VALUES ('pt-0642', 'Sertraline', 'Depression/Anxiety', '200 mg', 'once weekly', '2025-12-23', 'Dr Owen Hughes');
INSERT INTO patient_prescriptions (patient_id, drug, indication, dose, frequency, start_date, prescriber) VALUES ('pt-0642', 'Rivaroxaban', 'Anticoagulant (AF/VTE)', '1 puff', 'twice daily', '2023-06-16', 'Dr Hannah Jones');
INSERT INTO patient_appointments (patient_id, appointment_date, appointment_time, type, location, reason, verified_up_to_date) VALUES ('pt-0642', '2025-04-20', '15:20', 'Physiotherapy', 'GP practice', 'results discussion', 1);
INSERT INTO patient_appointments (patient_id, appointment_date, appointment_time, type, location, reason, verified_up_to_date) VALUES ('pt-0642', '2025-12-21', '10:20', 'Ophthalmology', 'Hospital outpatient department', 'results discussion', 0);
INSERT INTO patient_appointments (patient_id, appointment_date, appointment_time, type, location, reason, verified_up_to_date) VALUES ('pt-0642', '2026-10-11', '13:15', 'Physiotherapy', 'Hospital outpatient department', 'treatment follow-up', 0);
INSERT INTO patient_vaccine_records (patient_id, vaccine, vaccine_date, product) VALUES ('pt-0642', 'Influenza (seasonal)', '2020-08-07', NULL);
INSERT INTO patient_vaccine_records (patient_id, vaccine, vaccine_date, product) VALUES ('pt-0642', 'Shingles (Shingrix)', '2022-09-07', 'Shingrix');
INSERT INTO patient_vaccine_records (patient_id, vaccine, vaccine_date, product) VALUES ('pt-0642', 'Td/Tdap (tetanus, diphtheria, pertussis)', '2019-10-01', NULL);

INSERT INTO patients (id, name, age, gender, address_line1, city, county, postcode, country, telephone, email, gp_name, gp_practice, gp_address, national_insurance_number, passport_number, cache_status, last_synced_at, meta_region) VALUES ('pt-0643', 'Noah Kelly', 22, 'Male', 'Flat 25, 99 Chicheley Street', 'London', 'Greater London', 'SW1A 1BH', 'UK', '+44 7786 761649', 'noah262@hotmail.co.uk', 'Dr Kieran Smith', 'Brownlow Group Practice', '150 Mt Pleasant, Liverpool L69 3GD, United Kingdom', 'FP966696B', '821865261', 'cached_recent', '2026-02-24T00:00:00Z', 'London');
INSERT INTO patient_conditions (patient_id, condition_name, status, since_date) VALUES ('pt-0643', 'Type 2 diabetes', 'active', '2019-11-26');
INSERT INTO patient_prescriptions (patient_id, drug, indication, dose, frequency, start_date, prescriber) VALUES ('pt-0643', 'Latanoprost', 'Glaucoma', '1 injection', 'at night', '2023-06-26', 'Dr Chloe Khan');

INSERT INTO patients (id, name, age, gender, address_line1, city, county, postcode, country, telephone, email, gp_name, gp_practice, gp_address, national_insurance_number, passport_number, cache_status, last_synced_at, meta_region) VALUES ('pt-0644', 'Sophie Watson', 63, 'Female', 'Unit 18, 179 New Street', 'Birmingham', 'West Midlands', 'B1 1BB', 'UK', '+44 7169 651866', 'swatson@gmail.com', 'Dr Rachel Foster', 'Brownlow Group Practice', '150 Mt Pleasant, Liverpool L69 3GD, United Kingdom', 'XS370350D', '808407634', 'cached_stale', '2026-02-13T00:00:00Z', 'Birmingham');
INSERT INTO patient_conditions (patient_id, condition_name, status, since_date) VALUES ('pt-0644', 'Osteoarthritis', 'active', '2024-05-13');
INSERT INTO patient_appointments (patient_id, appointment_date, appointment_time, type, location, reason, verified_up_to_date) VALUES ('pt-0644', '2024-12-30', '12:15', 'Medication review', 'GP practice', 'routine review', 1);
INSERT INTO patient_appointments (patient_id, appointment_date, appointment_time, type, location, reason, verified_up_to_date) VALUES ('pt-0644', '2025-10-12', '09:20', 'Diabetes clinic', 'Home visit', 'treatment follow-up', 1);
INSERT INTO patient_appointments (patient_id, appointment_date, appointment_time, type, location, reason, verified_up_to_date) VALUES ('pt-0644', '2025-11-27', '14:00', 'Diabetes clinic', 'GP practice', 'symptom check', 0);

INSERT INTO patients (id, name, age, gender, address_line1, city, county, postcode, country, telephone, email, gp_name, gp_practice, gp_address, national_insurance_number, passport_number, cache_status, last_synced_at, meta_region) VALUES ('pt-0645', 'Freya Young', 45, 'Female', '8 Corporation Street', 'Birmingham', 'West Midlands', 'B1 1BB', 'UK', '+44 7557 657203', 'freya.young99@icloud.com', 'Dr Zoe Campbell', 'Brownlow Group Practice', '150 Mt Pleasant, Liverpool L69 3GD, United Kingdom', 'MG870397D', '843752721', 'cached_recent', '2026-02-10T00:00:00Z', 'Birmingham');
INSERT INTO patient_conditions (patient_id, condition_name, status, since_date) VALUES ('pt-0645', 'Generalised anxiety disorder', 'controlled', '2024-10-28');
INSERT INTO patient_conditions (patient_id, condition_name, status, since_date) VALUES ('pt-0645', 'Hypertension', 'active', '2016-06-18');
INSERT INTO patient_conditions (patient_id, condition_name, status, since_date) VALUES ('pt-0645', 'Epilepsy', 'controlled', '2023-05-13');
INSERT INTO patient_conditions (patient_id, condition_name, status, since_date) VALUES ('pt-0645', 'COPD', 'active', '2023-01-02');
INSERT INTO patient_prescriptions (patient_id, drug, indication, dose, frequency, start_date, prescriber) VALUES ('pt-0645', 'Omeprazole', 'Reflux/Ulcer prevention', '1 puff', 'with meals', '2025-06-21', 'Dr Chloe Khan');
INSERT INTO patient_prescriptions (patient_id, drug, indication, dose, frequency, start_date, prescriber) VALUES ('pt-0645', 'Apixaban', 'Anticoagulant (AF/VTE)', '500 mg', 'twice daily', '2025-06-22', 'Dr Holly Taylor');
INSERT INTO patient_appointments (patient_id, appointment_date, appointment_time, type, location, reason, verified_up_to_date) VALUES ('pt-0645', '2024-07-19', '09:00', 'Blood test', 'Telehealth', 'annual monitoring', 1);
INSERT INTO patient_appointments (patient_id, appointment_date, appointment_time, type, location, reason, verified_up_to_date) VALUES ('pt-0645', '2025-02-20', '08:40', 'Mental health check-in', 'GP practice', 'vaccination', 1);
INSERT INTO patient_appointments (patient_id, appointment_date, appointment_time, type, location, reason, verified_up_to_date) VALUES ('pt-0645', '2025-04-23', '16:50', 'Physiotherapy', 'Home visit', 'vaccination', 1);
INSERT INTO patient_appointments (patient_id, appointment_date, appointment_time, type, location, reason, verified_up_to_date) VALUES ('pt-0645', '2026-04-30', '12:40', 'Physiotherapy', 'GP practice', 'results discussion', 1);

INSERT INTO patients (id, name, age, gender, address_line1, city, county, postcode, country, telephone, email, gp_name, gp_practice, gp_address, national_insurance_number, passport_number, cache_status, last_synced_at, meta_region) VALUES ('pt-0646', 'Daniel Moore', 33, 'Male', 'Unit 13, 137 Donegall Square South', 'Belfast', 'County Antrim', 'BT1 5UB', 'UK', '+44 7709 179728', 'daniel.moore46@icloud.com', 'Dr Rachel Ahmed', 'Brownlow Group Practice', '150 Mt Pleasant, Liverpool L69 3GD, United Kingdom', 'OH429590D', '017260102', 'cached_recent', '2026-02-26T00:00:00Z', 'Belfast');
INSERT INTO patient_conditions (patient_id, condition_name, status, since_date) VALUES ('pt-0646', 'COPD', 'active', '2014-12-31');
INSERT INTO patient_conditions (patient_id, condition_name, status, since_date) VALUES ('pt-0646', 'Glaucoma', 'active', '2018-12-01');
INSERT INTO patient_conditions (patient_id, condition_name, status, since_date) VALUES ('pt-0646', 'Dementia', 'controlled', '2022-01-21');
INSERT INTO patient_prescriptions (patient_id, drug, indication, dose, frequency, start_date, prescriber) VALUES ('pt-0646', 'Citalopram', 'Depression/Anxiety', '50 mg', 'as needed', '2023-06-15', 'Dr Kieran O''Neill');

INSERT INTO patients (id, name, age, gender, address_line1, city, county, postcode, country, telephone, email, gp_name, gp_practice, gp_address, national_insurance_number, passport_number, cache_status, last_synced_at, meta_region) VALUES ('pt-0647', 'Sara Moore', 56, 'Female', 'Unit 16, 133 Hilton Street', 'Manchester', 'Greater Manchester', 'M1 1FJ', 'UK', '+44 7166 556278', 'smoore@outlook.com', 'Dr Ben Patel', 'Brownlow Group Practice', '150 Mt Pleasant, Liverpool L69 3GD, United Kingdom', 'KP263165D', '511885732', 'cached_recent', '2026-02-14T00:00:00Z', 'Manchester');
INSERT INTO patient_prescriptions (patient_id, drug, indication, dose, frequency, start_date, prescriber) VALUES ('pt-0647', 'Tiotropium', 'COPD', '1 puff', 'as needed', '2026-01-04', 'Dr Michael Foster');
INSERT INTO patient_vaccine_records (patient_id, vaccine, vaccine_date, product) VALUES ('pt-0647', 'COVID-19', '2021-02-04', 'Comirnaty');

INSERT INTO patients (id, name, age, gender, address_line1, city, county, postcode, country, telephone, email, gp_name, gp_practice, gp_address, national_insurance_number, passport_number, cache_status, last_synced_at, meta_region) VALUES ('pt-0648', 'Jack Wright', 89, 'Male', 'Flat 56, 218 Claremont Road', 'Newcastle upon Tyne', 'Tyne and Wear', 'NE1 4LP', 'UK', '+44 7583 429010', 'jack.wright75@gmail.com', 'Dr Ben Taylor', 'Brownlow Group Practice', '150 Mt Pleasant, Liverpool L69 3GD, United Kingdom', 'SM849925B', '540917995', 'cached_stale', '2026-02-27T00:00:00Z', 'Newcastle upon Tyne');
INSERT INTO patient_conditions (patient_id, condition_name, status, since_date) VALUES ('pt-0648', 'Gastro-oesophageal reflux disease (GORD)', 'active', '2023-03-31');
INSERT INTO patient_conditions (patient_id, condition_name, status, since_date) VALUES ('pt-0648', 'History of stroke/TIA', 'active', '2016-02-19');
INSERT INTO patient_prescriptions (patient_id, drug, indication, dose, frequency, start_date, prescriber) VALUES ('pt-0648', 'Gliclazide', 'Type 2 diabetes', '1 tablet', 'once daily', '2024-12-26', 'Dr Matthew Smith');
INSERT INTO patient_prescriptions (patient_id, drug, indication, dose, frequency, start_date, prescriber) VALUES ('pt-0648', 'Semaglutide', 'Type 2 diabetes/Weight management', '5 mg', 'as needed', '2024-10-12', 'Dr Hannah Wilson');
INSERT INTO patient_appointments (patient_id, appointment_date, appointment_time, type, location, reason, verified_up_to_date) VALUES ('pt-0648', '2025-12-12', '12:15', 'Respiratory review', 'Home visit', 'symptom check', 0);
INSERT INTO patient_appointments (patient_id, appointment_date, appointment_time, type, location, reason, verified_up_to_date) VALUES ('pt-0648', '2026-09-18', '13:30', 'GP review', 'Hospital outpatient department', 'vaccination', 1);

INSERT INTO patients (id, name, age, gender, address_line1, city, county, postcode, country, telephone, email, gp_name, gp_practice, gp_address, national_insurance_number, passport_number, cache_status, last_synced_at, meta_region) VALUES ('pt-0649', 'Evie Howard', 78, 'Female', 'Apt 76, 40 Donegall Square East', 'Belfast', 'County Antrim', 'BT1 5LR', 'UK', '+44 7552 435007', 'evie.howard75@icloud.com', 'Dr Robert Hughes', 'Brownlow Group Practice', '150 Mt Pleasant, Liverpool L69 3GD, United Kingdom', 'FI840482C', '594440422', 'cached_recent', '2026-02-08T00:00:00Z', 'Belfast');
INSERT INTO patient_conditions (patient_id, condition_name, status, since_date) VALUES ('pt-0649', 'Hypercholesterolaemia', 'controlled', '2020-12-27');
INSERT INTO patient_conditions (patient_id, condition_name, status, since_date) VALUES ('pt-0649', 'History of stroke/TIA', 'active', '2020-06-02');
INSERT INTO patient_prescriptions (patient_id, drug, indication, dose, frequency, start_date, prescriber) VALUES ('pt-0649', 'Pregabalin', 'Neuropathic pain/Anxiety', '1 g', 'as needed', '2025-01-19', 'Dr Robert Hughes');
INSERT INTO patient_appointments (patient_id, appointment_date, appointment_time, type, location, reason, verified_up_to_date) VALUES ('pt-0649', '2024-01-01', '14:40', 'Diabetes clinic', 'Home visit', 'treatment follow-up', 1);
INSERT INTO patient_appointments (patient_id, appointment_date, appointment_time, type, location, reason, verified_up_to_date) VALUES ('pt-0649', '2024-10-23', '12:40', 'GP review', 'Home visit', 'vaccination', 1);
INSERT INTO patient_appointments (patient_id, appointment_date, appointment_time, type, location, reason, verified_up_to_date) VALUES ('pt-0649', '2025-08-11', '17:00', 'Blood test', 'GP practice', 'results discussion', 1);

INSERT INTO patients (id, name, age, gender, address_line1, city, county, postcode, country, telephone, email, gp_name, gp_practice, gp_address, national_insurance_number, passport_number, cache_status, last_synced_at, meta_region) VALUES ('pt-0650', 'Alexander Fisher', 34, 'Male', '179 College Green', 'Bristol', 'Bristol', 'BS1 5QL', 'UK', '+44 7805 301553', 'alexander.fisher5@hotmail.co.uk', 'Dr Grace Foster', 'Brownlow Group Practice', '150 Mt Pleasant, Liverpool L69 3GD, United Kingdom', 'QG034958D', '600508682', 'cached_recent', '2026-02-16T00:00:00Z', 'Bristol');
INSERT INTO patient_appointments (patient_id, appointment_date, appointment_time, type, location, reason, verified_up_to_date) VALUES ('pt-0650', '2023-04-23', '13:10', 'Cardiology follow-up', 'GP practice', 'results discussion', 0);
INSERT INTO patient_appointments (patient_id, appointment_date, appointment_time, type, location, reason, verified_up_to_date) VALUES ('pt-0650', '2025-04-01', '10:50', 'Mental health check-in', 'Hospital outpatient department', 'symptom check', 0);
INSERT INTO patient_appointments (patient_id, appointment_date, appointment_time, type, location, reason, verified_up_to_date) VALUES ('pt-0650', '2025-05-09', '10:10', 'Physiotherapy', 'Home visit', 'treatment follow-up', 1);

INSERT INTO patients (id, name, age, gender, address_line1, city, county, postcode, country, telephone, email, gp_name, gp_practice, gp_address, national_insurance_number, passport_number, cache_status, last_synced_at, meta_region) VALUES ('pt-0651', 'Clara Kelly', 58, 'Female', 'Flat 48, 194 Broad Street', 'Birmingham', 'West Midlands', 'B1 1BB', 'UK', '+44 7592 790948', 'clara.kelly@hotmail.co.uk', 'Dr Zoe Campbell', 'Brownlow Group Practice', '150 Mt Pleasant, Liverpool L69 3GD, United Kingdom', 'BF344152A', '027692830', 'verified_online', '2026-02-12T00:00:00Z', 'Birmingham');
INSERT INTO patient_prescriptions (patient_id, drug, indication, dose, frequency, start_date, prescriber) VALUES ('pt-0651', 'Apixaban', 'Anticoagulant (AF/VTE)', '2.5 mg', 'as needed', '2025-09-09', 'Dr David Clarke');

INSERT INTO patients (id, name, age, gender, address_line1, city, county, postcode, country, telephone, email, gp_name, gp_practice, gp_address, national_insurance_number, passport_number, cache_status, last_synced_at, meta_region) VALUES ('pt-0652', 'Sienna Ahmed', 85, 'Female', 'Unit 23, 129 The Mall', 'London', 'Greater London', 'SE1 7PB', 'UK', '+44 7408 135564', 'sienna.ahmed83@outlook.com', 'Dr Sophie Roberts', 'Brownlow Group Practice', '150 Mt Pleasant, Liverpool L69 3GD, United Kingdom', 'EU500755A', '436087040', 'cached_stale', '2026-02-09T00:00:00Z', 'London');
INSERT INTO patient_prescriptions (patient_id, drug, indication, dose, frequency, start_date, prescriber) VALUES ('pt-0652', 'Semaglutide', 'Type 2 diabetes/Weight management', '10 mg', 'as needed', '2023-07-04', 'Dr Kieran Smith');
INSERT INTO patient_prescriptions (patient_id, drug, indication, dose, frequency, start_date, prescriber) VALUES ('pt-0652', 'Clopidogrel', 'Antiplatelet (post-MI/stroke)', '2 puffs', 'as needed', '2024-07-18', 'Dr Helen Morgan');
INSERT INTO patient_appointments (patient_id, appointment_date, appointment_time, type, location, reason, verified_up_to_date) VALUES ('pt-0652', '2025-07-28', '09:10', 'Physiotherapy', 'Hospital outpatient department', 'vaccination', 0);

INSERT INTO patients (id, name, age, gender, address_line1, city, county, postcode, country, telephone, email, gp_name, gp_practice, gp_address, national_insurance_number, passport_number, cache_status, last_synced_at, meta_region) VALUES ('pt-0653', 'Max Ward', 57, 'Male', 'Unit 39, 131 Donegall Square East', 'Belfast', 'County Antrim', 'BT1 5JD', 'UK', '+44 7366 474305', 'max.ward76@gmail.com', 'Dr Rachel Patel', 'Brownlow Group Practice', '150 Mt Pleasant, Liverpool L69 3GD, United Kingdom', 'IW915389D', '532377522', 'verified_online', '2026-02-25T00:00:00Z', 'Belfast');
INSERT INTO patient_conditions (patient_id, condition_name, status, since_date) VALUES ('pt-0653', 'Depression', 'monitoring', '2022-08-14');
INSERT INTO patient_appointments (patient_id, appointment_date, appointment_time, type, location, reason, verified_up_to_date) VALUES ('pt-0653', '2024-06-29', '13:10', 'Respiratory review', 'Community clinic', 'annual monitoring', 1);
INSERT INTO patient_vaccine_records (patient_id, vaccine, vaccine_date, product) VALUES ('pt-0653', 'MMR', '2016-04-16', NULL);

INSERT INTO patients (id, name, age, gender, address_line1, city, county, postcode, country, telephone, email, gp_name, gp_practice, gp_address, national_insurance_number, passport_number, cache_status, last_synced_at, meta_region) VALUES ('pt-0654', 'Florence Russell', 71, 'Female', 'Flat 51, 172 Claremont Road', 'Newcastle upon Tyne', 'Tyne and Wear', 'NE1 4LP', 'UK', '+44 7284 676209', 'florence.russell@gmail.com', 'Dr Ben Taylor', 'Brownlow Group Practice', '150 Mt Pleasant, Liverpool L69 3GD, United Kingdom', 'MI341327C', '995874267', 'cached_stale', '2026-02-13T00:00:00Z', 'Newcastle upon Tyne');
INSERT INTO patient_vaccine_records (patient_id, vaccine, vaccine_date, product) VALUES ('pt-0654', 'COVID-19', '2020-04-28', 'Comirnaty');

INSERT INTO patients (id, name, age, gender, address_line1, city, county, postcode, country, telephone, email, gp_name, gp_practice, gp_address, national_insurance_number, passport_number, cache_status, last_synced_at, meta_region) VALUES ('pt-0655', 'John Bennett', 56, 'Male', '52 Newton Street', 'Manchester', 'Greater Manchester', 'M1 1FJ', 'UK', '+44 7847 957526', 'john.bennett@hotmail.co.uk', 'Dr Lucy Brown', 'Brownlow Group Practice', '150 Mt Pleasant, Liverpool L69 3GD, United Kingdom', 'TQ508670D', '144994852', 'verified_online', '2026-02-11T00:00:00Z', 'Manchester');
INSERT INTO patient_prescriptions (patient_id, drug, indication, dose, frequency, start_date, prescriber) VALUES ('pt-0655', 'Tiotropium', 'COPD', '10 mg', 'once weekly', '2024-06-21', 'Dr Ibrahim Foster');
INSERT INTO patient_appointments (patient_id, appointment_date, appointment_time, type, location, reason, verified_up_to_date) VALUES ('pt-0655', '2023-09-13', '14:00', 'Respiratory review', 'Community clinic', 'results discussion', 1);
INSERT INTO patient_appointments (patient_id, appointment_date, appointment_time, type, location, reason, verified_up_to_date) VALUES ('pt-0655', '2025-06-19', '13:15', 'Vaccination appointment', 'Hospital outpatient department', 'annual monitoring', 1);
INSERT INTO patient_appointments (patient_id, appointment_date, appointment_time, type, location, reason, verified_up_to_date) VALUES ('pt-0655', '2025-11-17', '15:10', 'Vaccination appointment', 'Hospital outpatient department', 'routine review', 1);
INSERT INTO patient_vaccine_records (patient_id, vaccine, vaccine_date, product) VALUES ('pt-0655', 'COVID-19', '2025-04-08', 'Comirnaty');
INSERT INTO patient_vaccine_records (patient_id, vaccine, vaccine_date, product) VALUES ('pt-0655', 'Td/Tdap (tetanus, diphtheria, pertussis)', '2018-12-10', NULL);

INSERT INTO patients (id, name, age, gender, address_line1, city, county, postcode, country, telephone, email, gp_name, gp_practice, gp_address, national_insurance_number, passport_number, cache_status, last_synced_at, meta_region) VALUES ('pt-0656', 'Martin Barnes', 65, 'Male', 'Apt 63, 125 George Street', 'Edinburgh', 'City of Edinburgh', 'EH2 2AF', 'UK', '+44 7354 258802', 'martinbarnes@icloud.com', 'Dr Robert Patel', 'Brownlow Group Practice', '150 Mt Pleasant, Liverpool L69 3GD, United Kingdom', 'HH162163D', '134619535', 'cached_recent', '2026-02-19T00:00:00Z', 'Edinburgh');
INSERT INTO patient_conditions (patient_id, condition_name, status, since_date) VALUES ('pt-0656', 'Epilepsy', 'monitoring', '2017-03-29');
INSERT INTO patient_conditions (patient_id, condition_name, status, since_date) VALUES ('pt-0656', 'Asthma', 'controlled', '2020-12-11');
INSERT INTO patient_prescriptions (patient_id, drug, indication, dose, frequency, start_date, prescriber) VALUES ('pt-0656', 'Atorvastatin', 'High cholesterol/Cardiovascular risk', '100 mg', 'as needed', '2025-05-02', 'Dr David Wilson');
INSERT INTO patient_prescriptions (patient_id, drug, indication, dose, frequency, start_date, prescriber) VALUES ('pt-0656', 'Furosemide', 'Oedema/Heart failure', '1 g', 'twice daily', '2023-12-23', 'Dr Richard Patel');
INSERT INTO patient_appointments (patient_id, appointment_date, appointment_time, type, location, reason, verified_up_to_date) VALUES ('pt-0656', '2025-07-17', '13:15', 'Medication review', 'Hospital outpatient department', 'routine review', 1);
INSERT INTO patient_appointments (patient_id, appointment_date, appointment_time, type, location, reason, verified_up_to_date) VALUES ('pt-0656', '2025-08-19', '10:50', 'Blood test', 'Community clinic', 'results discussion', 1);
INSERT INTO patient_appointments (patient_id, appointment_date, appointment_time, type, location, reason, verified_up_to_date) VALUES ('pt-0656', '2025-11-20', '09:40', 'Physiotherapy', 'GP practice', 'routine review', 1);
INSERT INTO patient_appointments (patient_id, appointment_date, appointment_time, type, location, reason, verified_up_to_date) VALUES ('pt-0656', '2026-09-09', '16:00', 'Mental health check-in', 'Hospital outpatient department', 'vaccination', 1);
INSERT INTO patient_vaccine_records (patient_id, vaccine, vaccine_date, product) VALUES ('pt-0656', 'COVID-19', '2020-12-29', 'Nuvaxovid');
INSERT INTO patient_vaccine_records (patient_id, vaccine, vaccine_date, product) VALUES ('pt-0656', 'Influenza (seasonal)', '2023-01-25', NULL);

INSERT INTO patients (id, name, age, gender, address_line1, city, county, postcode, country, telephone, email, gp_name, gp_practice, gp_address, national_insurance_number, passport_number, cache_status, last_synced_at, meta_region) VALUES ('pt-0657', 'Ryan Powell', 83, 'Male', '69 Morgan Arcade', 'Cardiff', 'South Glamorgan', 'CF10 1AL', 'UK', '+44 7989 225025', 'ryanpowell@hotmail.co.uk', 'Dr Hannah Jones', 'Brownlow Group Practice', '150 Mt Pleasant, Liverpool L69 3GD, United Kingdom', 'GC115708C', '296386468', 'verified_online', '2026-02-23T00:00:00Z', 'Cardiff');
INSERT INTO patient_conditions (patient_id, condition_name, status, since_date) VALUES ('pt-0657', 'Gout', 'history', '2014-09-14');
INSERT INTO patient_conditions (patient_id, condition_name, status, since_date) VALUES ('pt-0657', 'Overactive bladder', 'active', '2020-03-23');
INSERT INTO patient_conditions (patient_id, condition_name, status, since_date) VALUES ('pt-0657', 'Generalised anxiety disorder', 'monitoring', '2024-09-19');
INSERT INTO patient_conditions (patient_id, condition_name, status, since_date) VALUES ('pt-0657', 'Osteoarthritis', 'active', '2011-04-14');
INSERT INTO patient_conditions (patient_id, condition_name, status, since_date) VALUES ('pt-0657', 'Epilepsy', 'active', '2018-08-04');
INSERT INTO patient_conditions (patient_id, condition_name, status, since_date) VALUES ('pt-0657', 'Dementia', 'history', '2021-01-11');
INSERT INTO patient_prescriptions (patient_id, drug, indication, dose, frequency, start_date, prescriber) VALUES ('pt-0657', 'Omeprazole', 'Reflux/Ulcer prevention', '200 mg', 'once daily', '2024-04-30', 'Dr Ben Hughes');
INSERT INTO patient_prescriptions (patient_id, drug, indication, dose, frequency, start_date, prescriber) VALUES ('pt-0657', 'Metformin', 'Type 2 diabetes', '500 mg', 'once weekly', '2023-04-04', 'Dr Alex Brown');
INSERT INTO patient_appointments (patient_id, appointment_date, appointment_time, type, location, reason, verified_up_to_date) VALUES ('pt-0657', '2027-01-29', '16:20', 'Cardiology follow-up', 'Community clinic', 'routine review', 1);

INSERT INTO patients (id, name, age, gender, address_line1, city, county, postcode, country, telephone, email, gp_name, gp_practice, gp_address, national_insurance_number, passport_number, cache_status, last_synced_at, meta_region) VALUES ('pt-0658', 'Phoebe Jones', 50, 'Female', 'Flat 16, 140 Constitution Hill', 'London', 'Greater London', 'SW1A 1BA', 'UK', '+44 7987 603387', 'phoebe.jones79@icloud.com', 'Dr Kieran Smith', 'Brownlow Group Practice', '150 Mt Pleasant, Liverpool L69 3GD, United Kingdom', 'UA413855B', '761386885', 'verified_online', '2026-03-01T00:00:00Z', 'London');
INSERT INTO patient_conditions (patient_id, condition_name, status, since_date) VALUES ('pt-0658', 'Type 2 diabetes', 'active', '2014-05-07');
INSERT INTO patient_prescriptions (patient_id, drug, indication, dose, frequency, start_date, prescriber) VALUES ('pt-0658', 'Atorvastatin', 'High cholesterol/Cardiovascular risk', '1 injection', 'once weekly', '2023-11-29', 'Dr Fatima Morgan');
INSERT INTO patient_prescriptions (patient_id, drug, indication, dose, frequency, start_date, prescriber) VALUES ('pt-0658', 'Aspirin', 'Antiplatelet/Pain', '1 tablet', 'as needed', '2023-10-05', 'Dr Priya Campbell');
INSERT INTO patient_vaccine_records (patient_id, vaccine, vaccine_date, product) VALUES ('pt-0658', 'MMR', '2023-01-14', NULL);

INSERT INTO patients (id, name, age, gender, address_line1, city, county, postcode, country, telephone, email, gp_name, gp_practice, gp_address, national_insurance_number, passport_number, cache_status, last_synced_at, meta_region) VALUES ('pt-0659', 'Reuben Kelly', 56, 'Male', '112 Donegall Square East', 'Belfast', 'County Antrim', 'BT1 5JA', 'UK', '+44 7126 154577', 'reuben359@outlook.com', 'Dr Aisha O''Neill', 'Brownlow Group Practice', '150 Mt Pleasant, Liverpool L69 3GD, United Kingdom', 'MZ041484D', '007808239', 'cached_stale', '2026-02-16T00:00:00Z', 'Belfast');
INSERT INTO patient_appointments (patient_id, appointment_date, appointment_time, type, location, reason, verified_up_to_date) VALUES ('pt-0659', '2027-01-22', '10:10', 'Respiratory review', 'GP practice', 'results discussion', 1);

INSERT INTO patients (id, name, age, gender, address_line1, city, county, postcode, country, telephone, email, gp_name, gp_practice, gp_address, national_insurance_number, passport_number, cache_status, last_synced_at, meta_region) VALUES ('pt-0660', 'Lewis Webb', 67, 'Male', '167 Little Lever Street', 'Manchester', 'Greater Manchester', 'M1 1FJ', 'UK', '+44 7611 883996', 'lewis.webb5@gmail.com', 'Dr Michael Smith', 'Brownlow Group Practice', '150 Mt Pleasant, Liverpool L69 3GD, United Kingdom', 'XG121183D', '847766493', 'cached_stale', '2026-02-15T00:00:00Z', 'Manchester');
INSERT INTO patient_conditions (patient_id, condition_name, status, since_date) VALUES ('pt-0660', 'Obesity', 'active', '2015-02-01');
INSERT INTO patient_conditions (patient_id, condition_name, status, since_date) VALUES ('pt-0660', 'Asthma', 'controlled', '2015-01-22');
INSERT INTO patient_prescriptions (patient_id, drug, indication, dose, frequency, start_date, prescriber) VALUES ('pt-0660', 'Furosemide', 'Oedema/Heart failure', '50 mg', 'once daily', '2023-10-20', 'Dr Chloe Clarke');
INSERT INTO patient_appointments (patient_id, appointment_date, appointment_time, type, location, reason, verified_up_to_date) VALUES ('pt-0660', '2026-04-19', '12:40', 'Ophthalmology', 'Hospital outpatient department', 'results discussion', 1);
INSERT INTO patient_appointments (patient_id, appointment_date, appointment_time, type, location, reason, verified_up_to_date) VALUES ('pt-0660', '2026-11-07', '16:20', 'Medication review', 'Hospital outpatient department', 'annual monitoring', 1);
INSERT INTO patient_appointments (patient_id, appointment_date, appointment_time, type, location, reason, verified_up_to_date) VALUES ('pt-0660', '2026-12-08', '17:15', 'Respiratory review', 'Home visit', 'symptom check', 0);
INSERT INTO patient_appointments (patient_id, appointment_date, appointment_time, type, location, reason, verified_up_to_date) VALUES ('pt-0660', '2027-02-02', '12:50', 'Physiotherapy', 'Hospital outpatient department', 'symptom check', 1);
INSERT INTO patient_vaccine_records (patient_id, vaccine, vaccine_date, product) VALUES ('pt-0660', 'COVID-19', '2026-01-12', 'Nuvaxovid');
INSERT INTO patient_vaccine_records (patient_id, vaccine, vaccine_date, product) VALUES ('pt-0660', 'COVID-19 booster', '2024-10-07', 'Comirnaty');

INSERT INTO patients (id, name, age, gender, address_line1, city, county, postcode, country, telephone, email, gp_name, gp_practice, gp_address, national_insurance_number, passport_number, cache_status, last_synced_at, meta_region) VALUES ('pt-0661', 'Freddie Taylor', 20, 'Male', 'Unit 36, 97 Mill Road', 'Cambridge', 'Cambridgeshire', 'CB1 3QB', 'UK', '+44 7207 108180', 'freddie.taylor@icloud.com', 'Dr Priya Hughes', 'Brownlow Group Practice', '150 Mt Pleasant, Liverpool L69 3GD, United Kingdom', 'DT832517C', '339770286', 'verified_online', '2026-02-28T00:00:00Z', 'Cambridge');
INSERT INTO patient_conditions (patient_id, condition_name, status, since_date) VALUES ('pt-0661', 'Gout', 'controlled', '2018-07-06');
INSERT INTO patient_prescriptions (patient_id, drug, indication, dose, frequency, start_date, prescriber) VALUES ('pt-0661', 'Levothyroxine', 'Hypothyroidism', '1 puff', 'once weekly', '2023-06-24', 'Dr Robert Jones');

INSERT INTO patients (id, name, age, gender, address_line1, city, county, postcode, country, telephone, email, gp_name, gp_practice, gp_address, national_insurance_number, passport_number, cache_status, last_synced_at, meta_region) VALUES ('pt-0662', 'Martin Khan', 59, 'Male', '140 Constitution Hill', 'London', 'Greater London', 'SW1A 1BW', 'UK', '+44 7810 930870', 'mkhan@outlook.com', 'Dr Fatima Ahmed', 'Brownlow Group Practice', '150 Mt Pleasant, Liverpool L69 3GD, United Kingdom', 'MD331254D', '979987077', 'verified_online', '2026-02-17T00:00:00Z', 'London');
INSERT INTO patient_conditions (patient_id, condition_name, status, since_date) VALUES ('pt-0662', 'Coronary heart disease', 'history', '2016-03-31');
INSERT INTO patient_prescriptions (patient_id, drug, indication, dose, frequency, start_date, prescriber) VALUES ('pt-0662', 'Salbutamol', 'Asthma/COPD (reliever)', '25 mg', 'as needed', '2024-03-11', 'Dr Alex Wilson');
INSERT INTO patient_appointments (patient_id, appointment_date, appointment_time, type, location, reason, verified_up_to_date) VALUES ('pt-0662', '2026-05-11', '08:15', 'Respiratory review', 'Telehealth', 'symptom check', 1);
INSERT INTO patient_appointments (patient_id, appointment_date, appointment_time, type, location, reason, verified_up_to_date) VALUES ('pt-0662', '2026-06-03', '15:50', 'Respiratory review', 'GP practice', 'vaccination', 1);
INSERT INTO patient_appointments (patient_id, appointment_date, appointment_time, type, location, reason, verified_up_to_date) VALUES ('pt-0662', '2027-02-23', '10:45', 'Medication review', 'GP practice', 'routine review', 0);

INSERT INTO patients (id, name, age, gender, address_line1, city, county, postcode, country, telephone, email, gp_name, gp_practice, gp_address, national_insurance_number, passport_number, cache_status, last_synced_at, meta_region) VALUES ('pt-0663', 'Ethan White', 8, 'Male', 'Unit 18, 73 Westminster Bridge Road', 'London', 'Greater London', 'SW1A 1BH', 'UK', '+44 7206 804751', 'ethanwhite@outlook.com', 'Dr Kieran Khan', 'Brownlow Group Practice', '150 Mt Pleasant, Liverpool L69 3GD, United Kingdom', 'CV998627A', '488635270', 'verified_online', '2026-02-04T00:00:00Z', 'London');
INSERT INTO patient_appointments (patient_id, appointment_date, appointment_time, type, location, reason, verified_up_to_date) VALUES ('pt-0663', '2026-01-26', '12:40', 'GP review', 'Telehealth', 'annual monitoring', 0);
INSERT INTO patient_appointments (patient_id, appointment_date, appointment_time, type, location, reason, verified_up_to_date) VALUES ('pt-0663', '2026-03-12', '12:45', 'Medication review', 'Community clinic', 'routine review', 1);
INSERT INTO patient_appointments (patient_id, appointment_date, appointment_time, type, location, reason, verified_up_to_date) VALUES ('pt-0663', '2026-06-28', '12:10', 'Ophthalmology', 'GP practice', 'vaccination', 0);

INSERT INTO patients (id, name, age, gender, address_line1, city, county, postcode, country, telephone, email, gp_name, gp_practice, gp_address, national_insurance_number, passport_number, cache_status, last_synced_at, meta_region) VALUES ('pt-0664', 'Aaron Price', 22, 'Male', 'Apt 76, 126 Hope Street', 'Glasgow', 'Glasgow City', 'G2 2TG', 'UK', '+44 7400 232430', 'aaron.price@icloud.com', 'Dr Owen Campbell', 'Brownlow Group Practice', '150 Mt Pleasant, Liverpool L69 3GD, United Kingdom', 'QI419777A', '240857322', 'verified_online', '2026-02-04T00:00:00Z', 'Glasgow');
INSERT INTO patient_conditions (patient_id, condition_name, status, since_date) VALUES ('pt-0664', 'Glaucoma', 'controlled', '2017-09-15');
INSERT INTO patient_conditions (patient_id, condition_name, status, since_date) VALUES ('pt-0664', 'Osteoporosis', 'history', '2017-06-19');
INSERT INTO patient_prescriptions (patient_id, drug, indication, dose, frequency, start_date, prescriber) VALUES ('pt-0664', 'Gabapentin', 'Neuropathic pain/Epilepsy', '1 injection', 'once daily', '2023-11-10', 'Dr Alex Wilson');
INSERT INTO patient_prescriptions (patient_id, drug, indication, dose, frequency, start_date, prescriber) VALUES ('pt-0664', 'Latanoprost', 'Glaucoma', '1 tablet', 'once weekly', '2024-12-13', 'Dr Chloe Clarke');
INSERT INTO patient_vaccine_records (patient_id, vaccine, vaccine_date, product) VALUES ('pt-0664', 'COVID-19', '2025-04-01', 'Nuvaxovid');
INSERT INTO patient_vaccine_records (patient_id, vaccine, vaccine_date, product) VALUES ('pt-0664', 'COVID-19 booster', '2023-01-21', 'Spikevax');

INSERT INTO patients (id, name, age, gender, address_line1, city, county, postcode, country, telephone, email, gp_name, gp_practice, gp_address, national_insurance_number, passport_number, cache_status, last_synced_at, meta_region) VALUES ('pt-0665', 'Adam Scott', 55, 'Male', 'Apt 20, 12 Chicheley Street', 'London', 'Greater London', 'SW1A 1BA', 'UK', '+44 7955 817750', 'adam777@icloud.com', 'Dr Kieran Smith', 'Brownlow Group Practice', '150 Mt Pleasant, Liverpool L69 3GD, United Kingdom', 'BD584505B', '014700361', 'cached_stale', '2026-02-09T00:00:00Z', 'London');
INSERT INTO patient_appointments (patient_id, appointment_date, appointment_time, type, location, reason, verified_up_to_date) VALUES ('pt-0665', '2024-12-08', '08:45', 'GP review', 'Hospital outpatient department', 'vaccination', 1);
INSERT INTO patient_appointments (patient_id, appointment_date, appointment_time, type, location, reason, verified_up_to_date) VALUES ('pt-0665', '2027-02-09', '11:50', 'Blood test', 'Community clinic', 'vaccination', 1);
INSERT INTO patient_vaccine_records (patient_id, vaccine, vaccine_date, product) VALUES ('pt-0665', 'COVID-19', '2023-09-25', 'Nuvaxovid');
INSERT INTO patient_vaccine_records (patient_id, vaccine, vaccine_date, product) VALUES ('pt-0665', 'COVID-19 booster', '2023-05-05', 'Spikevax');

INSERT INTO patients (id, name, age, gender, address_line1, city, county, postcode, country, telephone, email, gp_name, gp_practice, gp_address, national_insurance_number, passport_number, cache_status, last_synced_at, meta_region) VALUES ('pt-0666', 'Ada Barnes', 42, 'Female', '60 The Mall', 'London', 'Greater London', 'SW1A 1JR', 'UK', '+44 7273 692088', 'abarnes@gmail.com', 'Dr Kieran Smith', 'Brownlow Group Practice', '150 Mt Pleasant, Liverpool L69 3GD, United Kingdom', 'TL506559B', '539222599', 'cached_stale', '2026-03-02T00:00:00Z', 'London');
INSERT INTO patient_conditions (patient_id, condition_name, status, since_date) VALUES ('pt-0666', 'Epilepsy', 'monitoring', '2014-09-07');
INSERT INTO patient_appointments (patient_id, appointment_date, appointment_time, type, location, reason, verified_up_to_date) VALUES ('pt-0666', '2025-11-19', '13:00', 'Respiratory review', 'GP practice', 'treatment follow-up', 1);

INSERT INTO patients (id, name, age, gender, address_line1, city, county, postcode, country, telephone, email, gp_name, gp_practice, gp_address, national_insurance_number, passport_number, cache_status, last_synced_at, meta_region) VALUES ('pt-0667', 'Ryan Wood', 31, 'Male', 'Apt 19, 170 St Andrew Square', 'Edinburgh', 'City of Edinburgh', 'EH2 2SA', 'UK', '+44 7253 800178', 'ryan851@hotmail.co.uk', 'Dr Ibrahim Reid', 'Brownlow Group Practice', '150 Mt Pleasant, Liverpool L69 3GD, United Kingdom', 'TE920856B', '835915390', 'cached_recent', '2026-02-17T00:00:00Z', 'Edinburgh');
INSERT INTO patient_conditions (patient_id, condition_name, status, since_date) VALUES ('pt-0667', 'Gout', 'monitoring', '2011-12-21');
INSERT INTO patient_vaccine_records (patient_id, vaccine, vaccine_date, product) VALUES ('pt-0667', 'Td/Tdap (tetanus, diphtheria, pertussis)', '2018-11-19', NULL);

INSERT INTO patients (id, name, age, gender, address_line1, city, county, postcode, country, telephone, email, gp_name, gp_practice, gp_address, national_insurance_number, passport_number, cache_status, last_synced_at, meta_region) VALUES ('pt-0668', 'Amelia Ward', 56, 'Female', '158 Wharton Street', 'Cardiff', 'South Glamorgan', 'CF10 1AG', 'UK', '+44 7603 618384', 'amelia.ward91@outlook.com', 'Dr Sarah Roberts', 'Brownlow Group Practice', '150 Mt Pleasant, Liverpool L69 3GD, United Kingdom', 'MJ704020B', '524591017', 'verified_online', '2026-02-20T00:00:00Z', 'Cardiff');
INSERT INTO patient_conditions (patient_id, condition_name, status, since_date) VALUES ('pt-0668', 'Asthma', 'active', '2017-01-14');
INSERT INTO patient_conditions (patient_id, condition_name, status, since_date) VALUES ('pt-0668', 'Dementia', 'monitoring', '2015-02-04');
INSERT INTO patient_conditions (patient_id, condition_name, status, since_date) VALUES ('pt-0668', 'Depression', 'history', '2015-05-31');
INSERT INTO patient_conditions (patient_id, condition_name, status, since_date) VALUES ('pt-0668', 'Glaucoma', 'monitoring', '2025-10-09');
INSERT INTO patient_prescriptions (patient_id, drug, indication, dose, frequency, start_date, prescriber) VALUES ('pt-0668', 'Levothyroxine', 'Hypothyroidism', '1 tablet', 'once daily', '2024-11-27', 'Dr Sarah Jones');
INSERT INTO patient_appointments (patient_id, appointment_date, appointment_time, type, location, reason, verified_up_to_date) VALUES ('pt-0668', '2026-05-27', '17:20', 'Medication review', 'Hospital outpatient department', 'routine review', 1);
INSERT INTO patient_appointments (patient_id, appointment_date, appointment_time, type, location, reason, verified_up_to_date) VALUES ('pt-0668', '2026-06-13', '09:30', 'Diabetes clinic', 'Hospital outpatient department', 'routine review', 1);

INSERT INTO patients (id, name, age, gender, address_line1, city, county, postcode, country, telephone, email, gp_name, gp_practice, gp_address, national_insurance_number, passport_number, cache_status, last_synced_at, meta_region) VALUES ('pt-0669', 'Aria Young', 39, 'Female', '209 Broad Street', 'Birmingham', 'West Midlands', 'B1 1BB', 'UK', '+44 7169 490464', 'ariayoung@gmail.com', 'Dr David Reid', 'Brownlow Group Practice', '150 Mt Pleasant, Liverpool L69 3GD, United Kingdom', 'OR316246C', '767048090', 'verified_online', '2026-02-16T00:00:00Z', 'Birmingham');
INSERT INTO patient_conditions (patient_id, condition_name, status, since_date) VALUES ('pt-0669', 'Benign prostatic hyperplasia (BPH)', 'active', '2011-11-03');
INSERT INTO patient_appointments (patient_id, appointment_date, appointment_time, type, location, reason, verified_up_to_date) VALUES ('pt-0669', '2023-05-12', '16:50', 'Cardiology follow-up', 'Telehealth', 'annual monitoring', 0);
INSERT INTO patient_appointments (patient_id, appointment_date, appointment_time, type, location, reason, verified_up_to_date) VALUES ('pt-0669', '2023-10-03', '10:20', 'Diabetes clinic', 'Community clinic', 'symptom check', 1);
INSERT INTO patient_appointments (patient_id, appointment_date, appointment_time, type, location, reason, verified_up_to_date) VALUES ('pt-0669', '2024-03-03', '12:45', 'Ophthalmology', 'Hospital outpatient department', 'treatment follow-up', 1);
INSERT INTO patient_appointments (patient_id, appointment_date, appointment_time, type, location, reason, verified_up_to_date) VALUES ('pt-0669', '2026-08-25', '13:50', 'Mental health check-in', 'Community clinic', 'results discussion', 1);
INSERT INTO patient_appointments (patient_id, appointment_date, appointment_time, type, location, reason, verified_up_to_date) VALUES ('pt-0669', '2026-10-14', '12:20', 'Ophthalmology', 'GP practice', 'symptom check', 0);

INSERT INTO patients (id, name, age, gender, address_line1, city, county, postcode, country, telephone, email, gp_name, gp_practice, gp_address, national_insurance_number, passport_number, cache_status, last_synced_at, meta_region) VALUES ('pt-0670', 'Connor Murray', 90, 'Male', '195 Constitution Hill', 'London', 'Greater London', 'SW1A 1BW', 'UK', '+44 7445 879682', 'connor.murray4@outlook.com', 'Dr Kieran Khan', 'Brownlow Group Practice', '150 Mt Pleasant, Liverpool L69 3GD, United Kingdom', 'PG761682A', '903042135', 'verified_online', '2026-02-11T00:00:00Z', 'London');
INSERT INTO patient_conditions (patient_id, condition_name, status, since_date) VALUES ('pt-0670', 'Generalised anxiety disorder', 'monitoring', '2024-01-28');
INSERT INTO patient_prescriptions (patient_id, drug, indication, dose, frequency, start_date, prescriber) VALUES ('pt-0670', 'Furosemide', 'Oedema/Heart failure', '5 mg', 'once weekly', '2025-11-28', 'Dr Robert Hughes');
INSERT INTO patient_prescriptions (patient_id, drug, indication, dose, frequency, start_date, prescriber) VALUES ('pt-0670', 'Aspirin', 'Antiplatelet/Pain', '5 mg', 'as needed', '2024-06-23', 'Dr Hannah Wilson');
INSERT INTO patient_appointments (patient_id, appointment_date, appointment_time, type, location, reason, verified_up_to_date) VALUES ('pt-0670', '2025-04-07', '15:00', 'Vaccination appointment', 'Home visit', 'results discussion', 0);
INSERT INTO patient_appointments (patient_id, appointment_date, appointment_time, type, location, reason, verified_up_to_date) VALUES ('pt-0670', '2025-05-14', '13:45', 'Respiratory review', 'GP practice', 'annual monitoring', 1);
INSERT INTO patient_appointments (patient_id, appointment_date, appointment_time, type, location, reason, verified_up_to_date) VALUES ('pt-0670', '2025-09-29', '12:10', 'Blood test', 'Telehealth', 'routine review', 1);
INSERT INTO patient_appointments (patient_id, appointment_date, appointment_time, type, location, reason, verified_up_to_date) VALUES ('pt-0670', '2025-10-27', '16:40', 'GP review', 'Community clinic', 'vaccination', 1);
INSERT INTO patient_appointments (patient_id, appointment_date, appointment_time, type, location, reason, verified_up_to_date) VALUES ('pt-0670', '2026-10-30', '16:15', 'Physiotherapy', 'Telehealth', 'results discussion', 1);

INSERT INTO patients (id, name, age, gender, address_line1, city, county, postcode, country, telephone, email, gp_name, gp_practice, gp_address, national_insurance_number, passport_number, cache_status, last_synced_at, meta_region) VALUES ('pt-0671', 'Edward Knight', 33, 'Male', '40 The Mall', 'London', 'Greater London', 'SW1A 1BD', 'UK', '+44 7545 442508', 'edward984@gmail.com', 'Dr Kieran Khan', 'Brownlow Group Practice', '150 Mt Pleasant, Liverpool L69 3GD, United Kingdom', 'XO276341C', '199125212', 'cached_recent', '2026-02-15T00:00:00Z', 'London');
INSERT INTO patient_prescriptions (patient_id, drug, indication, dose, frequency, start_date, prescriber) VALUES ('pt-0671', 'Levetiracetam', 'Epilepsy', '20 mg', 'as needed', '2025-08-04', 'Dr Maya Campbell');
INSERT INTO patient_prescriptions (patient_id, drug, indication, dose, frequency, start_date, prescriber) VALUES ('pt-0671', 'Aspirin', 'Antiplatelet/Pain', '50 mg', 'once weekly', '2024-07-16', 'Dr Fatima Morgan');
INSERT INTO patient_appointments (patient_id, appointment_date, appointment_time, type, location, reason, verified_up_to_date) VALUES ('pt-0671', '2024-01-24', '08:40', 'Medication review', 'Telehealth', 'vaccination', 1);
INSERT INTO patient_appointments (patient_id, appointment_date, appointment_time, type, location, reason, verified_up_to_date) VALUES ('pt-0671', '2024-05-26', '14:50', 'Ophthalmology', 'GP practice', 'symptom check', 1);
INSERT INTO patient_appointments (patient_id, appointment_date, appointment_time, type, location, reason, verified_up_to_date) VALUES ('pt-0671', '2026-05-12', '13:15', 'Ophthalmology', 'Telehealth', 'routine review', 1);
INSERT INTO patient_vaccine_records (patient_id, vaccine, vaccine_date, product) VALUES ('pt-0671', 'COVID-19', '2019-02-05', 'Spikevax');
INSERT INTO patient_vaccine_records (patient_id, vaccine, vaccine_date, product) VALUES ('pt-0671', 'COVID-19 booster', '2017-02-16', 'Spikevax');

INSERT INTO patients (id, name, age, gender, address_line1, city, county, postcode, country, telephone, email, gp_name, gp_practice, gp_address, national_insurance_number, passport_number, cache_status, last_synced_at, meta_region) VALUES ('pt-0672', 'Matilda Jones', 50, 'Female', 'Flat 53, 78 Anchor Road', 'Bristol', 'Bristol', 'BS1 5BE', 'UK', '+44 7180 417950', 'mjones@gmail.com', 'Dr Zoe O''Neill', 'Brownlow Group Practice', '150 Mt Pleasant, Liverpool L69 3GD, United Kingdom', 'MU502011A', '613011179', 'verified_online', '2026-02-02T00:00:00Z', 'Bristol');

INSERT INTO patients (id, name, age, gender, address_line1, city, county, postcode, country, telephone, email, gp_name, gp_practice, gp_address, national_insurance_number, passport_number, cache_status, last_synced_at, meta_region) VALUES ('pt-0673', 'Sienna Williams', 13, 'Female', '8 St Georges Road', 'Bristol', 'Bristol', 'BS1 5UG', 'UK', '+44 7505 545643', 'sienna147@icloud.com', 'Dr Kate Evans', 'Brownlow Group Practice', '150 Mt Pleasant, Liverpool L69 3GD, United Kingdom', 'BC201762A', '748054851', 'cached_stale', '2026-02-23T00:00:00Z', 'Bristol');
INSERT INTO patient_conditions (patient_id, condition_name, status, since_date) VALUES ('pt-0673', 'Gout', 'controlled', '2017-10-24');
INSERT INTO patient_vaccine_records (patient_id, vaccine, vaccine_date, product) VALUES ('pt-0673', 'COVID-19', '2024-06-16', 'Spikevax');

INSERT INTO patients (id, name, age, gender, address_line1, city, county, postcode, country, telephone, email, gp_name, gp_practice, gp_address, national_insurance_number, passport_number, cache_status, last_synced_at, meta_region) VALUES ('pt-0674', 'Abigail Edwards', 55, 'Female', 'Flat 42, 100 Donegall Square', 'Belfast', 'County Antrim', 'BT1 5GB', 'UK', '+44 7999 297856', 'abigail.edwards@gmail.com', 'Dr Robert Hughes', 'Brownlow Group Practice', '150 Mt Pleasant, Liverpool L69 3GD, United Kingdom', 'WH814631B', '752251258', 'cached_recent', '2026-02-10T00:00:00Z', 'Belfast');
INSERT INTO patient_conditions (patient_id, condition_name, status, since_date) VALUES ('pt-0674', 'Asthma', 'active', '2021-01-11');
INSERT INTO patient_vaccine_records (patient_id, vaccine, vaccine_date, product) VALUES ('pt-0674', 'COVID-19', '2021-04-27', 'Nuvaxovid');

INSERT INTO patients (id, name, age, gender, address_line1, city, county, postcode, country, telephone, email, gp_name, gp_practice, gp_address, national_insurance_number, passport_number, cache_status, last_synced_at, meta_region) VALUES ('pt-0675', 'Maisie Scott', 61, 'Female', 'Apt 66, 35 Chicheley Street', 'London', 'Greater London', 'SW1A 1BW', 'UK', '+44 7340 934202', 'mscott@icloud.com', 'Dr Grace Evans', 'Brownlow Group Practice', '150 Mt Pleasant, Liverpool L69 3GD, United Kingdom', 'RA675303D', '807393768', 'cached_recent', '2026-02-18T00:00:00Z', 'London');
INSERT INTO patient_conditions (patient_id, condition_name, status, since_date) VALUES ('pt-0675', 'Hypothyroidism', 'controlled', '2015-05-03');
INSERT INTO patient_conditions (patient_id, condition_name, status, since_date) VALUES ('pt-0675', 'Epilepsy', 'active', '2013-02-26');
INSERT INTO patient_conditions (patient_id, condition_name, status, since_date) VALUES ('pt-0675', 'Chronic kidney disease', 'active', '2016-08-11');
INSERT INTO patient_appointments (patient_id, appointment_date, appointment_time, type, location, reason, verified_up_to_date) VALUES ('pt-0675', '2024-09-26', '15:15', 'Ophthalmology', 'Home visit', 'vaccination', 1);

INSERT INTO patients (id, name, age, gender, address_line1, city, county, postcode, country, telephone, email, gp_name, gp_practice, gp_address, national_insurance_number, passport_number, cache_status, last_synced_at, meta_region) VALUES ('pt-0676', 'Aria James', 76, 'Female', 'Flat 45, 17 Belvedere Road', 'London', 'Greater London', 'SW1A 1BD', 'UK', '+44 7229 459149', 'aria.james85@outlook.com', 'Dr Sophie Roberts', 'Brownlow Group Practice', '150 Mt Pleasant, Liverpool L69 3GD, United Kingdom', 'DO456370D', '907807500', 'cached_stale', '2026-02-27T00:00:00Z', 'London');
INSERT INTO patient_prescriptions (patient_id, drug, indication, dose, frequency, start_date, prescriber) VALUES ('pt-0676', 'Bisoprolol', 'Hypertension/Heart failure/Arrhythmia', '2.5 mg', 'once weekly', '2024-11-21', 'Dr Aisha Evans');
INSERT INTO patient_prescriptions (patient_id, drug, indication, dose, frequency, start_date, prescriber) VALUES ('pt-0676', 'Allopurinol', 'Gout', '200 mg', 'once weekly', '2025-08-06', 'Dr Richard Patel');
INSERT INTO patient_vaccine_records (patient_id, vaccine, vaccine_date, product) VALUES ('pt-0676', 'Influenza (seasonal)', '2025-01-28', NULL);

INSERT INTO patients (id, name, age, gender, address_line1, city, county, postcode, country, telephone, email, gp_name, gp_practice, gp_address, national_insurance_number, passport_number, cache_status, last_synced_at, meta_region) VALUES ('pt-0677', 'Sara Stewart', 54, 'Female', 'Apt 19, 91 Hope Street', 'Glasgow', 'Glasgow City', 'G2 2QZ', 'UK', '+44 7825 450187', 'sstewart@outlook.com', 'Dr Eleanor Khan', 'Brownlow Group Practice', '150 Mt Pleasant, Liverpool L69 3GD, United Kingdom', 'YA719140D', '172387681', 'cached_stale', '2026-02-19T00:00:00Z', 'Glasgow');
INSERT INTO patient_conditions (patient_id, condition_name, status, since_date) VALUES ('pt-0677', 'Gastro-oesophageal reflux disease (GORD)', 'history', '2021-09-05');
INSERT INTO patient_conditions (patient_id, condition_name, status, since_date) VALUES ('pt-0677', 'Asthma', 'active', '2012-06-03');
INSERT INTO patient_conditions (patient_id, condition_name, status, since_date) VALUES ('pt-0677', 'Hypothyroidism', 'monitoring', '2011-08-04');
INSERT INTO patient_prescriptions (patient_id, drug, indication, dose, frequency, start_date, prescriber) VALUES ('pt-0677', 'Mirtazapine', 'Depression', '2.5 mg', 'as needed', '2023-05-17', 'Dr Priya Campbell');
INSERT INTO patient_appointments (patient_id, appointment_date, appointment_time, type, location, reason, verified_up_to_date) VALUES ('pt-0677', '2024-05-21', '15:30', 'Respiratory review', 'Telehealth', 'annual monitoring', 1);
INSERT INTO patient_appointments (patient_id, appointment_date, appointment_time, type, location, reason, verified_up_to_date) VALUES ('pt-0677', '2026-09-06', '13:50', 'Physiotherapy', 'Community clinic', 'annual monitoring', 0);

INSERT INTO patients (id, name, age, gender, address_line1, city, county, postcode, country, telephone, email, gp_name, gp_practice, gp_address, national_insurance_number, passport_number, cache_status, last_synced_at, meta_region) VALUES ('pt-0678', 'Theo Clarke', 85, 'Male', 'Unit 2, 165 The Mall', 'London', 'Greater London', 'SW1A 1BW', 'UK', '+44 7497 735896', 'theo85@icloud.com', 'Dr Fatima Ahmed', 'Brownlow Group Practice', '150 Mt Pleasant, Liverpool L69 3GD, United Kingdom', 'QB503692B', '223509768', 'cached_stale', '2026-03-01T00:00:00Z', 'London');
INSERT INTO patient_conditions (patient_id, condition_name, status, since_date) VALUES ('pt-0678', 'Dementia', 'controlled', '2021-08-08');
INSERT INTO patient_conditions (patient_id, condition_name, status, since_date) VALUES ('pt-0678', 'Post-stroke disability', 'monitoring', '2017-02-08');
INSERT INTO patient_conditions (patient_id, condition_name, status, since_date) VALUES ('pt-0678', 'Heart failure (reduced ejection fraction)', 'monitoring', '2015-08-04');
INSERT INTO patient_conditions (patient_id, condition_name, status, since_date) VALUES ('pt-0678', 'Gout', 'active', '2012-06-13');
INSERT INTO patient_appointments (patient_id, appointment_date, appointment_time, type, location, reason, verified_up_to_date) VALUES ('pt-0678', '2026-03-02', '11:50', 'Medication review', 'Home visit', 'vaccination', 1);
INSERT INTO patient_appointments (patient_id, appointment_date, appointment_time, type, location, reason, verified_up_to_date) VALUES ('pt-0678', '2026-07-19', '09:45', 'Respiratory review', 'Telehealth', 'routine review', 1);
INSERT INTO patient_vaccine_records (patient_id, vaccine, vaccine_date, product) VALUES ('pt-0678', 'COVID-19', '2016-09-10', 'Nuvaxovid');
INSERT INTO patient_vaccine_records (patient_id, vaccine, vaccine_date, product) VALUES ('pt-0678', 'COVID-19 booster', '2018-05-20', 'Comirnaty');
INSERT INTO patient_vaccine_records (patient_id, vaccine, vaccine_date, product) VALUES ('pt-0678', 'Influenza (seasonal)', '2025-09-16', NULL);

INSERT INTO patients (id, name, age, gender, address_line1, city, county, postcode, country, telephone, email, gp_name, gp_practice, gp_address, national_insurance_number, passport_number, cache_status, last_synced_at, meta_region) VALUES ('pt-0679', 'Andrew James', 68, 'Male', 'Flat 24, 167 Lower College Street', 'Bristol', 'Bristol', 'BS1 5QH', 'UK', '+44 7312 856034', 'ajames@outlook.com', 'Dr Grace Foster', 'Brownlow Group Practice', '150 Mt Pleasant, Liverpool L69 3GD, United Kingdom', 'QQ314478D', '260206828', 'cached_stale', '2026-02-27T00:00:00Z', 'Bristol');
INSERT INTO patient_conditions (patient_id, condition_name, status, since_date) VALUES ('pt-0679', 'Heart failure', 'monitoring', '2024-11-17');
INSERT INTO patient_prescriptions (patient_id, drug, indication, dose, frequency, start_date, prescriber) VALUES ('pt-0679', 'Finasteride', 'BPH', '200 mg', 'as needed', '2023-05-24', 'Dr David Clarke');
INSERT INTO patient_prescriptions (patient_id, drug, indication, dose, frequency, start_date, prescriber) VALUES ('pt-0679', 'Aspirin', 'Antiplatelet/Pain', '10 mg', 'once daily', '2024-01-17', 'Dr Maya Campbell');
INSERT INTO patient_appointments (patient_id, appointment_date, appointment_time, type, location, reason, verified_up_to_date) VALUES ('pt-0679', '2025-09-13', '11:00', 'Physiotherapy', 'Telehealth', 'results discussion', 0);
INSERT INTO patient_appointments (patient_id, appointment_date, appointment_time, type, location, reason, verified_up_to_date) VALUES ('pt-0679', '2026-05-23', '13:40', 'Blood test', 'GP practice', 'vaccination', 1);
INSERT INTO patient_vaccine_records (patient_id, vaccine, vaccine_date, product) VALUES ('pt-0679', 'COVID-19', '2018-11-19', 'Spikevax');

INSERT INTO patients (id, name, age, gender, address_line1, city, county, postcode, country, telephone, email, gp_name, gp_practice, gp_address, national_insurance_number, passport_number, cache_status, last_synced_at, meta_region) VALUES ('pt-0680', 'Erin King', 77, 'Female', 'Apt 15, 169 College Green', 'Bristol', 'Bristol', 'BS1 5QH', 'UK', '+44 7851 634983', 'erin.king86@hotmail.co.uk', 'Dr Zoe O''Neill', 'Brownlow Group Practice', '150 Mt Pleasant, Liverpool L69 3GD, United Kingdom', 'TC840262B', '918081694', 'cached_stale', '2026-02-14T00:00:00Z', 'Bristol');
INSERT INTO patient_prescriptions (patient_id, drug, indication, dose, frequency, start_date, prescriber) VALUES ('pt-0680', 'Simvastatin', 'High cholesterol', '200 mg', 'once weekly', '2023-12-28', 'Dr Priya Patel');
INSERT INTO patient_vaccine_records (patient_id, vaccine, vaccine_date, product) VALUES ('pt-0680', 'COVID-19', '2021-02-20', 'Spikevax');

INSERT INTO patients (id, name, age, gender, address_line1, city, county, postcode, country, telephone, email, gp_name, gp_practice, gp_address, national_insurance_number, passport_number, cache_status, last_synced_at, meta_region) VALUES ('pt-0681', 'John O''Connor', 54, 'Male', 'Unit 38, 181 Newhall Street', 'Birmingham', 'West Midlands', 'B1 1BB', 'UK', '+44 7548 654810', 'joconnor@icloud.com', 'Dr Tom Clarke', 'Brownlow Group Practice', '150 Mt Pleasant, Liverpool L69 3GD, United Kingdom', 'HZ374975C', '032173819', 'cached_recent', '2026-02-16T00:00:00Z', 'Birmingham');
INSERT INTO patient_prescriptions (patient_id, drug, indication, dose, frequency, start_date, prescriber) VALUES ('pt-0681', 'Dapagliflozin', 'Type 2 diabetes/Heart failure/CKD', '5 mg', 'as needed', '2023-04-15', 'Dr Alex Wilson');
INSERT INTO patient_prescriptions (patient_id, drug, indication, dose, frequency, start_date, prescriber) VALUES ('pt-0681', 'Atorvastatin', 'High cholesterol/Cardiovascular risk', '10 mg', 'at night', '2023-03-21', 'Dr Kieran Smith');
INSERT INTO patient_vaccine_records (patient_id, vaccine, vaccine_date, product) VALUES ('pt-0681', 'COVID-19', '2020-04-29', 'Comirnaty');
INSERT INTO patient_vaccine_records (patient_id, vaccine, vaccine_date, product) VALUES ('pt-0681', 'COVID-19 booster', '2023-08-07', 'Comirnaty');

INSERT INTO patients (id, name, age, gender, address_line1, city, county, postcode, country, telephone, email, gp_name, gp_practice, gp_address, national_insurance_number, passport_number, cache_status, last_synced_at, meta_region) VALUES ('pt-0682', 'Leo Morris', 46, 'Male', 'Unit 36, 41 St Mary Street', 'Cardiff', 'South Glamorgan', 'CF10 1AF', 'UK', '+44 7396 693159', 'leomorris@gmail.com', 'Dr David Smith', 'Brownlow Group Practice', '150 Mt Pleasant, Liverpool L69 3GD, United Kingdom', 'ZR646531B', '987132949', 'cached_recent', '2026-02-04T00:00:00Z', 'Cardiff');
INSERT INTO patient_conditions (patient_id, condition_name, status, since_date) VALUES ('pt-0682', 'Epilepsy', 'controlled', '2013-04-01');
INSERT INTO patient_conditions (patient_id, condition_name, status, since_date) VALUES ('pt-0682', 'Glaucoma', 'active', '2021-04-18');
INSERT INTO patient_prescriptions (patient_id, drug, indication, dose, frequency, start_date, prescriber) VALUES ('pt-0682', 'Sertraline', 'Depression/Anxiety', '5 mg', 'twice daily', '2023-10-03', 'Dr Maya Brown');

INSERT INTO patients (id, name, age, gender, address_line1, city, county, postcode, country, telephone, email, gp_name, gp_practice, gp_address, national_insurance_number, passport_number, cache_status, last_synced_at, meta_region) VALUES ('pt-0683', 'Georgia Khan', 40, 'Female', 'Unit 24, 80 Sauchiehall Street', 'Glasgow', 'Glasgow City', 'G2 2TG', 'UK', '+44 7527 152098', 'gkhan@hotmail.co.uk', 'Dr Tom Stewart', 'Brownlow Group Practice', '150 Mt Pleasant, Liverpool L69 3GD, United Kingdom', 'ME332214D', '375742566', 'verified_online', '2026-02-26T00:00:00Z', 'Glasgow');
INSERT INTO patient_conditions (patient_id, condition_name, status, since_date) VALUES ('pt-0683', 'Type 2 diabetes', 'active', '2017-04-03');
INSERT INTO patient_conditions (patient_id, condition_name, status, since_date) VALUES ('pt-0683', 'Depression', 'active', '2017-05-22');
INSERT INTO patient_conditions (patient_id, condition_name, status, since_date) VALUES ('pt-0683', 'Benign prostatic hyperplasia (BPH)', 'active', '2013-01-19');
INSERT INTO patient_conditions (patient_id, condition_name, status, since_date) VALUES ('pt-0683', 'Atrial fibrillation', 'active', '2011-11-29');
INSERT INTO patient_appointments (patient_id, appointment_date, appointment_time, type, location, reason, verified_up_to_date) VALUES ('pt-0683', '2025-11-07', '09:10', 'Ophthalmology', 'Hospital outpatient department', 'treatment follow-up', 0);
INSERT INTO patient_vaccine_records (patient_id, vaccine, vaccine_date, product) VALUES ('pt-0683', 'COVID-19', '2018-01-27', 'Spikevax');
INSERT INTO patient_vaccine_records (patient_id, vaccine, vaccine_date, product) VALUES ('pt-0683', 'COVID-19 booster', '2025-11-16', 'Spikevax');
INSERT INTO patient_vaccine_records (patient_id, vaccine, vaccine_date, product) VALUES ('pt-0683', 'Td/Tdap (tetanus, diphtheria, pertussis)', '2016-10-25', NULL);

INSERT INTO patients (id, name, age, gender, address_line1, city, county, postcode, country, telephone, email, gp_name, gp_practice, gp_address, national_insurance_number, passport_number, cache_status, last_synced_at, meta_region) VALUES ('pt-0684', 'Adam Begum', 93, 'Male', '169 St Mary Street', 'Cardiff', 'South Glamorgan', 'CF10 1AB', 'UK', '+44 7491 791499', 'adam561@gmail.com', 'Dr Sarah Roberts', 'Brownlow Group Practice', '150 Mt Pleasant, Liverpool L69 3GD, United Kingdom', 'BN560856A', '968164884', 'cached_recent', '2026-02-27T00:00:00Z', 'Cardiff');
INSERT INTO patient_prescriptions (patient_id, drug, indication, dose, frequency, start_date, prescriber) VALUES ('pt-0684', 'Ramipril', 'Hypertension/Heart failure', '50 mg', 'with meals', '2023-09-19', 'Dr Fatima Taylor');
INSERT INTO patient_appointments (patient_id, appointment_date, appointment_time, type, location, reason, verified_up_to_date) VALUES ('pt-0684', '2023-09-08', '12:30', 'Diabetes clinic', 'Telehealth', 'annual monitoring', 1);
INSERT INTO patient_appointments (patient_id, appointment_date, appointment_time, type, location, reason, verified_up_to_date) VALUES ('pt-0684', '2024-06-12', '15:45', 'Diabetes clinic', 'Home visit', 'treatment follow-up', 1);
INSERT INTO patient_appointments (patient_id, appointment_date, appointment_time, type, location, reason, verified_up_to_date) VALUES ('pt-0684', '2025-05-20', '17:50', 'Physiotherapy', 'Hospital outpatient department', 'results discussion', 1);
INSERT INTO patient_appointments (patient_id, appointment_date, appointment_time, type, location, reason, verified_up_to_date) VALUES ('pt-0684', '2025-12-10', '08:00', 'Physiotherapy', 'GP practice', 'routine review', 1);
INSERT INTO patient_appointments (patient_id, appointment_date, appointment_time, type, location, reason, verified_up_to_date) VALUES ('pt-0684', '2026-04-19', '15:45', 'Physiotherapy', 'GP practice', 'annual monitoring', 1);

INSERT INTO patients (id, name, age, gender, address_line1, city, county, postcode, country, telephone, email, gp_name, gp_practice, gp_address, national_insurance_number, passport_number, cache_status, last_synced_at, meta_region) VALUES ('pt-0685', 'Isla Brown', 78, 'Female', 'Unit 18, 201 Broad Street', 'Birmingham', 'West Midlands', 'B1 1BB', 'UK', '+44 7547 207632', 'isla552@icloud.com', 'Dr Hannah Taylor', 'Brownlow Group Practice', '150 Mt Pleasant, Liverpool L69 3GD, United Kingdom', 'PZ047962D', '459421463', 'verified_online', '2026-02-13T00:00:00Z', 'Birmingham');
INSERT INTO patient_vaccine_records (patient_id, vaccine, vaccine_date, product) VALUES ('pt-0685', 'COVID-19', '2017-03-19', 'Nuvaxovid');

INSERT INTO patients (id, name, age, gender, address_line1, city, county, postcode, country, telephone, email, gp_name, gp_practice, gp_address, national_insurance_number, passport_number, cache_status, last_synced_at, meta_region) VALUES ('pt-0686', 'Poppy Ahmed', 82, 'Female', 'Unit 7, 54 Malta Road', 'Cambridge', 'Cambridgeshire', 'CB1 3BS', 'UK', '+44 7507 853160', 'poppy.ahmed@outlook.com', 'Dr Laura Jones', 'Brownlow Group Practice', '150 Mt Pleasant, Liverpool L69 3GD, United Kingdom', 'LK649126C', '950259697', 'cached_recent', '2026-02-19T00:00:00Z', 'Cambridge');
INSERT INTO patient_conditions (patient_id, condition_name, status, since_date) VALUES ('pt-0686', 'Hypothyroidism', 'active', '2015-01-03');
INSERT INTO patient_conditions (patient_id, condition_name, status, since_date) VALUES ('pt-0686', 'Glaucoma', 'active', '2018-12-04');
INSERT INTO patient_prescriptions (patient_id, drug, indication, dose, frequency, start_date, prescriber) VALUES ('pt-0686', 'Levetiracetam', 'Epilepsy', '500 mg', 'at night', '2025-05-13', 'Dr Matthew Smith');
INSERT INTO patient_appointments (patient_id, appointment_date, appointment_time, type, location, reason, verified_up_to_date) VALUES ('pt-0686', '2023-05-03', '09:15', 'Diabetes clinic', 'Hospital outpatient department', 'results discussion', 1);
INSERT INTO patient_appointments (patient_id, appointment_date, appointment_time, type, location, reason, verified_up_to_date) VALUES ('pt-0686', '2025-10-11', '14:10', 'GP review', 'Telehealth', 'treatment follow-up', 1);
INSERT INTO patient_vaccine_records (patient_id, vaccine, vaccine_date, product) VALUES ('pt-0686', 'Influenza (seasonal)', '2017-07-23', NULL);

INSERT INTO patients (id, name, age, gender, address_line1, city, county, postcode, country, telephone, email, gp_name, gp_practice, gp_address, national_insurance_number, passport_number, cache_status, last_synced_at, meta_region) VALUES ('pt-0687', 'Peter Martin', 46, 'Male', 'Flat 12, 44 South John Street', 'Liverpool', 'Merseyside', 'L1 8BQ', 'UK', '+44 7872 158643', 'peter.martin@icloud.com', 'Dr Sanjay Reid', 'Brownlow Group Practice', '150 Mt Pleasant, Liverpool L69 3GD, United Kingdom', 'MK566139C', '553271428', 'cached_recent', '2026-02-15T00:00:00Z', 'Liverpool');
INSERT INTO patient_prescriptions (patient_id, drug, indication, dose, frequency, start_date, prescriber) VALUES ('pt-0687', 'Pregabalin', 'Neuropathic pain/Anxiety', '25 mg', 'twice daily', '2023-07-07', 'Dr Fatima Morgan');
INSERT INTO patient_appointments (patient_id, appointment_date, appointment_time, type, location, reason, verified_up_to_date) VALUES ('pt-0687', '2025-04-20', '16:00', 'Vaccination appointment', 'Telehealth', 'annual monitoring', 1);

INSERT INTO patients (id, name, age, gender, address_line1, city, county, postcode, country, telephone, email, gp_name, gp_practice, gp_address, national_insurance_number, passport_number, cache_status, last_synced_at, meta_region) VALUES ('pt-0688', 'Leah Price', 87, 'Female', '123 St Andrew Square', 'Edinburgh', 'City of Edinburgh', 'EH2 2SA', 'UK', '+44 7293 445480', 'leah170@gmail.com', 'Dr Helen Brown', 'Brownlow Group Practice', '150 Mt Pleasant, Liverpool L69 3GD, United Kingdom', 'CZ458976D', '722077234', 'cached_stale', '2026-02-02T00:00:00Z', 'Edinburgh');
INSERT INTO patient_conditions (patient_id, condition_name, status, since_date) VALUES ('pt-0688', 'Benign prostatic hyperplasia (BPH)', 'controlled', '2021-09-23');
INSERT INTO patient_conditions (patient_id, condition_name, status, since_date) VALUES ('pt-0688', 'Gastro-oesophageal reflux disease (GORD)', 'active', '2017-07-25');
INSERT INTO patient_conditions (patient_id, condition_name, status, since_date) VALUES ('pt-0688', 'Type 2 diabetes', 'active', '2025-06-07');
INSERT INTO patient_prescriptions (patient_id, drug, indication, dose, frequency, start_date, prescriber) VALUES ('pt-0688', 'Citalopram', 'Depression/Anxiety', '50 mg', 'once weekly', '2023-04-04', 'Dr Zoe Jones');
INSERT INTO patient_prescriptions (patient_id, drug, indication, dose, frequency, start_date, prescriber) VALUES ('pt-0688', 'Dapagliflozin', 'Type 2 diabetes/Heart failure/CKD', '500 mg', 'at night', '2026-02-21', 'Dr Chloe Ahmed');
INSERT INTO patient_appointments (patient_id, appointment_date, appointment_time, type, location, reason, verified_up_to_date) VALUES ('pt-0688', '2023-11-02', '17:40', 'Medication review', 'Hospital outpatient department', 'annual monitoring', 0);
INSERT INTO patient_appointments (patient_id, appointment_date, appointment_time, type, location, reason, verified_up_to_date) VALUES ('pt-0688', '2026-03-16', '09:20', 'GP review', 'GP practice', 'annual monitoring', 1);
INSERT INTO patient_appointments (patient_id, appointment_date, appointment_time, type, location, reason, verified_up_to_date) VALUES ('pt-0688', '2026-03-30', '10:15', 'Mental health check-in', 'Hospital outpatient department', 'routine review', 0);
INSERT INTO patient_appointments (patient_id, appointment_date, appointment_time, type, location, reason, verified_up_to_date) VALUES ('pt-0688', '2026-09-10', '16:00', 'Mental health check-in', 'Hospital outpatient department', 'symptom check', 0);

INSERT INTO patients (id, name, age, gender, address_line1, city, county, postcode, country, telephone, email, gp_name, gp_practice, gp_address, national_insurance_number, passport_number, cache_status, last_synced_at, meta_region) VALUES ('pt-0689', 'Sophia Phillips', 18, 'Female', 'Unit 19, 84 George Street', 'Edinburgh', 'City of Edinburgh', 'EH2 2PR', 'UK', '+44 7967 229077', 'sophiaphillips@hotmail.co.uk', 'Dr Sarah Graham', 'Brownlow Group Practice', '150 Mt Pleasant, Liverpool L69 3GD, United Kingdom', 'TC143553C', '574669042', 'verified_online', '2026-02-15T00:00:00Z', 'Edinburgh');
INSERT INTO patient_conditions (patient_id, condition_name, status, since_date) VALUES ('pt-0689', 'Hypertension', 'active', '2017-05-06');
INSERT INTO patient_conditions (patient_id, condition_name, status, since_date) VALUES ('pt-0689', 'Gastro-oesophageal reflux disease (GORD)', 'monitoring', '2012-09-12');
INSERT INTO patient_conditions (patient_id, condition_name, status, since_date) VALUES ('pt-0689', 'Hypothyroidism', 'controlled', '2016-01-12');
INSERT INTO patient_appointments (patient_id, appointment_date, appointment_time, type, location, reason, verified_up_to_date) VALUES ('pt-0689', '2024-04-23', '08:15', 'Physiotherapy', 'Community clinic', 'symptom check', 1);
INSERT INTO patient_appointments (patient_id, appointment_date, appointment_time, type, location, reason, verified_up_to_date) VALUES ('pt-0689', '2026-03-30', '16:30', 'Medication review', 'Community clinic', 'treatment follow-up', 0);
INSERT INTO patient_vaccine_records (patient_id, vaccine, vaccine_date, product) VALUES ('pt-0689', 'Td/Tdap (tetanus, diphtheria, pertussis)', '2018-08-31', NULL);

INSERT INTO patients (id, name, age, gender, address_line1, city, county, postcode, country, telephone, email, gp_name, gp_practice, gp_address, national_insurance_number, passport_number, cache_status, last_synced_at, meta_region) VALUES ('pt-0690', 'Phoebe Singh', 71, 'Female', 'Flat 41, 86 Westminster Bridge Road', 'London', 'Greater London', 'SE1 7PB', 'UK', '+44 7231 308116', 'phoebesingh@outlook.com', 'Dr Sophie Roberts', 'Brownlow Group Practice', '150 Mt Pleasant, Liverpool L69 3GD, United Kingdom', 'HH725092B', '111287709', 'cached_recent', '2026-02-09T00:00:00Z', 'London');
INSERT INTO patient_prescriptions (patient_id, drug, indication, dose, frequency, start_date, prescriber) VALUES ('pt-0690', 'Nitrofurantoin', 'UTI', '1 puff', 'as needed', '2025-04-06', 'Dr Owen Taylor');
INSERT INTO patient_appointments (patient_id, appointment_date, appointment_time, type, location, reason, verified_up_to_date) VALUES ('pt-0690', '2026-09-11', '17:40', 'Blood test', 'Hospital outpatient department', 'results discussion', 1);

INSERT INTO patients (id, name, age, gender, address_line1, city, county, postcode, country, telephone, email, gp_name, gp_practice, gp_address, national_insurance_number, passport_number, cache_status, last_synced_at, meta_region) VALUES ('pt-0691', 'Hugo Reid', 78, 'Male', 'Apt 63, 19 St Andrew Square', 'Edinburgh', 'City of Edinburgh', 'EH2 2PR', 'UK', '+44 7260 761961', 'hugo.reid13@icloud.com', 'Dr Matthew Evans', 'Brownlow Group Practice', '150 Mt Pleasant, Liverpool L69 3GD, United Kingdom', 'TO008795B', '132404439', 'cached_stale', '2026-02-09T00:00:00Z', 'Edinburgh');
INSERT INTO patient_conditions (patient_id, condition_name, status, since_date) VALUES ('pt-0691', 'Benign prostatic hyperplasia (BPH)', 'controlled', '2021-08-03');
INSERT INTO patient_conditions (patient_id, condition_name, status, since_date) VALUES ('pt-0691', 'COPD', 'history', '2020-09-30');
INSERT INTO patient_prescriptions (patient_id, drug, indication, dose, frequency, start_date, prescriber) VALUES ('pt-0691', 'Pregabalin', 'Neuropathic pain/Anxiety', '25 mg', 'with meals', '2023-07-01', 'Dr Maya Campbell');
INSERT INTO patient_appointments (patient_id, appointment_date, appointment_time, type, location, reason, verified_up_to_date) VALUES ('pt-0691', '2025-03-07', '17:45', 'Cardiology follow-up', 'Home visit', 'results discussion', 1);
INSERT INTO patient_appointments (patient_id, appointment_date, appointment_time, type, location, reason, verified_up_to_date) VALUES ('pt-0691', '2025-09-14', '08:50', 'GP review', 'GP practice', 'treatment follow-up', 1);
INSERT INTO patient_appointments (patient_id, appointment_date, appointment_time, type, location, reason, verified_up_to_date) VALUES ('pt-0691', '2026-04-16', '16:10', 'Diabetes clinic', 'Home visit', 'treatment follow-up', 1);
INSERT INTO patient_appointments (patient_id, appointment_date, appointment_time, type, location, reason, verified_up_to_date) VALUES ('pt-0691', '2026-07-28', '08:50', 'Physiotherapy', 'GP practice', 'treatment follow-up', 0);
INSERT INTO patient_appointments (patient_id, appointment_date, appointment_time, type, location, reason, verified_up_to_date) VALUES ('pt-0691', '2026-12-29', '09:45', 'Mental health check-in', 'Telehealth', 'results discussion', 1);
INSERT INTO patient_vaccine_records (patient_id, vaccine, vaccine_date, product) VALUES ('pt-0691', 'COVID-19', '2022-02-18', 'Comirnaty');
INSERT INTO patient_vaccine_records (patient_id, vaccine, vaccine_date, product) VALUES ('pt-0691', 'COVID-19 booster', '2023-02-08', 'Comirnaty');

INSERT INTO patients (id, name, age, gender, address_line1, city, county, postcode, country, telephone, email, gp_name, gp_practice, gp_address, national_insurance_number, passport_number, cache_status, last_synced_at, meta_region) VALUES ('pt-0692', 'Maisie Price', 59, 'Female', 'Unit 36, 210 Wall Street', 'Liverpool', 'Merseyside', 'L1 8BN', 'UK', '+44 7182 449840', 'maisie815@gmail.com', 'Dr Amir Smith', 'Brownlow Group Practice', '150 Mt Pleasant, Liverpool L69 3GD, United Kingdom', 'HU769652D', '215056006', 'verified_online', '2026-02-10T00:00:00Z', 'Liverpool');
INSERT INTO patient_conditions (patient_id, condition_name, status, since_date) VALUES ('pt-0692', 'Heart failure', 'controlled', '2012-10-03');
INSERT INTO patient_conditions (patient_id, condition_name, status, since_date) VALUES ('pt-0692', 'Type 2 diabetes', 'active', '2020-08-26');
INSERT INTO patient_appointments (patient_id, appointment_date, appointment_time, type, location, reason, verified_up_to_date) VALUES ('pt-0692', '2026-09-24', '08:20', 'Medication review', 'Telehealth', 'symptom check', 1);
INSERT INTO patient_appointments (patient_id, appointment_date, appointment_time, type, location, reason, verified_up_to_date) VALUES ('pt-0692', '2026-12-19', '17:50', 'Respiratory review', 'Community clinic', 'vaccination', 1);
INSERT INTO patient_vaccine_records (patient_id, vaccine, vaccine_date, product) VALUES ('pt-0692', 'Pneumococcal', '2018-01-19', NULL);

INSERT INTO patients (id, name, age, gender, address_line1, city, county, postcode, country, telephone, email, gp_name, gp_practice, gp_address, national_insurance_number, passport_number, cache_status, last_synced_at, meta_region) VALUES ('pt-0693', 'Violet James', 73, 'Female', 'Unit 18, 218 Edward''s Walk', 'Newcastle upon Tyne', 'Tyne and Wear', 'NE1 4LP', 'UK', '+44 7124 203696', 'violet.james@outlook.com', 'Dr Rachel Ahmed', 'Brownlow Group Practice', '150 Mt Pleasant, Liverpool L69 3GD, United Kingdom', 'QF459583B', '598179716', 'cached_recent', '2026-02-22T00:00:00Z', 'Newcastle upon Tyne');
INSERT INTO patient_conditions (patient_id, condition_name, status, since_date) VALUES ('pt-0693', 'Gastro-oesophageal reflux disease (GORD)', 'active', '2019-01-27');
INSERT INTO patient_conditions (patient_id, condition_name, status, since_date) VALUES ('pt-0693', 'Obesity', 'history', '2020-05-05');
INSERT INTO patient_conditions (patient_id, condition_name, status, since_date) VALUES ('pt-0693', 'Depression', 'active', '2023-01-08');
INSERT INTO patient_conditions (patient_id, condition_name, status, since_date) VALUES ('pt-0693', 'Osteoporosis', 'active', '2021-01-22');
INSERT INTO patient_prescriptions (patient_id, drug, indication, dose, frequency, start_date, prescriber) VALUES ('pt-0693', 'Tirzepatide', 'Weight management/Type 2 diabetes', '1 puff', 'once daily', '2025-01-13', 'Dr Aisha Evans');
INSERT INTO patient_appointments (patient_id, appointment_date, appointment_time, type, location, reason, verified_up_to_date) VALUES ('pt-0693', '2025-07-01', '17:50', 'Mental health check-in', 'Hospital outpatient department', 'results discussion', 1);
INSERT INTO patient_appointments (patient_id, appointment_date, appointment_time, type, location, reason, verified_up_to_date) VALUES ('pt-0693', '2026-01-21', '13:30', 'Diabetes clinic', 'Hospital outpatient department', 'annual monitoring', 0);
INSERT INTO patient_vaccine_records (patient_id, vaccine, vaccine_date, product) VALUES ('pt-0693', 'COVID-19', '2022-01-26', 'Nuvaxovid');
INSERT INTO patient_vaccine_records (patient_id, vaccine, vaccine_date, product) VALUES ('pt-0693', 'COVID-19 booster', '2023-02-01', 'Comirnaty');

INSERT INTO patients (id, name, age, gender, address_line1, city, county, postcode, country, telephone, email, gp_name, gp_practice, gp_address, national_insurance_number, passport_number, cache_status, last_synced_at, meta_region) VALUES ('pt-0694', 'Maisie Harris', 58, 'Female', 'Unit 2, 80 The Headrow', 'Leeds', 'West Yorkshire', 'LS1 1UR', 'UK', '+44 7974 519575', 'maisie143@hotmail.co.uk', 'Dr Kieran Foster', 'Brownlow Group Practice', '150 Mt Pleasant, Liverpool L69 3GD, United Kingdom', 'YU724441B', '863711983', 'cached_stale', '2026-03-03T00:00:00Z', 'Leeds');
INSERT INTO patient_conditions (patient_id, condition_name, status, since_date) VALUES ('pt-0694', 'Coronary heart disease', 'history', '2017-03-17');
INSERT INTO patient_appointments (patient_id, appointment_date, appointment_time, type, location, reason, verified_up_to_date) VALUES ('pt-0694', '2026-05-16', '14:30', 'Vaccination appointment', 'GP practice', 'treatment follow-up', 0);
INSERT INTO patient_appointments (patient_id, appointment_date, appointment_time, type, location, reason, verified_up_to_date) VALUES ('pt-0694', '2026-11-13', '08:10', 'GP review', 'GP practice', 'treatment follow-up', 1);
INSERT INTO patient_appointments (patient_id, appointment_date, appointment_time, type, location, reason, verified_up_to_date) VALUES ('pt-0694', '2026-12-05', '13:00', 'Vaccination appointment', 'GP practice', 'routine review', 1);
INSERT INTO patient_appointments (patient_id, appointment_date, appointment_time, type, location, reason, verified_up_to_date) VALUES ('pt-0694', '2026-12-31', '09:30', 'Ophthalmology', 'Community clinic', 'results discussion', 1);

INSERT INTO patients (id, name, age, gender, address_line1, city, county, postcode, country, telephone, email, gp_name, gp_practice, gp_address, national_insurance_number, passport_number, cache_status, last_synced_at, meta_region) VALUES ('pt-0695', 'Noah Simpson', 71, 'Male', '173 Newton Street', 'Manchester', 'Greater Manchester', 'M1 1AE', 'UK', '+44 7967 435419', 'noah207@icloud.com', 'Dr Michael Smith', 'Brownlow Group Practice', '150 Mt Pleasant, Liverpool L69 3GD, United Kingdom', 'VI083395A', '441576419', 'cached_stale', '2026-02-22T00:00:00Z', 'Manchester');
INSERT INTO patient_prescriptions (patient_id, drug, indication, dose, frequency, start_date, prescriber) VALUES ('pt-0695', 'Beclometasone dipropionate', 'Asthma/COPD', '2.5 mg', 'once daily', '2023-06-06', 'Dr Michael Foster');
INSERT INTO patient_appointments (patient_id, appointment_date, appointment_time, type, location, reason, verified_up_to_date) VALUES ('pt-0695', '2025-06-09', '09:10', 'Medication review', 'GP practice', 'symptom check', 1);
INSERT INTO patient_appointments (patient_id, appointment_date, appointment_time, type, location, reason, verified_up_to_date) VALUES ('pt-0695', '2025-08-01', '13:00', 'GP review', 'Home visit', 'annual monitoring', 1);
INSERT INTO patient_vaccine_records (patient_id, vaccine, vaccine_date, product) VALUES ('pt-0695', 'COVID-19', '2020-05-15', 'Nuvaxovid');

INSERT INTO patients (id, name, age, gender, address_line1, city, county, postcode, country, telephone, email, gp_name, gp_practice, gp_address, national_insurance_number, passport_number, cache_status, last_synced_at, meta_region) VALUES ('pt-0696', 'Adam Price', 50, 'Male', '220 Donegall Square North', 'Belfast', 'County Antrim', 'BT1 5JA', 'UK', '+44 7380 863923', 'adamprice@outlook.com', 'Dr Niamh Stewart', 'Brownlow Group Practice', '150 Mt Pleasant, Liverpool L69 3GD, United Kingdom', 'TP480231C', '316659689', 'cached_recent', '2026-02-23T00:00:00Z', 'Belfast');
INSERT INTO patient_vaccine_records (patient_id, vaccine, vaccine_date, product) VALUES ('pt-0696', 'Td/Tdap (tetanus, diphtheria, pertussis)', '2018-09-25', NULL);

INSERT INTO patients (id, name, age, gender, address_line1, city, county, postcode, country, telephone, email, gp_name, gp_practice, gp_address, national_insurance_number, passport_number, cache_status, last_synced_at, meta_region) VALUES ('pt-0697', 'Phoebe Simpson', 88, 'Female', 'Apt 54, 83 Edward''s Walk', 'Newcastle upon Tyne', 'Tyne and Wear', 'NE1 4LP', 'UK', '+44 7626 909681', 'phoebesimpson@gmail.com', 'Dr Grace Smith', 'Brownlow Group Practice', '150 Mt Pleasant, Liverpool L69 3GD, United Kingdom', 'XH619625C', '655359603', 'cached_stale', '2026-02-25T00:00:00Z', 'Newcastle upon Tyne');
INSERT INTO patient_conditions (patient_id, condition_name, status, since_date) VALUES ('pt-0697', 'Gastro-oesophageal reflux disease (GORD)', 'history', '2017-04-29');
INSERT INTO patient_conditions (patient_id, condition_name, status, since_date) VALUES ('pt-0697', 'Osteoporosis', 'active', '2021-12-18');
INSERT INTO patient_conditions (patient_id, condition_name, status, since_date) VALUES ('pt-0697', 'COPD', 'controlled', '2026-01-06');
INSERT INTO patient_prescriptions (patient_id, drug, indication, dose, frequency, start_date, prescriber) VALUES ('pt-0697', 'Budesonide', 'Respiratory/Inflammation', '0.5 mg', 'at night', '2023-08-04', 'Dr Kieran Taylor');
INSERT INTO patient_prescriptions (patient_id, drug, indication, dose, frequency, start_date, prescriber) VALUES ('pt-0697', 'Tiotropium', 'COPD', '5 mg', 'with meals', '2025-08-26', 'Dr Maya Campbell');
INSERT INTO patient_appointments (patient_id, appointment_date, appointment_time, type, location, reason, verified_up_to_date) VALUES ('pt-0697', '2025-07-13', '16:15', 'Vaccination appointment', 'Hospital outpatient department', 'treatment follow-up', 1);
INSERT INTO patient_appointments (patient_id, appointment_date, appointment_time, type, location, reason, verified_up_to_date) VALUES ('pt-0697', '2025-08-20', '17:20', 'Blood test', 'Home visit', 'vaccination', 1);
INSERT INTO patient_appointments (patient_id, appointment_date, appointment_time, type, location, reason, verified_up_to_date) VALUES ('pt-0697', '2025-10-22', '08:15', 'Respiratory review', 'Telehealth', 'treatment follow-up', 1);
INSERT INTO patient_appointments (patient_id, appointment_date, appointment_time, type, location, reason, verified_up_to_date) VALUES ('pt-0697', '2026-08-27', '12:20', 'Respiratory review', 'Hospital outpatient department', 'results discussion', 1);
INSERT INTO patient_appointments (patient_id, appointment_date, appointment_time, type, location, reason, verified_up_to_date) VALUES ('pt-0697', '2026-12-22', '13:50', 'Ophthalmology', 'Telehealth', 'treatment follow-up', 1);

INSERT INTO patients (id, name, age, gender, address_line1, city, county, postcode, country, telephone, email, gp_name, gp_practice, gp_address, national_insurance_number, passport_number, cache_status, last_synced_at, meta_region) VALUES ('pt-0698', 'Charlie Knight', 38, 'Male', '102 Wharton Street', 'Cardiff', 'South Glamorgan', 'CF10 1GB', 'UK', '+44 7625 751702', 'charlieknight@icloud.com', 'Dr Hannah Jones', 'Brownlow Group Practice', '150 Mt Pleasant, Liverpool L69 3GD, United Kingdom', 'TQ522985D', '712492019', 'cached_recent', '2026-02-13T00:00:00Z', 'Cardiff');
INSERT INTO patient_prescriptions (patient_id, drug, indication, dose, frequency, start_date, prescriber) VALUES ('pt-0698', 'Amlodipine', 'Hypertension/Angina', '0.5 mg', 'with meals', '2023-08-13', 'Dr Kieran O''Neill');
INSERT INTO patient_appointments (patient_id, appointment_date, appointment_time, type, location, reason, verified_up_to_date) VALUES ('pt-0698', '2025-04-01', '15:00', 'Ophthalmology', 'Hospital outpatient department', 'vaccination', 1);
INSERT INTO patient_appointments (patient_id, appointment_date, appointment_time, type, location, reason, verified_up_to_date) VALUES ('pt-0698', '2025-07-15', '14:20', 'Diabetes clinic', 'Home visit', 'results discussion', 1);
INSERT INTO patient_appointments (patient_id, appointment_date, appointment_time, type, location, reason, verified_up_to_date) VALUES ('pt-0698', '2026-01-02', '17:20', 'Medication review', 'Home visit', 'routine review', 0);
INSERT INTO patient_vaccine_records (patient_id, vaccine, vaccine_date, product) VALUES ('pt-0698', 'COVID-19', '2023-06-27', 'Nuvaxovid');
INSERT INTO patient_vaccine_records (patient_id, vaccine, vaccine_date, product) VALUES ('pt-0698', 'COVID-19 booster', '2025-07-20', 'Spikevax');

INSERT INTO patients (id, name, age, gender, address_line1, city, county, postcode, country, telephone, email, gp_name, gp_practice, gp_address, national_insurance_number, passport_number, cache_status, last_synced_at, meta_region) VALUES ('pt-0699', 'Grace Morris', 94, 'Female', '102 Briggate', 'Leeds', 'West Yorkshire', 'LS1 1UR', 'UK', '+44 7275 622937', 'gmorris@hotmail.co.uk', 'Dr Kieran Foster', 'Brownlow Group Practice', '150 Mt Pleasant, Liverpool L69 3GD, United Kingdom', 'QV959705D', '060560247', 'cached_recent', '2026-02-21T00:00:00Z', 'Leeds');
INSERT INTO patient_conditions (patient_id, condition_name, status, since_date) VALUES ('pt-0699', 'COPD', 'monitoring', '2013-07-12');
INSERT INTO patient_conditions (patient_id, condition_name, status, since_date) VALUES ('pt-0699', 'Chronic back pain', 'monitoring', '2014-11-26');
INSERT INTO patient_conditions (patient_id, condition_name, status, since_date) VALUES ('pt-0699', 'Depression', 'monitoring', '2021-03-11');
INSERT INTO patient_conditions (patient_id, condition_name, status, since_date) VALUES ('pt-0699', 'Heart failure', 'active', '2023-05-15');
INSERT INTO patient_conditions (patient_id, condition_name, status, since_date) VALUES ('pt-0699', 'Overactive bladder', 'active', '2022-04-06');
INSERT INTO patient_conditions (patient_id, condition_name, status, since_date) VALUES ('pt-0699', 'Hypertension', 'active', '2019-04-13');
INSERT INTO patient_prescriptions (patient_id, drug, indication, dose, frequency, start_date, prescriber) VALUES ('pt-0699', 'Lansoprazole', 'Reflux/Ulcer prevention', '10 mg', 'at night', '2025-09-03', 'Dr Chloe Ahmed');
INSERT INTO patient_appointments (patient_id, appointment_date, appointment_time, type, location, reason, verified_up_to_date) VALUES ('pt-0699', '2024-05-14', '12:50', 'Physiotherapy', 'Home visit', 'routine review', 0);
INSERT INTO patient_vaccine_records (patient_id, vaccine, vaccine_date, product) VALUES ('pt-0699', 'Influenza (seasonal)', '2023-04-26', NULL);
INSERT INTO patient_vaccine_records (patient_id, vaccine, vaccine_date, product) VALUES ('pt-0699', 'Pneumococcal', '2019-10-30', NULL);
INSERT INTO patient_vaccine_records (patient_id, vaccine, vaccine_date, product) VALUES ('pt-0699', 'Shingles (Shingrix)', '2023-06-27', 'Shingrix');
INSERT INTO patient_vaccine_records (patient_id, vaccine, vaccine_date, product) VALUES ('pt-0699', 'RSV', '2018-05-06', 'Arexvy');
INSERT INTO patient_vaccine_records (patient_id, vaccine, vaccine_date, product) VALUES ('pt-0699', 'Td/Tdap (tetanus, diphtheria, pertussis)', '2024-01-11', NULL);
INSERT INTO patient_vaccine_records (patient_id, vaccine, vaccine_date, product) VALUES ('pt-0699', 'MMR', '2018-08-06', NULL);

INSERT INTO patients (id, name, age, gender, address_line1, city, county, postcode, country, telephone, email, gp_name, gp_practice, gp_address, national_insurance_number, passport_number, cache_status, last_synced_at, meta_region) VALUES ('pt-0700', 'Sara Howard', 94, 'Female', 'Unit 18, 210 Paradise Street', 'Liverpool', 'Merseyside', 'L1 8BN', 'UK', '+44 7918 220630', 'sara.howard91@icloud.com', 'Dr Owen Evans', 'Brownlow Group Practice', '150 Mt Pleasant, Liverpool L69 3GD, United Kingdom', 'VI330903D', '188775347', 'cached_recent', '2026-03-01T00:00:00Z', 'Liverpool');
INSERT INTO patient_conditions (patient_id, condition_name, status, since_date) VALUES ('pt-0700', 'Gastro-oesophageal reflux disease (GORD)', 'history', '2015-05-20');
INSERT INTO patient_prescriptions (patient_id, drug, indication, dose, frequency, start_date, prescriber) VALUES ('pt-0700', 'Co-codamol', 'Pain', '100 mg', 'twice daily', '2023-09-02', 'Dr Maya Patel');
INSERT INTO patient_appointments (patient_id, appointment_date, appointment_time, type, location, reason, verified_up_to_date) VALUES ('pt-0700', '2024-04-30', '16:50', 'Diabetes clinic', 'GP practice', 'results discussion', 1);
INSERT INTO patient_vaccine_records (patient_id, vaccine, vaccine_date, product) VALUES ('pt-0700', 'Influenza (seasonal)', '2022-05-18', NULL);
INSERT INTO patient_vaccine_records (patient_id, vaccine, vaccine_date, product) VALUES ('pt-0700', 'Pneumococcal', '2022-08-15', NULL);

INSERT INTO patients (id, name, age, gender, address_line1, city, county, postcode, country, telephone, email, gp_name, gp_practice, gp_address, national_insurance_number, passport_number, cache_status, last_synced_at, meta_region) VALUES ('pt-0701', 'Aaron Campbell', 45, 'Male', '192 West George Street', 'Glasgow', 'Glasgow City', 'G2 2PG', 'UK', '+44 7911 888857', 'aaroncampbell@outlook.com', 'Dr Richard Patel', 'Brownlow Group Practice', '150 Mt Pleasant, Liverpool L69 3GD, United Kingdom', 'HB641684C', '956919149', 'cached_stale', '2026-02-02T00:00:00Z', 'Glasgow');
INSERT INTO patient_conditions (patient_id, condition_name, status, since_date) VALUES ('pt-0701', 'Epilepsy', 'controlled', '2019-01-08');
INSERT INTO patient_prescriptions (patient_id, drug, indication, dose, frequency, start_date, prescriber) VALUES ('pt-0701', 'Omeprazole', 'Reflux/Ulcer prevention', '10 mg', 'at night', '2026-02-25', 'Dr Richard Patel');
INSERT INTO patient_appointments (patient_id, appointment_date, appointment_time, type, location, reason, verified_up_to_date) VALUES ('pt-0701', '2023-03-07', '10:45', 'Physiotherapy', 'Hospital outpatient department', 'results discussion', 0);
INSERT INTO patient_appointments (patient_id, appointment_date, appointment_time, type, location, reason, verified_up_to_date) VALUES ('pt-0701', '2023-08-10', '17:45', 'Vaccination appointment', 'Home visit', 'vaccination', 0);
INSERT INTO patient_appointments (patient_id, appointment_date, appointment_time, type, location, reason, verified_up_to_date) VALUES ('pt-0701', '2023-09-09', '13:00', 'Respiratory review', 'Community clinic', 'annual monitoring', 1);
INSERT INTO patient_appointments (patient_id, appointment_date, appointment_time, type, location, reason, verified_up_to_date) VALUES ('pt-0701', '2025-10-05', '13:45', 'Vaccination appointment', 'Hospital outpatient department', 'vaccination', 0);
INSERT INTO patient_appointments (patient_id, appointment_date, appointment_time, type, location, reason, verified_up_to_date) VALUES ('pt-0701', '2026-10-17', '09:30', 'Respiratory review', 'Hospital outpatient department', 'results discussion', 0);

INSERT INTO patients (id, name, age, gender, address_line1, city, county, postcode, country, telephone, email, gp_name, gp_practice, gp_address, national_insurance_number, passport_number, cache_status, last_synced_at, meta_region) VALUES ('pt-0702', 'Gareth Evans', 95, 'Male', '126 Great Charles Street', 'Birmingham', 'West Midlands', 'B1 1BB', 'UK', '+44 7133 695291', 'gareth962@gmail.com', 'Dr Tom Clarke', 'Brownlow Group Practice', '150 Mt Pleasant, Liverpool L69 3GD, United Kingdom', 'RO284316D', '888411055', 'cached_stale', '2026-02-18T00:00:00Z', 'Birmingham');
INSERT INTO patient_conditions (patient_id, condition_name, status, since_date) VALUES ('pt-0702', 'Osteoporosis', 'active', '2018-05-27');
INSERT INTO patient_prescriptions (patient_id, drug, indication, dose, frequency, start_date, prescriber) VALUES ('pt-0702', 'Allopurinol', 'Gout', '2.5 mg', 'once daily', '2025-12-04', 'Dr Maya Brown');
INSERT INTO patient_appointments (patient_id, appointment_date, appointment_time, type, location, reason, verified_up_to_date) VALUES ('pt-0702', '2024-01-04', '17:20', 'GP review', 'Telehealth', 'vaccination', 0);
INSERT INTO patient_appointments (patient_id, appointment_date, appointment_time, type, location, reason, verified_up_to_date) VALUES ('pt-0702', '2025-04-28', '11:45', 'Medication review', 'GP practice', 'annual monitoring', 1);
INSERT INTO patient_appointments (patient_id, appointment_date, appointment_time, type, location, reason, verified_up_to_date) VALUES ('pt-0702', '2025-04-30', '15:10', 'GP review', 'Home visit', 'results discussion', 1);
INSERT INTO patient_vaccine_records (patient_id, vaccine, vaccine_date, product) VALUES ('pt-0702', 'COVID-19', '2017-11-08', 'Comirnaty');
INSERT INTO patient_vaccine_records (patient_id, vaccine, vaccine_date, product) VALUES ('pt-0702', 'Pneumococcal', '2021-12-06', NULL);

INSERT INTO patients (id, name, age, gender, address_line1, city, county, postcode, country, telephone, email, gp_name, gp_practice, gp_address, national_insurance_number, passport_number, cache_status, last_synced_at, meta_region) VALUES ('pt-0703', 'Charlie Harrison', 79, 'Male', '63 Princes Street', 'Edinburgh', 'City of Edinburgh', 'EH2 2PB', 'UK', '+44 7883 867425', 'charrison@gmail.com', 'Dr Ibrahim Reid', 'Brownlow Group Practice', '150 Mt Pleasant, Liverpool L69 3GD, United Kingdom', 'RF950318B', '315439815', 'verified_online', '2026-02-20T00:00:00Z', 'Edinburgh');
INSERT INTO patient_conditions (patient_id, condition_name, status, since_date) VALUES ('pt-0703', 'Heart failure', 'controlled', '2021-03-16');
INSERT INTO patient_conditions (patient_id, condition_name, status, since_date) VALUES ('pt-0703', 'Obesity', 'active', '2022-06-12');
INSERT INTO patient_prescriptions (patient_id, drug, indication, dose, frequency, start_date, prescriber) VALUES ('pt-0703', 'Empagliflozin', 'Type 2 diabetes/Heart failure', '2 puffs', 'once weekly', '2023-07-15', 'Dr Kieran O''Neill');
INSERT INTO patient_prescriptions (patient_id, drug, indication, dose, frequency, start_date, prescriber) VALUES ('pt-0703', 'Finasteride', 'BPH', '50 mg', 'once weekly', '2025-01-14', 'Dr Matthew Smith');
INSERT INTO patient_vaccine_records (patient_id, vaccine, vaccine_date, product) VALUES ('pt-0703', 'Influenza (seasonal)', '2023-01-03', NULL);

INSERT INTO patients (id, name, age, gender, address_line1, city, county, postcode, country, telephone, email, gp_name, gp_practice, gp_address, national_insurance_number, passport_number, cache_status, last_synced_at, meta_region) VALUES ('pt-0704', 'Eliza Jackson', 90, 'Female', 'Unit 37, 159 The Mall', 'London', 'Greater London', 'SW1A 1JR', 'UK', '+44 7737 818991', 'eliza.jackson56@gmail.com', 'Dr Kieran Smith', 'Brownlow Group Practice', '150 Mt Pleasant, Liverpool L69 3GD, United Kingdom', 'AT524846D', '728164868', 'verified_online', '2026-02-28T00:00:00Z', 'London');
INSERT INTO patient_prescriptions (patient_id, drug, indication, dose, frequency, start_date, prescriber) VALUES ('pt-0704', 'Citalopram', 'Depression/Anxiety', '500 mg', 'with meals', '2023-08-27', 'Dr Ibrahim Khan');
INSERT INTO patient_appointments (patient_id, appointment_date, appointment_time, type, location, reason, verified_up_to_date) VALUES ('pt-0704', '2025-11-27', '08:40', 'Mental health check-in', 'GP practice', 'annual monitoring', 1);
INSERT INTO patient_appointments (patient_id, appointment_date, appointment_time, type, location, reason, verified_up_to_date) VALUES ('pt-0704', '2026-03-12', '09:10', 'Cardiology follow-up', 'Home visit', 'treatment follow-up', 1);
INSERT INTO patient_appointments (patient_id, appointment_date, appointment_time, type, location, reason, verified_up_to_date) VALUES ('pt-0704', '2026-05-28', '17:00', 'Respiratory review', 'Home visit', 'vaccination', 1);
INSERT INTO patient_vaccine_records (patient_id, vaccine, vaccine_date, product) VALUES ('pt-0704', 'COVID-19', '2025-06-13', 'Spikevax');
INSERT INTO patient_vaccine_records (patient_id, vaccine, vaccine_date, product) VALUES ('pt-0704', 'Influenza (seasonal)', '2025-07-07', NULL);
INSERT INTO patient_vaccine_records (patient_id, vaccine, vaccine_date, product) VALUES ('pt-0704', 'Pneumococcal', '2025-10-28', NULL);
INSERT INTO patient_vaccine_records (patient_id, vaccine, vaccine_date, product) VALUES ('pt-0704', 'Shingles (Shingrix)', '2023-05-05', 'Shingrix');
INSERT INTO patient_vaccine_records (patient_id, vaccine, vaccine_date, product) VALUES ('pt-0704', 'MMR', '2021-07-11', NULL);

INSERT INTO patients (id, name, age, gender, address_line1, city, county, postcode, country, telephone, email, gp_name, gp_practice, gp_address, national_insurance_number, passport_number, cache_status, last_synced_at, meta_region) VALUES ('pt-0705', 'Jacob Smith', 60, 'Male', 'Apt 41, 197 Park Row', 'Leeds', 'West Yorkshire', 'LS1 1UR', 'UK', '+44 7545 286723', 'jsmith@hotmail.co.uk', 'Dr Priya Jones', 'Brownlow Group Practice', '150 Mt Pleasant, Liverpool L69 3GD, United Kingdom', 'UO439715C', '692851202', 'verified_online', '2026-02-13T00:00:00Z', 'Leeds');
INSERT INTO patient_appointments (patient_id, appointment_date, appointment_time, type, location, reason, verified_up_to_date) VALUES ('pt-0705', '2024-01-13', '12:00', 'Respiratory review', 'Telehealth', 'vaccination', 0);
INSERT INTO patient_appointments (patient_id, appointment_date, appointment_time, type, location, reason, verified_up_to_date) VALUES ('pt-0705', '2027-02-02', '17:40', 'Medication review', 'Community clinic', 'annual monitoring', 1);

INSERT INTO patients (id, name, age, gender, address_line1, city, county, postcode, country, telephone, email, gp_name, gp_practice, gp_address, national_insurance_number, passport_number, cache_status, last_synced_at, meta_region) VALUES ('pt-0706', 'Florence Williams', 4, 'Female', 'Flat 40, 154 Briggate', 'Leeds', 'West Yorkshire', 'LS1 1UR', 'UK', '+44 7479 207645', 'florence.williams80@hotmail.co.uk', 'Dr Fatima Morgan', 'Brownlow Group Practice', '150 Mt Pleasant, Liverpool L69 3GD, United Kingdom', 'LZ260485B', '972447093', 'verified_online', '2026-02-05T00:00:00Z', 'Leeds');
INSERT INTO patient_conditions (patient_id, condition_name, status, since_date) VALUES ('pt-0706', 'Hypercholesterolaemia', 'controlled', '2014-06-07');
INSERT INTO patient_conditions (patient_id, condition_name, status, since_date) VALUES ('pt-0706', 'Generalised anxiety disorder', 'history', '2021-10-19');
INSERT INTO patient_prescriptions (patient_id, drug, indication, dose, frequency, start_date, prescriber) VALUES ('pt-0706', 'Donepezil', 'Dementia', '200 mg', 'with meals', '2024-02-20', 'Dr David Clarke');
INSERT INTO patient_prescriptions (patient_id, drug, indication, dose, frequency, start_date, prescriber) VALUES ('pt-0706', 'Simvastatin', 'High cholesterol', '2.5 mg', 'at night', '2025-03-12', 'Dr Michael Foster');
INSERT INTO patient_appointments (patient_id, appointment_date, appointment_time, type, location, reason, verified_up_to_date) VALUES ('pt-0706', '2026-09-06', '10:10', 'Cardiology follow-up', 'Telehealth', 'vaccination', 1);
INSERT INTO patient_vaccine_records (patient_id, vaccine, vaccine_date, product) VALUES ('pt-0706', 'MMR', '2024-09-05', NULL);

INSERT INTO patients (id, name, age, gender, address_line1, city, county, postcode, country, telephone, email, gp_name, gp_practice, gp_address, national_insurance_number, passport_number, cache_status, last_synced_at, meta_region) VALUES ('pt-0707', 'Mia Price', 40, 'Female', 'Flat 16, 107 Marmora Road', 'Cambridge', 'Cambridgeshire', 'CB1 3EY', 'UK', '+44 7433 908763', 'mia.price93@gmail.com', 'Dr Priya Hughes', 'Brownlow Group Practice', '150 Mt Pleasant, Liverpool L69 3GD, United Kingdom', 'JZ543711B', '658311489', 'verified_online', '2026-02-13T00:00:00Z', 'Cambridge');
INSERT INTO patient_conditions (patient_id, condition_name, status, since_date) VALUES ('pt-0707', 'Hypothyroidism', 'active', '2015-10-08');
INSERT INTO patient_vaccine_records (patient_id, vaccine, vaccine_date, product) VALUES ('pt-0707', 'Td/Tdap (tetanus, diphtheria, pertussis)', '2025-10-19', NULL);

INSERT INTO patients (id, name, age, gender, address_line1, city, county, postcode, country, telephone, email, gp_name, gp_practice, gp_address, national_insurance_number, passport_number, cache_status, last_synced_at, meta_region) VALUES ('pt-0708', 'Reuben Murray', 83, 'Male', 'Flat 37, 198 Hilton Street', 'Manchester', 'Greater Manchester', 'M1 1AL', 'UK', '+44 7554 599960', 'reuben957@icloud.com', 'Dr Rachel Graham', 'Brownlow Group Practice', '150 Mt Pleasant, Liverpool L69 3GD, United Kingdom', 'GX511237A', '253800076', 'cached_stale', '2026-02-07T00:00:00Z', 'Manchester');
INSERT INTO patient_appointments (patient_id, appointment_date, appointment_time, type, location, reason, verified_up_to_date) VALUES ('pt-0708', '2024-01-21', '13:50', 'Cardiology follow-up', 'Home visit', 'routine review', 1);
INSERT INTO patient_appointments (patient_id, appointment_date, appointment_time, type, location, reason, verified_up_to_date) VALUES ('pt-0708', '2025-10-02', '13:00', 'Blood test', 'GP practice', 'annual monitoring', 1);
INSERT INTO patient_appointments (patient_id, appointment_date, appointment_time, type, location, reason, verified_up_to_date) VALUES ('pt-0708', '2026-09-06', '10:15', 'Vaccination appointment', 'Community clinic', 'symptom check', 1);

INSERT INTO patients (id, name, age, gender, address_line1, city, county, postcode, country, telephone, email, gp_name, gp_practice, gp_address, national_insurance_number, passport_number, cache_status, last_synced_at, meta_region) VALUES ('pt-0709', 'Nathan Robinson', 87, 'Male', '202 West George Street', 'Glasgow', 'Glasgow City', 'G2 2EN', 'UK', '+44 7542 698004', 'nathanrobinson@hotmail.co.uk', 'Dr Lucy Foster', 'Brownlow Group Practice', '150 Mt Pleasant, Liverpool L69 3GD, United Kingdom', 'KC038732D', '706547107', 'cached_recent', '2026-02-18T00:00:00Z', 'Glasgow');
INSERT INTO patient_appointments (patient_id, appointment_date, appointment_time, type, location, reason, verified_up_to_date) VALUES ('pt-0709', '2025-01-13', '09:15', 'Physiotherapy', 'Home visit', 'symptom check', 1);
INSERT INTO patient_appointments (patient_id, appointment_date, appointment_time, type, location, reason, verified_up_to_date) VALUES ('pt-0709', '2026-02-05', '15:40', 'Cardiology follow-up', 'Home visit', 'results discussion', 1);
INSERT INTO patient_appointments (patient_id, appointment_date, appointment_time, type, location, reason, verified_up_to_date) VALUES ('pt-0709', '2026-09-09', '11:30', 'Vaccination appointment', 'Hospital outpatient department', 'vaccination', 1);
INSERT INTO patient_vaccine_records (patient_id, vaccine, vaccine_date, product) VALUES ('pt-0709', 'Influenza (seasonal)', '2024-04-03', NULL);

INSERT INTO patients (id, name, age, gender, address_line1, city, county, postcode, country, telephone, email, gp_name, gp_practice, gp_address, national_insurance_number, passport_number, cache_status, last_synced_at, meta_region) VALUES ('pt-0710', 'Zara Walker', 72, 'Female', '88 Waverley Bridge', 'Edinburgh', 'City of Edinburgh', 'EH2 2AF', 'UK', '+44 7696 807906', 'zara.walker1@icloud.com', 'Dr George Hughes', 'Brownlow Group Practice', '150 Mt Pleasant, Liverpool L69 3GD, United Kingdom', 'YA550801A', '098528834', 'verified_online', '2026-02-18T00:00:00Z', 'Edinburgh');
INSERT INTO patient_conditions (patient_id, condition_name, status, since_date) VALUES ('pt-0710', 'Hypertension', 'monitoring', '2025-10-15');
INSERT INTO patient_vaccine_records (patient_id, vaccine, vaccine_date, product) VALUES ('pt-0710', 'Influenza (seasonal)', '2017-04-17', NULL);
INSERT INTO patient_vaccine_records (patient_id, vaccine, vaccine_date, product) VALUES ('pt-0710', 'Pneumococcal', '2024-07-11', NULL);
INSERT INTO patient_vaccine_records (patient_id, vaccine, vaccine_date, product) VALUES ('pt-0710', 'Shingles (Shingrix)', '2018-06-20', 'Shingrix');
INSERT INTO patient_vaccine_records (patient_id, vaccine, vaccine_date, product) VALUES ('pt-0710', 'MMR', '2024-12-03', NULL);

INSERT INTO patients (id, name, age, gender, address_line1, city, county, postcode, country, telephone, email, gp_name, gp_practice, gp_address, national_insurance_number, passport_number, cache_status, last_synced_at, meta_region) VALUES ('pt-0711', 'Louis Russell', 43, 'Male', '156 Claremont Road', 'Newcastle upon Tyne', 'Tyne and Wear', 'NE1 4LP', 'UK', '+44 7599 445453', 'louis991@hotmail.co.uk', 'Dr Aisha Foster', 'Brownlow Group Practice', '150 Mt Pleasant, Liverpool L69 3GD, United Kingdom', 'FD582299A', '597150134', 'cached_recent', '2026-02-07T00:00:00Z', 'Newcastle upon Tyne');
INSERT INTO patient_conditions (patient_id, condition_name, status, since_date) VALUES ('pt-0711', 'Gastro-oesophageal reflux disease (GORD)', 'active', '2015-08-19');
INSERT INTO patient_prescriptions (patient_id, drug, indication, dose, frequency, start_date, prescriber) VALUES ('pt-0711', 'Pregabalin', 'Neuropathic pain/Anxiety', '500 mg', 'once weekly', '2024-05-13', 'Dr Maya Campbell');
INSERT INTO patient_vaccine_records (patient_id, vaccine, vaccine_date, product) VALUES ('pt-0711', 'Td/Tdap (tetanus, diphtheria, pertussis)', '2025-04-08', NULL);

INSERT INTO patients (id, name, age, gender, address_line1, city, county, postcode, country, telephone, email, gp_name, gp_practice, gp_address, national_insurance_number, passport_number, cache_status, last_synced_at, meta_region) VALUES ('pt-0712', 'Lewis Moore', 23, 'Male', 'Unit 11, 72 South John Street', 'Liverpool', 'Merseyside', 'L1 8BN', 'UK', '+44 7490 460783', 'lewismoore@icloud.com', 'Dr Holly Roberts', 'Brownlow Group Practice', '150 Mt Pleasant, Liverpool L69 3GD, United Kingdom', 'CR931337A', '010398124', 'cached_recent', '2026-02-04T00:00:00Z', 'Liverpool');
INSERT INTO patient_conditions (patient_id, condition_name, status, since_date) VALUES ('pt-0712', 'Glaucoma', 'history', '2011-05-07');
INSERT INTO patient_prescriptions (patient_id, drug, indication, dose, frequency, start_date, prescriber) VALUES ('pt-0712', 'Bisoprolol', 'Hypertension/Heart failure/Arrhythmia', '500 mg', 'with meals', '2023-10-23', 'Dr Aisha Evans');
INSERT INTO patient_prescriptions (patient_id, drug, indication, dose, frequency, start_date, prescriber) VALUES ('pt-0712', 'Metformin', 'Type 2 diabetes', '1 puff', 'once daily', '2024-11-25', 'Dr Grace Khan');
INSERT INTO patient_vaccine_records (patient_id, vaccine, vaccine_date, product) VALUES ('pt-0712', 'Td/Tdap (tetanus, diphtheria, pertussis)', '2016-08-27', NULL);

INSERT INTO patients (id, name, age, gender, address_line1, city, county, postcode, country, telephone, email, gp_name, gp_practice, gp_address, national_insurance_number, passport_number, cache_status, last_synced_at, meta_region) VALUES ('pt-0713', 'Maria Jackson', 35, 'Female', '12 Broad Street', 'Birmingham', 'West Midlands', 'B1 1BB', 'UK', '+44 7446 205376', 'mariajackson@gmail.com', 'Dr Tom Clarke', 'Brownlow Group Practice', '150 Mt Pleasant, Liverpool L69 3GD, United Kingdom', 'SM464655B', '059174113', 'cached_recent', '2026-02-02T00:00:00Z', 'Birmingham');
INSERT INTO patient_conditions (patient_id, condition_name, status, since_date) VALUES ('pt-0713', 'Epilepsy', 'active', '2015-02-21');
INSERT INTO patient_prescriptions (patient_id, drug, indication, dose, frequency, start_date, prescriber) VALUES ('pt-0713', 'Insulin aspart', 'Diabetes', '1 injection', 'with meals', '2024-12-02', 'Dr Robert Hughes');
INSERT INTO patient_appointments (patient_id, appointment_date, appointment_time, type, location, reason, verified_up_to_date) VALUES ('pt-0713', '2025-09-29', '13:20', 'Cardiology follow-up', 'Community clinic', 'annual monitoring', 1);
INSERT INTO patient_appointments (patient_id, appointment_date, appointment_time, type, location, reason, verified_up_to_date) VALUES ('pt-0713', '2026-04-19', '10:45', 'Diabetes clinic', 'Hospital outpatient department', 'routine review', 1);
INSERT INTO patient_appointments (patient_id, appointment_date, appointment_time, type, location, reason, verified_up_to_date) VALUES ('pt-0713', '2026-07-19', '10:00', 'Respiratory review', 'Hospital outpatient department', 'routine review', 1);
INSERT INTO patient_appointments (patient_id, appointment_date, appointment_time, type, location, reason, verified_up_to_date) VALUES ('pt-0713', '2026-11-24', '14:10', 'Cardiology follow-up', 'Home visit', 'routine review', 0);

INSERT INTO patients (id, name, age, gender, address_line1, city, county, postcode, country, telephone, email, gp_name, gp_practice, gp_address, national_insurance_number, passport_number, cache_status, last_synced_at, meta_region) VALUES ('pt-0714', 'Sophia Cooper', 58, 'Female', 'Apt 27, 31 Donegall Square South', 'Belfast', 'County Antrim', 'BT1 5JA', 'UK', '+44 7660 733338', 'sophia.cooper@gmail.com', 'Dr Aisha O''Neill', 'Brownlow Group Practice', '150 Mt Pleasant, Liverpool L69 3GD, United Kingdom', 'PY366015A', '490095985', 'cached_recent', '2026-02-22T00:00:00Z', 'Belfast');
INSERT INTO patient_conditions (patient_id, condition_name, status, since_date) VALUES ('pt-0714', 'History of stroke/TIA', 'history', '2016-03-26');
INSERT INTO patient_appointments (patient_id, appointment_date, appointment_time, type, location, reason, verified_up_to_date) VALUES ('pt-0714', '2023-04-30', '16:30', 'Blood test', 'Home visit', 'symptom check', 0);
INSERT INTO patient_appointments (patient_id, appointment_date, appointment_time, type, location, reason, verified_up_to_date) VALUES ('pt-0714', '2025-03-12', '16:30', 'Vaccination appointment', 'Hospital outpatient department', 'vaccination', 1);
INSERT INTO patient_appointments (patient_id, appointment_date, appointment_time, type, location, reason, verified_up_to_date) VALUES ('pt-0714', '2025-04-17', '09:30', 'Vaccination appointment', 'Telehealth', 'symptom check', 1);
INSERT INTO patient_appointments (patient_id, appointment_date, appointment_time, type, location, reason, verified_up_to_date) VALUES ('pt-0714', '2025-09-25', '11:10', 'Ophthalmology', 'Hospital outpatient department', 'treatment follow-up', 1);
INSERT INTO patient_appointments (patient_id, appointment_date, appointment_time, type, location, reason, verified_up_to_date) VALUES ('pt-0714', '2026-03-10', '08:00', 'Cardiology follow-up', 'Telehealth', 'annual monitoring', 1);
INSERT INTO patient_vaccine_records (patient_id, vaccine, vaccine_date, product) VALUES ('pt-0714', 'Td/Tdap (tetanus, diphtheria, pertussis)', '2024-07-05', NULL);

INSERT INTO patients (id, name, age, gender, address_line1, city, county, postcode, country, telephone, email, gp_name, gp_practice, gp_address, national_insurance_number, passport_number, cache_status, last_synced_at, meta_region) VALUES ('pt-0715', 'Olivia James', 57, 'Female', 'Flat 47, 14 George Street', 'Edinburgh', 'City of Edinburgh', 'EH2 2SB', 'UK', '+44 7398 923336', 'olivia156@gmail.com', 'Dr Helen Brown', 'Brownlow Group Practice', '150 Mt Pleasant, Liverpool L69 3GD, United Kingdom', 'VS981054D', '317220087', 'verified_online', '2026-02-15T00:00:00Z', 'Edinburgh');
INSERT INTO patient_conditions (patient_id, condition_name, status, since_date) VALUES ('pt-0715', 'Epilepsy', 'active', '2025-04-01');
INSERT INTO patient_conditions (patient_id, condition_name, status, since_date) VALUES ('pt-0715', 'Benign prostatic hyperplasia (BPH)', 'active', '2015-08-01');
INSERT INTO patient_appointments (patient_id, appointment_date, appointment_time, type, location, reason, verified_up_to_date) VALUES ('pt-0715', '2026-12-15', '16:50', 'Diabetes clinic', 'GP practice', 'symptom check', 1);
INSERT INTO patient_vaccine_records (patient_id, vaccine, vaccine_date, product) VALUES ('pt-0715', 'COVID-19', '2025-11-11', 'Comirnaty');
INSERT INTO patient_vaccine_records (patient_id, vaccine, vaccine_date, product) VALUES ('pt-0715', 'COVID-19 booster', '2020-02-28', 'Spikevax');
INSERT INTO patient_vaccine_records (patient_id, vaccine, vaccine_date, product) VALUES ('pt-0715', 'Td/Tdap (tetanus, diphtheria, pertussis)', '2022-06-16', NULL);
INSERT INTO patient_vaccine_records (patient_id, vaccine, vaccine_date, product) VALUES ('pt-0715', 'Hepatitis B', '2023-03-22', NULL);

INSERT INTO patients (id, name, age, gender, address_line1, city, county, postcode, country, telephone, email, gp_name, gp_practice, gp_address, national_insurance_number, passport_number, cache_status, last_synced_at, meta_region) VALUES ('pt-0716', 'Joseph Bennett', 55, 'Male', '36 Broad Street', 'Birmingham', 'West Midlands', 'B1 1BB', 'UK', '+44 7603 487948', 'joseph.bennett@gmail.com', 'Dr Chloe Roberts', 'Brownlow Group Practice', '150 Mt Pleasant, Liverpool L69 3GD, United Kingdom', 'MH470948A', '376878367', 'cached_stale', '2026-02-25T00:00:00Z', 'Birmingham');
INSERT INTO patient_conditions (patient_id, condition_name, status, since_date) VALUES ('pt-0716', 'COPD', 'active', '2012-01-13');
INSERT INTO patient_conditions (patient_id, condition_name, status, since_date) VALUES ('pt-0716', 'Osteoporosis', 'active', '2024-11-12');
INSERT INTO patient_conditions (patient_id, condition_name, status, since_date) VALUES ('pt-0716', 'Glaucoma', 'controlled', '2017-01-13');
INSERT INTO patient_conditions (patient_id, condition_name, status, since_date) VALUES ('pt-0716', 'History of stroke/TIA', 'active', '2017-02-07');
INSERT INTO patient_conditions (patient_id, condition_name, status, since_date) VALUES ('pt-0716', 'Hypothyroidism', 'monitoring', '2021-02-03');
INSERT INTO patient_prescriptions (patient_id, drug, indication, dose, frequency, start_date, prescriber) VALUES ('pt-0716', 'Tiotropium', 'COPD', '50 mg', 'once daily', '2025-12-06', 'Dr Rachel Smith');
INSERT INTO patient_appointments (patient_id, appointment_date, appointment_time, type, location, reason, verified_up_to_date) VALUES ('pt-0716', '2025-08-24', '13:40', 'Cardiology follow-up', 'GP practice', 'symptom check', 1);

INSERT INTO patients (id, name, age, gender, address_line1, city, county, postcode, country, telephone, email, gp_name, gp_practice, gp_address, national_insurance_number, passport_number, cache_status, last_synced_at, meta_region) VALUES ('pt-0717', 'Eliza Walker', 17, 'Female', 'Unit 24, 186 The Mall', 'London', 'Greater London', 'SW1A 1BB', 'UK', '+44 7668 956262', 'elizawalker@hotmail.co.uk', 'Dr Fatima Ahmed', 'Brownlow Group Practice', '150 Mt Pleasant, Liverpool L69 3GD, United Kingdom', 'BR274185C', '062243468', 'cached_stale', '2026-02-20T00:00:00Z', 'London');

INSERT INTO patients (id, name, age, gender, address_line1, city, county, postcode, country, telephone, email, gp_name, gp_practice, gp_address, national_insurance_number, passport_number, cache_status, last_synced_at, meta_region) VALUES ('pt-0718', 'Joseph Howard', 93, 'Male', '26 Edward''s Walk', 'Newcastle upon Tyne', 'Tyne and Wear', 'NE1 4LP', 'UK', '+44 7748 432847', 'joseph772@icloud.com', 'Dr James Wilson', 'Brownlow Group Practice', '150 Mt Pleasant, Liverpool L69 3GD, United Kingdom', 'KT959128D', '671015336', 'verified_online', '2026-02-20T00:00:00Z', 'Newcastle upon Tyne');
INSERT INTO patient_conditions (patient_id, condition_name, status, since_date) VALUES ('pt-0718', 'Asthma', 'active', '2016-10-22');
INSERT INTO patient_conditions (patient_id, condition_name, status, since_date) VALUES ('pt-0718', 'Hypertension', 'controlled', '2018-05-30');
INSERT INTO patient_conditions (patient_id, condition_name, status, since_date) VALUES ('pt-0718', 'COPD', 'controlled', '2011-06-07');
INSERT INTO patient_conditions (patient_id, condition_name, status, since_date) VALUES ('pt-0718', 'Chronic back pain', 'history', '2018-09-30');
INSERT INTO patient_conditions (patient_id, condition_name, status, since_date) VALUES ('pt-0718', 'Coronary heart disease', 'active', '2013-10-28');
INSERT INTO patient_conditions (patient_id, condition_name, status, since_date) VALUES ('pt-0718', 'Atrial fibrillation', 'active', '2023-10-21');
INSERT INTO patient_prescriptions (patient_id, drug, indication, dose, frequency, start_date, prescriber) VALUES ('pt-0718', 'Levothyroxine', 'Hypothyroidism', '1 g', 'twice daily', '2023-05-31', 'Dr Alex Brown');
INSERT INTO patient_appointments (patient_id, appointment_date, appointment_time, type, location, reason, verified_up_to_date) VALUES ('pt-0718', '2024-09-23', '08:45', 'Ophthalmology', 'GP practice', 'annual monitoring', 1);
INSERT INTO patient_appointments (patient_id, appointment_date, appointment_time, type, location, reason, verified_up_to_date) VALUES ('pt-0718', '2025-03-19', '16:20', 'GP review', 'Community clinic', 'treatment follow-up', 1);
INSERT INTO patient_appointments (patient_id, appointment_date, appointment_time, type, location, reason, verified_up_to_date) VALUES ('pt-0718', '2025-04-08', '17:40', 'Medication review', 'Hospital outpatient department', 'annual monitoring', 1);
INSERT INTO patient_appointments (patient_id, appointment_date, appointment_time, type, location, reason, verified_up_to_date) VALUES ('pt-0718', '2026-05-19', '15:50', 'Vaccination appointment', 'Telehealth', 'symptom check', 1);
INSERT INTO patient_appointments (patient_id, appointment_date, appointment_time, type, location, reason, verified_up_to_date) VALUES ('pt-0718', '2026-12-26', '09:00', 'Physiotherapy', 'GP practice', 'results discussion', 1);
INSERT INTO patient_vaccine_records (patient_id, vaccine, vaccine_date, product) VALUES ('pt-0718', 'COVID-19', '2018-03-13', 'Spikevax');
INSERT INTO patient_vaccine_records (patient_id, vaccine, vaccine_date, product) VALUES ('pt-0718', 'Influenza (seasonal)', '2024-03-16', NULL);
INSERT INTO patient_vaccine_records (patient_id, vaccine, vaccine_date, product) VALUES ('pt-0718', 'Shingles (Shingrix)', '2019-02-22', 'Shingrix');
INSERT INTO patient_vaccine_records (patient_id, vaccine, vaccine_date, product) VALUES ('pt-0718', 'MMR', '2023-10-06', NULL);

INSERT INTO patients (id, name, age, gender, address_line1, city, county, postcode, country, telephone, email, gp_name, gp_practice, gp_address, national_insurance_number, passport_number, cache_status, last_synced_at, meta_region) VALUES ('pt-0719', 'Harry Young', 55, 'Male', 'Flat 57, 196 Constitution Hill', 'London', 'Greater London', 'SW1A 1BA', 'UK', '+44 7393 583672', 'harry.young@icloud.com', 'Dr Owen Evans', 'Brownlow Group Practice', '150 Mt Pleasant, Liverpool L69 3GD, United Kingdom', 'GI483669D', '951148495', 'cached_recent', '2026-03-01T00:00:00Z', 'London');
INSERT INTO patient_conditions (patient_id, condition_name, status, since_date) VALUES ('pt-0719', 'Hypothyroidism', 'history', '2020-02-02');
INSERT INTO patient_conditions (patient_id, condition_name, status, since_date) VALUES ('pt-0719', 'Osteoarthritis', 'controlled', '2014-07-21');
INSERT INTO patient_conditions (patient_id, condition_name, status, since_date) VALUES ('pt-0719', 'Epilepsy', 'active', '2022-07-21');
INSERT INTO patient_conditions (patient_id, condition_name, status, since_date) VALUES ('pt-0719', 'Hypercholesterolaemia', 'active', '2025-07-22');
INSERT INTO patient_conditions (patient_id, condition_name, status, since_date) VALUES ('pt-0719', 'Chronic kidney disease', 'history', '2011-12-06');
INSERT INTO patient_conditions (patient_id, condition_name, status, since_date) VALUES ('pt-0719', 'Generalised anxiety disorder', 'active', '2025-04-01');
INSERT INTO patient_prescriptions (patient_id, drug, indication, dose, frequency, start_date, prescriber) VALUES ('pt-0719', 'Simvastatin', 'High cholesterol', '50 mg', 'twice daily', '2024-07-03', 'Dr Richard Patel');
INSERT INTO patient_prescriptions (patient_id, drug, indication, dose, frequency, start_date, prescriber) VALUES ('pt-0719', 'Donepezil', 'Dementia', '2 puffs', 'twice daily', '2025-08-25', 'Dr Alex Wilson');
INSERT INTO patient_appointments (patient_id, appointment_date, appointment_time, type, location, reason, verified_up_to_date) VALUES ('pt-0719', '2025-04-19', '09:20', 'Blood test', 'Telehealth', 'annual monitoring', 1);
INSERT INTO patient_vaccine_records (patient_id, vaccine, vaccine_date, product) VALUES ('pt-0719', 'Pneumococcal', '2020-01-13', NULL);

INSERT INTO patients (id, name, age, gender, address_line1, city, county, postcode, country, telephone, email, gp_name, gp_practice, gp_address, national_insurance_number, passport_number, cache_status, last_synced_at, meta_region) VALUES ('pt-0720', 'Evie Patel', 89, 'Female', '178 Wyndham Arcade', 'Cardiff', 'South Glamorgan', 'CF10 1AF', 'UK', '+44 7134 950946', 'eviepatel@icloud.com', 'Dr Priya Roberts', 'Brownlow Group Practice', '150 Mt Pleasant, Liverpool L69 3GD, United Kingdom', 'GC274630B', '740395912', 'cached_stale', '2026-02-09T00:00:00Z', 'Cardiff');
INSERT INTO patient_conditions (patient_id, condition_name, status, since_date) VALUES ('pt-0720', 'Heart failure', 'active', '2011-06-29');
INSERT INTO patient_conditions (patient_id, condition_name, status, since_date) VALUES ('pt-0720', 'Hypercholesterolaemia', 'monitoring', '2016-03-12');
INSERT INTO patient_prescriptions (patient_id, drug, indication, dose, frequency, start_date, prescriber) VALUES ('pt-0720', 'Gabapentin', 'Neuropathic pain/Epilepsy', '500 mg', 'with meals', '2023-10-04', 'Dr Ibrahim Campbell');
INSERT INTO patient_prescriptions (patient_id, drug, indication, dose, frequency, start_date, prescriber) VALUES ('pt-0720', 'Rivaroxaban', 'Anticoagulant (AF/VTE)', '100 mg', 'once weekly', '2023-03-25', 'Dr Holly Taylor');
INSERT INTO patient_appointments (patient_id, appointment_date, appointment_time, type, location, reason, verified_up_to_date) VALUES ('pt-0720', '2024-08-27', '09:00', 'Diabetes clinic', 'Hospital outpatient department', 'annual monitoring', 0);
INSERT INTO patient_vaccine_records (patient_id, vaccine, vaccine_date, product) VALUES ('pt-0720', 'COVID-19', '2018-04-23', 'Comirnaty');
INSERT INTO patient_vaccine_records (patient_id, vaccine, vaccine_date, product) VALUES ('pt-0720', 'Influenza (seasonal)', '2017-11-17', NULL);
INSERT INTO patient_vaccine_records (patient_id, vaccine, vaccine_date, product) VALUES ('pt-0720', 'Shingles (Shingrix)', '2024-07-11', 'Shingrix');
INSERT INTO patient_vaccine_records (patient_id, vaccine, vaccine_date, product) VALUES ('pt-0720', 'MMR', '2018-09-30', NULL);

INSERT INTO patients (id, name, age, gender, address_line1, city, county, postcode, country, telephone, email, gp_name, gp_practice, gp_address, national_insurance_number, passport_number, cache_status, last_synced_at, meta_region) VALUES ('pt-0721', 'Lily Wright', 60, 'Female', '49 Constitution Hill', 'London', 'Greater London', 'SW1A 1BB', 'UK', '+44 7804 628328', 'lily.wright@outlook.com', 'Dr Grace Evans', 'Brownlow Group Practice', '150 Mt Pleasant, Liverpool L69 3GD, United Kingdom', 'CG416835D', '068139291', 'verified_online', '2026-02-06T00:00:00Z', 'London');
INSERT INTO patient_conditions (patient_id, condition_name, status, since_date) VALUES ('pt-0721', 'Overactive bladder', 'history', '2023-08-18');
INSERT INTO patient_conditions (patient_id, condition_name, status, since_date) VALUES ('pt-0721', 'Gastro-oesophageal reflux disease (GORD)', 'active', '2015-09-29');
INSERT INTO patient_vaccine_records (patient_id, vaccine, vaccine_date, product) VALUES ('pt-0721', 'COVID-19', '2018-11-07', 'Nuvaxovid');

INSERT INTO patients (id, name, age, gender, address_line1, city, county, postcode, country, telephone, email, gp_name, gp_practice, gp_address, national_insurance_number, passport_number, cache_status, last_synced_at, meta_region) VALUES ('pt-0722', 'Alice Jones', 58, 'Female', 'Apt 4, 203 Claremont Place', 'Newcastle upon Tyne', 'Tyne and Wear', 'NE1 4LP', 'UK', '+44 7894 282803', 'alicejones@hotmail.co.uk', 'Dr Ben Taylor', 'Brownlow Group Practice', '150 Mt Pleasant, Liverpool L69 3GD, United Kingdom', 'QN103948A', '365781375', 'cached_recent', '2026-02-19T00:00:00Z', 'Newcastle upon Tyne');
INSERT INTO patient_conditions (patient_id, condition_name, status, since_date) VALUES ('pt-0722', 'Chronic back pain', 'active', '2016-09-30');
INSERT INTO patient_conditions (patient_id, condition_name, status, since_date) VALUES ('pt-0722', 'Osteoarthritis', 'history', '2021-12-18');
INSERT INTO patient_conditions (patient_id, condition_name, status, since_date) VALUES ('pt-0722', 'Hypertension', 'controlled', '2023-02-03');
INSERT INTO patient_prescriptions (patient_id, drug, indication, dose, frequency, start_date, prescriber) VALUES ('pt-0722', 'Sertraline', 'Depression/Anxiety', '0.5 mg', 'with meals', '2025-01-06', 'Dr Priya Campbell');
INSERT INTO patient_prescriptions (patient_id, drug, indication, dose, frequency, start_date, prescriber) VALUES ('pt-0722', 'Nitrofurantoin', 'UTI', '2.5 mg', 'twice daily', '2023-07-01', 'Dr Helen Ahmed');
INSERT INTO patient_appointments (patient_id, appointment_date, appointment_time, type, location, reason, verified_up_to_date) VALUES ('pt-0722', '2024-03-15', '15:10', 'Respiratory review', 'Home visit', 'treatment follow-up', 1);
INSERT INTO patient_vaccine_records (patient_id, vaccine, vaccine_date, product) VALUES ('pt-0722', 'COVID-19', '2025-07-02', 'Nuvaxovid');

INSERT INTO patients (id, name, age, gender, address_line1, city, county, postcode, country, telephone, email, gp_name, gp_practice, gp_address, national_insurance_number, passport_number, cache_status, last_synced_at, meta_region) VALUES ('pt-0723', 'Jasmine James', 46, 'Female', 'Apt 52, 72 Hilton Street', 'Manchester', 'Greater Manchester', 'M1 1AR', 'UK', '+44 7591 332118', 'jasmine832@icloud.com', 'Dr Ben Morgan', 'Brownlow Group Practice', '150 Mt Pleasant, Liverpool L69 3GD, United Kingdom', 'NA737670D', '813978724', 'cached_recent', '2026-02-26T00:00:00Z', 'Manchester');
INSERT INTO patient_conditions (patient_id, condition_name, status, since_date) VALUES ('pt-0723', 'Osteoarthritis', 'active', '2023-10-09');
INSERT INTO patient_appointments (patient_id, appointment_date, appointment_time, type, location, reason, verified_up_to_date) VALUES ('pt-0723', '2025-08-13', '08:20', 'Vaccination appointment', 'Community clinic', 'annual monitoring', 0);
INSERT INTO patient_vaccine_records (patient_id, vaccine, vaccine_date, product) VALUES ('pt-0723', 'COVID-19', '2023-11-17', 'Nuvaxovid');
INSERT INTO patient_vaccine_records (patient_id, vaccine, vaccine_date, product) VALUES ('pt-0723', 'COVID-19 booster', '2024-02-04', 'Comirnaty');
INSERT INTO patient_vaccine_records (patient_id, vaccine, vaccine_date, product) VALUES ('pt-0723', 'Td/Tdap (tetanus, diphtheria, pertussis)', '2022-06-05', NULL);

INSERT INTO patients (id, name, age, gender, address_line1, city, county, postcode, country, telephone, email, gp_name, gp_practice, gp_address, national_insurance_number, passport_number, cache_status, last_synced_at, meta_region) VALUES ('pt-0724', 'Emily Campbell', 53, 'Female', '12 College Green', 'Bristol', 'Bristol', 'BS1 5BE', 'UK', '+44 7548 855780', 'emilycampbell@hotmail.co.uk', 'Dr Rachel Reid', 'Brownlow Group Practice', '150 Mt Pleasant, Liverpool L69 3GD, United Kingdom', 'AH874549A', '326439229', 'cached_recent', '2026-02-12T00:00:00Z', 'Bristol');
INSERT INTO patient_conditions (patient_id, condition_name, status, since_date) VALUES ('pt-0724', 'Dementia', 'active', '2022-07-22');
INSERT INTO patient_conditions (patient_id, condition_name, status, since_date) VALUES ('pt-0724', 'Heart failure', 'controlled', '2018-11-13');
INSERT INTO patient_conditions (patient_id, condition_name, status, since_date) VALUES ('pt-0724', 'Hypercholesterolaemia', 'history', '2022-04-21');
INSERT INTO patient_conditions (patient_id, condition_name, status, since_date) VALUES ('pt-0724', 'Epilepsy', 'active', '2019-04-22');
INSERT INTO patient_conditions (patient_id, condition_name, status, since_date) VALUES ('pt-0724', 'Gastro-oesophageal reflux disease (GORD)', 'monitoring', '2018-10-15');
INSERT INTO patient_conditions (patient_id, condition_name, status, since_date) VALUES ('pt-0724', 'Coronary heart disease', 'history', '2012-10-31');
INSERT INTO patient_prescriptions (patient_id, drug, indication, dose, frequency, start_date, prescriber) VALUES ('pt-0724', 'Levetiracetam', 'Epilepsy', '25 mg', 'once weekly', '2024-10-22', 'Dr Chloe Khan');
INSERT INTO patient_appointments (patient_id, appointment_date, appointment_time, type, location, reason, verified_up_to_date) VALUES ('pt-0724', '2025-09-06', '13:45', 'Medication review', 'GP practice', 'symptom check', 1);
INSERT INTO patient_appointments (patient_id, appointment_date, appointment_time, type, location, reason, verified_up_to_date) VALUES ('pt-0724', '2026-11-28', '14:00', 'Respiratory review', 'Community clinic', 'annual monitoring', 1);
INSERT INTO patient_vaccine_records (patient_id, vaccine, vaccine_date, product) VALUES ('pt-0724', 'COVID-19', '2017-03-09', 'Spikevax');

INSERT INTO patients (id, name, age, gender, address_line1, city, county, postcode, country, telephone, email, gp_name, gp_practice, gp_address, national_insurance_number, passport_number, cache_status, last_synced_at, meta_region) VALUES ('pt-0725', 'Oliver Webb', 48, 'Male', '117 West George Street', 'Glasgow', 'Glasgow City', 'G2 3AB', 'UK', '+44 7864 552555', 'oliver.webb@icloud.com', 'Dr Owen Campbell', 'Brownlow Group Practice', '150 Mt Pleasant, Liverpool L69 3GD, United Kingdom', 'ZV903339A', '708660325', 'cached_stale', '2026-02-16T00:00:00Z', 'Glasgow');
INSERT INTO patient_conditions (patient_id, condition_name, status, since_date) VALUES ('pt-0725', 'Hypertension', 'active', '2022-06-13');
INSERT INTO patient_conditions (patient_id, condition_name, status, since_date) VALUES ('pt-0725', 'Gastro-oesophageal reflux disease (GORD)', 'controlled', '2012-12-22');
INSERT INTO patient_prescriptions (patient_id, drug, indication, dose, frequency, start_date, prescriber) VALUES ('pt-0725', 'Donepezil', 'Dementia', '1 puff', 'as needed', '2024-10-20', 'Dr Grace Khan');
INSERT INTO patient_prescriptions (patient_id, drug, indication, dose, frequency, start_date, prescriber) VALUES ('pt-0725', 'Co-codamol', 'Pain', '100 mg', 'once daily', '2023-07-18', 'Dr Ibrahim Campbell');
INSERT INTO patient_appointments (patient_id, appointment_date, appointment_time, type, location, reason, verified_up_to_date) VALUES ('pt-0725', '2025-12-13', '08:40', 'Vaccination appointment', 'GP practice', 'annual monitoring', 1);
INSERT INTO patient_appointments (patient_id, appointment_date, appointment_time, type, location, reason, verified_up_to_date) VALUES ('pt-0725', '2026-01-06', '16:45', 'Cardiology follow-up', 'Community clinic', 'treatment follow-up', 1);
INSERT INTO patient_vaccine_records (patient_id, vaccine, vaccine_date, product) VALUES ('pt-0725', 'COVID-19', '2021-02-12', 'Comirnaty');
INSERT INTO patient_vaccine_records (patient_id, vaccine, vaccine_date, product) VALUES ('pt-0725', 'Td/Tdap (tetanus, diphtheria, pertussis)', '2023-12-13', NULL);
INSERT INTO patient_vaccine_records (patient_id, vaccine, vaccine_date, product) VALUES ('pt-0725', 'MMR', '2019-06-14', NULL);

INSERT INTO patients (id, name, age, gender, address_line1, city, county, postcode, country, telephone, email, gp_name, gp_practice, gp_address, national_insurance_number, passport_number, cache_status, last_synced_at, meta_region) VALUES ('pt-0726', 'Leo Porter', 6, 'Male', '30 Belvedere Road', 'London', 'Greater London', 'SW1A 1JR', 'UK', '+44 7677 352846', 'leo.porter58@gmail.com', 'Dr Sophie Roberts', 'Brownlow Group Practice', '150 Mt Pleasant, Liverpool L69 3GD, United Kingdom', 'FF686769B', '944005749', 'cached_recent', '2026-02-28T00:00:00Z', 'London');
INSERT INTO patient_conditions (patient_id, condition_name, status, since_date) VALUES ('pt-0726', 'Heart failure', 'active', '2021-04-23');
INSERT INTO patient_appointments (patient_id, appointment_date, appointment_time, type, location, reason, verified_up_to_date) VALUES ('pt-0726', '2025-03-21', '14:20', 'Respiratory review', 'Community clinic', 'results discussion', 1);
INSERT INTO patient_appointments (patient_id, appointment_date, appointment_time, type, location, reason, verified_up_to_date) VALUES ('pt-0726', '2025-10-31', '16:15', 'Respiratory review', 'Telehealth', 'vaccination', 0);
INSERT INTO patient_appointments (patient_id, appointment_date, appointment_time, type, location, reason, verified_up_to_date) VALUES ('pt-0726', '2026-03-25', '08:10', 'Mental health check-in', 'Home visit', 'annual monitoring', 1);
INSERT INTO patient_vaccine_records (patient_id, vaccine, vaccine_date, product) VALUES ('pt-0726', 'COVID-19', '2023-11-22', 'Nuvaxovid');
INSERT INTO patient_vaccine_records (patient_id, vaccine, vaccine_date, product) VALUES ('pt-0726', 'COVID-19 booster', '2016-12-18', 'Comirnaty');

INSERT INTO patients (id, name, age, gender, address_line1, city, county, postcode, country, telephone, email, gp_name, gp_practice, gp_address, national_insurance_number, passport_number, cache_status, last_synced_at, meta_region) VALUES ('pt-0727', 'Rosie Brown', 80, 'Female', 'Flat 19, 141 St Georges Road', 'Bristol', 'Bristol', 'BS1 5BE', 'UK', '+44 7923 708185', 'rosiebrown@outlook.com', 'Dr Rachel Reid', 'Brownlow Group Practice', '150 Mt Pleasant, Liverpool L69 3GD, United Kingdom', 'XE284488D', '514794789', 'verified_online', '2026-02-19T00:00:00Z', 'Bristol');
INSERT INTO patient_prescriptions (patient_id, drug, indication, dose, frequency, start_date, prescriber) VALUES ('pt-0727', 'Tamsulosin', 'BPH', '500 mg', 'twice daily', '2024-07-28', 'Dr Rachel Smith');
INSERT INTO patient_appointments (patient_id, appointment_date, appointment_time, type, location, reason, verified_up_to_date) VALUES ('pt-0727', '2026-06-04', '16:20', 'Medication review', 'GP practice', 'vaccination', 1);

INSERT INTO patients (id, name, age, gender, address_line1, city, county, postcode, country, telephone, email, gp_name, gp_practice, gp_address, national_insurance_number, passport_number, cache_status, last_synced_at, meta_region) VALUES ('pt-0728', 'Liam James', 71, 'Male', 'Unit 14, 87 Donegall Square South', 'Belfast', 'County Antrim', 'BT1 5JD', 'UK', '+44 7358 500377', 'liamjames@icloud.com', 'Dr Alex Taylor', 'Brownlow Group Practice', '150 Mt Pleasant, Liverpool L69 3GD, United Kingdom', 'RF585997A', '245229455', 'cached_recent', '2026-02-02T00:00:00Z', 'Belfast');
INSERT INTO patient_conditions (patient_id, condition_name, status, since_date) VALUES ('pt-0728', 'COPD', 'monitoring', '2013-11-23');
INSERT INTO patient_conditions (patient_id, condition_name, status, since_date) VALUES ('pt-0728', 'Heart failure', 'history', '2019-11-10');
INSERT INTO patient_conditions (patient_id, condition_name, status, since_date) VALUES ('pt-0728', 'History of stroke/TIA', 'history', '2022-07-14');
INSERT INTO patient_prescriptions (patient_id, drug, indication, dose, frequency, start_date, prescriber) VALUES ('pt-0728', 'Tirzepatide', 'Weight management/Type 2 diabetes', '1 g', 'once weekly', '2026-01-29', 'Dr Richard Patel');
INSERT INTO patient_appointments (patient_id, appointment_date, appointment_time, type, location, reason, verified_up_to_date) VALUES ('pt-0728', '2024-11-02', '09:20', 'Physiotherapy', 'Telehealth', 'routine review', 1);
INSERT INTO patient_appointments (patient_id, appointment_date, appointment_time, type, location, reason, verified_up_to_date) VALUES ('pt-0728', '2026-04-29', '09:00', 'Ophthalmology', 'Hospital outpatient department', 'annual monitoring', 0);
INSERT INTO patient_appointments (patient_id, appointment_date, appointment_time, type, location, reason, verified_up_to_date) VALUES ('pt-0728', '2026-06-10', '10:40', 'Respiratory review', 'Hospital outpatient department', 'annual monitoring', 1);
INSERT INTO patient_appointments (patient_id, appointment_date, appointment_time, type, location, reason, verified_up_to_date) VALUES ('pt-0728', '2027-02-05', '12:30', 'Respiratory review', 'Home visit', 'annual monitoring', 1);
INSERT INTO patient_vaccine_records (patient_id, vaccine, vaccine_date, product) VALUES ('pt-0728', 'COVID-19', '2022-11-20', 'Nuvaxovid');
INSERT INTO patient_vaccine_records (patient_id, vaccine, vaccine_date, product) VALUES ('pt-0728', 'Influenza (seasonal)', '2016-05-21', NULL);
INSERT INTO patient_vaccine_records (patient_id, vaccine, vaccine_date, product) VALUES ('pt-0728', 'Hepatitis B', '2024-03-31', NULL);

INSERT INTO patients (id, name, age, gender, address_line1, city, county, postcode, country, telephone, email, gp_name, gp_practice, gp_address, national_insurance_number, passport_number, cache_status, last_synced_at, meta_region) VALUES ('pt-0729', 'Florence Ward', 84, 'Female', 'Flat 50, 213 South John Street', 'Liverpool', 'Merseyside', 'L1 8JQ', 'UK', '+44 7942 119691', 'florence373@hotmail.co.uk', 'Dr Owen Evans', 'Brownlow Group Practice', '150 Mt Pleasant, Liverpool L69 3GD, United Kingdom', 'AJ663732C', '428838358', 'cached_recent', '2026-02-22T00:00:00Z', 'Liverpool');
INSERT INTO patient_conditions (patient_id, condition_name, status, since_date) VALUES ('pt-0729', 'Osteoporosis', 'history', '2021-12-31');
INSERT INTO patient_conditions (patient_id, condition_name, status, since_date) VALUES ('pt-0729', 'Gout', 'history', '2015-04-01');
INSERT INTO patient_conditions (patient_id, condition_name, status, since_date) VALUES ('pt-0729', 'Gastro-oesophageal reflux disease (GORD)', 'history', '2023-01-05');
INSERT INTO patient_conditions (patient_id, condition_name, status, since_date) VALUES ('pt-0729', 'Chronic kidney disease', 'history', '2016-05-24');
INSERT INTO patient_conditions (patient_id, condition_name, status, since_date) VALUES ('pt-0729', 'Heart failure', 'history', '2015-11-02');
INSERT INTO patient_conditions (patient_id, condition_name, status, since_date) VALUES ('pt-0729', 'Hypercholesterolaemia', 'active', '2016-08-08');
INSERT INTO patient_prescriptions (patient_id, drug, indication, dose, frequency, start_date, prescriber) VALUES ('pt-0729', 'Budesonide', 'Respiratory/Inflammation', '50 mg', 'at night', '2026-01-24', 'Dr Owen Taylor');
INSERT INTO patient_prescriptions (patient_id, drug, indication, dose, frequency, start_date, prescriber) VALUES ('pt-0729', 'Bisoprolol', 'Hypertension/Heart failure/Arrhythmia', '50 mg', 'once daily', '2024-08-03', 'Dr Ibrahim Campbell');
INSERT INTO patient_appointments (patient_id, appointment_date, appointment_time, type, location, reason, verified_up_to_date) VALUES ('pt-0729', '2025-04-21', '10:00', 'Mental health check-in', 'GP practice', 'routine review', 1);
INSERT INTO patient_appointments (patient_id, appointment_date, appointment_time, type, location, reason, verified_up_to_date) VALUES ('pt-0729', '2025-11-13', '12:40', 'Respiratory review', 'GP practice', 'symptom check', 1);
INSERT INTO patient_appointments (patient_id, appointment_date, appointment_time, type, location, reason, verified_up_to_date) VALUES ('pt-0729', '2026-07-15', '15:00', 'Physiotherapy', 'Community clinic', 'results discussion', 1);

INSERT INTO patients (id, name, age, gender, address_line1, city, county, postcode, country, telephone, email, gp_name, gp_practice, gp_address, national_insurance_number, passport_number, cache_status, last_synced_at, meta_region) VALUES ('pt-0730', 'Harriet Allen', 69, 'Female', 'Apt 72, 1 The Mall', 'London', 'Greater London', 'SW1A 1BB', 'UK', '+44 7999 610486', 'harrietallen@icloud.com', 'Dr Sophie Roberts', 'Brownlow Group Practice', '150 Mt Pleasant, Liverpool L69 3GD, United Kingdom', 'LE222246C', '681329634', 'cached_recent', '2026-02-25T00:00:00Z', 'London');
INSERT INTO patient_conditions (patient_id, condition_name, status, since_date) VALUES ('pt-0730', 'Osteoarthritis', 'active', '2021-12-15');
INSERT INTO patient_conditions (patient_id, condition_name, status, since_date) VALUES ('pt-0730', 'Benign prostatic hyperplasia (BPH)', 'controlled', '2016-08-06');
INSERT INTO patient_prescriptions (patient_id, drug, indication, dose, frequency, start_date, prescriber) VALUES ('pt-0730', 'Amoxicillin', 'Bacterial infection', '50 mg', 'twice daily', '2023-04-14', 'Dr David Wilson');
INSERT INTO patient_appointments (patient_id, appointment_date, appointment_time, type, location, reason, verified_up_to_date) VALUES ('pt-0730', '2026-04-11', '14:10', 'Vaccination appointment', 'Community clinic', 'treatment follow-up', 1);
INSERT INTO patient_vaccine_records (patient_id, vaccine, vaccine_date, product) VALUES ('pt-0730', 'Influenza (seasonal)', '2020-03-27', NULL);
INSERT INTO patient_vaccine_records (patient_id, vaccine, vaccine_date, product) VALUES ('pt-0730', 'Pneumococcal', '2024-07-24', NULL);
INSERT INTO patient_vaccine_records (patient_id, vaccine, vaccine_date, product) VALUES ('pt-0730', 'Td/Tdap (tetanus, diphtheria, pertussis)', '2025-05-09', NULL);
INSERT INTO patient_vaccine_records (patient_id, vaccine, vaccine_date, product) VALUES ('pt-0730', 'Hepatitis B', '2024-09-16', NULL);

INSERT INTO patients (id, name, age, gender, address_line1, city, county, postcode, country, telephone, email, gp_name, gp_practice, gp_address, national_insurance_number, passport_number, cache_status, last_synced_at, meta_region) VALUES ('pt-0731', 'Sebastian Wood', 54, 'Male', 'Flat 56, 13 Wall Street', 'Liverpool', 'Merseyside', 'L1 8LZ', 'UK', '+44 7949 658837', 'sebastian.wood@icloud.com', 'Dr Hannah Hughes', 'Brownlow Group Practice', '150 Mt Pleasant, Liverpool L69 3GD, United Kingdom', 'WQ088769B', '839849580', 'verified_online', '2026-02-09T00:00:00Z', 'Liverpool');
INSERT INTO patient_conditions (patient_id, condition_name, status, since_date) VALUES ('pt-0731', 'Gout', 'active', '2022-09-08');

INSERT INTO patients (id, name, age, gender, address_line1, city, county, postcode, country, telephone, email, gp_name, gp_practice, gp_address, national_insurance_number, passport_number, cache_status, last_synced_at, meta_region) VALUES ('pt-0732', 'Freddie Wilson', 53, 'Male', '87 Corporation Street', 'Birmingham', 'West Midlands', 'B1 1BB', 'UK', '+44 7804 435981', 'freddie.wilson@gmail.com', 'Dr Rachel Foster', 'Brownlow Group Practice', '150 Mt Pleasant, Liverpool L69 3GD, United Kingdom', 'SF817498B', '115390816', 'verified_online', '2026-03-02T00:00:00Z', 'Birmingham');
INSERT INTO patient_conditions (patient_id, condition_name, status, since_date) VALUES ('pt-0732', 'Overactive bladder', 'controlled', '2017-01-08');
INSERT INTO patient_conditions (patient_id, condition_name, status, since_date) VALUES ('pt-0732', 'Atrial fibrillation', 'monitoring', '2018-04-02');
INSERT INTO patient_appointments (patient_id, appointment_date, appointment_time, type, location, reason, verified_up_to_date) VALUES ('pt-0732', '2025-09-20', '11:50', 'Diabetes clinic', 'Hospital outpatient department', 'symptom check', 1);
INSERT INTO patient_appointments (patient_id, appointment_date, appointment_time, type, location, reason, verified_up_to_date) VALUES ('pt-0732', '2026-04-19', '17:00', 'Vaccination appointment', 'GP practice', 'routine review', 1);

INSERT INTO patients (id, name, age, gender, address_line1, city, county, postcode, country, telephone, email, gp_name, gp_practice, gp_address, national_insurance_number, passport_number, cache_status, last_synced_at, meta_region) VALUES ('pt-0733', 'Scott Martin', 46, 'Male', '161 West George Street', 'Glasgow', 'Glasgow City', 'G1 2RD', 'UK', '+44 7880 566532', 'scott.martin57@outlook.com', 'Dr Owen Campbell', 'Brownlow Group Practice', '150 Mt Pleasant, Liverpool L69 3GD, United Kingdom', 'ZQ985913A', '728912840', 'cached_stale', '2026-02-16T00:00:00Z', 'Glasgow');
INSERT INTO patient_conditions (patient_id, condition_name, status, since_date) VALUES ('pt-0733', 'Overactive bladder', 'controlled', '2015-05-11');
INSERT INTO patient_appointments (patient_id, appointment_date, appointment_time, type, location, reason, verified_up_to_date) VALUES ('pt-0733', '2026-02-05', '13:40', 'Physiotherapy', 'Home visit', 'symptom check', 1);
INSERT INTO patient_appointments (patient_id, appointment_date, appointment_time, type, location, reason, verified_up_to_date) VALUES ('pt-0733', '2026-03-19', '14:40', 'Medication review', 'Telehealth', 'vaccination', 1);

INSERT INTO patients (id, name, age, gender, address_line1, city, county, postcode, country, telephone, email, gp_name, gp_practice, gp_address, national_insurance_number, passport_number, cache_status, last_synced_at, meta_region) VALUES ('pt-0734', 'Amelia Robinson', 62, 'Female', 'Apt 5, 169 Newhall Street', 'Birmingham', 'West Midlands', 'B1 1BB', 'UK', '+44 7394 318268', 'amelia604@hotmail.co.uk', 'Dr David Reid', 'Brownlow Group Practice', '150 Mt Pleasant, Liverpool L69 3GD, United Kingdom', 'RI503327D', '204164862', 'verified_online', '2026-02-23T00:00:00Z', 'Birmingham');
INSERT INTO patient_conditions (patient_id, condition_name, status, since_date) VALUES ('pt-0734', 'Benign prostatic hyperplasia (BPH)', 'monitoring', '2020-03-31');
INSERT INTO patient_appointments (patient_id, appointment_date, appointment_time, type, location, reason, verified_up_to_date) VALUES ('pt-0734', '2024-10-23', '13:45', 'Diabetes clinic', 'Hospital outpatient department', 'vaccination', 0);
INSERT INTO patient_appointments (patient_id, appointment_date, appointment_time, type, location, reason, verified_up_to_date) VALUES ('pt-0734', '2025-03-07', '11:15', 'Medication review', 'GP practice', 'treatment follow-up', 0);
INSERT INTO patient_appointments (patient_id, appointment_date, appointment_time, type, location, reason, verified_up_to_date) VALUES ('pt-0734', '2026-06-09', '13:00', 'Ophthalmology', 'Telehealth', 'routine review', 1);
INSERT INTO patient_vaccine_records (patient_id, vaccine, vaccine_date, product) VALUES ('pt-0734', 'Td/Tdap (tetanus, diphtheria, pertussis)', '2019-07-09', NULL);

INSERT INTO patients (id, name, age, gender, address_line1, city, county, postcode, country, telephone, email, gp_name, gp_practice, gp_address, national_insurance_number, passport_number, cache_status, last_synced_at, meta_region) VALUES ('pt-0735', 'Eliza Evans', 47, 'Female', '28 Edward''s Walk', 'Newcastle upon Tyne', 'Tyne and Wear', 'NE1 4LP', 'UK', '+44 7475 241744', 'eliza.evans@outlook.com', 'Dr Grace Smith', 'Brownlow Group Practice', '150 Mt Pleasant, Liverpool L69 3GD, United Kingdom', 'DV944860B', '012279598', 'verified_online', '2026-02-12T00:00:00Z', 'Newcastle upon Tyne');
INSERT INTO patient_conditions (patient_id, condition_name, status, since_date) VALUES ('pt-0735', 'Overactive bladder', 'active', '2015-03-28');
INSERT INTO patient_conditions (patient_id, condition_name, status, since_date) VALUES ('pt-0735', 'Epilepsy', 'controlled', '2020-02-05');
INSERT INTO patient_prescriptions (patient_id, drug, indication, dose, frequency, start_date, prescriber) VALUES ('pt-0735', 'Sitagliptin', 'Type 2 diabetes', '2 puffs', 'once weekly', '2024-08-03', 'Dr Zoe Jones');
INSERT INTO patient_prescriptions (patient_id, drug, indication, dose, frequency, start_date, prescriber) VALUES ('pt-0735', 'Metformin', 'Type 2 diabetes', '1 tablet', 'once weekly', '2023-08-21', 'Dr Priya Campbell');

INSERT INTO patients (id, name, age, gender, address_line1, city, county, postcode, country, telephone, email, gp_name, gp_practice, gp_address, national_insurance_number, passport_number, cache_status, last_synced_at, meta_region) VALUES ('pt-0736', 'Florence Wilson', 15, 'Female', 'Apt 53, 219 New Street', 'Birmingham', 'West Midlands', 'B1 1BB', 'UK', '+44 7641 657458', 'florencewilson@gmail.com', 'Dr Zoe Campbell', 'Brownlow Group Practice', '150 Mt Pleasant, Liverpool L69 3GD, United Kingdom', 'ID569779A', '042257099', 'verified_online', '2026-02-25T00:00:00Z', 'Birmingham');
INSERT INTO patient_conditions (patient_id, condition_name, status, since_date) VALUES ('pt-0736', 'Heart failure', 'controlled', '2012-01-10');
INSERT INTO patient_conditions (patient_id, condition_name, status, since_date) VALUES ('pt-0736', 'Glaucoma', 'active', '2017-11-02');
INSERT INTO patient_prescriptions (patient_id, drug, indication, dose, frequency, start_date, prescriber) VALUES ('pt-0736', 'Beclometasone dipropionate', 'Asthma/COPD', '500 mg', 'twice daily', '2024-05-12', 'Dr Zoe Jones');
INSERT INTO patient_vaccine_records (patient_id, vaccine, vaccine_date, product) VALUES ('pt-0736', 'COVID-19', '2025-03-21', 'Comirnaty');
INSERT INTO patient_vaccine_records (patient_id, vaccine, vaccine_date, product) VALUES ('pt-0736', 'Td/Tdap (tetanus, diphtheria, pertussis)', '2023-02-20', NULL);

INSERT INTO patients (id, name, age, gender, address_line1, city, county, postcode, country, telephone, email, gp_name, gp_practice, gp_address, national_insurance_number, passport_number, cache_status, last_synced_at, meta_region) VALUES ('pt-0737', 'Grace Powell', 11, 'Female', '139 Wall Street', 'Liverpool', 'Merseyside', 'L1 8BQ', 'UK', '+44 7991 863604', 'grace.powell82@hotmail.co.uk', 'Dr Holly Roberts', 'Brownlow Group Practice', '150 Mt Pleasant, Liverpool L69 3GD, United Kingdom', 'YP976922A', '894918226', 'cached_stale', '2026-02-28T00:00:00Z', 'Liverpool');
INSERT INTO patient_conditions (patient_id, condition_name, status, since_date) VALUES ('pt-0737', 'Benign prostatic hyperplasia (BPH)', 'active', '2020-10-16');

INSERT INTO patients (id, name, age, gender, address_line1, city, county, postcode, country, telephone, email, gp_name, gp_practice, gp_address, national_insurance_number, passport_number, cache_status, last_synced_at, meta_region) VALUES ('pt-0738', 'Reuben Scott', 57, 'Male', 'Flat 24, 99 Belvedere Road', 'London', 'Greater London', 'SW1A 1AA', 'UK', '+44 7801 360252', 'reuben.scott4@gmail.com', 'Dr Owen Evans', 'Brownlow Group Practice', '150 Mt Pleasant, Liverpool L69 3GD, United Kingdom', 'ZX962618C', '594197698', 'cached_stale', '2026-02-04T00:00:00Z', 'London');
INSERT INTO patient_conditions (patient_id, condition_name, status, since_date) VALUES ('pt-0738', 'Type 2 diabetes', 'monitoring', '2018-04-07');
INSERT INTO patient_appointments (patient_id, appointment_date, appointment_time, type, location, reason, verified_up_to_date) VALUES ('pt-0738', '2026-02-16', '09:10', 'Medication review', 'Community clinic', 'vaccination', 1);
INSERT INTO patient_appointments (patient_id, appointment_date, appointment_time, type, location, reason, verified_up_to_date) VALUES ('pt-0738', '2026-04-10', '15:40', 'Physiotherapy', 'Hospital outpatient department', 'results discussion', 1);
INSERT INTO patient_appointments (patient_id, appointment_date, appointment_time, type, location, reason, verified_up_to_date) VALUES ('pt-0738', '2026-11-20', '16:15', 'GP review', 'Home visit', 'routine review', 1);
INSERT INTO patient_appointments (patient_id, appointment_date, appointment_time, type, location, reason, verified_up_to_date) VALUES ('pt-0738', '2027-02-27', '17:45', 'Respiratory review', 'GP practice', 'results discussion', 1);

INSERT INTO patients (id, name, age, gender, address_line1, city, county, postcode, country, telephone, email, gp_name, gp_practice, gp_address, national_insurance_number, passport_number, cache_status, last_synced_at, meta_region) VALUES ('pt-0739', 'Katherine Ali', 54, 'Female', '113 College Green', 'Bristol', 'Bristol', 'BS1 5AS', 'UK', '+44 7520 651529', 'kali@icloud.com', 'Dr Kate Evans', 'Brownlow Group Practice', '150 Mt Pleasant, Liverpool L69 3GD, United Kingdom', 'XJ105748C', '507514040', 'cached_stale', '2026-02-16T00:00:00Z', 'Bristol');
INSERT INTO patient_conditions (patient_id, condition_name, status, since_date) VALUES ('pt-0739', 'Type 2 diabetes', 'active', '2021-08-06');
INSERT INTO patient_conditions (patient_id, condition_name, status, since_date) VALUES ('pt-0739', 'Heart failure', 'active', '2014-01-10');
INSERT INTO patient_conditions (patient_id, condition_name, status, since_date) VALUES ('pt-0739', 'Atrial fibrillation', 'controlled', '2021-03-02');
INSERT INTO patient_conditions (patient_id, condition_name, status, since_date) VALUES ('pt-0739', 'Epilepsy', 'history', '2022-10-07');
INSERT INTO patient_prescriptions (patient_id, drug, indication, dose, frequency, start_date, prescriber) VALUES ('pt-0739', 'Gabapentin', 'Neuropathic pain/Epilepsy', '1 injection', 'once weekly', '2025-07-03', 'Dr Richard Patel');

INSERT INTO patients (id, name, age, gender, address_line1, city, county, postcode, country, telephone, email, gp_name, gp_practice, gp_address, national_insurance_number, passport_number, cache_status, last_synced_at, meta_region) VALUES ('pt-0740', 'Poppy Begum', 32, 'Female', '73 Constitution Hill', 'London', 'Greater London', 'SW1A 1BD', 'UK', '+44 7784 782427', 'poppy265@gmail.com', 'Dr Kieran Smith', 'Brownlow Group Practice', '150 Mt Pleasant, Liverpool L69 3GD, United Kingdom', 'DI709207A', '946874033', 'cached_recent', '2026-02-22T00:00:00Z', 'London');
INSERT INTO patient_conditions (patient_id, condition_name, status, since_date) VALUES ('pt-0740', 'History of stroke/TIA', 'active', '2025-07-15');

INSERT INTO patients (id, name, age, gender, address_line1, city, county, postcode, country, telephone, email, gp_name, gp_practice, gp_address, national_insurance_number, passport_number, cache_status, last_synced_at, meta_region) VALUES ('pt-0741', 'Arthur O''Connor', 85, 'Male', 'Flat 3, 84 Claremont Place', 'Newcastle upon Tyne', 'Tyne and Wear', 'NE1 4LP', 'UK', '+44 7777 968576', 'arthur.oconnor@gmail.com', 'Dr Rachel Ahmed', 'Brownlow Group Practice', '150 Mt Pleasant, Liverpool L69 3GD, United Kingdom', 'LC669939B', '282457029', 'cached_recent', '2026-02-17T00:00:00Z', 'Newcastle upon Tyne');
INSERT INTO patient_conditions (patient_id, condition_name, status, since_date) VALUES ('pt-0741', 'Chronic kidney disease', 'history', '2014-07-26');
INSERT INTO patient_prescriptions (patient_id, drug, indication, dose, frequency, start_date, prescriber) VALUES ('pt-0741', 'Insulin aspart', 'Diabetes', '0.5 mg', 'at night', '2025-02-07', 'Dr Robert Jones');
INSERT INTO patient_prescriptions (patient_id, drug, indication, dose, frequency, start_date, prescriber) VALUES ('pt-0741', 'Rivaroxaban', 'Anticoagulant (AF/VTE)', '0.5 mg', 'at night', '2024-06-17', 'Dr Ibrahim Khan');
INSERT INTO patient_vaccine_records (patient_id, vaccine, vaccine_date, product) VALUES ('pt-0741', 'Influenza (seasonal)', '2022-07-17', NULL);

INSERT INTO patients (id, name, age, gender, address_line1, city, county, postcode, country, telephone, email, gp_name, gp_practice, gp_address, national_insurance_number, passport_number, cache_status, last_synced_at, meta_region) VALUES ('pt-0742', 'Leah Morgan', 13, 'Female', '104 Sauchiehall Street', 'Glasgow', 'Glasgow City', 'G2 2QZ', 'UK', '+44 7486 246649', 'leahmorgan@outlook.com', 'Dr Zoe Jones', 'Brownlow Group Practice', '150 Mt Pleasant, Liverpool L69 3GD, United Kingdom', 'DF354019A', '140267748', 'verified_online', '2026-02-10T00:00:00Z', 'Glasgow');
INSERT INTO patient_conditions (patient_id, condition_name, status, since_date) VALUES ('pt-0742', 'Obesity', 'monitoring', '2016-08-05');
INSERT INTO patient_prescriptions (patient_id, drug, indication, dose, frequency, start_date, prescriber) VALUES ('pt-0742', 'Bisoprolol', 'Hypertension/Heart failure/Arrhythmia', '2.5 mg', 'at night', '2024-04-19', 'Dr Zoe Jones');
INSERT INTO patient_appointments (patient_id, appointment_date, appointment_time, type, location, reason, verified_up_to_date) VALUES ('pt-0742', '2026-07-11', '08:15', 'Ophthalmology', 'Hospital outpatient department', 'routine review', 0);

INSERT INTO patients (id, name, age, gender, address_line1, city, county, postcode, country, telephone, email, gp_name, gp_practice, gp_address, national_insurance_number, passport_number, cache_status, last_synced_at, meta_region) VALUES ('pt-0743', 'Rachel Walker', 92, 'Female', 'Flat 12, 168 Westminster Bridge Road', 'London', 'Greater London', 'SW1A 1JR', 'UK', '+44 7355 224721', 'rachel193@gmail.com', 'Dr Kieran Khan', 'Brownlow Group Practice', '150 Mt Pleasant, Liverpool L69 3GD, United Kingdom', 'PR810575B', '210998472', 'cached_recent', '2026-02-05T00:00:00Z', 'London');
INSERT INTO patient_conditions (patient_id, condition_name, status, since_date) VALUES ('pt-0743', 'Dementia', 'controlled', '2014-01-28');
INSERT INTO patient_prescriptions (patient_id, drug, indication, dose, frequency, start_date, prescriber) VALUES ('pt-0743', 'Edoxaban', 'Anticoagulant (AF/VTE)', '1 puff', 'once daily', '2025-06-26', 'Dr Matthew Smith');
INSERT INTO patient_appointments (patient_id, appointment_date, appointment_time, type, location, reason, verified_up_to_date) VALUES ('pt-0743', '2025-06-18', '11:40', 'Diabetes clinic', 'Telehealth', 'annual monitoring', 1);
INSERT INTO patient_appointments (patient_id, appointment_date, appointment_time, type, location, reason, verified_up_to_date) VALUES ('pt-0743', '2026-06-12', '08:40', 'GP review', 'GP practice', 'annual monitoring', 0);
INSERT INTO patient_vaccine_records (patient_id, vaccine, vaccine_date, product) VALUES ('pt-0743', 'COVID-19', '2022-03-29', 'Spikevax');

INSERT INTO patients (id, name, age, gender, address_line1, city, county, postcode, country, telephone, email, gp_name, gp_practice, gp_address, national_insurance_number, passport_number, cache_status, last_synced_at, meta_region) VALUES ('pt-0744', 'Leah Gill', 48, 'Female', '110 West George Street', 'Glasgow', 'Glasgow City', 'G2 3AB', 'UK', '+44 7912 941077', 'leah.gill97@outlook.com', 'Dr Ibrahim Foster', 'Brownlow Group Practice', '150 Mt Pleasant, Liverpool L69 3GD, United Kingdom', 'FS666069A', '925794938', 'cached_stale', '2026-02-20T00:00:00Z', 'Glasgow');
INSERT INTO patient_conditions (patient_id, condition_name, status, since_date) VALUES ('pt-0744', 'Benign prostatic hyperplasia (BPH)', 'active', '2011-11-30');
INSERT INTO patient_appointments (patient_id, appointment_date, appointment_time, type, location, reason, verified_up_to_date) VALUES ('pt-0744', '2023-08-14', '10:20', 'Physiotherapy', 'Telehealth', 'annual monitoring', 1);
INSERT INTO patient_appointments (patient_id, appointment_date, appointment_time, type, location, reason, verified_up_to_date) VALUES ('pt-0744', '2026-05-31', '15:10', 'Physiotherapy', 'Home visit', 'vaccination', 1);
INSERT INTO patient_appointments (patient_id, appointment_date, appointment_time, type, location, reason, verified_up_to_date) VALUES ('pt-0744', '2027-03-01', '08:10', 'Diabetes clinic', 'Home visit', 'results discussion', 1);

INSERT INTO patients (id, name, age, gender, address_line1, city, county, postcode, country, telephone, email, gp_name, gp_practice, gp_address, national_insurance_number, passport_number, cache_status, last_synced_at, meta_region) VALUES ('pt-0745', 'Maisie Harrison', 58, 'Female', '139 Cyprus Road', 'Cambridge', 'Cambridgeshire', 'CB1 3NL', 'UK', '+44 7684 873786', 'maisieharrison@icloud.com', 'Dr Zoe Khan', 'Brownlow Group Practice', '150 Mt Pleasant, Liverpool L69 3GD, United Kingdom', 'MU410609B', '121170094', 'verified_online', '2026-02-16T00:00:00Z', 'Cambridge');
INSERT INTO patient_conditions (patient_id, condition_name, status, since_date) VALUES ('pt-0745', 'COPD', 'controlled', '2016-07-08');
INSERT INTO patient_conditions (patient_id, condition_name, status, since_date) VALUES ('pt-0745', 'Chronic back pain', 'history', '2018-05-13');
INSERT INTO patient_prescriptions (patient_id, drug, indication, dose, frequency, start_date, prescriber) VALUES ('pt-0745', 'Tirzepatide', 'Weight management/Type 2 diabetes', '5 mg', 'as needed', '2023-04-26', 'Dr Owen Hughes');
INSERT INTO patient_prescriptions (patient_id, drug, indication, dose, frequency, start_date, prescriber) VALUES ('pt-0745', 'Tamsulosin', 'BPH', '1 injection', 'once daily', '2026-02-13', 'Dr Helen Ahmed');
INSERT INTO patient_appointments (patient_id, appointment_date, appointment_time, type, location, reason, verified_up_to_date) VALUES ('pt-0745', '2023-03-05', '08:40', 'Cardiology follow-up', 'Home visit', 'treatment follow-up', 1);
INSERT INTO patient_vaccine_records (patient_id, vaccine, vaccine_date, product) VALUES ('pt-0745', 'COVID-19', '2020-02-01', 'Comirnaty');
INSERT INTO patient_vaccine_records (patient_id, vaccine, vaccine_date, product) VALUES ('pt-0745', 'Hepatitis B', '2016-03-16', NULL);

INSERT INTO patients (id, name, age, gender, address_line1, city, county, postcode, country, telephone, email, gp_name, gp_practice, gp_address, national_insurance_number, passport_number, cache_status, last_synced_at, meta_region) VALUES ('pt-0746', 'Callum Jackson', 87, 'Male', '20 Briggate', 'Leeds', 'West Yorkshire', 'LS1 1UR', 'UK', '+44 7675 745897', 'callum991@outlook.com', 'Dr Fatima Morgan', 'Brownlow Group Practice', '150 Mt Pleasant, Liverpool L69 3GD, United Kingdom', 'QI353566C', '575562251', 'cached_recent', '2026-02-23T00:00:00Z', 'Leeds');
INSERT INTO patient_conditions (patient_id, condition_name, status, since_date) VALUES ('pt-0746', 'Epilepsy', 'controlled', '2018-01-19');
INSERT INTO patient_conditions (patient_id, condition_name, status, since_date) VALUES ('pt-0746', 'Obesity', 'history', '2015-09-03');
INSERT INTO patient_conditions (patient_id, condition_name, status, since_date) VALUES ('pt-0746', 'Dementia', 'history', '2025-08-23');
INSERT INTO patient_conditions (patient_id, condition_name, status, since_date) VALUES ('pt-0746', 'Generalised anxiety disorder', 'monitoring', '2019-01-21');
INSERT INTO patient_conditions (patient_id, condition_name, status, since_date) VALUES ('pt-0746', 'Atrial fibrillation', 'active', '2024-11-06');
INSERT INTO patient_prescriptions (patient_id, drug, indication, dose, frequency, start_date, prescriber) VALUES ('pt-0746', 'Citalopram', 'Depression/Anxiety', '100 mg', 'as needed', '2026-02-11', 'Dr Ibrahim Ahmed');
INSERT INTO patient_appointments (patient_id, appointment_date, appointment_time, type, location, reason, verified_up_to_date) VALUES ('pt-0746', '2023-08-19', '17:00', 'Physiotherapy', 'Hospital outpatient department', 'treatment follow-up', 0);
INSERT INTO patient_appointments (patient_id, appointment_date, appointment_time, type, location, reason, verified_up_to_date) VALUES ('pt-0746', '2024-11-03', '09:45', 'Medication review', 'Telehealth', 'annual monitoring', 1);
INSERT INTO patient_appointments (patient_id, appointment_date, appointment_time, type, location, reason, verified_up_to_date) VALUES ('pt-0746', '2025-03-22', '10:45', 'Blood test', 'Hospital outpatient department', 'vaccination', 1);
INSERT INTO patient_appointments (patient_id, appointment_date, appointment_time, type, location, reason, verified_up_to_date) VALUES ('pt-0746', '2026-08-13', '11:30', 'Vaccination appointment', 'Community clinic', 'vaccination', 1);

INSERT INTO patients (id, name, age, gender, address_line1, city, county, postcode, country, telephone, email, gp_name, gp_practice, gp_address, national_insurance_number, passport_number, cache_status, last_synced_at, meta_region) VALUES ('pt-0747', 'Olivia Davies', 45, 'Female', 'Unit 40, 175 Newton Street', 'Manchester', 'Greater Manchester', 'M1 1FJ', 'UK', '+44 7799 399308', 'olivia.davies@gmail.com', 'Dr Kate Walsh', 'Brownlow Group Practice', '150 Mt Pleasant, Liverpool L69 3GD, United Kingdom', 'EL121728A', '422137815', 'verified_online', '2026-02-21T00:00:00Z', 'Manchester');
INSERT INTO patient_conditions (patient_id, condition_name, status, since_date) VALUES ('pt-0747', 'Osteoarthritis', 'controlled', '2025-12-06');
INSERT INTO patient_conditions (patient_id, condition_name, status, since_date) VALUES ('pt-0747', 'History of stroke/TIA', 'monitoring', '2021-03-11');
INSERT INTO patient_conditions (patient_id, condition_name, status, since_date) VALUES ('pt-0747', 'Gastro-oesophageal reflux disease (GORD)', 'controlled', '2025-12-06');
INSERT INTO patient_appointments (patient_id, appointment_date, appointment_time, type, location, reason, verified_up_to_date) VALUES ('pt-0747', '2025-04-08', '14:00', 'Mental health check-in', 'Hospital outpatient department', 'results discussion', 1);
INSERT INTO patient_vaccine_records (patient_id, vaccine, vaccine_date, product) VALUES ('pt-0747', 'MMR', '2023-12-19', NULL);

INSERT INTO patients (id, name, age, gender, address_line1, city, county, postcode, country, telephone, email, gp_name, gp_practice, gp_address, national_insurance_number, passport_number, cache_status, last_synced_at, meta_region) VALUES ('pt-0748', 'Stephen Barnes', 93, 'Male', 'Unit 17, 212 Hilton Street', 'Manchester', 'Greater Manchester', 'M1 1FJ', 'UK', '+44 7423 918922', 'stephen898@hotmail.co.uk', 'Dr Priya O''Neill', 'Brownlow Group Practice', '150 Mt Pleasant, Liverpool L69 3GD, United Kingdom', 'OH225232D', '596212485', 'cached_recent', '2026-02-18T00:00:00Z', 'Manchester');
INSERT INTO patient_prescriptions (patient_id, drug, indication, dose, frequency, start_date, prescriber) VALUES ('pt-0748', 'Sacubitril/valsartan', 'Heart failure', '25 mg', 'once daily', '2026-02-25', 'Dr Hannah Jones');
INSERT INTO patient_appointments (patient_id, appointment_date, appointment_time, type, location, reason, verified_up_to_date) VALUES ('pt-0748', '2025-04-03', '17:10', 'GP review', 'GP practice', 'vaccination', 0);

INSERT INTO patients (id, name, age, gender, address_line1, city, county, postcode, country, telephone, email, gp_name, gp_practice, gp_address, national_insurance_number, passport_number, cache_status, last_synced_at, meta_region) VALUES ('pt-0749', 'Hannah Murphy', 76, 'Female', 'Flat 29, 20 Malta Road', 'Cambridge', 'Cambridgeshire', 'CB1 3PY', 'UK', '+44 7367 524892', 'hmurphy@outlook.com', 'Dr David Graham', 'Brownlow Group Practice', '150 Mt Pleasant, Liverpool L69 3GD, United Kingdom', 'HJ466326C', '146277534', 'cached_recent', '2026-02-03T00:00:00Z', 'Cambridge');
INSERT INTO patient_vaccine_records (patient_id, vaccine, vaccine_date, product) VALUES ('pt-0749', 'Influenza (seasonal)', '2021-11-18', NULL);

INSERT INTO patients (id, name, age, gender, address_line1, city, county, postcode, country, telephone, email, gp_name, gp_practice, gp_address, national_insurance_number, passport_number, cache_status, last_synced_at, meta_region) VALUES ('pt-0750', 'Lucy Walker', 81, 'Female', 'Apt 7, 79 Westminster Bridge Road', 'London', 'Greater London', 'SW1A 1BH', 'UK', '+44 7817 652016', 'lucy691@icloud.com', 'Dr Grace Evans', 'Brownlow Group Practice', '150 Mt Pleasant, Liverpool L69 3GD, United Kingdom', 'JX331758A', '579462904', 'cached_stale', '2026-02-04T00:00:00Z', 'London');
INSERT INTO patient_prescriptions (patient_id, drug, indication, dose, frequency, start_date, prescriber) VALUES ('pt-0750', 'Tiotropium', 'COPD', '0.5 mg', 'with meals', '2025-02-15', 'Dr Kieran O''Neill');
INSERT INTO patient_prescriptions (patient_id, drug, indication, dose, frequency, start_date, prescriber) VALUES ('pt-0750', 'Rivaroxaban', 'Anticoagulant (AF/VTE)', '2.5 mg', 'as needed', '2024-02-02', 'Dr Grace Khan');
INSERT INTO patient_appointments (patient_id, appointment_date, appointment_time, type, location, reason, verified_up_to_date) VALUES ('pt-0750', '2024-07-21', '10:30', 'Blood test', 'Telehealth', 'vaccination', 0);
INSERT INTO patient_appointments (patient_id, appointment_date, appointment_time, type, location, reason, verified_up_to_date) VALUES ('pt-0750', '2024-09-10', '15:30', 'Ophthalmology', 'Community clinic', 'vaccination', 1);
INSERT INTO patient_appointments (patient_id, appointment_date, appointment_time, type, location, reason, verified_up_to_date) VALUES ('pt-0750', '2025-10-06', '09:10', 'Mental health check-in', 'GP practice', 'routine review', 0);
INSERT INTO patient_appointments (patient_id, appointment_date, appointment_time, type, location, reason, verified_up_to_date) VALUES ('pt-0750', '2026-02-01', '13:15', 'Medication review', 'GP practice', 'annual monitoring', 1);
INSERT INTO patient_appointments (patient_id, appointment_date, appointment_time, type, location, reason, verified_up_to_date) VALUES ('pt-0750', '2026-06-18', '12:20', 'Vaccination appointment', 'GP practice', 'annual monitoring', 1);
INSERT INTO patient_vaccine_records (patient_id, vaccine, vaccine_date, product) VALUES ('pt-0750', 'COVID-19', '2025-01-11', 'Comirnaty');

INSERT INTO patients (id, name, age, gender, address_line1, city, county, postcode, country, telephone, email, gp_name, gp_practice, gp_address, national_insurance_number, passport_number, cache_status, last_synced_at, meta_region) VALUES ('pt-0751', 'Maisie Taylor', 60, 'Female', 'Unit 4, 101 Park Row', 'Leeds', 'West Yorkshire', 'LS1 1UR', 'UK', '+44 7811 823294', 'maisie.taylor45@hotmail.co.uk', 'Dr Fatima Morgan', 'Brownlow Group Practice', '150 Mt Pleasant, Liverpool L69 3GD, United Kingdom', 'DF772357B', '821330348', 'cached_stale', '2026-02-18T00:00:00Z', 'Leeds');
INSERT INTO patient_conditions (patient_id, condition_name, status, since_date) VALUES ('pt-0751', 'Benign prostatic hyperplasia (BPH)', 'active', '2023-02-07');
INSERT INTO patient_appointments (patient_id, appointment_date, appointment_time, type, location, reason, verified_up_to_date) VALUES ('pt-0751', '2026-05-30', '14:40', 'Physiotherapy', 'Telehealth', 'routine review', 1);
INSERT INTO patient_vaccine_records (patient_id, vaccine, vaccine_date, product) VALUES ('pt-0751', 'Td/Tdap (tetanus, diphtheria, pertussis)', '2022-09-18', NULL);

INSERT INTO patients (id, name, age, gender, address_line1, city, county, postcode, country, telephone, email, gp_name, gp_practice, gp_address, national_insurance_number, passport_number, cache_status, last_synced_at, meta_region) VALUES ('pt-0752', 'Nora Harris', 28, 'Female', 'Unit 8, 47 Wharton Street', 'Cardiff', 'South Glamorgan', 'CF10 1AB', 'UK', '+44 7312 393428', 'nora.harris@outlook.com', 'Dr Daniel Hughes', 'Brownlow Group Practice', '150 Mt Pleasant, Liverpool L69 3GD, United Kingdom', 'UX393595B', '263752180', 'verified_online', '2026-02-27T00:00:00Z', 'Cardiff');
INSERT INTO patient_conditions (patient_id, condition_name, status, since_date) VALUES ('pt-0752', 'Asthma', 'controlled', '2021-08-13');
INSERT INTO patient_prescriptions (patient_id, drug, indication, dose, frequency, start_date, prescriber) VALUES ('pt-0752', 'Clopidogrel', 'Antiplatelet (post-MI/stroke)', '1 g', 'once weekly', '2024-04-19', 'Dr Zoe Jones');
INSERT INTO patient_prescriptions (patient_id, drug, indication, dose, frequency, start_date, prescriber) VALUES ('pt-0752', 'Nitrofurantoin', 'UTI', '500 mg', 'at night', '2023-06-25', 'Dr Fatima Morgan');
INSERT INTO patient_prescriptions (patient_id, drug, indication, dose, frequency, start_date, prescriber) VALUES ('pt-0752', 'Bisoprolol', 'Hypertension/Heart failure/Arrhythmia', '25 mg', 'once daily', '2025-10-11', 'Dr Alex Wilson');
INSERT INTO patient_vaccine_records (patient_id, vaccine, vaccine_date, product) VALUES ('pt-0752', 'Td/Tdap (tetanus, diphtheria, pertussis)', '2020-09-13', NULL);

INSERT INTO patients (id, name, age, gender, address_line1, city, county, postcode, country, telephone, email, gp_name, gp_practice, gp_address, national_insurance_number, passport_number, cache_status, last_synced_at, meta_region) VALUES ('pt-0753', 'Ella Evans', 47, 'Female', '11 Hilton Street', 'Manchester', 'Greater Manchester', 'M1 1AR', 'UK', '+44 7468 941761', 'ella.evans@icloud.com', 'Dr Ben Morgan', 'Brownlow Group Practice', '150 Mt Pleasant, Liverpool L69 3GD, United Kingdom', 'CD236649A', '004582638', 'verified_online', '2026-02-18T00:00:00Z', 'Manchester');
INSERT INTO patient_conditions (patient_id, condition_name, status, since_date) VALUES ('pt-0753', 'Overactive bladder', 'active', '2013-04-26');
INSERT INTO patient_conditions (patient_id, condition_name, status, since_date) VALUES ('pt-0753', 'Hypercholesterolaemia', 'controlled', '2019-09-25');
INSERT INTO patient_appointments (patient_id, appointment_date, appointment_time, type, location, reason, verified_up_to_date) VALUES ('pt-0753', '2024-12-02', '16:40', 'Diabetes clinic', 'Home visit', 'routine review', 1);
INSERT INTO patient_vaccine_records (patient_id, vaccine, vaccine_date, product) VALUES ('pt-0753', 'COVID-19', '2022-02-17', 'Nuvaxovid');

INSERT INTO patients (id, name, age, gender, address_line1, city, county, postcode, country, telephone, email, gp_name, gp_practice, gp_address, national_insurance_number, passport_number, cache_status, last_synced_at, meta_region) VALUES ('pt-0754', 'Megan Ali', 52, 'Female', 'Flat 7, 66 Hope Street', 'Glasgow', 'Glasgow City', 'G2 3AB', 'UK', '+44 7144 462006', 'megan743@outlook.com', 'Dr Ibrahim Foster', 'Brownlow Group Practice', '150 Mt Pleasant, Liverpool L69 3GD, United Kingdom', 'GQ003458D', '669744203', 'verified_online', '2026-02-11T00:00:00Z', 'Glasgow');
INSERT INTO patient_prescriptions (patient_id, drug, indication, dose, frequency, start_date, prescriber) VALUES ('pt-0754', 'Rivaroxaban', 'Anticoagulant (AF/VTE)', '2.5 mg', 'with meals', '2023-07-12', 'Dr Holly Taylor');

INSERT INTO patients (id, name, age, gender, address_line1, city, county, postcode, country, telephone, email, gp_name, gp_practice, gp_address, national_insurance_number, passport_number, cache_status, last_synced_at, meta_region) VALUES ('pt-0755', 'Sophie Brown', 43, 'Female', 'Apt 53, 48 West George Street', 'Glasgow', 'Glasgow City', 'G2 2QZ', 'UK', '+44 7250 973840', 'sophie.brown20@icloud.com', 'Dr Ibrahim Foster', 'Brownlow Group Practice', '150 Mt Pleasant, Liverpool L69 3GD, United Kingdom', 'DE855352B', '232248083', 'cached_stale', '2026-02-11T00:00:00Z', 'Glasgow');
INSERT INTO patient_conditions (patient_id, condition_name, status, since_date) VALUES ('pt-0755', 'Epilepsy', 'active', '2018-12-18');
INSERT INTO patient_appointments (patient_id, appointment_date, appointment_time, type, location, reason, verified_up_to_date) VALUES ('pt-0755', '2023-12-02', '10:20', 'Diabetes clinic', 'Hospital outpatient department', 'symptom check', 1);
INSERT INTO patient_appointments (patient_id, appointment_date, appointment_time, type, location, reason, verified_up_to_date) VALUES ('pt-0755', '2025-03-22', '08:45', 'Cardiology follow-up', 'GP practice', 'treatment follow-up', 1);
INSERT INTO patient_appointments (patient_id, appointment_date, appointment_time, type, location, reason, verified_up_to_date) VALUES ('pt-0755', '2025-04-12', '14:40', 'Mental health check-in', 'Home visit', 'treatment follow-up', 0);

INSERT INTO patients (id, name, age, gender, address_line1, city, county, postcode, country, telephone, email, gp_name, gp_practice, gp_address, national_insurance_number, passport_number, cache_status, last_synced_at, meta_region) VALUES ('pt-0756', 'Archie Green', 41, 'Male', '104 Broad Street', 'Birmingham', 'West Midlands', 'B1 1BB', 'UK', '+44 7489 222236', 'archie661@outlook.com', 'Dr Grace Hughes', 'Brownlow Group Practice', '150 Mt Pleasant, Liverpool L69 3GD, United Kingdom', 'SI937711C', '437977943', 'cached_recent', '2026-02-20T00:00:00Z', 'Birmingham');
INSERT INTO patient_conditions (patient_id, condition_name, status, since_date) VALUES ('pt-0756', 'Hypercholesterolaemia', 'controlled', '2014-02-17');
INSERT INTO patient_appointments (patient_id, appointment_date, appointment_time, type, location, reason, verified_up_to_date) VALUES ('pt-0756', '2026-06-05', '16:15', 'Mental health check-in', 'Community clinic', 'annual monitoring', 1);

INSERT INTO patients (id, name, age, gender, address_line1, city, county, postcode, country, telephone, email, gp_name, gp_practice, gp_address, national_insurance_number, passport_number, cache_status, last_synced_at, meta_region) VALUES ('pt-0757', 'William O''Connor', 8, 'Male', 'Flat 51, 172 Constitution Hill', 'London', 'Greater London', 'SW1A 1BD', 'UK', '+44 7931 727276', 'william.oconnor70@icloud.com', 'Dr Owen Evans', 'Brownlow Group Practice', '150 Mt Pleasant, Liverpool L69 3GD, United Kingdom', 'WO906974D', '209897689', 'verified_online', '2026-02-07T00:00:00Z', 'London');
INSERT INTO patient_prescriptions (patient_id, drug, indication, dose, frequency, start_date, prescriber) VALUES ('pt-0757', 'Dapagliflozin', 'Type 2 diabetes/Heart failure/CKD', '25 mg', 'twice daily', '2025-04-14', 'Dr Rachel Smith');
INSERT INTO patient_prescriptions (patient_id, drug, indication, dose, frequency, start_date, prescriber) VALUES ('pt-0757', 'Beclometasone dipropionate', 'Asthma/COPD', '20 mg', 'once weekly', '2024-03-23', 'Dr Helen Morgan');
INSERT INTO patient_vaccine_records (patient_id, vaccine, vaccine_date, product) VALUES ('pt-0757', 'COVID-19', '2018-03-22', 'Nuvaxovid');

INSERT INTO patients (id, name, age, gender, address_line1, city, county, postcode, country, telephone, email, gp_name, gp_practice, gp_address, national_insurance_number, passport_number, cache_status, last_synced_at, meta_region) VALUES ('pt-0758', 'Reuben Morris', 41, 'Male', '120 Lever Street', 'Manchester', 'Greater Manchester', 'M1 1AQ', 'UK', '+44 7357 950366', 'reuben388@gmail.com', 'Dr Kate Walsh', 'Brownlow Group Practice', '150 Mt Pleasant, Liverpool L69 3GD, United Kingdom', 'QV864177B', '617704391', 'cached_recent', '2026-03-03T00:00:00Z', 'Manchester');
INSERT INTO patient_conditions (patient_id, condition_name, status, since_date) VALUES ('pt-0758', 'Atrial fibrillation', 'controlled', '2016-01-22');
INSERT INTO patient_prescriptions (patient_id, drug, indication, dose, frequency, start_date, prescriber) VALUES ('pt-0758', 'Pregabalin', 'Neuropathic pain/Anxiety', '0.5 mg', 'once daily', '2024-10-21', 'Dr Holly Khan');

INSERT INTO patients (id, name, age, gender, address_line1, city, county, postcode, country, telephone, email, gp_name, gp_practice, gp_address, national_insurance_number, passport_number, cache_status, last_synced_at, meta_region) VALUES ('pt-0759', 'Rosie Martin', 32, 'Female', '151 Briggate', 'Leeds', 'West Yorkshire', 'LS1 1UR', 'UK', '+44 7862 380983', 'rosie358@hotmail.co.uk', 'Dr Kate Wilson', 'Brownlow Group Practice', '150 Mt Pleasant, Liverpool L69 3GD, United Kingdom', 'SL062071B', '370831388', 'verified_online', '2026-02-02T00:00:00Z', 'Leeds');
INSERT INTO patient_conditions (patient_id, condition_name, status, since_date) VALUES ('pt-0759', 'Generalised anxiety disorder', 'active', '2023-07-31');

INSERT INTO patients (id, name, age, gender, address_line1, city, county, postcode, country, telephone, email, gp_name, gp_practice, gp_address, national_insurance_number, passport_number, cache_status, last_synced_at, meta_region) VALUES ('pt-0760', 'Abigail Stewart', 67, 'Female', 'Flat 3, 1 Newton Street', 'Manchester', 'Greater Manchester', 'M1 1AE', 'UK', '+44 7205 934647', 'abigail.stewart@hotmail.co.uk', 'Dr Priya O''Neill', 'Brownlow Group Practice', '150 Mt Pleasant, Liverpool L69 3GD, United Kingdom', 'LX430419B', '701522487', 'verified_online', '2026-02-25T00:00:00Z', 'Manchester');
INSERT INTO patient_conditions (patient_id, condition_name, status, since_date) VALUES ('pt-0760', 'Chronic kidney disease', 'active', '2020-01-06');
INSERT INTO patient_conditions (patient_id, condition_name, status, since_date) VALUES ('pt-0760', 'Chronic back pain', 'monitoring', '2021-08-22');
INSERT INTO patient_appointments (patient_id, appointment_date, appointment_time, type, location, reason, verified_up_to_date) VALUES ('pt-0760', '2025-12-04', '16:20', 'Physiotherapy', 'Home visit', 'annual monitoring', 1);
INSERT INTO patient_vaccine_records (patient_id, vaccine, vaccine_date, product) VALUES ('pt-0760', 'COVID-19', '2017-10-12', 'Comirnaty');

INSERT INTO patients (id, name, age, gender, address_line1, city, county, postcode, country, telephone, email, gp_name, gp_practice, gp_address, national_insurance_number, passport_number, cache_status, last_synced_at, meta_region) VALUES ('pt-0761', 'Molly Watson', 52, 'Female', '122 Edward''s Walk', 'Newcastle upon Tyne', 'Tyne and Wear', 'NE1 4LP', 'UK', '+44 7913 225580', 'molly.watson@hotmail.co.uk', 'Dr Helen Foster', 'Brownlow Group Practice', '150 Mt Pleasant, Liverpool L69 3GD, United Kingdom', 'VN559411B', '698517898', 'cached_stale', '2026-02-07T00:00:00Z', 'Newcastle upon Tyne');
INSERT INTO patient_appointments (patient_id, appointment_date, appointment_time, type, location, reason, verified_up_to_date) VALUES ('pt-0761', '2024-04-14', '10:00', 'Vaccination appointment', 'Hospital outpatient department', 'annual monitoring', 1);

INSERT INTO patients (id, name, age, gender, address_line1, city, county, postcode, country, telephone, email, gp_name, gp_practice, gp_address, national_insurance_number, passport_number, cache_status, last_synced_at, meta_region) VALUES ('pt-0762', 'Sophie Clarke', 89, 'Female', '58 Newhall Street', 'Birmingham', 'West Midlands', 'B1 1BB', 'UK', '+44 7773 917126', 'sophie750@outlook.com', 'Dr Grace Hughes', 'Brownlow Group Practice', '150 Mt Pleasant, Liverpool L69 3GD, United Kingdom', 'WG721119A', '785941837', 'cached_recent', '2026-02-23T00:00:00Z', 'Birmingham');
INSERT INTO patient_conditions (patient_id, condition_name, status, since_date) VALUES ('pt-0762', 'Obesity', 'history', '2017-09-11');
INSERT INTO patient_conditions (patient_id, condition_name, status, since_date) VALUES ('pt-0762', 'Osteoporosis', 'history', '2025-04-01');
INSERT INTO patient_conditions (patient_id, condition_name, status, since_date) VALUES ('pt-0762', 'Type 2 diabetes', 'active', '2016-05-26');
INSERT INTO patient_prescriptions (patient_id, drug, indication, dose, frequency, start_date, prescriber) VALUES ('pt-0762', 'Losartan', 'Hypertension', '1 g', 'once daily', '2023-05-25', 'Dr Sarah Jones');
INSERT INTO patient_appointments (patient_id, appointment_date, appointment_time, type, location, reason, verified_up_to_date) VALUES ('pt-0762', '2025-12-25', '16:00', 'Physiotherapy', 'Home visit', 'treatment follow-up', 1);
INSERT INTO patient_vaccine_records (patient_id, vaccine, vaccine_date, product) VALUES ('pt-0762', 'Influenza (seasonal)', '2022-07-27', NULL);
INSERT INTO patient_vaccine_records (patient_id, vaccine, vaccine_date, product) VALUES ('pt-0762', 'Pneumococcal', '2016-07-10', NULL);
INSERT INTO patient_vaccine_records (patient_id, vaccine, vaccine_date, product) VALUES ('pt-0762', 'Shingles (Shingrix)', '2022-12-01', 'Shingrix');
INSERT INTO patient_vaccine_records (patient_id, vaccine, vaccine_date, product) VALUES ('pt-0762', 'RSV', '2019-06-03', 'Arexvy');
INSERT INTO patient_vaccine_records (patient_id, vaccine, vaccine_date, product) VALUES ('pt-0762', 'Td/Tdap (tetanus, diphtheria, pertussis)', '2019-02-24', NULL);

INSERT INTO patients (id, name, age, gender, address_line1, city, county, postcode, country, telephone, email, gp_name, gp_practice, gp_address, national_insurance_number, passport_number, cache_status, last_synced_at, meta_region) VALUES ('pt-0763', 'Jack Brown', 76, 'Male', '198 Briggate', 'Leeds', 'West Yorkshire', 'LS1 1UR', 'UK', '+44 7582 987168', 'jackbrown@hotmail.co.uk', 'Dr Fatima Wilson', 'Brownlow Group Practice', '150 Mt Pleasant, Liverpool L69 3GD, United Kingdom', 'TG276032A', '038398504', 'verified_online', '2026-02-07T00:00:00Z', 'Leeds');
INSERT INTO patient_conditions (patient_id, condition_name, status, since_date) VALUES ('pt-0763', 'Chronic back pain', 'monitoring', '2012-01-20');
INSERT INTO patient_prescriptions (patient_id, drug, indication, dose, frequency, start_date, prescriber) VALUES ('pt-0763', 'Apixaban', 'Anticoagulant (AF/VTE)', '10 mg', 'as needed', '2023-10-28', 'Dr Alex Wilson');
INSERT INTO patient_prescriptions (patient_id, drug, indication, dose, frequency, start_date, prescriber) VALUES ('pt-0763', 'Sitagliptin', 'Type 2 diabetes', '1 g', 'twice daily', '2025-02-09', 'Dr Maya Patel');
INSERT INTO patient_appointments (patient_id, appointment_date, appointment_time, type, location, reason, verified_up_to_date) VALUES ('pt-0763', '2025-12-01', '10:50', 'Medication review', 'GP practice', 'vaccination', 1);
INSERT INTO patient_vaccine_records (patient_id, vaccine, vaccine_date, product) VALUES ('pt-0763', 'COVID-19', '2025-10-15', 'Nuvaxovid');
INSERT INTO patient_vaccine_records (patient_id, vaccine, vaccine_date, product) VALUES ('pt-0763', 'Influenza (seasonal)', '2023-04-06', NULL);
INSERT INTO patient_vaccine_records (patient_id, vaccine, vaccine_date, product) VALUES ('pt-0763', 'Pneumococcal', '2024-01-01', NULL);

INSERT INTO patients (id, name, age, gender, address_line1, city, county, postcode, country, telephone, email, gp_name, gp_practice, gp_address, national_insurance_number, passport_number, cache_status, last_synced_at, meta_region) VALUES ('pt-0764', 'Imogen Hall', 46, 'Female', '135 Newhall Street', 'Birmingham', 'West Midlands', 'B1 1BB', 'UK', '+44 7443 844466', 'imogen.hall33@outlook.com', 'Dr Michael Ahmed', 'Brownlow Group Practice', '150 Mt Pleasant, Liverpool L69 3GD, United Kingdom', 'ZL277545B', '319817429', 'cached_stale', '2026-03-03T00:00:00Z', 'Birmingham');
INSERT INTO patient_conditions (patient_id, condition_name, status, since_date) VALUES ('pt-0764', 'Atrial fibrillation', 'active', '2024-11-08');
INSERT INTO patient_conditions (patient_id, condition_name, status, since_date) VALUES ('pt-0764', 'Depression', 'controlled', '2018-04-21');
INSERT INTO patient_conditions (patient_id, condition_name, status, since_date) VALUES ('pt-0764', 'Chronic kidney disease', 'controlled', '2016-06-12');
INSERT INTO patient_conditions (patient_id, condition_name, status, since_date) VALUES ('pt-0764', 'Hypertension', 'active', '2011-07-08');
INSERT INTO patient_conditions (patient_id, condition_name, status, since_date) VALUES ('pt-0764', 'Obesity', 'active', '2024-03-29');
INSERT INTO patient_conditions (patient_id, condition_name, status, since_date) VALUES ('pt-0764', 'Chronic back pain', 'controlled', '2012-11-06');
INSERT INTO patient_appointments (patient_id, appointment_date, appointment_time, type, location, reason, verified_up_to_date) VALUES ('pt-0764', '2024-09-05', '08:00', 'Ophthalmology', 'Telehealth', 'vaccination', 1);

INSERT INTO patients (id, name, age, gender, address_line1, city, county, postcode, country, telephone, email, gp_name, gp_practice, gp_address, national_insurance_number, passport_number, cache_status, last_synced_at, meta_region) VALUES ('pt-0765', 'Ryan Kelly', 93, 'Male', '104 Little Lever Street', 'Manchester', 'Greater Manchester', 'M1 1FJ', 'UK', '+44 7496 774163', 'ryan.kelly@icloud.com', 'Dr Priya O''Neill', 'Brownlow Group Practice', '150 Mt Pleasant, Liverpool L69 3GD, United Kingdom', 'ES850965C', '787587794', 'verified_online', '2026-02-19T00:00:00Z', 'Manchester');
INSERT INTO patient_conditions (patient_id, condition_name, status, since_date) VALUES ('pt-0765', 'Atrial fibrillation', 'controlled', '2023-11-12');
INSERT INTO patient_prescriptions (patient_id, drug, indication, dose, frequency, start_date, prescriber) VALUES ('pt-0765', 'Atorvastatin', 'High cholesterol/Cardiovascular risk', '25 mg', 'once daily', '2025-07-24', 'Dr Matthew Campbell');
INSERT INTO patient_prescriptions (patient_id, drug, indication, dose, frequency, start_date, prescriber) VALUES ('pt-0765', 'Amitriptyline', 'Neuropathic pain/Migraine prevention', '500 mg', 'once weekly', '2026-01-26', 'Dr Ibrahim Khan');
INSERT INTO patient_appointments (patient_id, appointment_date, appointment_time, type, location, reason, verified_up_to_date) VALUES ('pt-0765', '2025-03-15', '15:00', 'Mental health check-in', 'Community clinic', 'annual monitoring', 1);
INSERT INTO patient_appointments (patient_id, appointment_date, appointment_time, type, location, reason, verified_up_to_date) VALUES ('pt-0765', '2025-10-18', '13:10', 'Cardiology follow-up', 'Community clinic', 'vaccination', 1);

INSERT INTO patients (id, name, age, gender, address_line1, city, county, postcode, country, telephone, email, gp_name, gp_practice, gp_address, national_insurance_number, passport_number, cache_status, last_synced_at, meta_region) VALUES ('pt-0766', 'Jasmine Lee', 88, 'Female', 'Flat 37, 209 West George Street', 'Glasgow', 'Glasgow City', 'G2 2NR', 'UK', '+44 7710 766573', 'jasmine.lee75@gmail.com', 'Dr Owen Campbell', 'Brownlow Group Practice', '150 Mt Pleasant, Liverpool L69 3GD, United Kingdom', 'OM096691A', '818537166', 'cached_recent', '2026-02-16T00:00:00Z', 'Glasgow');
INSERT INTO patient_conditions (patient_id, condition_name, status, since_date) VALUES ('pt-0766', 'Gastro-oesophageal reflux disease (GORD)', 'active', '2023-01-14');
INSERT INTO patient_conditions (patient_id, condition_name, status, since_date) VALUES ('pt-0766', 'Heart failure', 'controlled', '2016-01-31');
INSERT INTO patient_conditions (patient_id, condition_name, status, since_date) VALUES ('pt-0766', 'Generalised anxiety disorder', 'active', '2024-07-15');
INSERT INTO patient_prescriptions (patient_id, drug, indication, dose, frequency, start_date, prescriber) VALUES ('pt-0766', 'Levetiracetam', 'Epilepsy', '0.5 mg', 'once weekly', '2025-07-28', 'Dr Robert Hughes');
INSERT INTO patient_prescriptions (patient_id, drug, indication, dose, frequency, start_date, prescriber) VALUES ('pt-0766', 'Beclometasone dipropionate', 'Asthma/COPD', '1 puff', 'at night', '2025-01-30', 'Dr Hannah Wilson');
INSERT INTO patient_appointments (patient_id, appointment_date, appointment_time, type, location, reason, verified_up_to_date) VALUES ('pt-0766', '2025-04-02', '14:30', 'Respiratory review', 'GP practice', 'treatment follow-up', 1);
INSERT INTO patient_appointments (patient_id, appointment_date, appointment_time, type, location, reason, verified_up_to_date) VALUES ('pt-0766', '2025-09-11', '13:00', 'Ophthalmology', 'Telehealth', 'routine review', 1);
INSERT INTO patient_appointments (patient_id, appointment_date, appointment_time, type, location, reason, verified_up_to_date) VALUES ('pt-0766', '2026-02-14', '08:00', 'Mental health check-in', 'Community clinic', 'routine review', 0);

INSERT INTO patients (id, name, age, gender, address_line1, city, county, postcode, country, telephone, email, gp_name, gp_practice, gp_address, national_insurance_number, passport_number, cache_status, last_synced_at, meta_region) VALUES ('pt-0767', 'Jenny Thompson', 89, 'Female', '189 Chicheley Street', 'London', 'Greater London', 'SW1A 1JR', 'UK', '+44 7967 350959', 'jenny273@gmail.com', 'Dr Fatima Ahmed', 'Brownlow Group Practice', '150 Mt Pleasant, Liverpool L69 3GD, United Kingdom', 'TV644368A', '619337445', 'cached_recent', '2026-03-02T00:00:00Z', 'London');
INSERT INTO patient_conditions (patient_id, condition_name, status, since_date) VALUES ('pt-0767', 'Glaucoma', 'monitoring', '2015-05-28');
INSERT INTO patient_conditions (patient_id, condition_name, status, since_date) VALUES ('pt-0767', 'Epilepsy', 'active', '2018-10-14');
INSERT INTO patient_prescriptions (patient_id, drug, indication, dose, frequency, start_date, prescriber) VALUES ('pt-0767', 'Edoxaban', 'Anticoagulant (AF/VTE)', '100 mg', 'at night', '2023-11-30', 'Dr Grace Khan');
INSERT INTO patient_prescriptions (patient_id, drug, indication, dose, frequency, start_date, prescriber) VALUES ('pt-0767', 'Tiotropium', 'COPD', '2.5 mg', 'as needed', '2023-06-20', 'Dr Maya Brown');
INSERT INTO patient_appointments (patient_id, appointment_date, appointment_time, type, location, reason, verified_up_to_date) VALUES ('pt-0767', '2024-12-10', '11:30', 'Medication review', 'Hospital outpatient department', 'symptom check', 1);
INSERT INTO patient_appointments (patient_id, appointment_date, appointment_time, type, location, reason, verified_up_to_date) VALUES ('pt-0767', '2025-09-22', '17:00', 'Cardiology follow-up', 'Home visit', 'results discussion', 1);
INSERT INTO patient_appointments (patient_id, appointment_date, appointment_time, type, location, reason, verified_up_to_date) VALUES ('pt-0767', '2026-05-30', '13:45', 'Medication review', 'Hospital outpatient department', 'symptom check', 1);
INSERT INTO patient_appointments (patient_id, appointment_date, appointment_time, type, location, reason, verified_up_to_date) VALUES ('pt-0767', '2026-08-16', '09:15', 'GP review', 'Home visit', 'treatment follow-up', 1);
INSERT INTO patient_vaccine_records (patient_id, vaccine, vaccine_date, product) VALUES ('pt-0767', 'COVID-19', '2024-01-28', 'Spikevax');

INSERT INTO patients (id, name, age, gender, address_line1, city, county, postcode, country, telephone, email, gp_name, gp_practice, gp_address, national_insurance_number, passport_number, cache_status, last_synced_at, meta_region) VALUES ('pt-0768', 'Theo Morris', 74, 'Male', '146 Hope Street', 'Glasgow', 'Glasgow City', 'G2 3AB', 'UK', '+44 7143 284785', 'tmorris@icloud.com', 'Dr Zoe Jones', 'Brownlow Group Practice', '150 Mt Pleasant, Liverpool L69 3GD, United Kingdom', 'NC823022C', '326053490', 'cached_recent', '2026-02-09T00:00:00Z', 'Glasgow');
INSERT INTO patient_conditions (patient_id, condition_name, status, since_date) VALUES ('pt-0768', 'Heart failure', 'controlled', '2013-12-27');
INSERT INTO patient_conditions (patient_id, condition_name, status, since_date) VALUES ('pt-0768', 'Glaucoma', 'history', '2021-02-19');
INSERT INTO patient_conditions (patient_id, condition_name, status, since_date) VALUES ('pt-0768', 'Osteoarthritis', 'active', '2011-08-07');
INSERT INTO patient_prescriptions (patient_id, drug, indication, dose, frequency, start_date, prescriber) VALUES ('pt-0768', 'Empagliflozin', 'Type 2 diabetes/Heart failure', '20 mg', 'at night', '2025-04-24', 'Dr Kieran Taylor');
INSERT INTO patient_appointments (patient_id, appointment_date, appointment_time, type, location, reason, verified_up_to_date) VALUES ('pt-0768', '2026-04-30', '13:40', 'Ophthalmology', 'Community clinic', 'routine review', 1);
INSERT INTO patient_vaccine_records (patient_id, vaccine, vaccine_date, product) VALUES ('pt-0768', 'COVID-19', '2024-03-17', 'Nuvaxovid');
INSERT INTO patient_vaccine_records (patient_id, vaccine, vaccine_date, product) VALUES ('pt-0768', 'Influenza (seasonal)', '2024-10-16', NULL);
INSERT INTO patient_vaccine_records (patient_id, vaccine, vaccine_date, product) VALUES ('pt-0768', 'Shingles (Shingrix)', '2024-10-28', 'Shingrix');

INSERT INTO patients (id, name, age, gender, address_line1, city, county, postcode, country, telephone, email, gp_name, gp_practice, gp_address, national_insurance_number, passport_number, cache_status, last_synced_at, meta_region) VALUES ('pt-0769', 'Sebastian Bennett', 51, 'Male', 'Apt 76, 8 George Street', 'Edinburgh', 'City of Edinburgh', 'EH2 2PF', 'UK', '+44 7450 264699', 'sbennett@icloud.com', 'Dr Daniel Evans', 'Brownlow Group Practice', '150 Mt Pleasant, Liverpool L69 3GD, United Kingdom', 'XV082231C', '074509308', 'cached_recent', '2026-02-25T00:00:00Z', 'Edinburgh');
INSERT INTO patient_vaccine_records (patient_id, vaccine, vaccine_date, product) VALUES ('pt-0769', 'MMR', '2024-08-25', NULL);

INSERT INTO patients (id, name, age, gender, address_line1, city, county, postcode, country, telephone, email, gp_name, gp_practice, gp_address, national_insurance_number, passport_number, cache_status, last_synced_at, meta_region) VALUES ('pt-0770', 'Eleanor Campbell', 0, 'Female', 'Flat 34, 56 Donegall Square', 'Belfast', 'County Antrim', 'BT1 5UB', 'UK', '+44 7298 652605', 'ecampbell@icloud.com', 'Dr Matthew Ahmed', 'Brownlow Group Practice', '150 Mt Pleasant, Liverpool L69 3GD, United Kingdom', 'MT792189A', '561755003', 'verified_online', '2026-02-07T00:00:00Z', 'Belfast');
INSERT INTO patient_conditions (patient_id, condition_name, status, since_date) VALUES ('pt-0770', 'Atrial fibrillation', 'active', '2021-03-06');
INSERT INTO patient_conditions (patient_id, condition_name, status, since_date) VALUES ('pt-0770', 'Chronic back pain', 'controlled', '2018-02-22');
INSERT INTO patient_prescriptions (patient_id, drug, indication, dose, frequency, start_date, prescriber) VALUES ('pt-0770', 'Tamsulosin', 'BPH', '20 mg', 'with meals', '2024-05-25', 'Dr Maya Campbell');
INSERT INTO patient_vaccine_records (patient_id, vaccine, vaccine_date, product) VALUES ('pt-0770', 'COVID-19', '2019-06-24', 'Spikevax');

INSERT INTO patients (id, name, age, gender, address_line1, city, county, postcode, country, telephone, email, gp_name, gp_practice, gp_address, national_insurance_number, passport_number, cache_status, last_synced_at, meta_region) VALUES ('pt-0771', 'Lewis Morris', 76, 'Male', '170 Anchor Road', 'Bristol', 'Bristol', 'BS1 5AS', 'UK', '+44 7210 419102', 'lmorris@outlook.com', 'Dr Grace Foster', 'Brownlow Group Practice', '150 Mt Pleasant, Liverpool L69 3GD, United Kingdom', 'LA480097C', '238771784', 'cached_recent', '2026-02-02T00:00:00Z', 'Bristol');
INSERT INTO patient_conditions (patient_id, condition_name, status, since_date) VALUES ('pt-0771', 'Osteoporosis', 'active', '2013-07-10');
INSERT INTO patient_prescriptions (patient_id, drug, indication, dose, frequency, start_date, prescriber) VALUES ('pt-0771', 'Levetiracetam', 'Epilepsy', '500 mg', 'with meals', '2025-07-22', 'Dr Kieran Taylor');
INSERT INTO patient_appointments (patient_id, appointment_date, appointment_time, type, location, reason, verified_up_to_date) VALUES ('pt-0771', '2024-06-09', '11:30', 'Physiotherapy', 'GP practice', 'symptom check', 1);
INSERT INTO patient_vaccine_records (patient_id, vaccine, vaccine_date, product) VALUES ('pt-0771', 'COVID-19', '2016-09-09', 'Comirnaty');

INSERT INTO patients (id, name, age, gender, address_line1, city, county, postcode, country, telephone, email, gp_name, gp_practice, gp_address, national_insurance_number, passport_number, cache_status, last_synced_at, meta_region) VALUES ('pt-0772', 'Hannah Martin', 75, 'Female', 'Unit 11, 91 Houldsworth Street', 'Manchester', 'Greater Manchester', 'M1 1AL', 'UK', '+44 7161 164384', 'hannah.martin94@outlook.com', 'Dr Michael Smith', 'Brownlow Group Practice', '150 Mt Pleasant, Liverpool L69 3GD, United Kingdom', 'VQ828449B', '971656028', 'cached_recent', '2026-02-12T00:00:00Z', 'Manchester');
INSERT INTO patient_conditions (patient_id, condition_name, status, since_date) VALUES ('pt-0772', 'Heart failure', 'active', '2015-11-13');
INSERT INTO patient_conditions (patient_id, condition_name, status, since_date) VALUES ('pt-0772', 'Glaucoma', 'history', '2012-09-14');
INSERT INTO patient_conditions (patient_id, condition_name, status, since_date) VALUES ('pt-0772', 'Type 2 diabetes', 'monitoring', '2021-10-05');
INSERT INTO patient_conditions (patient_id, condition_name, status, since_date) VALUES ('pt-0772', 'Benign prostatic hyperplasia (BPH)', 'monitoring', '2013-04-09');
INSERT INTO patient_conditions (patient_id, condition_name, status, since_date) VALUES ('pt-0772', 'Hypercholesterolaemia', 'active', '2016-03-15');
INSERT INTO patient_conditions (patient_id, condition_name, status, since_date) VALUES ('pt-0772', 'Overactive bladder', 'monitoring', '2020-12-22');
INSERT INTO patient_prescriptions (patient_id, drug, indication, dose, frequency, start_date, prescriber) VALUES ('pt-0772', 'Levetiracetam', 'Epilepsy', '2 puffs', 'as needed', '2024-07-12', 'Dr Owen Taylor');
INSERT INTO patient_prescriptions (patient_id, drug, indication, dose, frequency, start_date, prescriber) VALUES ('pt-0772', 'Simvastatin', 'High cholesterol', '50 mg', 'with meals', '2025-02-02', 'Dr Maya Patel');
INSERT INTO patient_appointments (patient_id, appointment_date, appointment_time, type, location, reason, verified_up_to_date) VALUES ('pt-0772', '2026-03-09', '15:50', 'Cardiology follow-up', 'GP practice', 'results discussion', 1);
INSERT INTO patient_vaccine_records (patient_id, vaccine, vaccine_date, product) VALUES ('pt-0772', 'Influenza (seasonal)', '2022-11-29', NULL);
INSERT INTO patient_vaccine_records (patient_id, vaccine, vaccine_date, product) VALUES ('pt-0772', 'Shingles (Shingrix)', '2017-08-05', 'Shingrix');
INSERT INTO patient_vaccine_records (patient_id, vaccine, vaccine_date, product) VALUES ('pt-0772', 'Td/Tdap (tetanus, diphtheria, pertussis)', '2025-03-25', NULL);

INSERT INTO patients (id, name, age, gender, address_line1, city, county, postcode, country, telephone, email, gp_name, gp_practice, gp_address, national_insurance_number, passport_number, cache_status, last_synced_at, meta_region) VALUES ('pt-0773', 'Freya Morris', 33, 'Female', '167 Constitution Hill', 'London', 'Greater London', 'SW1A 1BW', 'UK', '+44 7944 371012', 'fmorris@outlook.com', 'Dr Grace Evans', 'Brownlow Group Practice', '150 Mt Pleasant, Liverpool L69 3GD, United Kingdom', 'TO378796C', '353513537', 'cached_recent', '2026-03-01T00:00:00Z', 'London');
INSERT INTO patient_conditions (patient_id, condition_name, status, since_date) VALUES ('pt-0773', 'Asthma', 'active', '2021-04-24');
INSERT INTO patient_prescriptions (patient_id, drug, indication, dose, frequency, start_date, prescriber) VALUES ('pt-0773', 'Allopurinol', 'Gout', '0.5 mg', 'twice daily', '2025-07-08', 'Dr Hannah Wilson');
INSERT INTO patient_vaccine_records (patient_id, vaccine, vaccine_date, product) VALUES ('pt-0773', 'COVID-19', '2019-07-11', 'Nuvaxovid');
INSERT INTO patient_vaccine_records (patient_id, vaccine, vaccine_date, product) VALUES ('pt-0773', 'Pneumococcal', '2023-11-14', NULL);

INSERT INTO patients (id, name, age, gender, address_line1, city, county, postcode, country, telephone, email, gp_name, gp_practice, gp_address, national_insurance_number, passport_number, cache_status, last_synced_at, meta_region) VALUES ('pt-0774', 'Harriet Cooper', 89, 'Female', 'Flat 19, 180 The Mall', 'London', 'Greater London', 'SW1A 1BH', 'UK', '+44 7585 985778', 'harriet.cooper31@icloud.com', 'Dr Kieran Smith', 'Brownlow Group Practice', '150 Mt Pleasant, Liverpool L69 3GD, United Kingdom', 'GC305936A', '750221641', 'cached_recent', '2026-02-25T00:00:00Z', 'London');
INSERT INTO patient_conditions (patient_id, condition_name, status, since_date) VALUES ('pt-0774', 'Obesity', 'controlled', '2021-03-10');
INSERT INTO patient_conditions (patient_id, condition_name, status, since_date) VALUES ('pt-0774', 'Overactive bladder', 'controlled', '2022-08-26');
INSERT INTO patient_conditions (patient_id, condition_name, status, since_date) VALUES ('pt-0774', 'Benign prostatic hyperplasia (BPH)', 'controlled', '2022-10-31');
INSERT INTO patient_conditions (patient_id, condition_name, status, since_date) VALUES ('pt-0774', 'Osteoporosis', 'monitoring', '2022-10-17');
INSERT INTO patient_conditions (patient_id, condition_name, status, since_date) VALUES ('pt-0774', 'Heart failure', 'monitoring', '2016-03-21');
INSERT INTO patient_conditions (patient_id, condition_name, status, since_date) VALUES ('pt-0774', 'Chronic obstructive pulmonary disease (severe)', 'history', '2016-07-25');
INSERT INTO patient_prescriptions (patient_id, drug, indication, dose, frequency, start_date, prescriber) VALUES ('pt-0774', 'Levothyroxine', 'Hypothyroidism', '5 mg', 'twice daily', '2024-08-17', 'Dr Owen Jones');
INSERT INTO patient_prescriptions (patient_id, drug, indication, dose, frequency, start_date, prescriber) VALUES ('pt-0774', 'Amitriptyline', 'Neuropathic pain/Migraine prevention', '1 puff', 'once daily', '2024-11-11', 'Dr Grace Khan');
INSERT INTO patient_appointments (patient_id, appointment_date, appointment_time, type, location, reason, verified_up_to_date) VALUES ('pt-0774', '2023-06-08', '16:50', 'Vaccination appointment', 'Community clinic', 'annual monitoring', 1);
INSERT INTO patient_appointments (patient_id, appointment_date, appointment_time, type, location, reason, verified_up_to_date) VALUES ('pt-0774', '2026-01-12', '15:50', 'Blood test', 'GP practice', 'annual monitoring', 0);

INSERT INTO patients (id, name, age, gender, address_line1, city, county, postcode, country, telephone, email, gp_name, gp_practice, gp_address, national_insurance_number, passport_number, cache_status, last_synced_at, meta_region) VALUES ('pt-0775', 'Max Knight', 85, 'Male', 'Unit 18, 215 Bath Street', 'Glasgow', 'Glasgow City', 'G2 2TG', 'UK', '+44 7167 462662', 'max.knight41@outlook.com', 'Dr Ibrahim Foster', 'Brownlow Group Practice', '150 Mt Pleasant, Liverpool L69 3GD, United Kingdom', 'FC584446A', '887611706', 'cached_stale', '2026-02-08T00:00:00Z', 'Glasgow');
INSERT INTO patient_conditions (patient_id, condition_name, status, since_date) VALUES ('pt-0775', 'Depression', 'controlled', '2015-03-22');
INSERT INTO patient_conditions (patient_id, condition_name, status, since_date) VALUES ('pt-0775', 'Overactive bladder', 'controlled', '2014-01-02');
INSERT INTO patient_prescriptions (patient_id, drug, indication, dose, frequency, start_date, prescriber) VALUES ('pt-0775', 'Tamsulosin', 'BPH', '200 mg', 'once weekly', '2023-05-30', 'Dr Robert Jones');
INSERT INTO patient_appointments (patient_id, appointment_date, appointment_time, type, location, reason, verified_up_to_date) VALUES ('pt-0775', '2026-03-18', '10:20', 'Physiotherapy', 'Community clinic', 'treatment follow-up', 1);
INSERT INTO patient_appointments (patient_id, appointment_date, appointment_time, type, location, reason, verified_up_to_date) VALUES ('pt-0775', '2026-12-17', '12:40', 'Medication review', 'Telehealth', 'symptom check', 1);
INSERT INTO patient_vaccine_records (patient_id, vaccine, vaccine_date, product) VALUES ('pt-0775', 'Influenza (seasonal)', '2017-03-18', NULL);
INSERT INTO patient_vaccine_records (patient_id, vaccine, vaccine_date, product) VALUES ('pt-0775', 'Td/Tdap (tetanus, diphtheria, pertussis)', '2021-04-17', NULL);

INSERT INTO patients (id, name, age, gender, address_line1, city, county, postcode, country, telephone, email, gp_name, gp_practice, gp_address, national_insurance_number, passport_number, cache_status, last_synced_at, meta_region) VALUES ('pt-0776', 'Muhammad King', 12, 'Male', 'Flat 45, 216 Suez Road', 'Cambridge', 'Cambridgeshire', 'CB1 3NL', 'UK', '+44 7969 698570', 'muhammad791@icloud.com', 'Dr Fatima Hughes', 'Brownlow Group Practice', '150 Mt Pleasant, Liverpool L69 3GD, United Kingdom', 'BH099921D', '002000231', 'cached_recent', '2026-02-11T00:00:00Z', 'Cambridge');
INSERT INTO patient_conditions (patient_id, condition_name, status, since_date) VALUES ('pt-0776', 'Hypercholesterolaemia', 'controlled', '2020-02-27');
INSERT INTO patient_appointments (patient_id, appointment_date, appointment_time, type, location, reason, verified_up_to_date) VALUES ('pt-0776', '2025-10-18', '13:20', 'Cardiology follow-up', 'Community clinic', 'vaccination', 1);

INSERT INTO patients (id, name, age, gender, address_line1, city, county, postcode, country, telephone, email, gp_name, gp_practice, gp_address, national_insurance_number, passport_number, cache_status, last_synced_at, meta_region) VALUES ('pt-0777', 'Rachel Martin', 92, 'Female', 'Unit 6, 118 Lever Street', 'Manchester', 'Greater Manchester', 'M1 1EB', 'UK', '+44 7118 326000', 'rachel.martin20@outlook.com', 'Dr Grace Roberts', 'Brownlow Group Practice', '150 Mt Pleasant, Liverpool L69 3GD, United Kingdom', 'SY860508A', '112586561', 'cached_stale', '2026-02-22T00:00:00Z', 'Manchester');
INSERT INTO patient_conditions (patient_id, condition_name, status, since_date) VALUES ('pt-0777', 'Hypercholesterolaemia', 'controlled', '2020-08-02');
INSERT INTO patient_conditions (patient_id, condition_name, status, since_date) VALUES ('pt-0777', 'Dementia', 'monitoring', '2018-03-06');
INSERT INTO patient_prescriptions (patient_id, drug, indication, dose, frequency, start_date, prescriber) VALUES ('pt-0777', 'Ramipril', 'Hypertension/Heart failure', '5 mg', 'at night', '2025-06-08', 'Dr Sophie Khan');
INSERT INTO patient_appointments (patient_id, appointment_date, appointment_time, type, location, reason, verified_up_to_date) VALUES ('pt-0777', '2024-04-03', '17:15', 'GP review', 'Home visit', 'vaccination', 1);
INSERT INTO patient_appointments (patient_id, appointment_date, appointment_time, type, location, reason, verified_up_to_date) VALUES ('pt-0777', '2025-08-30', '12:50', 'Respiratory review', 'Community clinic', 'vaccination', 1);
INSERT INTO patient_appointments (patient_id, appointment_date, appointment_time, type, location, reason, verified_up_to_date) VALUES ('pt-0777', '2026-10-19', '12:15', 'Ophthalmology', 'Telehealth', 'symptom check', 1);

INSERT INTO patients (id, name, age, gender, address_line1, city, county, postcode, country, telephone, email, gp_name, gp_practice, gp_address, national_insurance_number, passport_number, cache_status, last_synced_at, meta_region) VALUES ('pt-0778', 'David Williams', 66, 'Male', '14 St Georges Road', 'Bristol', 'Bristol', 'BS1 5TL', 'UK', '+44 7946 486523', 'david.williams39@outlook.com', 'Dr Ben Roberts', 'Brownlow Group Practice', '150 Mt Pleasant, Liverpool L69 3GD, United Kingdom', 'ZM026275A', '955472924', 'verified_online', '2026-02-25T00:00:00Z', 'Bristol');
INSERT INTO patient_conditions (patient_id, condition_name, status, since_date) VALUES ('pt-0778', 'Hypertension', 'controlled', '2013-11-02');
INSERT INTO patient_conditions (patient_id, condition_name, status, since_date) VALUES ('pt-0778', 'Overactive bladder', 'active', '2017-05-01');
INSERT INTO patient_conditions (patient_id, condition_name, status, since_date) VALUES ('pt-0778', 'Atrial fibrillation', 'controlled', '2020-07-08');
INSERT INTO patient_conditions (patient_id, condition_name, status, since_date) VALUES ('pt-0778', 'Hypothyroidism', 'monitoring', '2022-04-02');
INSERT INTO patient_conditions (patient_id, condition_name, status, since_date) VALUES ('pt-0778', 'Dementia', 'controlled', '2013-06-23');
INSERT INTO patient_conditions (patient_id, condition_name, status, since_date) VALUES ('pt-0778', 'Chronic back pain', 'active', '2013-11-12');
INSERT INTO patient_appointments (patient_id, appointment_date, appointment_time, type, location, reason, verified_up_to_date) VALUES ('pt-0778', '2025-06-22', '17:45', 'Ophthalmology', 'GP practice', 'treatment follow-up', 1);
INSERT INTO patient_appointments (patient_id, appointment_date, appointment_time, type, location, reason, verified_up_to_date) VALUES ('pt-0778', '2027-01-04', '17:15', 'Ophthalmology', 'GP practice', 'vaccination', 0);
INSERT INTO patient_vaccine_records (patient_id, vaccine, vaccine_date, product) VALUES ('pt-0778', 'Influenza (seasonal)', '2025-06-04', NULL);
INSERT INTO patient_vaccine_records (patient_id, vaccine, vaccine_date, product) VALUES ('pt-0778', 'Td/Tdap (tetanus, diphtheria, pertussis)', '2017-02-05', NULL);

INSERT INTO patients (id, name, age, gender, address_line1, city, county, postcode, country, telephone, email, gp_name, gp_practice, gp_address, national_insurance_number, passport_number, cache_status, last_synced_at, meta_region) VALUES ('pt-0779', 'Rosie Murphy', 37, 'Female', 'Apt 43, 40 Hilton Street', 'Manchester', 'Greater Manchester', 'M1 1FJ', 'UK', '+44 7396 204587', 'rosie.murphy82@outlook.com', 'Dr Aisha Clarke', 'Brownlow Group Practice', '150 Mt Pleasant, Liverpool L69 3GD, United Kingdom', 'LG594339A', '672985939', 'cached_stale', '2026-02-02T00:00:00Z', 'Manchester');
INSERT INTO patient_conditions (patient_id, condition_name, status, since_date) VALUES ('pt-0779', 'Generalised anxiety disorder', 'history', '2015-11-02');
INSERT INTO patient_conditions (patient_id, condition_name, status, since_date) VALUES ('pt-0779', 'Benign prostatic hyperplasia (BPH)', 'active', '2024-04-07');
INSERT INTO patient_prescriptions (patient_id, drug, indication, dose, frequency, start_date, prescriber) VALUES ('pt-0779', 'Edoxaban', 'Anticoagulant (AF/VTE)', '25 mg', 'at night', '2023-05-03', 'Dr Hannah Wilson');
INSERT INTO patient_appointments (patient_id, appointment_date, appointment_time, type, location, reason, verified_up_to_date) VALUES ('pt-0779', '2024-11-09', '17:50', 'GP review', 'Hospital outpatient department', 'results discussion', 1);
INSERT INTO patient_appointments (patient_id, appointment_date, appointment_time, type, location, reason, verified_up_to_date) VALUES ('pt-0779', '2026-05-20', '10:30', 'Mental health check-in', 'Telehealth', 'vaccination', 1);
INSERT INTO patient_appointments (patient_id, appointment_date, appointment_time, type, location, reason, verified_up_to_date) VALUES ('pt-0779', '2027-02-19', '13:40', 'Physiotherapy', 'GP practice', 'vaccination', 0);
INSERT INTO patient_vaccine_records (patient_id, vaccine, vaccine_date, product) VALUES ('pt-0779', 'COVID-19', '2023-05-26', 'Nuvaxovid');

INSERT INTO patients (id, name, age, gender, address_line1, city, county, postcode, country, telephone, email, gp_name, gp_practice, gp_address, national_insurance_number, passport_number, cache_status, last_synced_at, meta_region) VALUES ('pt-0780', 'Scott Ahmed', 34, 'Male', 'Unit 33, 107 Paradise Street', 'Liverpool', 'Merseyside', 'L1 8LZ', 'UK', '+44 7432 607582', 'scott.ahmed26@gmail.com', 'Dr Maya Patel', 'Brownlow Group Practice', '150 Mt Pleasant, Liverpool L69 3GD, United Kingdom', 'GP024858B', '485540861', 'verified_online', '2026-02-16T00:00:00Z', 'Liverpool');
INSERT INTO patient_conditions (patient_id, condition_name, status, since_date) VALUES ('pt-0780', 'Chronic back pain', 'active', '2019-09-04');
INSERT INTO patient_vaccine_records (patient_id, vaccine, vaccine_date, product) VALUES ('pt-0780', 'COVID-19', '2017-11-24', 'Comirnaty');
INSERT INTO patient_vaccine_records (patient_id, vaccine, vaccine_date, product) VALUES ('pt-0780', 'COVID-19 booster', '2022-07-14', 'Spikevax');

INSERT INTO patients (id, name, age, gender, address_line1, city, county, postcode, country, telephone, email, gp_name, gp_practice, gp_address, national_insurance_number, passport_number, cache_status, last_synced_at, meta_region) VALUES ('pt-0781', 'Erin Robinson', 73, 'Female', 'Unit 30, 172 Belvedere Road', 'London', 'Greater London', 'SE1 7PB', 'UK', '+44 7898 869178', 'erin587@gmail.com', 'Dr Grace Evans', 'Brownlow Group Practice', '150 Mt Pleasant, Liverpool L69 3GD, United Kingdom', 'CB641888B', '710108150', 'cached_stale', '2026-02-03T00:00:00Z', 'London');
INSERT INTO patient_conditions (patient_id, condition_name, status, since_date) VALUES ('pt-0781', 'Coronary heart disease', 'monitoring', '2011-07-02');
INSERT INTO patient_conditions (patient_id, condition_name, status, since_date) VALUES ('pt-0781', 'Glaucoma', 'active', '2023-08-06');
INSERT INTO patient_conditions (patient_id, condition_name, status, since_date) VALUES ('pt-0781', 'Benign prostatic hyperplasia (BPH)', 'history', '2012-11-11');
INSERT INTO patient_prescriptions (patient_id, drug, indication, dose, frequency, start_date, prescriber) VALUES ('pt-0781', 'Amitriptyline', 'Neuropathic pain/Migraine prevention', '50 mg', 'at night', '2023-10-14', 'Dr Sarah Jones');
INSERT INTO patient_prescriptions (patient_id, drug, indication, dose, frequency, start_date, prescriber) VALUES ('pt-0781', 'Alendronic acid', 'Osteoporosis', '1 injection', 'at night', '2023-12-06', 'Dr Robert Jones');
INSERT INTO patient_prescriptions (patient_id, drug, indication, dose, frequency, start_date, prescriber) VALUES ('pt-0781', 'Apixaban', 'Anticoagulant (AF/VTE)', '25 mg', 'at night', '2024-07-30', 'Dr Ibrahim Ahmed');
INSERT INTO patient_appointments (patient_id, appointment_date, appointment_time, type, location, reason, verified_up_to_date) VALUES ('pt-0781', '2024-10-07', '13:15', 'Physiotherapy', 'Hospital outpatient department', 'symptom check', 0);
INSERT INTO patient_vaccine_records (patient_id, vaccine, vaccine_date, product) VALUES ('pt-0781', 'COVID-19', '2017-10-23', 'Spikevax');
INSERT INTO patient_vaccine_records (patient_id, vaccine, vaccine_date, product) VALUES ('pt-0781', 'Influenza (seasonal)', '2025-03-21', NULL);

INSERT INTO patients (id, name, age, gender, address_line1, city, county, postcode, country, telephone, email, gp_name, gp_practice, gp_address, national_insurance_number, passport_number, cache_status, last_synced_at, meta_region) VALUES ('pt-0782', 'Peter Begum', 69, 'Male', '205 The Mall', 'London', 'Greater London', 'SE1 7PB', 'UK', '+44 7846 383458', 'peter.begum@icloud.com', 'Dr Kieran Smith', 'Brownlow Group Practice', '150 Mt Pleasant, Liverpool L69 3GD, United Kingdom', 'RH416549B', '355793773', 'verified_online', '2026-02-28T00:00:00Z', 'London');
INSERT INTO patient_conditions (patient_id, condition_name, status, since_date) VALUES ('pt-0782', 'Osteoarthritis', 'history', '2023-10-27');
INSERT INTO patient_conditions (patient_id, condition_name, status, since_date) VALUES ('pt-0782', 'COPD', 'active', '2025-06-21');
INSERT INTO patient_prescriptions (patient_id, drug, indication, dose, frequency, start_date, prescriber) VALUES ('pt-0782', 'Lansoprazole', 'Reflux/Ulcer prevention', '5 mg', 'once daily', '2025-07-11', 'Dr Kieran Smith');
INSERT INTO patient_prescriptions (patient_id, drug, indication, dose, frequency, start_date, prescriber) VALUES ('pt-0782', 'Sertraline', 'Depression/Anxiety', '2.5 mg', 'once weekly', '2025-01-23', 'Dr Kieran Smith');
INSERT INTO patient_prescriptions (patient_id, drug, indication, dose, frequency, start_date, prescriber) VALUES ('pt-0782', 'Levetiracetam', 'Epilepsy', '0.5 mg', 'once weekly', '2025-10-11', 'Dr David Clarke');
INSERT INTO patient_appointments (patient_id, appointment_date, appointment_time, type, location, reason, verified_up_to_date) VALUES ('pt-0782', '2025-08-24', '10:00', 'Medication review', 'Hospital outpatient department', 'vaccination', 1);
INSERT INTO patient_appointments (patient_id, appointment_date, appointment_time, type, location, reason, verified_up_to_date) VALUES ('pt-0782', '2025-09-16', '14:30', 'Blood test', 'Hospital outpatient department', 'symptom check', 1);

INSERT INTO patients (id, name, age, gender, address_line1, city, county, postcode, country, telephone, email, gp_name, gp_practice, gp_address, national_insurance_number, passport_number, cache_status, last_synced_at, meta_region) VALUES ('pt-0783', 'Nathan Wright', 94, 'Male', '128 Deanery Road', 'Bristol', 'Bristol', 'BS1 5AF', 'UK', '+44 7569 280707', 'nathan.wright@outlook.com', 'Dr Zoe O''Neill', 'Brownlow Group Practice', '150 Mt Pleasant, Liverpool L69 3GD, United Kingdom', 'XI152682A', '335402974', 'verified_online', '2026-03-02T00:00:00Z', 'Bristol');
INSERT INTO patient_conditions (patient_id, condition_name, status, since_date) VALUES ('pt-0783', 'Chronic back pain', 'active', '2013-01-24');
INSERT INTO patient_conditions (patient_id, condition_name, status, since_date) VALUES ('pt-0783', 'Overactive bladder', 'monitoring', '2013-03-23');
INSERT INTO patient_prescriptions (patient_id, drug, indication, dose, frequency, start_date, prescriber) VALUES ('pt-0783', 'Rivaroxaban', 'Anticoagulant (AF/VTE)', '20 mg', 'with meals', '2025-07-20', 'Dr Alex Wilson');
INSERT INTO patient_appointments (patient_id, appointment_date, appointment_time, type, location, reason, verified_up_to_date) VALUES ('pt-0783', '2026-07-12', '11:15', 'Mental health check-in', 'Hospital outpatient department', 'symptom check', 1);
INSERT INTO patient_vaccine_records (patient_id, vaccine, vaccine_date, product) VALUES ('pt-0783', 'Shingles (Shingrix)', '2018-12-01', 'Shingrix');

INSERT INTO patients (id, name, age, gender, address_line1, city, county, postcode, country, telephone, email, gp_name, gp_practice, gp_address, national_insurance_number, passport_number, cache_status, last_synced_at, meta_region) VALUES ('pt-0784', 'Claire Patel', 18, 'Female', 'Unit 25, 67 Westminster Bridge Road', 'London', 'Greater London', 'SW1A 1BA', 'UK', '+44 7509 753210', 'claire967@icloud.com', 'Dr Owen Evans', 'Brownlow Group Practice', '150 Mt Pleasant, Liverpool L69 3GD, United Kingdom', 'WF368613D', '721400040', 'cached_recent', '2026-02-24T00:00:00Z', 'London');
INSERT INTO patient_prescriptions (patient_id, drug, indication, dose, frequency, start_date, prescriber) VALUES ('pt-0784', 'Aspirin', 'Antiplatelet/Pain', '10 mg', 'as needed', '2024-07-25', 'Dr Kieran Smith');
INSERT INTO patient_prescriptions (patient_id, drug, indication, dose, frequency, start_date, prescriber) VALUES ('pt-0784', 'Levothyroxine', 'Hypothyroidism', '0.5 mg', 'once weekly', '2025-12-27', 'Dr Robert Jones');

INSERT INTO patients (id, name, age, gender, address_line1, city, county, postcode, country, telephone, email, gp_name, gp_practice, gp_address, national_insurance_number, passport_number, cache_status, last_synced_at, meta_region) VALUES ('pt-0785', 'Sienna O''Connor', 59, 'Female', 'Flat 52, 167 West Nile Street', 'Glasgow', 'Glasgow City', 'G1 2RD', 'UK', '+44 7245 234832', 'soconnor@outlook.com', 'Dr Zoe Jones', 'Brownlow Group Practice', '150 Mt Pleasant, Liverpool L69 3GD, United Kingdom', 'HU752600B', '225731215', 'cached_recent', '2026-02-14T00:00:00Z', 'Glasgow');
INSERT INTO patient_conditions (patient_id, condition_name, status, since_date) VALUES ('pt-0785', 'History of stroke/TIA', 'active', '2012-01-30');
INSERT INTO patient_prescriptions (patient_id, drug, indication, dose, frequency, start_date, prescriber) VALUES ('pt-0785', 'Clopidogrel', 'Antiplatelet (post-MI/stroke)', '500 mg', 'as needed', '2023-06-10', 'Dr Owen Hughes');

INSERT INTO patients (id, name, age, gender, address_line1, city, county, postcode, country, telephone, email, gp_name, gp_practice, gp_address, national_insurance_number, passport_number, cache_status, last_synced_at, meta_region) VALUES ('pt-0786', 'Callum Barnes', 54, 'Male', 'Apt 61, 49 Chicheley Street', 'London', 'Greater London', 'SW1A 1BW', 'UK', '+44 7931 394810', 'callum.barnes83@icloud.com', 'Dr Kieran Smith', 'Brownlow Group Practice', '150 Mt Pleasant, Liverpool L69 3GD, United Kingdom', 'LA544378A', '383300076', 'cached_stale', '2026-02-10T00:00:00Z', 'London');
INSERT INTO patient_conditions (patient_id, condition_name, status, since_date) VALUES ('pt-0786', 'Gastro-oesophageal reflux disease (GORD)', 'active', '2013-09-10');
INSERT INTO patient_appointments (patient_id, appointment_date, appointment_time, type, location, reason, verified_up_to_date) VALUES ('pt-0786', '2025-05-12', '09:10', 'Physiotherapy', 'Home visit', 'treatment follow-up', 0);
INSERT INTO patient_appointments (patient_id, appointment_date, appointment_time, type, location, reason, verified_up_to_date) VALUES ('pt-0786', '2026-01-24', '14:00', 'Diabetes clinic', 'Home visit', 'annual monitoring', 1);
INSERT INTO patient_appointments (patient_id, appointment_date, appointment_time, type, location, reason, verified_up_to_date) VALUES ('pt-0786', '2026-10-21', '08:20', 'Medication review', 'GP practice', 'annual monitoring', 1);
INSERT INTO patient_vaccine_records (patient_id, vaccine, vaccine_date, product) VALUES ('pt-0786', 'MMR', '2026-02-23', NULL);

INSERT INTO patients (id, name, age, gender, address_line1, city, county, postcode, country, telephone, email, gp_name, gp_practice, gp_address, national_insurance_number, passport_number, cache_status, last_synced_at, meta_region) VALUES ('pt-0787', 'Theo Johnson', 15, 'Male', 'Apt 53, 92 Wall Street', 'Liverpool', 'Merseyside', 'L1 8BN', 'UK', '+44 7910 451401', 'tjohnson@hotmail.co.uk', 'Dr Tom Foster', 'Brownlow Group Practice', '150 Mt Pleasant, Liverpool L69 3GD, United Kingdom', 'VO626180D', '683731005', 'cached_recent', '2026-02-22T00:00:00Z', 'Liverpool');
INSERT INTO patient_conditions (patient_id, condition_name, status, since_date) VALUES ('pt-0787', 'Gout', 'monitoring', '2016-05-12');
INSERT INTO patient_conditions (patient_id, condition_name, status, since_date) VALUES ('pt-0787', 'Hypothyroidism', 'controlled', '2020-04-15');
INSERT INTO patient_prescriptions (patient_id, drug, indication, dose, frequency, start_date, prescriber) VALUES ('pt-0787', 'Allopurinol', 'Gout', '1 puff', 'once weekly', '2025-09-29', 'Dr Helen Morgan');
INSERT INTO patient_appointments (patient_id, appointment_date, appointment_time, type, location, reason, verified_up_to_date) VALUES ('pt-0787', '2026-08-24', '10:50', 'Medication review', 'Community clinic', 'annual monitoring', 0);
INSERT INTO patient_appointments (patient_id, appointment_date, appointment_time, type, location, reason, verified_up_to_date) VALUES ('pt-0787', '2026-10-27', '14:50', 'Mental health check-in', 'Hospital outpatient department', 'annual monitoring', 1);

INSERT INTO patients (id, name, age, gender, address_line1, city, county, postcode, country, telephone, email, gp_name, gp_practice, gp_address, national_insurance_number, passport_number, cache_status, last_synced_at, meta_region) VALUES ('pt-0788', 'Alice Ali', 51, 'Female', 'Apt 12, 186 Westminster Bridge Road', 'London', 'Greater London', 'SW1A 1BH', 'UK', '+44 7124 293815', 'aali@gmail.com', 'Dr Fatima Ahmed', 'Brownlow Group Practice', '150 Mt Pleasant, Liverpool L69 3GD, United Kingdom', 'AN306782D', '045057416', 'verified_online', '2026-02-21T00:00:00Z', 'London');
INSERT INTO patient_prescriptions (patient_id, drug, indication, dose, frequency, start_date, prescriber) VALUES ('pt-0788', 'Mirtazapine', 'Depression', '20 mg', 'once weekly', '2024-02-20', 'Dr Hannah Wilson');
INSERT INTO patient_prescriptions (patient_id, drug, indication, dose, frequency, start_date, prescriber) VALUES ('pt-0788', 'Amlodipine', 'Hypertension/Angina', '2.5 mg', 'twice daily', '2023-10-13', 'Dr Priya Campbell');
INSERT INTO patient_appointments (patient_id, appointment_date, appointment_time, type, location, reason, verified_up_to_date) VALUES ('pt-0788', '2024-01-31', '13:10', 'Medication review', 'Home visit', 'annual monitoring', 1);
INSERT INTO patient_appointments (patient_id, appointment_date, appointment_time, type, location, reason, verified_up_to_date) VALUES ('pt-0788', '2026-06-05', '10:30', 'GP review', 'Hospital outpatient department', 'annual monitoring', 1);
INSERT INTO patient_vaccine_records (patient_id, vaccine, vaccine_date, product) VALUES ('pt-0788', 'COVID-19', '2019-12-30', 'Spikevax');
INSERT INTO patient_vaccine_records (patient_id, vaccine, vaccine_date, product) VALUES ('pt-0788', 'COVID-19 booster', '2025-06-21', 'Comirnaty');
INSERT INTO patient_vaccine_records (patient_id, vaccine, vaccine_date, product) VALUES ('pt-0788', 'MMR', '2019-04-21', NULL);

INSERT INTO patients (id, name, age, gender, address_line1, city, county, postcode, country, telephone, email, gp_name, gp_practice, gp_address, national_insurance_number, passport_number, cache_status, last_synced_at, meta_region) VALUES ('pt-0789', 'Charlotte Murray', 19, 'Female', '196 Briggate', 'Leeds', 'West Yorkshire', 'LS1 1UR', 'UK', '+44 7370 175696', 'charlotte.murray@gmail.com', 'Dr Sarah Walsh', 'Brownlow Group Practice', '150 Mt Pleasant, Liverpool L69 3GD, United Kingdom', 'ZV178928A', '577424935', 'verified_online', '2026-02-09T00:00:00Z', 'Leeds');
INSERT INTO patient_prescriptions (patient_id, drug, indication, dose, frequency, start_date, prescriber) VALUES ('pt-0789', 'Finasteride', 'BPH', '2 puffs', 'with meals', '2024-04-07', 'Dr Grace Khan');
INSERT INTO patient_prescriptions (patient_id, drug, indication, dose, frequency, start_date, prescriber) VALUES ('pt-0789', 'Edoxaban', 'Anticoagulant (AF/VTE)', '5 mg', 'as needed', '2023-03-07', 'Dr Richard Patel');
INSERT INTO patient_prescriptions (patient_id, drug, indication, dose, frequency, start_date, prescriber) VALUES ('pt-0789', 'Sacubitril/valsartan', 'Heart failure', '2 puffs', 'as needed', '2023-05-29', 'Dr Ibrahim Campbell');

INSERT INTO patients (id, name, age, gender, address_line1, city, county, postcode, country, telephone, email, gp_name, gp_practice, gp_address, national_insurance_number, passport_number, cache_status, last_synced_at, meta_region) VALUES ('pt-0790', 'Arthur Ahmed', 44, 'Male', 'Unit 36, 61 Houldsworth Street', 'Manchester', 'Greater Manchester', 'M1 1EE', 'UK', '+44 7507 134580', 'arthur94@icloud.com', 'Dr Michael Smith', 'Brownlow Group Practice', '150 Mt Pleasant, Liverpool L69 3GD, United Kingdom', 'VQ472087B', '972336396', 'cached_stale', '2026-02-09T00:00:00Z', 'Manchester');
INSERT INTO patient_conditions (patient_id, condition_name, status, since_date) VALUES ('pt-0790', 'Heart failure', 'controlled', '2024-02-11');
INSERT INTO patient_prescriptions (patient_id, drug, indication, dose, frequency, start_date, prescriber) VALUES ('pt-0790', 'Sertraline', 'Depression/Anxiety', '50 mg', 'at night', '2024-05-11', 'Dr Priya Patel');
INSERT INTO patient_prescriptions (patient_id, drug, indication, dose, frequency, start_date, prescriber) VALUES ('pt-0790', 'Insulin aspart', 'Diabetes', '1 tablet', 'twice daily', '2024-03-06', 'Dr Holly Khan');
INSERT INTO patient_appointments (patient_id, appointment_date, appointment_time, type, location, reason, verified_up_to_date) VALUES ('pt-0790', '2025-05-23', '08:50', 'Medication review', 'Community clinic', 'symptom check', 1);
INSERT INTO patient_vaccine_records (patient_id, vaccine, vaccine_date, product) VALUES ('pt-0790', 'COVID-19', '2016-10-26', 'Nuvaxovid');

INSERT INTO patients (id, name, age, gender, address_line1, city, county, postcode, country, telephone, email, gp_name, gp_practice, gp_address, national_insurance_number, passport_number, cache_status, last_synced_at, meta_region) VALUES ('pt-0791', 'Mia Hall', 33, 'Female', '178 Park Row', 'Leeds', 'West Yorkshire', 'LS1 1UR', 'UK', '+44 7830 277540', 'mia438@hotmail.co.uk', 'Dr Fatima Morgan', 'Brownlow Group Practice', '150 Mt Pleasant, Liverpool L69 3GD, United Kingdom', 'KU326099B', '501526630', 'cached_stale', '2026-02-14T00:00:00Z', 'Leeds');
INSERT INTO patient_conditions (patient_id, condition_name, status, since_date) VALUES ('pt-0791', 'Chronic back pain', 'active', '2020-02-05');
INSERT INTO patient_vaccine_records (patient_id, vaccine, vaccine_date, product) VALUES ('pt-0791', 'Td/Tdap (tetanus, diphtheria, pertussis)', '2022-10-09', NULL);

INSERT INTO patients (id, name, age, gender, address_line1, city, county, postcode, country, telephone, email, gp_name, gp_practice, gp_address, national_insurance_number, passport_number, cache_status, last_synced_at, meta_region) VALUES ('pt-0792', 'Georgia Williams', 57, 'Female', '170 West Nile Street', 'Glasgow', 'Glasgow City', 'G1 2RD', 'UK', '+44 7789 523896', 'georgia.williams@gmail.com', 'Dr Owen Campbell', 'Brownlow Group Practice', '150 Mt Pleasant, Liverpool L69 3GD, United Kingdom', 'CP533389C', '122464164', 'verified_online', '2026-02-26T00:00:00Z', 'Glasgow');
INSERT INTO patient_prescriptions (patient_id, drug, indication, dose, frequency, start_date, prescriber) VALUES ('pt-0792', 'Sitagliptin', 'Type 2 diabetes', '0.5 mg', 'as needed', '2024-08-25', 'Dr Chloe Clarke');
INSERT INTO patient_appointments (patient_id, appointment_date, appointment_time, type, location, reason, verified_up_to_date) VALUES ('pt-0792', '2024-08-29', '11:50', 'Medication review', 'GP practice', 'symptom check', 0);
INSERT INTO patient_appointments (patient_id, appointment_date, appointment_time, type, location, reason, verified_up_to_date) VALUES ('pt-0792', '2025-04-06', '13:00', 'Cardiology follow-up', 'Hospital outpatient department', 'results discussion', 1);
INSERT INTO patient_appointments (patient_id, appointment_date, appointment_time, type, location, reason, verified_up_to_date) VALUES ('pt-0792', '2026-06-08', '10:30', 'Vaccination appointment', 'Hospital outpatient department', 'annual monitoring', 0);
INSERT INTO patient_vaccine_records (patient_id, vaccine, vaccine_date, product) VALUES ('pt-0792', 'COVID-19', '2024-02-26', 'Nuvaxovid');

INSERT INTO patients (id, name, age, gender, address_line1, city, county, postcode, country, telephone, email, gp_name, gp_practice, gp_address, national_insurance_number, passport_number, cache_status, last_synced_at, meta_region) VALUES ('pt-0793', 'Claire Hall', 72, 'Female', 'Apt 50, 158 Anchor Road', 'Bristol', 'Bristol', 'BS1 5AF', 'UK', '+44 7623 328737', 'claire.hall@hotmail.co.uk', 'Dr Ben Roberts', 'Brownlow Group Practice', '150 Mt Pleasant, Liverpool L69 3GD, United Kingdom', 'US191372D', '445224931', 'verified_online', '2026-02-21T00:00:00Z', 'Bristol');
INSERT INTO patient_conditions (patient_id, condition_name, status, since_date) VALUES ('pt-0793', 'Osteoporosis', 'history', '2019-12-08');
INSERT INTO patient_prescriptions (patient_id, drug, indication, dose, frequency, start_date, prescriber) VALUES ('pt-0793', 'Simvastatin', 'High cholesterol', '20 mg', 'at night', '2024-08-15', 'Dr Kieran Smith');
INSERT INTO patient_vaccine_records (patient_id, vaccine, vaccine_date, product) VALUES ('pt-0793', 'COVID-19', '2023-05-28', 'Spikevax');
INSERT INTO patient_vaccine_records (patient_id, vaccine, vaccine_date, product) VALUES ('pt-0793', 'Influenza (seasonal)', '2016-06-04', NULL);

INSERT INTO patients (id, name, age, gender, address_line1, city, county, postcode, country, telephone, email, gp_name, gp_practice, gp_address, national_insurance_number, passport_number, cache_status, last_synced_at, meta_region) VALUES ('pt-0794', 'Maisie Taylor', 18, 'Female', '34 Boar Lane', 'Leeds', 'West Yorkshire', 'LS1 1UR', 'UK', '+44 7207 761258', 'maisie941@gmail.com', 'Dr Kate Wilson', 'Brownlow Group Practice', '150 Mt Pleasant, Liverpool L69 3GD, United Kingdom', 'VQ026691A', '644029154', 'cached_recent', '2026-02-28T00:00:00Z', 'Leeds');
INSERT INTO patient_conditions (patient_id, condition_name, status, since_date) VALUES ('pt-0794', 'Hypercholesterolaemia', 'active', '2021-05-01');
INSERT INTO patient_appointments (patient_id, appointment_date, appointment_time, type, location, reason, verified_up_to_date) VALUES ('pt-0794', '2026-06-30', '12:50', 'Diabetes clinic', 'Home visit', 'treatment follow-up', 1);
INSERT INTO patient_appointments (patient_id, appointment_date, appointment_time, type, location, reason, verified_up_to_date) VALUES ('pt-0794', '2026-07-27', '14:15', 'Ophthalmology', 'Community clinic', 'vaccination', 1);
INSERT INTO patient_appointments (patient_id, appointment_date, appointment_time, type, location, reason, verified_up_to_date) VALUES ('pt-0794', '2026-12-10', '10:45', 'Mental health check-in', 'Telehealth', 'annual monitoring', 1);
INSERT INTO patient_vaccine_records (patient_id, vaccine, vaccine_date, product) VALUES ('pt-0794', 'COVID-19', '2016-11-16', 'Nuvaxovid');
INSERT INTO patient_vaccine_records (patient_id, vaccine, vaccine_date, product) VALUES ('pt-0794', 'COVID-19 booster', '2018-10-08', 'Comirnaty');

INSERT INTO patients (id, name, age, gender, address_line1, city, county, postcode, country, telephone, email, gp_name, gp_practice, gp_address, national_insurance_number, passport_number, cache_status, last_synced_at, meta_region) VALUES ('pt-0795', 'Bethany Ahmed', 69, 'Female', 'Unit 27, 189 Hilton Street', 'Manchester', 'Greater Manchester', 'M1 1EB', 'UK', '+44 7953 721688', 'bethany.ahmed@outlook.com', 'Dr Michael Smith', 'Brownlow Group Practice', '150 Mt Pleasant, Liverpool L69 3GD, United Kingdom', 'GS445888D', '873324267', 'cached_recent', '2026-02-25T00:00:00Z', 'Manchester');
INSERT INTO patient_conditions (patient_id, condition_name, status, since_date) VALUES ('pt-0795', 'COPD', 'history', '2015-03-17');
INSERT INTO patient_prescriptions (patient_id, drug, indication, dose, frequency, start_date, prescriber) VALUES ('pt-0795', 'Apixaban', 'Anticoagulant (AF/VTE)', '20 mg', 'as needed', '2023-06-15', 'Dr Helen Ahmed');
INSERT INTO patient_prescriptions (patient_id, drug, indication, dose, frequency, start_date, prescriber) VALUES ('pt-0795', 'Citalopram', 'Depression/Anxiety', '10 mg', 'once weekly', '2024-03-23', 'Dr Helen Ahmed');

INSERT INTO patients (id, name, age, gender, address_line1, city, county, postcode, country, telephone, email, gp_name, gp_practice, gp_address, national_insurance_number, passport_number, cache_status, last_synced_at, meta_region) VALUES ('pt-0796', 'Bethany Patel', 67, 'Female', '88 St Mary Street', 'Cardiff', 'South Glamorgan', 'CF10 1AL', 'UK', '+44 7469 472448', 'bethany.patel80@gmail.com', 'Dr Daniel Hughes', 'Brownlow Group Practice', '150 Mt Pleasant, Liverpool L69 3GD, United Kingdom', 'TM864803D', '628462649', 'verified_online', '2026-02-16T00:00:00Z', 'Cardiff');
INSERT INTO patient_conditions (patient_id, condition_name, status, since_date) VALUES ('pt-0796', 'COPD', 'history', '2014-08-29');
INSERT INTO patient_prescriptions (patient_id, drug, indication, dose, frequency, start_date, prescriber) VALUES ('pt-0796', 'Insulin aspart', 'Diabetes', '1 g', 'as needed', '2025-05-31', 'Dr Alex Brown');
INSERT INTO patient_vaccine_records (patient_id, vaccine, vaccine_date, product) VALUES ('pt-0796', 'COVID-19', '2024-06-25', 'Comirnaty');
INSERT INTO patient_vaccine_records (patient_id, vaccine, vaccine_date, product) VALUES ('pt-0796', 'COVID-19 booster', '2020-06-02', 'Comirnaty');

INSERT INTO patients (id, name, age, gender, address_line1, city, county, postcode, country, telephone, email, gp_name, gp_practice, gp_address, national_insurance_number, passport_number, cache_status, last_synced_at, meta_region) VALUES ('pt-0797', 'Peter Allen', 39, 'Male', '132 Princes Street', 'Edinburgh', 'City of Edinburgh', 'EH1 1BQ', 'UK', '+44 7489 341417', 'pallen@hotmail.co.uk', 'Dr Daniel Evans', 'Brownlow Group Practice', '150 Mt Pleasant, Liverpool L69 3GD, United Kingdom', 'OU089248C', '935908017', 'verified_online', '2026-02-17T00:00:00Z', 'Edinburgh');
INSERT INTO patient_conditions (patient_id, condition_name, status, since_date) VALUES ('pt-0797', 'Gout', 'history', '2014-08-31');
INSERT INTO patient_prescriptions (patient_id, drug, indication, dose, frequency, start_date, prescriber) VALUES ('pt-0797', 'Amitriptyline', 'Neuropathic pain/Migraine prevention', '1 tablet', 'as needed', '2024-01-01', 'Dr Grace Khan');
INSERT INTO patient_prescriptions (patient_id, drug, indication, dose, frequency, start_date, prescriber) VALUES ('pt-0797', 'Latanoprost', 'Glaucoma', '20 mg', 'once daily', '2024-03-19', 'Dr Robert Jones');
INSERT INTO patient_appointments (patient_id, appointment_date, appointment_time, type, location, reason, verified_up_to_date) VALUES ('pt-0797', '2024-08-13', '15:20', 'Blood test', 'Home visit', 'annual monitoring', 1);
INSERT INTO patient_appointments (patient_id, appointment_date, appointment_time, type, location, reason, verified_up_to_date) VALUES ('pt-0797', '2025-08-31', '17:40', 'Mental health check-in', 'Community clinic', 'vaccination', 1);
INSERT INTO patient_appointments (patient_id, appointment_date, appointment_time, type, location, reason, verified_up_to_date) VALUES ('pt-0797', '2025-09-30', '11:15', 'Medication review', 'GP practice', 'routine review', 1);
INSERT INTO patient_appointments (patient_id, appointment_date, appointment_time, type, location, reason, verified_up_to_date) VALUES ('pt-0797', '2026-01-28', '09:20', 'Physiotherapy', 'Home visit', 'vaccination', 1);
INSERT INTO patient_appointments (patient_id, appointment_date, appointment_time, type, location, reason, verified_up_to_date) VALUES ('pt-0797', '2026-10-29', '15:20', 'Mental health check-in', 'GP practice', 'vaccination', 1);
INSERT INTO patient_vaccine_records (patient_id, vaccine, vaccine_date, product) VALUES ('pt-0797', 'COVID-19', '2018-11-26', 'Comirnaty');

INSERT INTO patients (id, name, age, gender, address_line1, city, county, postcode, country, telephone, email, gp_name, gp_practice, gp_address, national_insurance_number, passport_number, cache_status, last_synced_at, meta_region) VALUES ('pt-0798', 'Hugo Hall', 69, 'Male', '50 Anchor Road', 'Bristol', 'Bristol', 'BS1 5AH', 'UK', '+44 7595 888886', 'hugohall@icloud.com', 'Dr Grace Foster', 'Brownlow Group Practice', '150 Mt Pleasant, Liverpool L69 3GD, United Kingdom', 'PC133225D', '752472998', 'verified_online', '2026-02-23T00:00:00Z', 'Bristol');
INSERT INTO patient_appointments (patient_id, appointment_date, appointment_time, type, location, reason, verified_up_to_date) VALUES ('pt-0798', '2024-12-23', '11:45', 'Physiotherapy', 'GP practice', 'symptom check', 1);
INSERT INTO patient_appointments (patient_id, appointment_date, appointment_time, type, location, reason, verified_up_to_date) VALUES ('pt-0798', '2025-08-09', '09:20', 'Vaccination appointment', 'Home visit', 'vaccination', 1);
INSERT INTO patient_appointments (patient_id, appointment_date, appointment_time, type, location, reason, verified_up_to_date) VALUES ('pt-0798', '2025-08-31', '13:30', 'Ophthalmology', 'Telehealth', 'symptom check', 1);
INSERT INTO patient_appointments (patient_id, appointment_date, appointment_time, type, location, reason, verified_up_to_date) VALUES ('pt-0798', '2025-11-19', '13:00', 'Diabetes clinic', 'Telehealth', 'annual monitoring', 1);
INSERT INTO patient_appointments (patient_id, appointment_date, appointment_time, type, location, reason, verified_up_to_date) VALUES ('pt-0798', '2027-01-23', '16:45', 'Ophthalmology', 'GP practice', 'treatment follow-up', 1);
INSERT INTO patient_vaccine_records (patient_id, vaccine, vaccine_date, product) VALUES ('pt-0798', 'COVID-19', '2020-11-10', 'Comirnaty');
INSERT INTO patient_vaccine_records (patient_id, vaccine, vaccine_date, product) VALUES ('pt-0798', 'Td/Tdap (tetanus, diphtheria, pertussis)', '2017-01-19', NULL);

INSERT INTO patients (id, name, age, gender, address_line1, city, county, postcode, country, telephone, email, gp_name, gp_practice, gp_address, national_insurance_number, passport_number, cache_status, last_synced_at, meta_region) VALUES ('pt-0799', 'Callum Foster', 37, 'Male', '65 Belvedere Road', 'London', 'Greater London', 'SW1A 1BH', 'UK', '+44 7402 840297', 'cfoster@gmail.com', 'Dr Kieran Khan', 'Brownlow Group Practice', '150 Mt Pleasant, Liverpool L69 3GD, United Kingdom', 'HT915455D', '134969671', 'cached_stale', '2026-02-11T00:00:00Z', 'London');
INSERT INTO patient_conditions (patient_id, condition_name, status, since_date) VALUES ('pt-0799', 'Type 2 diabetes', 'active', '2024-12-29');
INSERT INTO patient_conditions (patient_id, condition_name, status, since_date) VALUES ('pt-0799', 'Hypothyroidism', 'active', '2025-08-23');
INSERT INTO patient_conditions (patient_id, condition_name, status, since_date) VALUES ('pt-0799', 'Osteoarthritis', 'history', '2023-07-24');
INSERT INTO patient_conditions (patient_id, condition_name, status, since_date) VALUES ('pt-0799', 'Obesity', 'active', '2025-05-16');
INSERT INTO patient_conditions (patient_id, condition_name, status, since_date) VALUES ('pt-0799', 'Dementia', 'history', '2016-12-18');
INSERT INTO patient_conditions (patient_id, condition_name, status, since_date) VALUES ('pt-0799', 'Depression', 'monitoring', '2011-07-02');

INSERT INTO patients (id, name, age, gender, address_line1, city, county, postcode, country, telephone, email, gp_name, gp_practice, gp_address, national_insurance_number, passport_number, cache_status, last_synced_at, meta_region) VALUES ('pt-0800', 'Freya Gill', 89, 'Female', '5 Constitution Hill', 'London', 'Greater London', 'SW1A 1BB', 'UK', '+44 7820 939746', 'freyagill@outlook.com', 'Dr Kieran Smith', 'Brownlow Group Practice', '150 Mt Pleasant, Liverpool L69 3GD, United Kingdom', 'KW678589C', '243290790', 'cached_stale', '2026-02-26T00:00:00Z', 'London');
INSERT INTO patient_prescriptions (patient_id, drug, indication, dose, frequency, start_date, prescriber) VALUES ('pt-0800', 'Dapagliflozin', 'Type 2 diabetes/Heart failure/CKD', '1 g', 'as needed', '2024-12-23', 'Dr Kieran Ahmed');
INSERT INTO patient_prescriptions (patient_id, drug, indication, dose, frequency, start_date, prescriber) VALUES ('pt-0800', 'Lansoprazole', 'Reflux/Ulcer prevention', '1 g', 'with meals', '2024-03-20', 'Dr Sophie Khan');
INSERT INTO patient_appointments (patient_id, appointment_date, appointment_time, type, location, reason, verified_up_to_date) VALUES ('pt-0800', '2026-05-15', '15:20', 'Respiratory review', 'Community clinic', 'annual monitoring', 1);
INSERT INTO patient_vaccine_records (patient_id, vaccine, vaccine_date, product) VALUES ('pt-0800', 'COVID-19', '2018-05-18', 'Spikevax');
INSERT INTO patient_vaccine_records (patient_id, vaccine, vaccine_date, product) VALUES ('pt-0800', 'Influenza (seasonal)', '2021-10-03', NULL);

INSERT INTO patients (id, name, age, gender, address_line1, city, county, postcode, country, telephone, email, gp_name, gp_practice, gp_address, national_insurance_number, passport_number, cache_status, last_synced_at, meta_region) VALUES ('pt-0801', 'Evie Allen', 90, 'Female', '47 Newton Street', 'Manchester', 'Greater Manchester', 'M1 1AR', 'UK', '+44 7952 906072', 'evieallen@gmail.com', 'Dr Sarah Campbell', 'Brownlow Group Practice', '150 Mt Pleasant, Liverpool L69 3GD, United Kingdom', 'JS739050A', '282725545', 'verified_online', '2026-02-25T00:00:00Z', 'Manchester');
INSERT INTO patient_appointments (patient_id, appointment_date, appointment_time, type, location, reason, verified_up_to_date) VALUES ('pt-0801', '2023-11-23', '17:30', 'Mental health check-in', 'Home visit', 'symptom check', 1);
INSERT INTO patient_vaccine_records (patient_id, vaccine, vaccine_date, product) VALUES ('pt-0801', 'COVID-19', '2020-03-04', 'Comirnaty');
INSERT INTO patient_vaccine_records (patient_id, vaccine, vaccine_date, product) VALUES ('pt-0801', 'COVID-19 booster', '2022-09-05', 'Comirnaty');

INSERT INTO patients (id, name, age, gender, address_line1, city, county, postcode, country, telephone, email, gp_name, gp_practice, gp_address, national_insurance_number, passport_number, cache_status, last_synced_at, meta_region) VALUES ('pt-0802', 'Adam Howard', 90, 'Male', 'Flat 31, 4 South John Street', 'Liverpool', 'Merseyside', 'L1 8JQ', 'UK', '+44 7123 611354', 'ahoward@icloud.com', 'Dr Sanjay Reid', 'Brownlow Group Practice', '150 Mt Pleasant, Liverpool L69 3GD, United Kingdom', 'DL761675A', '291999885', 'cached_stale', '2026-02-13T00:00:00Z', 'Liverpool');
INSERT INTO patient_prescriptions (patient_id, drug, indication, dose, frequency, start_date, prescriber) VALUES ('pt-0802', 'Sertraline', 'Depression/Anxiety', '5 mg', 'once weekly', '2025-08-25', 'Dr Chloe Ahmed');
INSERT INTO patient_vaccine_records (patient_id, vaccine, vaccine_date, product) VALUES ('pt-0802', 'COVID-19', '2016-11-17', 'Nuvaxovid');
INSERT INTO patient_vaccine_records (patient_id, vaccine, vaccine_date, product) VALUES ('pt-0802', 'Influenza (seasonal)', '2022-07-01', NULL);
INSERT INTO patient_vaccine_records (patient_id, vaccine, vaccine_date, product) VALUES ('pt-0802', 'Pneumococcal', '2016-10-07', NULL);
INSERT INTO patient_vaccine_records (patient_id, vaccine, vaccine_date, product) VALUES ('pt-0802', 'Td/Tdap (tetanus, diphtheria, pertussis)', '2024-01-11', NULL);

INSERT INTO patients (id, name, age, gender, address_line1, city, county, postcode, country, telephone, email, gp_name, gp_practice, gp_address, national_insurance_number, passport_number, cache_status, last_synced_at, meta_region) VALUES ('pt-0803', 'Victoria Thompson', 53, 'Female', '66 Edward''s Walk', 'Newcastle upon Tyne', 'Tyne and Wear', 'NE1 4LP', 'UK', '+44 7414 865777', 'vthompson@gmail.com', 'Dr Rachel Ahmed', 'Brownlow Group Practice', '150 Mt Pleasant, Liverpool L69 3GD, United Kingdom', 'SB217240C', '602856310', 'cached_stale', '2026-03-01T00:00:00Z', 'Newcastle upon Tyne');
INSERT INTO patient_conditions (patient_id, condition_name, status, since_date) VALUES ('pt-0803', 'Osteoporosis', 'monitoring', '2019-06-26');
INSERT INTO patient_conditions (patient_id, condition_name, status, since_date) VALUES ('pt-0803', 'Depression', 'controlled', '2021-12-25');
INSERT INTO patient_conditions (patient_id, condition_name, status, since_date) VALUES ('pt-0803', 'Gout', 'active', '2016-11-04');
INSERT INTO patient_prescriptions (patient_id, drug, indication, dose, frequency, start_date, prescriber) VALUES ('pt-0803', 'Levetiracetam', 'Epilepsy', '1 puff', 'as needed', '2024-12-05', 'Dr Fatima Taylor');
INSERT INTO patient_vaccine_records (patient_id, vaccine, vaccine_date, product) VALUES ('pt-0803', 'COVID-19', '2022-06-13', 'Comirnaty');
INSERT INTO patient_vaccine_records (patient_id, vaccine, vaccine_date, product) VALUES ('pt-0803', 'COVID-19 booster', '2018-07-07', 'Comirnaty');

INSERT INTO patients (id, name, age, gender, address_line1, city, county, postcode, country, telephone, email, gp_name, gp_practice, gp_address, national_insurance_number, passport_number, cache_status, last_synced_at, meta_region) VALUES ('pt-0804', 'Stephen Wilson', 38, 'Male', 'Unit 18, 18 Wyndham Arcade', 'Cardiff', 'South Glamorgan', 'CF10 1AF', 'UK', '+44 7971 657126', 'stephen173@gmail.com', 'Dr Hannah Jones', 'Brownlow Group Practice', '150 Mt Pleasant, Liverpool L69 3GD, United Kingdom', 'NV197499B', '235945805', 'verified_online', '2026-02-06T00:00:00Z', 'Cardiff');
INSERT INTO patient_conditions (patient_id, condition_name, status, since_date) VALUES ('pt-0804', 'Chronic kidney disease', 'active', '2013-11-04');
INSERT INTO patient_vaccine_records (patient_id, vaccine, vaccine_date, product) VALUES ('pt-0804', 'COVID-19', '2021-05-08', 'Spikevax');
INSERT INTO patient_vaccine_records (patient_id, vaccine, vaccine_date, product) VALUES ('pt-0804', 'Td/Tdap (tetanus, diphtheria, pertussis)', '2017-02-16', NULL);

INSERT INTO patients (id, name, age, gender, address_line1, city, county, postcode, country, telephone, email, gp_name, gp_practice, gp_address, national_insurance_number, passport_number, cache_status, last_synced_at, meta_region) VALUES ('pt-0805', 'Henry Lee', 83, 'Male', 'Apt 31, 79 Corporation Street', 'Birmingham', 'West Midlands', 'B1 1BB', 'UK', '+44 7900 972216', 'henry101@icloud.com', 'Dr Zoe Campbell', 'Brownlow Group Practice', '150 Mt Pleasant, Liverpool L69 3GD, United Kingdom', 'HH223420B', '477433252', 'cached_recent', '2026-02-19T00:00:00Z', 'Birmingham');
INSERT INTO patient_conditions (patient_id, condition_name, status, since_date) VALUES ('pt-0805', 'COPD', 'monitoring', '2020-09-01');
INSERT INTO patient_conditions (patient_id, condition_name, status, since_date) VALUES ('pt-0805', 'Epilepsy', 'active', '2012-09-27');
INSERT INTO patient_conditions (patient_id, condition_name, status, since_date) VALUES ('pt-0805', 'Coronary heart disease', 'controlled', '2019-01-01');
INSERT INTO patient_conditions (patient_id, condition_name, status, since_date) VALUES ('pt-0805', 'Osteoporosis', 'history', '2015-04-30');
INSERT INTO patient_conditions (patient_id, condition_name, status, since_date) VALUES ('pt-0805', 'Gout', 'controlled', '2024-06-15');
INSERT INTO patient_conditions (patient_id, condition_name, status, since_date) VALUES ('pt-0805', 'Atrial fibrillation', 'active', '2019-12-23');
INSERT INTO patient_prescriptions (patient_id, drug, indication, dose, frequency, start_date, prescriber) VALUES ('pt-0805', 'Sertraline', 'Depression/Anxiety', '1 g', 'at night', '2024-08-23', 'Dr Fatima Morgan');
INSERT INTO patient_appointments (patient_id, appointment_date, appointment_time, type, location, reason, verified_up_to_date) VALUES ('pt-0805', '2026-02-20', '17:10', 'Respiratory review', 'Hospital outpatient department', 'routine review', 1);
INSERT INTO patient_vaccine_records (patient_id, vaccine, vaccine_date, product) VALUES ('pt-0805', 'COVID-19', '2025-05-16', 'Spikevax');
INSERT INTO patient_vaccine_records (patient_id, vaccine, vaccine_date, product) VALUES ('pt-0805', 'COVID-19 booster', '2022-03-27', 'Spikevax');
INSERT INTO patient_vaccine_records (patient_id, vaccine, vaccine_date, product) VALUES ('pt-0805', 'Influenza (seasonal)', '2025-10-23', NULL);
INSERT INTO patient_vaccine_records (patient_id, vaccine, vaccine_date, product) VALUES ('pt-0805', 'Pneumococcal', '2019-07-17', NULL);

INSERT INTO patients (id, name, age, gender, address_line1, city, county, postcode, country, telephone, email, gp_name, gp_practice, gp_address, national_insurance_number, passport_number, cache_status, last_synced_at, meta_region) VALUES ('pt-0806', 'Lucy Harris', 0, 'Female', '7 Queen Victoria Road', 'Newcastle upon Tyne', 'Tyne and Wear', 'NE1 4LP', 'UK', '+44 7217 263327', 'lucy451@gmail.com', 'Dr Helen Foster', 'Brownlow Group Practice', '150 Mt Pleasant, Liverpool L69 3GD, United Kingdom', 'UB517860D', '826914889', 'verified_online', '2026-02-13T00:00:00Z', 'Newcastle upon Tyne');
INSERT INTO patient_conditions (patient_id, condition_name, status, since_date) VALUES ('pt-0806', 'Benign prostatic hyperplasia (BPH)', 'monitoring', '2018-02-19');
INSERT INTO patient_appointments (patient_id, appointment_date, appointment_time, type, location, reason, verified_up_to_date) VALUES ('pt-0806', '2025-03-30', '11:15', 'GP review', 'Hospital outpatient department', 'routine review', 1);
INSERT INTO patient_appointments (patient_id, appointment_date, appointment_time, type, location, reason, verified_up_to_date) VALUES ('pt-0806', '2025-07-26', '08:50', 'Respiratory review', 'GP practice', 'annual monitoring', 1);
INSERT INTO patient_appointments (patient_id, appointment_date, appointment_time, type, location, reason, verified_up_to_date) VALUES ('pt-0806', '2025-10-14', '08:20', 'Diabetes clinic', 'Community clinic', 'routine review', 0);
INSERT INTO patient_appointments (patient_id, appointment_date, appointment_time, type, location, reason, verified_up_to_date) VALUES ('pt-0806', '2026-11-24', '17:00', 'Diabetes clinic', 'Hospital outpatient department', 'annual monitoring', 1);

INSERT INTO patients (id, name, age, gender, address_line1, city, county, postcode, country, telephone, email, gp_name, gp_practice, gp_address, national_insurance_number, passport_number, cache_status, last_synced_at, meta_region) VALUES ('pt-0807', 'Georgia Graham', 62, 'Female', 'Flat 21, 81 St Georges Road', 'Bristol', 'Bristol', 'BS1 5AS', 'UK', '+44 7942 283893', 'ggraham@hotmail.co.uk', 'Dr Zoe O''Neill', 'Brownlow Group Practice', '150 Mt Pleasant, Liverpool L69 3GD, United Kingdom', 'RN953938C', '534412005', 'verified_online', '2026-02-19T00:00:00Z', 'Bristol');
INSERT INTO patient_conditions (patient_id, condition_name, status, since_date) VALUES ('pt-0807', 'Depression', 'history', '2014-10-11');
INSERT INTO patient_prescriptions (patient_id, drug, indication, dose, frequency, start_date, prescriber) VALUES ('pt-0807', 'Finasteride', 'BPH', '100 mg', 'with meals', '2024-03-01', 'Dr Priya Campbell');
INSERT INTO patient_prescriptions (patient_id, drug, indication, dose, frequency, start_date, prescriber) VALUES ('pt-0807', 'Latanoprost', 'Glaucoma', '2.5 mg', 'as needed', '2025-05-27', 'Dr Hannah Wilson');
INSERT INTO patient_appointments (patient_id, appointment_date, appointment_time, type, location, reason, verified_up_to_date) VALUES ('pt-0807', '2024-12-31', '17:00', 'Ophthalmology', 'Telehealth', 'annual monitoring', 1);
INSERT INTO patient_vaccine_records (patient_id, vaccine, vaccine_date, product) VALUES ('pt-0807', 'COVID-19', '2020-03-11', 'Nuvaxovid');

INSERT INTO patients (id, name, age, gender, address_line1, city, county, postcode, country, telephone, email, gp_name, gp_practice, gp_address, national_insurance_number, passport_number, cache_status, last_synced_at, meta_region) VALUES ('pt-0808', 'Sophie Johnson', 64, 'Female', 'Unit 36, 68 Waverley Bridge', 'Edinburgh', 'City of Edinburgh', 'EH2 2PR', 'UK', '+44 7442 283271', 'sophiejohnson@gmail.com', 'Dr John O''Neill', 'Brownlow Group Practice', '150 Mt Pleasant, Liverpool L69 3GD, United Kingdom', 'FS856703C', '285029556', 'cached_recent', '2026-02-09T00:00:00Z', 'Edinburgh');
INSERT INTO patient_conditions (patient_id, condition_name, status, since_date) VALUES ('pt-0808', 'Hypothyroidism', 'monitoring', '2024-04-27');
INSERT INTO patient_conditions (patient_id, condition_name, status, since_date) VALUES ('pt-0808', 'Atrial fibrillation', 'monitoring', '2025-01-01');
INSERT INTO patient_prescriptions (patient_id, drug, indication, dose, frequency, start_date, prescriber) VALUES ('pt-0808', 'Alendronic acid', 'Osteoporosis', '500 mg', 'once daily', '2024-11-29', 'Dr Kieran Ahmed');
INSERT INTO patient_appointments (patient_id, appointment_date, appointment_time, type, location, reason, verified_up_to_date) VALUES ('pt-0808', '2025-03-10', '14:20', 'Mental health check-in', 'Community clinic', 'treatment follow-up', 1);
INSERT INTO patient_appointments (patient_id, appointment_date, appointment_time, type, location, reason, verified_up_to_date) VALUES ('pt-0808', '2026-11-26', '13:00', 'Mental health check-in', 'GP practice', 'annual monitoring', 0);

INSERT INTO patients (id, name, age, gender, address_line1, city, county, postcode, country, telephone, email, gp_name, gp_practice, gp_address, national_insurance_number, passport_number, cache_status, last_synced_at, meta_region) VALUES ('pt-0809', 'Sara Evans', 74, 'Female', 'Apt 60, 34 Suez Road', 'Cambridge', 'Cambridgeshire', 'CB1 3PY', 'UK', '+44 7963 888867', 'sara.evans56@hotmail.co.uk', 'Dr Fatima Hughes', 'Brownlow Group Practice', '150 Mt Pleasant, Liverpool L69 3GD, United Kingdom', 'HL967047C', '153709122', 'cached_recent', '2026-02-09T00:00:00Z', 'Cambridge');
INSERT INTO patient_conditions (patient_id, condition_name, status, since_date) VALUES ('pt-0809', 'Gastro-oesophageal reflux disease (GORD)', 'monitoring', '2013-05-15');
INSERT INTO patient_prescriptions (patient_id, drug, indication, dose, frequency, start_date, prescriber) VALUES ('pt-0809', 'Rivaroxaban', 'Anticoagulant (AF/VTE)', '1 puff', 'with meals', '2024-07-09', 'Dr Sarah Jones');
INSERT INTO patient_vaccine_records (patient_id, vaccine, vaccine_date, product) VALUES ('pt-0809', 'COVID-19', '2021-06-27', 'Nuvaxovid');
INSERT INTO patient_vaccine_records (patient_id, vaccine, vaccine_date, product) VALUES ('pt-0809', 'Influenza (seasonal)', '2017-08-19', NULL);
INSERT INTO patient_vaccine_records (patient_id, vaccine, vaccine_date, product) VALUES ('pt-0809', 'Td/Tdap (tetanus, diphtheria, pertussis)', '2022-04-29', NULL);
INSERT INTO patient_vaccine_records (patient_id, vaccine, vaccine_date, product) VALUES ('pt-0809', 'MMR', '2023-08-30', NULL);

INSERT INTO patients (id, name, age, gender, address_line1, city, county, postcode, country, telephone, email, gp_name, gp_practice, gp_address, national_insurance_number, passport_number, cache_status, last_synced_at, meta_region) VALUES ('pt-0810', 'Muhammad Wright', 37, 'Male', '14 Donegall Square South', 'Belfast', 'County Antrim', 'BT1 5JD', 'UK', '+44 7687 315022', 'muhammad478@icloud.com', 'Dr Robert Hughes', 'Brownlow Group Practice', '150 Mt Pleasant, Liverpool L69 3GD, United Kingdom', 'AO868639D', '705844077', 'cached_stale', '2026-02-10T00:00:00Z', 'Belfast');
INSERT INTO patient_conditions (patient_id, condition_name, status, since_date) VALUES ('pt-0810', 'Hypertension', 'active', '2012-05-21');
INSERT INTO patient_prescriptions (patient_id, drug, indication, dose, frequency, start_date, prescriber) VALUES ('pt-0810', 'Furosemide', 'Oedema/Heart failure', '1 puff', 'once weekly', '2023-09-29', 'Dr Fatima Morgan');
INSERT INTO patient_prescriptions (patient_id, drug, indication, dose, frequency, start_date, prescriber) VALUES ('pt-0810', 'Nitrofurantoin', 'UTI', '0.5 mg', 'once weekly', '2024-09-06', 'Dr Rachel Smith');
INSERT INTO patient_appointments (patient_id, appointment_date, appointment_time, type, location, reason, verified_up_to_date) VALUES ('pt-0810', '2024-03-21', '16:45', 'Physiotherapy', 'Hospital outpatient department', 'treatment follow-up', 1);
INSERT INTO patient_appointments (patient_id, appointment_date, appointment_time, type, location, reason, verified_up_to_date) VALUES ('pt-0810', '2025-03-20', '12:15', 'GP review', 'Telehealth', 'annual monitoring', 1);
INSERT INTO patient_appointments (patient_id, appointment_date, appointment_time, type, location, reason, verified_up_to_date) VALUES ('pt-0810', '2026-03-14', '16:20', 'Respiratory review', 'Hospital outpatient department', 'annual monitoring', 1);
INSERT INTO patient_vaccine_records (patient_id, vaccine, vaccine_date, product) VALUES ('pt-0810', 'Hepatitis B', '2023-09-12', NULL);

INSERT INTO patients (id, name, age, gender, address_line1, city, county, postcode, country, telephone, email, gp_name, gp_practice, gp_address, national_insurance_number, passport_number, cache_status, last_synced_at, meta_region) VALUES ('pt-0811', 'Megan Ahmed', 70, 'Female', 'Flat 32, 134 Newton Street', 'Manchester', 'Greater Manchester', 'M1 1EB', 'UK', '+44 7442 919059', 'mahmed@hotmail.co.uk', 'Dr Aisha Clarke', 'Brownlow Group Practice', '150 Mt Pleasant, Liverpool L69 3GD, United Kingdom', 'GR362900D', '215218802', 'verified_online', '2026-02-05T00:00:00Z', 'Manchester');
INSERT INTO patient_conditions (patient_id, condition_name, status, since_date) VALUES ('pt-0811', 'Obesity', 'monitoring', '2019-04-04');
INSERT INTO patient_prescriptions (patient_id, drug, indication, dose, frequency, start_date, prescriber) VALUES ('pt-0811', 'Pregabalin', 'Neuropathic pain/Anxiety', '500 mg', 'at night', '2023-07-09', 'Dr Grace Khan');
INSERT INTO patient_appointments (patient_id, appointment_date, appointment_time, type, location, reason, verified_up_to_date) VALUES ('pt-0811', '2025-07-21', '14:10', 'Physiotherapy', 'Home visit', 'treatment follow-up', 1);
INSERT INTO patient_appointments (patient_id, appointment_date, appointment_time, type, location, reason, verified_up_to_date) VALUES ('pt-0811', '2026-05-23', '08:15', 'Medication review', 'Home visit', 'routine review', 1);
INSERT INTO patient_vaccine_records (patient_id, vaccine, vaccine_date, product) VALUES ('pt-0811', 'COVID-19', '2022-07-15', 'Spikevax');
INSERT INTO patient_vaccine_records (patient_id, vaccine, vaccine_date, product) VALUES ('pt-0811', 'Influenza (seasonal)', '2019-03-11', NULL);
INSERT INTO patient_vaccine_records (patient_id, vaccine, vaccine_date, product) VALUES ('pt-0811', 'Shingles (Shingrix)', '2024-05-22', 'Shingrix');

INSERT INTO patients (id, name, age, gender, address_line1, city, county, postcode, country, telephone, email, gp_name, gp_practice, gp_address, national_insurance_number, passport_number, cache_status, last_synced_at, meta_region) VALUES ('pt-0812', 'Leo Thompson', 25, 'Male', 'Flat 57, 151 Hilton Street', 'Manchester', 'Greater Manchester', 'M1 1AQ', 'UK', '+44 7296 807857', 'leothompson@gmail.com', 'Dr Kate Stewart', 'Brownlow Group Practice', '150 Mt Pleasant, Liverpool L69 3GD, United Kingdom', 'QE189844A', '327745713', 'cached_recent', '2026-03-02T00:00:00Z', 'Manchester');
INSERT INTO patient_conditions (patient_id, condition_name, status, since_date) VALUES ('pt-0812', 'Atrial fibrillation', 'active', '2014-10-07');
INSERT INTO patient_prescriptions (patient_id, drug, indication, dose, frequency, start_date, prescriber) VALUES ('pt-0812', 'Amitriptyline', 'Neuropathic pain/Migraine prevention', '0.5 mg', 'once weekly', '2023-03-30', 'Dr Owen Hughes');
INSERT INTO patient_prescriptions (patient_id, drug, indication, dose, frequency, start_date, prescriber) VALUES ('pt-0812', 'Insulin aspart', 'Diabetes', '500 mg', 'once daily', '2023-12-26', 'Dr Matthew Campbell');

INSERT INTO patients (id, name, age, gender, address_line1, city, county, postcode, country, telephone, email, gp_name, gp_practice, gp_address, national_insurance_number, passport_number, cache_status, last_synced_at, meta_region) VALUES ('pt-0813', 'Chloe Barnes', 42, 'Female', '185 Donegall Square East', 'Belfast', 'County Antrim', 'BT1 5JA', 'UK', '+44 7959 457976', 'chloe766@outlook.com', 'Dr Grace Patel', 'Brownlow Group Practice', '150 Mt Pleasant, Liverpool L69 3GD, United Kingdom', 'KW846040A', '534739743', 'verified_online', '2026-02-21T00:00:00Z', 'Belfast');
INSERT INTO patient_prescriptions (patient_id, drug, indication, dose, frequency, start_date, prescriber) VALUES ('pt-0813', 'Amoxicillin', 'Bacterial infection', '5 mg', 'once daily', '2024-03-20', 'Dr Ibrahim Ahmed');
INSERT INTO patient_prescriptions (patient_id, drug, indication, dose, frequency, start_date, prescriber) VALUES ('pt-0813', 'Warfarin', 'Anticoagulant', '50 mg', 'twice daily', '2023-12-02', 'Dr Priya Patel');
INSERT INTO patient_vaccine_records (patient_id, vaccine, vaccine_date, product) VALUES ('pt-0813', 'COVID-19', '2020-01-28', 'Comirnaty');
INSERT INTO patient_vaccine_records (patient_id, vaccine, vaccine_date, product) VALUES ('pt-0813', 'Td/Tdap (tetanus, diphtheria, pertussis)', '2021-10-17', NULL);

INSERT INTO patients (id, name, age, gender, address_line1, city, county, postcode, country, telephone, email, gp_name, gp_practice, gp_address, national_insurance_number, passport_number, cache_status, last_synced_at, meta_region) VALUES ('pt-0814', 'Liam Shaw', 82, 'Male', 'Unit 21, 219 Hilton Street', 'Manchester', 'Greater Manchester', 'M1 1AQ', 'UK', '+44 7401 588840', 'liam.shaw@hotmail.co.uk', 'Dr Aisha Clarke', 'Brownlow Group Practice', '150 Mt Pleasant, Liverpool L69 3GD, United Kingdom', 'PI825107C', '134807801', 'cached_recent', '2026-02-10T00:00:00Z', 'Manchester');
INSERT INTO patient_conditions (patient_id, condition_name, status, since_date) VALUES ('pt-0814', 'Osteoarthritis', 'history', '2011-05-18');
INSERT INTO patient_prescriptions (patient_id, drug, indication, dose, frequency, start_date, prescriber) VALUES ('pt-0814', 'Bisoprolol', 'Hypertension/Heart failure/Arrhythmia', '1 injection', 'twice daily', '2024-09-03', 'Dr Robert Hughes');
INSERT INTO patient_prescriptions (patient_id, drug, indication, dose, frequency, start_date, prescriber) VALUES ('pt-0814', 'Amlodipine', 'Hypertension/Angina', '500 mg', 'at night', '2025-04-16', 'Dr Richard Patel');
INSERT INTO patient_appointments (patient_id, appointment_date, appointment_time, type, location, reason, verified_up_to_date) VALUES ('pt-0814', '2025-01-14', '08:10', 'Blood test', 'Community clinic', 'annual monitoring', 1);
INSERT INTO patient_appointments (patient_id, appointment_date, appointment_time, type, location, reason, verified_up_to_date) VALUES ('pt-0814', '2025-04-15', '16:40', 'GP review', 'Telehealth', 'symptom check', 1);
INSERT INTO patient_appointments (patient_id, appointment_date, appointment_time, type, location, reason, verified_up_to_date) VALUES ('pt-0814', '2025-10-08', '14:15', 'Ophthalmology', 'Community clinic', 'routine review', 1);
INSERT INTO patient_vaccine_records (patient_id, vaccine, vaccine_date, product) VALUES ('pt-0814', 'Influenza (seasonal)', '2020-03-22', NULL);

INSERT INTO patients (id, name, age, gender, address_line1, city, county, postcode, country, telephone, email, gp_name, gp_practice, gp_address, national_insurance_number, passport_number, cache_status, last_synced_at, meta_region) VALUES ('pt-0815', 'Leah Ahmed', 61, 'Female', 'Flat 33, 71 Corporation Street', 'Birmingham', 'West Midlands', 'B1 1BB', 'UK', '+44 7448 373293', 'leah.ahmed29@outlook.com', 'Dr David Reid', 'Brownlow Group Practice', '150 Mt Pleasant, Liverpool L69 3GD, United Kingdom', 'PP507209B', '803592556', 'verified_online', '2026-02-10T00:00:00Z', 'Birmingham');
INSERT INTO patient_prescriptions (patient_id, drug, indication, dose, frequency, start_date, prescriber) VALUES ('pt-0815', 'Latanoprost', 'Glaucoma', '1 puff', 'with meals', '2025-05-19', 'Dr Chloe Khan');
INSERT INTO patient_prescriptions (patient_id, drug, indication, dose, frequency, start_date, prescriber) VALUES ('pt-0815', 'Alendronic acid', 'Osteoporosis', '200 mg', 'as needed', '2023-04-09', 'Dr Maya Campbell');

INSERT INTO patients (id, name, age, gender, address_line1, city, county, postcode, country, telephone, email, gp_name, gp_practice, gp_address, national_insurance_number, passport_number, cache_status, last_synced_at, meta_region) VALUES ('pt-0816', 'Hannah Smith', 92, 'Female', 'Unit 16, 69 Wyndham Arcade', 'Cardiff', 'South Glamorgan', 'CF10 1AA', 'UK', '+44 7571 483470', 'hannah.smith88@outlook.com', 'Dr Daniel Hughes', 'Brownlow Group Practice', '150 Mt Pleasant, Liverpool L69 3GD, United Kingdom', 'NH166846A', '566342831', 'cached_stale', '2026-02-05T00:00:00Z', 'Cardiff');
INSERT INTO patient_conditions (patient_id, condition_name, status, since_date) VALUES ('pt-0816', 'Depression', 'controlled', '2015-03-25');
INSERT INTO patient_prescriptions (patient_id, drug, indication, dose, frequency, start_date, prescriber) VALUES ('pt-0816', 'Atorvastatin', 'High cholesterol/Cardiovascular risk', '5 mg', 'once weekly', '2024-11-03', 'Dr Maya Patel');
INSERT INTO patient_appointments (patient_id, appointment_date, appointment_time, type, location, reason, verified_up_to_date) VALUES ('pt-0816', '2023-06-13', '08:45', 'Cardiology follow-up', 'Community clinic', 'symptom check', 0);

INSERT INTO patients (id, name, age, gender, address_line1, city, county, postcode, country, telephone, email, gp_name, gp_practice, gp_address, national_insurance_number, passport_number, cache_status, last_synced_at, meta_region) VALUES ('pt-0817', 'Stephen Allen', 21, 'Male', 'Flat 14, 4 Sauchiehall Street', 'Glasgow', 'Glasgow City', 'G2 2QZ', 'UK', '+44 7890 976988', 'stephen.allen@gmail.com', 'Dr Zoe Jones', 'Brownlow Group Practice', '150 Mt Pleasant, Liverpool L69 3GD, United Kingdom', 'VX799950D', '241561590', 'cached_recent', '2026-02-10T00:00:00Z', 'Glasgow');
INSERT INTO patient_conditions (patient_id, condition_name, status, since_date) VALUES ('pt-0817', 'Obesity', 'active', '2020-05-31');
INSERT INTO patient_conditions (patient_id, condition_name, status, since_date) VALUES ('pt-0817', 'Hypercholesterolaemia', 'controlled', '2025-12-09');
INSERT INTO patient_conditions (patient_id, condition_name, status, since_date) VALUES ('pt-0817', 'Chronic kidney disease', 'active', '2025-11-22');
INSERT INTO patient_appointments (patient_id, appointment_date, appointment_time, type, location, reason, verified_up_to_date) VALUES ('pt-0817', '2025-09-12', '12:50', 'Blood test', 'Telehealth', 'results discussion', 1);

INSERT INTO patients (id, name, age, gender, address_line1, city, county, postcode, country, telephone, email, gp_name, gp_practice, gp_address, national_insurance_number, passport_number, cache_status, last_synced_at, meta_region) VALUES ('pt-0818', 'Aria Brown', 68, 'Female', '36 College Green', 'Bristol', 'Bristol', 'BS1 5AH', 'UK', '+44 7618 704255', 'aria375@icloud.com', 'Dr Ben Roberts', 'Brownlow Group Practice', '150 Mt Pleasant, Liverpool L69 3GD, United Kingdom', 'LB976457A', '944063562', 'cached_recent', '2026-02-13T00:00:00Z', 'Bristol');
INSERT INTO patient_conditions (patient_id, condition_name, status, since_date) VALUES ('pt-0818', 'Depression', 'history', '2024-08-22');
INSERT INTO patient_appointments (patient_id, appointment_date, appointment_time, type, location, reason, verified_up_to_date) VALUES ('pt-0818', '2026-08-01', '10:50', 'Diabetes clinic', 'Hospital outpatient department', 'annual monitoring', 1);
INSERT INTO patient_vaccine_records (patient_id, vaccine, vaccine_date, product) VALUES ('pt-0818', 'COVID-19', '2020-05-09', 'Comirnaty');
INSERT INTO patient_vaccine_records (patient_id, vaccine, vaccine_date, product) VALUES ('pt-0818', 'COVID-19 booster', '2024-08-08', 'Comirnaty');

INSERT INTO patients (id, name, age, gender, address_line1, city, county, postcode, country, telephone, email, gp_name, gp_practice, gp_address, national_insurance_number, passport_number, cache_status, last_synced_at, meta_region) VALUES ('pt-0819', 'Isla Taylor', 31, 'Female', '163 West George Street', 'Glasgow', 'Glasgow City', 'G2 2TG', 'UK', '+44 7585 240612', 'isla.taylor@outlook.com', 'Dr Ben Jones', 'Brownlow Group Practice', '150 Mt Pleasant, Liverpool L69 3GD, United Kingdom', 'TV546617A', '798795648', 'verified_online', '2026-02-13T00:00:00Z', 'Glasgow');
INSERT INTO patient_conditions (patient_id, condition_name, status, since_date) VALUES ('pt-0819', 'Chronic kidney disease', 'history', '2025-08-07');
INSERT INTO patient_prescriptions (patient_id, drug, indication, dose, frequency, start_date, prescriber) VALUES ('pt-0819', 'Gliclazide', 'Type 2 diabetes', '2 puffs', 'at night', '2024-09-06', 'Dr Kieran Smith');
INSERT INTO patient_prescriptions (patient_id, drug, indication, dose, frequency, start_date, prescriber) VALUES ('pt-0819', 'Insulin aspart', 'Diabetes', '1 g', 'once daily', '2025-05-08', 'Dr Ibrahim Khan');
INSERT INTO patient_vaccine_records (patient_id, vaccine, vaccine_date, product) VALUES ('pt-0819', 'MMR', '2020-06-12', NULL);

INSERT INTO patients (id, name, age, gender, address_line1, city, county, postcode, country, telephone, email, gp_name, gp_practice, gp_address, national_insurance_number, passport_number, cache_status, last_synced_at, meta_region) VALUES ('pt-0820', 'Victoria Powell', 82, 'Female', '128 Great Charles Street', 'Birmingham', 'West Midlands', 'B1 1BB', 'UK', '+44 7446 336251', 'vpowell@outlook.com', 'Dr Zoe Campbell', 'Brownlow Group Practice', '150 Mt Pleasant, Liverpool L69 3GD, United Kingdom', 'GO166940C', '469213004', 'verified_online', '2026-02-26T00:00:00Z', 'Birmingham');
INSERT INTO patient_conditions (patient_id, condition_name, status, since_date) VALUES ('pt-0820', 'COPD', 'monitoring', '2017-06-28');
INSERT INTO patient_vaccine_records (patient_id, vaccine, vaccine_date, product) VALUES ('pt-0820', 'COVID-19', '2024-07-14', 'Spikevax');
INSERT INTO patient_vaccine_records (patient_id, vaccine, vaccine_date, product) VALUES ('pt-0820', 'Influenza (seasonal)', '2024-01-02', NULL);

INSERT INTO patients (id, name, age, gender, address_line1, city, county, postcode, country, telephone, email, gp_name, gp_practice, gp_address, national_insurance_number, passport_number, cache_status, last_synced_at, meta_region) VALUES ('pt-0821', 'Sara Jackson', 76, 'Female', 'Apt 68, 16 Cyprus Road', 'Cambridge', 'Cambridgeshire', 'CB1 3PZ', 'UK', '+44 7361 105065', 'sara.jackson@hotmail.co.uk', 'Dr Priya Hughes', 'Brownlow Group Practice', '150 Mt Pleasant, Liverpool L69 3GD, United Kingdom', 'GU487913A', '755643333', 'cached_recent', '2026-02-12T00:00:00Z', 'Cambridge');
INSERT INTO patient_conditions (patient_id, condition_name, status, since_date) VALUES ('pt-0821', 'COPD', 'history', '2023-02-14');
INSERT INTO patient_conditions (patient_id, condition_name, status, since_date) VALUES ('pt-0821', 'Coronary heart disease', 'monitoring', '2016-04-29');
INSERT INTO patient_prescriptions (patient_id, drug, indication, dose, frequency, start_date, prescriber) VALUES ('pt-0821', 'Sitagliptin', 'Type 2 diabetes', '1 tablet', 'once weekly', '2023-05-25', 'Dr Grace Khan');
INSERT INTO patient_appointments (patient_id, appointment_date, appointment_time, type, location, reason, verified_up_to_date) VALUES ('pt-0821', '2026-01-15', '17:50', 'Cardiology follow-up', 'GP practice', 'routine review', 0);
INSERT INTO patient_vaccine_records (patient_id, vaccine, vaccine_date, product) VALUES ('pt-0821', 'COVID-19', '2016-06-23', 'Nuvaxovid');

INSERT INTO patients (id, name, age, gender, address_line1, city, county, postcode, country, telephone, email, gp_name, gp_practice, gp_address, national_insurance_number, passport_number, cache_status, last_synced_at, meta_region) VALUES ('pt-0822', 'Abigail Foster', 64, 'Female', 'Unit 16, 26 Chicheley Street', 'London', 'Greater London', 'SW1A 1BW', 'UK', '+44 7896 724280', 'abigail.foster@gmail.com', 'Dr Kieran Khan', 'Brownlow Group Practice', '150 Mt Pleasant, Liverpool L69 3GD, United Kingdom', 'TH712325B', '862708904', 'verified_online', '2026-02-08T00:00:00Z', 'London');
INSERT INTO patient_conditions (patient_id, condition_name, status, since_date) VALUES ('pt-0822', 'Glaucoma', 'monitoring', '2017-09-27');
INSERT INTO patient_conditions (patient_id, condition_name, status, since_date) VALUES ('pt-0822', 'Gastro-oesophageal reflux disease (GORD)', 'active', '2025-05-10');
INSERT INTO patient_prescriptions (patient_id, drug, indication, dose, frequency, start_date, prescriber) VALUES ('pt-0822', 'Aspirin', 'Antiplatelet/Pain', '25 mg', 'once weekly', '2026-02-22', 'Dr Kieran Ahmed');
INSERT INTO patient_appointments (patient_id, appointment_date, appointment_time, type, location, reason, verified_up_to_date) VALUES ('pt-0822', '2026-10-24', '15:40', 'GP review', 'Home visit', 'treatment follow-up', 0);
INSERT INTO patient_vaccine_records (patient_id, vaccine, vaccine_date, product) VALUES ('pt-0822', 'COVID-19', '2016-12-21', 'Spikevax');

INSERT INTO patients (id, name, age, gender, address_line1, city, county, postcode, country, telephone, email, gp_name, gp_practice, gp_address, national_insurance_number, passport_number, cache_status, last_synced_at, meta_region) VALUES ('pt-0823', 'Grace Taylor', 88, 'Female', 'Flat 38, 74 Mill Road', 'Cambridge', 'Cambridgeshire', 'CB1 3NU', 'UK', '+44 7142 690048', 'grace745@gmail.com', 'Dr Laura Jones', 'Brownlow Group Practice', '150 Mt Pleasant, Liverpool L69 3GD, United Kingdom', 'HV661869A', '069902123', 'verified_online', '2026-02-14T00:00:00Z', 'Cambridge');
INSERT INTO patient_vaccine_records (patient_id, vaccine, vaccine_date, product) VALUES ('pt-0823', 'COVID-19', '2019-03-31', 'Spikevax');
INSERT INTO patient_vaccine_records (patient_id, vaccine, vaccine_date, product) VALUES ('pt-0823', 'Influenza (seasonal)', '2021-08-02', NULL);
INSERT INTO patient_vaccine_records (patient_id, vaccine, vaccine_date, product) VALUES ('pt-0823', 'Pneumococcal', '2022-07-04', NULL);
INSERT INTO patient_vaccine_records (patient_id, vaccine, vaccine_date, product) VALUES ('pt-0823', 'Td/Tdap (tetanus, diphtheria, pertussis)', '2016-10-26', NULL);

INSERT INTO patients (id, name, age, gender, address_line1, city, county, postcode, country, telephone, email, gp_name, gp_practice, gp_address, national_insurance_number, passport_number, cache_status, last_synced_at, meta_region) VALUES ('pt-0824', 'Patrick Morris', 41, 'Male', '91 Wharton Street', 'Cardiff', 'South Glamorgan', 'CF10 1PL', 'UK', '+44 7752 210706', 'patrickmorris@icloud.com', 'Dr Hannah Jones', 'Brownlow Group Practice', '150 Mt Pleasant, Liverpool L69 3GD, United Kingdom', 'LT177621D', '332353124', 'verified_online', '2026-02-02T00:00:00Z', 'Cardiff');
INSERT INTO patient_conditions (patient_id, condition_name, status, since_date) VALUES ('pt-0824', 'History of stroke/TIA', 'active', '2021-05-30');
INSERT INTO patient_conditions (patient_id, condition_name, status, since_date) VALUES ('pt-0824', 'Hypothyroidism', 'controlled', '2011-12-10');
INSERT INTO patient_vaccine_records (patient_id, vaccine, vaccine_date, product) VALUES ('pt-0824', 'COVID-19', '2017-02-14', 'Comirnaty');

INSERT INTO patients (id, name, age, gender, address_line1, city, county, postcode, country, telephone, email, gp_name, gp_practice, gp_address, national_insurance_number, passport_number, cache_status, last_synced_at, meta_region) VALUES ('pt-0825', 'Sebastian Davies', 6, 'Male', '136 Newhall Street', 'Birmingham', 'West Midlands', 'B1 1BB', 'UK', '+44 7930 575809', 'sebastian51@gmail.com', 'Dr Ibrahim Wilson', 'Brownlow Group Practice', '150 Mt Pleasant, Liverpool L69 3GD, United Kingdom', 'AD006470B', '805623044', 'cached_recent', '2026-02-05T00:00:00Z', 'Birmingham');

INSERT INTO patients (id, name, age, gender, address_line1, city, county, postcode, country, telephone, email, gp_name, gp_practice, gp_address, national_insurance_number, passport_number, cache_status, last_synced_at, meta_region) VALUES ('pt-0826', 'Harry Edwards', 91, 'Male', 'Unit 24, 20 Princes Street', 'Edinburgh', 'City of Edinburgh', 'EH2 2PF', 'UK', '+44 7895 546217', 'harry.edwards23@outlook.com', 'Dr John O''Neill', 'Brownlow Group Practice', '150 Mt Pleasant, Liverpool L69 3GD, United Kingdom', 'XE380425A', '609262367', 'cached_recent', '2026-03-01T00:00:00Z', 'Edinburgh');
INSERT INTO patient_appointments (patient_id, appointment_date, appointment_time, type, location, reason, verified_up_to_date) VALUES ('pt-0826', '2025-09-20', '12:10', 'GP review', 'Home visit', 'results discussion', 0);
INSERT INTO patient_vaccine_records (patient_id, vaccine, vaccine_date, product) VALUES ('pt-0826', 'COVID-19', '2022-10-17', 'Comirnaty');
INSERT INTO patient_vaccine_records (patient_id, vaccine, vaccine_date, product) VALUES ('pt-0826', 'Influenza (seasonal)', '2020-07-04', NULL);

INSERT INTO patients (id, name, age, gender, address_line1, city, county, postcode, country, telephone, email, gp_name, gp_practice, gp_address, national_insurance_number, passport_number, cache_status, last_synced_at, meta_region) VALUES ('pt-0827', 'Louise Murphy', 46, 'Female', '217 Hilton Street', 'Manchester', 'Greater Manchester', 'M1 1EE', 'UK', '+44 7615 564133', 'louisemurphy@outlook.com', 'Dr Priya O''Neill', 'Brownlow Group Practice', '150 Mt Pleasant, Liverpool L69 3GD, United Kingdom', 'AE017440D', '096741735', 'cached_recent', '2026-02-15T00:00:00Z', 'Manchester');
INSERT INTO patient_conditions (patient_id, condition_name, status, since_date) VALUES ('pt-0827', 'Overactive bladder', 'active', '2013-01-21');
INSERT INTO patient_conditions (patient_id, condition_name, status, since_date) VALUES ('pt-0827', 'Depression', 'active', '2026-01-22');
INSERT INTO patient_appointments (patient_id, appointment_date, appointment_time, type, location, reason, verified_up_to_date) VALUES ('pt-0827', '2026-02-11', '08:40', 'Medication review', 'Hospital outpatient department', 'treatment follow-up', 1);
INSERT INTO patient_vaccine_records (patient_id, vaccine, vaccine_date, product) VALUES ('pt-0827', 'Hepatitis B', '2017-05-13', NULL);

INSERT INTO patients (id, name, age, gender, address_line1, city, county, postcode, country, telephone, email, gp_name, gp_practice, gp_address, national_insurance_number, passport_number, cache_status, last_synced_at, meta_region) VALUES ('pt-0828', 'John Howard', 34, 'Male', 'Flat 13, 220 Broad Street', 'Birmingham', 'West Midlands', 'B1 1BB', 'UK', '+44 7547 283117', 'john.howard@outlook.com', 'Dr Hannah Taylor', 'Brownlow Group Practice', '150 Mt Pleasant, Liverpool L69 3GD, United Kingdom', 'ZW638254D', '698731008', 'cached_stale', '2026-02-12T00:00:00Z', 'Birmingham');
INSERT INTO patient_conditions (patient_id, condition_name, status, since_date) VALUES ('pt-0828', 'Overactive bladder', 'active', '2022-05-16');
INSERT INTO patient_vaccine_records (patient_id, vaccine, vaccine_date, product) VALUES ('pt-0828', 'COVID-19', '2022-11-20', 'Nuvaxovid');

INSERT INTO patients (id, name, age, gender, address_line1, city, county, postcode, country, telephone, email, gp_name, gp_practice, gp_address, national_insurance_number, passport_number, cache_status, last_synced_at, meta_region) VALUES ('pt-0829', 'Gareth Young', 92, 'Male', '132 Belvedere Road', 'London', 'Greater London', 'SW1A 1AA', 'UK', '+44 7758 204988', 'garethyoung@icloud.com', 'Dr Kieran Khan', 'Brownlow Group Practice', '150 Mt Pleasant, Liverpool L69 3GD, United Kingdom', 'YS308161C', '965423423', 'cached_recent', '2026-02-18T00:00:00Z', 'London');
INSERT INTO patient_conditions (patient_id, condition_name, status, since_date) VALUES ('pt-0829', 'Osteoporosis', 'active', '2016-09-05');
INSERT INTO patient_prescriptions (patient_id, drug, indication, dose, frequency, start_date, prescriber) VALUES ('pt-0829', 'Apixaban', 'Anticoagulant (AF/VTE)', '25 mg', 'as needed', '2024-02-10', 'Dr Kieran Smith');
INSERT INTO patient_appointments (patient_id, appointment_date, appointment_time, type, location, reason, verified_up_to_date) VALUES ('pt-0829', '2025-07-24', '13:30', 'Mental health check-in', 'Hospital outpatient department', 'symptom check', 0);
INSERT INTO patient_appointments (patient_id, appointment_date, appointment_time, type, location, reason, verified_up_to_date) VALUES ('pt-0829', '2025-08-29', '16:50', 'Cardiology follow-up', 'Community clinic', 'symptom check', 0);
INSERT INTO patient_vaccine_records (patient_id, vaccine, vaccine_date, product) VALUES ('pt-0829', 'Influenza (seasonal)', '2022-05-19', NULL);
INSERT INTO patient_vaccine_records (patient_id, vaccine, vaccine_date, product) VALUES ('pt-0829', 'Pneumococcal', '2018-08-03', NULL);
INSERT INTO patient_vaccine_records (patient_id, vaccine, vaccine_date, product) VALUES ('pt-0829', 'Shingles (Shingrix)', '2018-12-20', 'Shingrix');

INSERT INTO patients (id, name, age, gender, address_line1, city, county, postcode, country, telephone, email, gp_name, gp_practice, gp_address, national_insurance_number, passport_number, cache_status, last_synced_at, meta_region) VALUES ('pt-0830', 'Oscar Webb', 58, 'Male', 'Unit 7, 186 Claremont Place', 'Newcastle upon Tyne', 'Tyne and Wear', 'NE1 4LP', 'UK', '+44 7473 123781', 'oscar.webb57@outlook.com', 'Dr Richard Jones', 'Brownlow Group Practice', '150 Mt Pleasant, Liverpool L69 3GD, United Kingdom', 'DZ388647A', '041309563', 'cached_recent', '2026-02-09T00:00:00Z', 'Newcastle upon Tyne');
INSERT INTO patient_conditions (patient_id, condition_name, status, since_date) VALUES ('pt-0830', 'Epilepsy', 'controlled', '2026-01-31');
INSERT INTO patient_conditions (patient_id, condition_name, status, since_date) VALUES ('pt-0830', 'Coronary heart disease', 'controlled', '2024-12-20');
INSERT INTO patient_conditions (patient_id, condition_name, status, since_date) VALUES ('pt-0830', 'Chronic kidney disease', 'active', '2015-09-16');
INSERT INTO patient_prescriptions (patient_id, drug, indication, dose, frequency, start_date, prescriber) VALUES ('pt-0830', 'Metformin', 'Type 2 diabetes', '1 puff', 'with meals', '2023-08-11', 'Dr Kieran Smith');
INSERT INTO patient_appointments (patient_id, appointment_date, appointment_time, type, location, reason, verified_up_to_date) VALUES ('pt-0830', '2025-08-08', '11:10', 'Physiotherapy', 'Community clinic', 'treatment follow-up', 1);
INSERT INTO patient_appointments (patient_id, appointment_date, appointment_time, type, location, reason, verified_up_to_date) VALUES ('pt-0830', '2026-01-16', '09:10', 'Blood test', 'Hospital outpatient department', 'vaccination', 1);
INSERT INTO patient_vaccine_records (patient_id, vaccine, vaccine_date, product) VALUES ('pt-0830', 'MMR', '2023-05-28', NULL);

INSERT INTO patients (id, name, age, gender, address_line1, city, county, postcode, country, telephone, email, gp_name, gp_practice, gp_address, national_insurance_number, passport_number, cache_status, last_synced_at, meta_region) VALUES ('pt-0831', 'Freya Powell', 49, 'Female', 'Flat 36, 211 Sauchiehall Street', 'Glasgow', 'Glasgow City', 'G2 3AB', 'UK', '+44 7214 394951', 'freya.powell26@outlook.com', 'Dr Tom Stewart', 'Brownlow Group Practice', '150 Mt Pleasant, Liverpool L69 3GD, United Kingdom', 'XQ914442A', '443487453', 'cached_stale', '2026-02-27T00:00:00Z', 'Glasgow');
INSERT INTO patient_conditions (patient_id, condition_name, status, since_date) VALUES ('pt-0831', 'Atrial fibrillation', 'controlled', '2021-03-12');
INSERT INTO patient_conditions (patient_id, condition_name, status, since_date) VALUES ('pt-0831', 'Heart failure', 'controlled', '2023-08-07');
INSERT INTO patient_prescriptions (patient_id, drug, indication, dose, frequency, start_date, prescriber) VALUES ('pt-0831', 'Omeprazole', 'Reflux/Ulcer prevention', '1 injection', 'once weekly', '2025-09-01', 'Dr Owen Taylor');
INSERT INTO patient_prescriptions (patient_id, drug, indication, dose, frequency, start_date, prescriber) VALUES ('pt-0831', 'Simvastatin', 'High cholesterol', '2 puffs', 'twice daily', '2023-09-26', 'Dr David Wilson');
INSERT INTO patient_appointments (patient_id, appointment_date, appointment_time, type, location, reason, verified_up_to_date) VALUES ('pt-0831', '2026-02-14', '11:50', 'Blood test', 'Hospital outpatient department', 'routine review', 1);

INSERT INTO patients (id, name, age, gender, address_line1, city, county, postcode, country, telephone, email, gp_name, gp_practice, gp_address, national_insurance_number, passport_number, cache_status, last_synced_at, meta_region) VALUES ('pt-0832', 'Adam Begum', 34, 'Male', 'Flat 13, 212 Boar Lane', 'Leeds', 'West Yorkshire', 'LS1 1UR', 'UK', '+44 7386 258731', 'adam.begum@gmail.com', 'Dr Priya Jones', 'Brownlow Group Practice', '150 Mt Pleasant, Liverpool L69 3GD, United Kingdom', 'JU620286D', '127187997', 'cached_stale', '2026-02-13T00:00:00Z', 'Leeds');
INSERT INTO patient_conditions (patient_id, condition_name, status, since_date) VALUES ('pt-0832', 'Depression', 'monitoring', '2024-10-18');

INSERT INTO patients (id, name, age, gender, address_line1, city, county, postcode, country, telephone, email, gp_name, gp_practice, gp_address, national_insurance_number, passport_number, cache_status, last_synced_at, meta_region) VALUES ('pt-0833', 'Rosie O''Connor', 49, 'Female', 'Apt 69, 61 St Mary Street', 'Cardiff', 'South Glamorgan', 'CF10 1AF', 'UK', '+44 7171 579838', 'rosieoconnor@hotmail.co.uk', 'Dr David Smith', 'Brownlow Group Practice', '150 Mt Pleasant, Liverpool L69 3GD, United Kingdom', 'VT226231C', '962122596', 'cached_recent', '2026-02-19T00:00:00Z', 'Cardiff');
INSERT INTO patient_conditions (patient_id, condition_name, status, since_date) VALUES ('pt-0833', 'Depression', 'active', '2016-01-01');
INSERT INTO patient_prescriptions (patient_id, drug, indication, dose, frequency, start_date, prescriber) VALUES ('pt-0833', 'Oxybutynin', 'Overactive bladder', '5 mg', 'at night', '2023-11-21', 'Dr Ibrahim Foster');
INSERT INTO patient_prescriptions (patient_id, drug, indication, dose, frequency, start_date, prescriber) VALUES ('pt-0833', 'Tirzepatide', 'Weight management/Type 2 diabetes', '100 mg', 'at night', '2025-02-21', 'Dr Sophie Khan');
INSERT INTO patient_appointments (patient_id, appointment_date, appointment_time, type, location, reason, verified_up_to_date) VALUES ('pt-0833', '2023-11-11', '11:10', 'Blood test', 'GP practice', 'results discussion', 1);
INSERT INTO patient_appointments (patient_id, appointment_date, appointment_time, type, location, reason, verified_up_to_date) VALUES ('pt-0833', '2025-11-02', '11:40', 'Mental health check-in', 'Community clinic', 'results discussion', 1);
INSERT INTO patient_appointments (patient_id, appointment_date, appointment_time, type, location, reason, verified_up_to_date) VALUES ('pt-0833', '2026-03-06', '10:30', 'Physiotherapy', 'Telehealth', 'vaccination', 0);
INSERT INTO patient_appointments (patient_id, appointment_date, appointment_time, type, location, reason, verified_up_to_date) VALUES ('pt-0833', '2026-12-18', '13:45', 'Cardiology follow-up', 'Home visit', 'results discussion', 1);

INSERT INTO patients (id, name, age, gender, address_line1, city, county, postcode, country, telephone, email, gp_name, gp_practice, gp_address, national_insurance_number, passport_number, cache_status, last_synced_at, meta_region) VALUES ('pt-0834', 'Robert Wood', 50, 'Male', '189 Lever Street', 'Manchester', 'Greater Manchester', 'M1 1FJ', 'UK', '+44 7129 278413', 'robertwood@gmail.com', 'Dr Ben Morgan', 'Brownlow Group Practice', '150 Mt Pleasant, Liverpool L69 3GD, United Kingdom', 'QB412279A', '768548216', 'cached_recent', '2026-02-28T00:00:00Z', 'Manchester');
INSERT INTO patient_conditions (patient_id, condition_name, status, since_date) VALUES ('pt-0834', 'Gout', 'controlled', '2015-09-18');
INSERT INTO patient_conditions (patient_id, condition_name, status, since_date) VALUES ('pt-0834', 'Dementia', 'active', '2020-11-01');
INSERT INTO patient_prescriptions (patient_id, drug, indication, dose, frequency, start_date, prescriber) VALUES ('pt-0834', 'Amoxicillin', 'Bacterial infection', '1 tablet', 'with meals', '2025-07-13', 'Dr Owen Hughes');
INSERT INTO patient_prescriptions (patient_id, drug, indication, dose, frequency, start_date, prescriber) VALUES ('pt-0834', 'Atorvastatin', 'High cholesterol/Cardiovascular risk', '1 g', 'at night', '2025-11-03', 'Dr Maya Campbell');
INSERT INTO patient_appointments (patient_id, appointment_date, appointment_time, type, location, reason, verified_up_to_date) VALUES ('pt-0834', '2023-06-09', '17:50', 'Physiotherapy', 'GP practice', 'results discussion', 0);
INSERT INTO patient_appointments (patient_id, appointment_date, appointment_time, type, location, reason, verified_up_to_date) VALUES ('pt-0834', '2025-06-18', '10:40', 'Vaccination appointment', 'Telehealth', 'annual monitoring', 1);
INSERT INTO patient_appointments (patient_id, appointment_date, appointment_time, type, location, reason, verified_up_to_date) VALUES ('pt-0834', '2026-02-05', '09:40', 'Cardiology follow-up', 'Home visit', 'vaccination', 0);

INSERT INTO patients (id, name, age, gender, address_line1, city, county, postcode, country, telephone, email, gp_name, gp_practice, gp_address, national_insurance_number, passport_number, cache_status, last_synced_at, meta_region) VALUES ('pt-0835', 'Sophia Cooper', 66, 'Female', '88 Custom House Place', 'Liverpool', 'Merseyside', 'L1 8BU', 'UK', '+44 7574 820897', 'sophia527@gmail.com', 'Dr Holly Roberts', 'Brownlow Group Practice', '150 Mt Pleasant, Liverpool L69 3GD, United Kingdom', 'OB195915C', '024941136', 'verified_online', '2026-03-04T00:00:00Z', 'Liverpool');
INSERT INTO patient_conditions (patient_id, condition_name, status, since_date) VALUES ('pt-0835', 'Hypercholesterolaemia', 'active', '2012-12-10');
INSERT INTO patient_conditions (patient_id, condition_name, status, since_date) VALUES ('pt-0835', 'Gout', 'monitoring', '2022-08-24');
INSERT INTO patient_conditions (patient_id, condition_name, status, since_date) VALUES ('pt-0835', 'Chronic back pain', 'monitoring', '2017-04-04');
INSERT INTO patient_prescriptions (patient_id, drug, indication, dose, frequency, start_date, prescriber) VALUES ('pt-0835', 'Losartan', 'Hypertension', '50 mg', 'as needed', '2025-09-13', 'Dr Michael Foster');
INSERT INTO patient_prescriptions (patient_id, drug, indication, dose, frequency, start_date, prescriber) VALUES ('pt-0835', 'Sitagliptin', 'Type 2 diabetes', '500 mg', 'once weekly', '2024-10-20', 'Dr Helen Morgan');
INSERT INTO patient_appointments (patient_id, appointment_date, appointment_time, type, location, reason, verified_up_to_date) VALUES ('pt-0835', '2026-02-21', '09:20', 'Blood test', 'Home visit', 'symptom check', 1);
INSERT INTO patient_vaccine_records (patient_id, vaccine, vaccine_date, product) VALUES ('pt-0835', 'COVID-19', '2020-12-21', 'Spikevax');

INSERT INTO patients (id, name, age, gender, address_line1, city, county, postcode, country, telephone, email, gp_name, gp_practice, gp_address, national_insurance_number, passport_number, cache_status, last_synced_at, meta_region) VALUES ('pt-0836', 'Harriet Campbell', 51, 'Female', 'Unit 37, 96 New Street', 'Birmingham', 'West Midlands', 'B1 1BB', 'UK', '+44 7802 262929', 'harriet17@gmail.com', 'Dr Tom Clarke', 'Brownlow Group Practice', '150 Mt Pleasant, Liverpool L69 3GD, United Kingdom', 'MU227258A', '636102709', 'verified_online', '2026-02-19T00:00:00Z', 'Birmingham');
INSERT INTO patient_appointments (patient_id, appointment_date, appointment_time, type, location, reason, verified_up_to_date) VALUES ('pt-0836', '2027-02-28', '12:10', 'Diabetes clinic', 'Hospital outpatient department', 'routine review', 1);
INSERT INTO patient_vaccine_records (patient_id, vaccine, vaccine_date, product) VALUES ('pt-0836', 'COVID-19', '2022-09-13', 'Nuvaxovid');
INSERT INTO patient_vaccine_records (patient_id, vaccine, vaccine_date, product) VALUES ('pt-0836', 'Td/Tdap (tetanus, diphtheria, pertussis)', '2017-02-01', NULL);

INSERT INTO patients (id, name, age, gender, address_line1, city, county, postcode, country, telephone, email, gp_name, gp_practice, gp_address, national_insurance_number, passport_number, cache_status, last_synced_at, meta_region) VALUES ('pt-0837', 'Arthur Fisher', 69, 'Male', 'Unit 37, 63 Corporation Street', 'Birmingham', 'West Midlands', 'B1 1BB', 'UK', '+44 7886 942898', 'arthur.fisher38@outlook.com', 'Dr Grace Hughes', 'Brownlow Group Practice', '150 Mt Pleasant, Liverpool L69 3GD, United Kingdom', 'DH341999B', '765785081', 'cached_recent', '2026-02-15T00:00:00Z', 'Birmingham');
INSERT INTO patient_prescriptions (patient_id, drug, indication, dose, frequency, start_date, prescriber) VALUES ('pt-0837', 'Metformin', 'Type 2 diabetes', '2 puffs', 'as needed', '2025-09-25', 'Dr Owen Taylor');
INSERT INTO patient_prescriptions (patient_id, drug, indication, dose, frequency, start_date, prescriber) VALUES ('pt-0837', 'Losartan', 'Hypertension', '2 puffs', 'once daily', '2023-10-01', 'Dr Ibrahim Ahmed');
INSERT INTO patient_appointments (patient_id, appointment_date, appointment_time, type, location, reason, verified_up_to_date) VALUES ('pt-0837', '2024-12-18', '10:15', 'Vaccination appointment', 'Community clinic', 'annual monitoring', 1);
INSERT INTO patient_appointments (patient_id, appointment_date, appointment_time, type, location, reason, verified_up_to_date) VALUES ('pt-0837', '2027-02-04', '16:20', 'Diabetes clinic', 'Telehealth', 'routine review', 0);

INSERT INTO patients (id, name, age, gender, address_line1, city, county, postcode, country, telephone, email, gp_name, gp_practice, gp_address, national_insurance_number, passport_number, cache_status, last_synced_at, meta_region) VALUES ('pt-0838', 'Jack Thompson', 93, 'Male', 'Flat 17, 39 Claremont Road', 'Newcastle upon Tyne', 'Tyne and Wear', 'NE1 4LP', 'UK', '+44 7965 765534', 'jack994@hotmail.co.uk', 'Dr Helen Foster', 'Brownlow Group Practice', '150 Mt Pleasant, Liverpool L69 3GD, United Kingdom', 'OJ677088C', '459447963', 'verified_online', '2026-02-05T00:00:00Z', 'Newcastle upon Tyne');
INSERT INTO patient_prescriptions (patient_id, drug, indication, dose, frequency, start_date, prescriber) VALUES ('pt-0838', 'Edoxaban', 'Anticoagulant (AF/VTE)', '10 mg', 'once weekly', '2024-05-17', 'Dr Robert Ahmed');
INSERT INTO patient_appointments (patient_id, appointment_date, appointment_time, type, location, reason, verified_up_to_date) VALUES ('pt-0838', '2026-02-04', '12:20', 'Vaccination appointment', 'Community clinic', 'treatment follow-up', 1);
INSERT INTO patient_vaccine_records (patient_id, vaccine, vaccine_date, product) VALUES ('pt-0838', 'Influenza (seasonal)', '2019-01-06', NULL);
INSERT INTO patient_vaccine_records (patient_id, vaccine, vaccine_date, product) VALUES ('pt-0838', 'Shingles (Shingrix)', '2025-09-05', 'Shingrix');

INSERT INTO patients (id, name, age, gender, address_line1, city, county, postcode, country, telephone, email, gp_name, gp_practice, gp_address, national_insurance_number, passport_number, cache_status, last_synced_at, meta_region) VALUES ('pt-0839', 'Alexander Young', 60, 'Male', '125 Donegall Square South', 'Belfast', 'County Antrim', 'BT1 5JD', 'UK', '+44 7891 144696', 'alexander907@gmail.com', 'Dr Robert Hughes', 'Brownlow Group Practice', '150 Mt Pleasant, Liverpool L69 3GD, United Kingdom', 'HT244419B', '403572793', 'cached_stale', '2026-02-10T00:00:00Z', 'Belfast');
INSERT INTO patient_conditions (patient_id, condition_name, status, since_date) VALUES ('pt-0839', 'Type 2 diabetes', 'active', '2019-01-23');
INSERT INTO patient_prescriptions (patient_id, drug, indication, dose, frequency, start_date, prescriber) VALUES ('pt-0839', 'Lansoprazole', 'Reflux/Ulcer prevention', '50 mg', 'at night', '2025-04-19', 'Dr Kieran Smith');
INSERT INTO patient_appointments (patient_id, appointment_date, appointment_time, type, location, reason, verified_up_to_date) VALUES ('pt-0839', '2026-01-30', '11:30', 'Blood test', 'GP practice', 'results discussion', 1);
INSERT INTO patient_appointments (patient_id, appointment_date, appointment_time, type, location, reason, verified_up_to_date) VALUES ('pt-0839', '2026-07-20', '09:20', 'Respiratory review', 'GP practice', 'symptom check', 1);
INSERT INTO patient_appointments (patient_id, appointment_date, appointment_time, type, location, reason, verified_up_to_date) VALUES ('pt-0839', '2027-02-11', '14:45', 'Cardiology follow-up', 'Telehealth', 'results discussion', 1);
INSERT INTO patient_vaccine_records (patient_id, vaccine, vaccine_date, product) VALUES ('pt-0839', 'COVID-19', '2021-08-21', 'Nuvaxovid');
INSERT INTO patient_vaccine_records (patient_id, vaccine, vaccine_date, product) VALUES ('pt-0839', 'MMR', '2025-11-06', NULL);

INSERT INTO patients (id, name, age, gender, address_line1, city, county, postcode, country, telephone, email, gp_name, gp_practice, gp_address, national_insurance_number, passport_number, cache_status, last_synced_at, meta_region) VALUES ('pt-0840', 'Bethany Edwards', 89, 'Female', 'Apt 67, 107 Belvedere Road', 'London', 'Greater London', 'SW1A 1BD', 'UK', '+44 7154 321422', 'bethany.edwards@icloud.com', 'Dr Owen Evans', 'Brownlow Group Practice', '150 Mt Pleasant, Liverpool L69 3GD, United Kingdom', 'MM295108D', '754114441', 'cached_stale', '2026-02-25T00:00:00Z', 'London');
INSERT INTO patient_prescriptions (patient_id, drug, indication, dose, frequency, start_date, prescriber) VALUES ('pt-0840', 'Lansoprazole', 'Reflux/Ulcer prevention', '0.5 mg', 'as needed', '2023-05-16', 'Dr Fatima Morgan');
INSERT INTO patient_vaccine_records (patient_id, vaccine, vaccine_date, product) VALUES ('pt-0840', 'COVID-19', '2019-03-03', 'Nuvaxovid');

INSERT INTO patients (id, name, age, gender, address_line1, city, county, postcode, country, telephone, email, gp_name, gp_practice, gp_address, national_insurance_number, passport_number, cache_status, last_synced_at, meta_region) VALUES ('pt-0841', 'Sebastian Fisher', 9, 'Male', '46 Corporation Street', 'Birmingham', 'West Midlands', 'B1 1BB', 'UK', '+44 7172 131746', 'sebastian.fisher35@outlook.com', 'Dr Michael Ahmed', 'Brownlow Group Practice', '150 Mt Pleasant, Liverpool L69 3GD, United Kingdom', 'YW619276D', '057700026', 'cached_recent', '2026-02-15T00:00:00Z', 'Birmingham');
INSERT INTO patient_conditions (patient_id, condition_name, status, since_date) VALUES ('pt-0841', 'Gout', 'active', '2020-07-11');
INSERT INTO patient_prescriptions (patient_id, drug, indication, dose, frequency, start_date, prescriber) VALUES ('pt-0841', 'Sacubitril/valsartan', 'Heart failure', '2 puffs', 'twice daily', '2024-06-08', 'Dr Priya Campbell');
INSERT INTO patient_prescriptions (patient_id, drug, indication, dose, frequency, start_date, prescriber) VALUES ('pt-0841', 'Warfarin', 'Anticoagulant', '2 puffs', 'with meals', '2025-02-27', 'Dr Ben Hughes');
INSERT INTO patient_appointments (patient_id, appointment_date, appointment_time, type, location, reason, verified_up_to_date) VALUES ('pt-0841', '2024-04-26', '10:50', 'Mental health check-in', 'Home visit', 'results discussion', 0);
INSERT INTO patient_appointments (patient_id, appointment_date, appointment_time, type, location, reason, verified_up_to_date) VALUES ('pt-0841', '2025-06-10', '12:15', 'GP review', 'Home visit', 'results discussion', 1);
INSERT INTO patient_appointments (patient_id, appointment_date, appointment_time, type, location, reason, verified_up_to_date) VALUES ('pt-0841', '2026-04-02', '13:00', 'Cardiology follow-up', 'GP practice', 'annual monitoring', 1);
INSERT INTO patient_appointments (patient_id, appointment_date, appointment_time, type, location, reason, verified_up_to_date) VALUES ('pt-0841', '2027-01-09', '17:30', 'Diabetes clinic', 'GP practice', 'routine review', 1);
INSERT INTO patient_vaccine_records (patient_id, vaccine, vaccine_date, product) VALUES ('pt-0841', 'COVID-19', '2018-06-27', 'Spikevax');
INSERT INTO patient_vaccine_records (patient_id, vaccine, vaccine_date, product) VALUES ('pt-0841', 'Hepatitis B', '2023-12-20', NULL);

INSERT INTO patients (id, name, age, gender, address_line1, city, county, postcode, country, telephone, email, gp_name, gp_practice, gp_address, national_insurance_number, passport_number, cache_status, last_synced_at, meta_region) VALUES ('pt-0842', 'Ella White', 95, 'Female', 'Unit 38, 95 Marmora Road', 'Cambridge', 'Cambridgeshire', 'CB1 3QB', 'UK', '+44 7386 209053', 'ella.white@outlook.com', 'Dr David Ahmed', 'Brownlow Group Practice', '150 Mt Pleasant, Liverpool L69 3GD, United Kingdom', 'MW263746B', '949675075', 'verified_online', '2026-03-01T00:00:00Z', 'Cambridge');
INSERT INTO patient_conditions (patient_id, condition_name, status, since_date) VALUES ('pt-0842', 'Heart failure', 'active', '2016-04-06');
INSERT INTO patient_conditions (patient_id, condition_name, status, since_date) VALUES ('pt-0842', 'Osteoarthritis', 'active', '2013-11-19');
INSERT INTO patient_prescriptions (patient_id, drug, indication, dose, frequency, start_date, prescriber) VALUES ('pt-0842', 'Alendronic acid', 'Osteoporosis', '25 mg', 'at night', '2024-11-16', 'Dr Maya Campbell');
INSERT INTO patient_prescriptions (patient_id, drug, indication, dose, frequency, start_date, prescriber) VALUES ('pt-0842', 'Gliclazide', 'Type 2 diabetes', '1 injection', 'at night', '2025-03-16', 'Dr David Clarke');
INSERT INTO patient_vaccine_records (patient_id, vaccine, vaccine_date, product) VALUES ('pt-0842', 'COVID-19', '2024-04-13', 'Spikevax');
INSERT INTO patient_vaccine_records (patient_id, vaccine, vaccine_date, product) VALUES ('pt-0842', 'COVID-19 booster', '2018-06-21', 'Comirnaty');
INSERT INTO patient_vaccine_records (patient_id, vaccine, vaccine_date, product) VALUES ('pt-0842', 'Influenza (seasonal)', '2023-04-13', NULL);

INSERT INTO patients (id, name, age, gender, address_line1, city, county, postcode, country, telephone, email, gp_name, gp_practice, gp_address, national_insurance_number, passport_number, cache_status, last_synced_at, meta_region) VALUES ('pt-0843', 'Bethany Barnes', 94, 'Female', 'Apt 24, 165 New Street', 'Birmingham', 'West Midlands', 'B1 1BB', 'UK', '+44 7424 823642', 'bethany554@icloud.com', 'Dr Tom Clarke', 'Brownlow Group Practice', '150 Mt Pleasant, Liverpool L69 3GD, United Kingdom', 'FY967919B', '474272120', 'cached_recent', '2026-02-14T00:00:00Z', 'Birmingham');
INSERT INTO patient_conditions (patient_id, condition_name, status, since_date) VALUES ('pt-0843', 'Overactive bladder', 'active', '2013-07-03');
INSERT INTO patient_conditions (patient_id, condition_name, status, since_date) VALUES ('pt-0843', 'COPD', 'history', '2017-03-07');
INSERT INTO patient_conditions (patient_id, condition_name, status, since_date) VALUES ('pt-0843', 'Benign prostatic hyperplasia (BPH)', 'controlled', '2012-12-29');
INSERT INTO patient_conditions (patient_id, condition_name, status, since_date) VALUES ('pt-0843', 'Gout', 'active', '2021-12-13');
INSERT INTO patient_prescriptions (patient_id, drug, indication, dose, frequency, start_date, prescriber) VALUES ('pt-0843', 'Pregabalin', 'Neuropathic pain/Anxiety', '0.5 mg', 'with meals', '2025-07-15', 'Dr David Clarke');
INSERT INTO patient_appointments (patient_id, appointment_date, appointment_time, type, location, reason, verified_up_to_date) VALUES ('pt-0843', '2024-09-17', '17:45', 'Blood test', 'Telehealth', 'results discussion', 1);

INSERT INTO patients (id, name, age, gender, address_line1, city, county, postcode, country, telephone, email, gp_name, gp_practice, gp_address, national_insurance_number, passport_number, cache_status, last_synced_at, meta_region) VALUES ('pt-0844', 'Benjamin Smith', 89, 'Male', '80 Chicheley Street', 'London', 'Greater London', 'SW1A 1BB', 'UK', '+44 7411 730249', 'benjamin676@hotmail.co.uk', 'Dr Kieran Smith', 'Brownlow Group Practice', '150 Mt Pleasant, Liverpool L69 3GD, United Kingdom', 'TW202805B', '008277313', 'cached_recent', '2026-02-17T00:00:00Z', 'London');
INSERT INTO patient_conditions (patient_id, condition_name, status, since_date) VALUES ('pt-0844', 'Depression', 'history', '2014-10-15');
INSERT INTO patient_conditions (patient_id, condition_name, status, since_date) VALUES ('pt-0844', 'Benign prostatic hyperplasia (BPH)', 'monitoring', '2018-09-26');
INSERT INTO patient_conditions (patient_id, condition_name, status, since_date) VALUES ('pt-0844', 'Osteoporosis', 'monitoring', '2015-07-30');
INSERT INTO patient_prescriptions (patient_id, drug, indication, dose, frequency, start_date, prescriber) VALUES ('pt-0844', 'Allopurinol', 'Gout', '500 mg', 'with meals', '2023-05-25', 'Dr Owen Taylor');
INSERT INTO patient_vaccine_records (patient_id, vaccine, vaccine_date, product) VALUES ('pt-0844', 'COVID-19', '2017-10-05', 'Nuvaxovid');
INSERT INTO patient_vaccine_records (patient_id, vaccine, vaccine_date, product) VALUES ('pt-0844', 'COVID-19 booster', '2021-10-18', 'Spikevax');

INSERT INTO patients (id, name, age, gender, address_line1, city, county, postcode, country, telephone, email, gp_name, gp_practice, gp_address, national_insurance_number, passport_number, cache_status, last_synced_at, meta_region) VALUES ('pt-0845', 'Samuel Young', 36, 'Male', 'Flat 3, 211 Constitution Hill', 'London', 'Greater London', 'SE1 7PB', 'UK', '+44 7482 866425', 'samuel.young1@hotmail.co.uk', 'Dr Owen Evans', 'Brownlow Group Practice', '150 Mt Pleasant, Liverpool L69 3GD, United Kingdom', 'KL775015D', '249552919', 'cached_recent', '2026-02-15T00:00:00Z', 'London');
INSERT INTO patient_appointments (patient_id, appointment_date, appointment_time, type, location, reason, verified_up_to_date) VALUES ('pt-0845', '2023-10-19', '11:15', 'Diabetes clinic', 'Community clinic', 'annual monitoring', 0);
INSERT INTO patient_vaccine_records (patient_id, vaccine, vaccine_date, product) VALUES ('pt-0845', 'COVID-19', '2017-11-13', 'Nuvaxovid');

INSERT INTO patients (id, name, age, gender, address_line1, city, county, postcode, country, telephone, email, gp_name, gp_practice, gp_address, national_insurance_number, passport_number, cache_status, last_synced_at, meta_region) VALUES ('pt-0846', 'Abigail Thomas', 95, 'Female', 'Unit 23, 215 Hilton Street', 'Manchester', 'Greater Manchester', 'M1 1AQ', 'UK', '+44 7827 762499', 'abigail640@icloud.com', 'Dr Kate Walsh', 'Brownlow Group Practice', '150 Mt Pleasant, Liverpool L69 3GD, United Kingdom', 'HX662493C', '142882297', 'cached_recent', '2026-02-23T00:00:00Z', 'Manchester');
INSERT INTO patient_conditions (patient_id, condition_name, status, since_date) VALUES ('pt-0846', 'Type 2 diabetes', 'history', '2017-04-20');
INSERT INTO patient_conditions (patient_id, condition_name, status, since_date) VALUES ('pt-0846', 'COPD', 'history', '2025-11-16');
INSERT INTO patient_prescriptions (patient_id, drug, indication, dose, frequency, start_date, prescriber) VALUES ('pt-0846', 'Amoxicillin', 'Bacterial infection', '500 mg', 'with meals', '2024-07-17', 'Dr Owen Hughes');
INSERT INTO patient_appointments (patient_id, appointment_date, appointment_time, type, location, reason, verified_up_to_date) VALUES ('pt-0846', '2025-07-07', '15:20', 'Mental health check-in', 'Home visit', 'treatment follow-up', 1);
INSERT INTO patient_appointments (patient_id, appointment_date, appointment_time, type, location, reason, verified_up_to_date) VALUES ('pt-0846', '2026-05-17', '16:20', 'Mental health check-in', 'Home visit', 'treatment follow-up', 1);
INSERT INTO patient_appointments (patient_id, appointment_date, appointment_time, type, location, reason, verified_up_to_date) VALUES ('pt-0846', '2026-11-21', '11:20', 'Mental health check-in', 'Community clinic', 'vaccination', 1);
INSERT INTO patient_vaccine_records (patient_id, vaccine, vaccine_date, product) VALUES ('pt-0846', 'COVID-19', '2022-01-15', 'Nuvaxovid');

INSERT INTO patients (id, name, age, gender, address_line1, city, county, postcode, country, telephone, email, gp_name, gp_practice, gp_address, national_insurance_number, passport_number, cache_status, last_synced_at, meta_region) VALUES ('pt-0847', 'Thomas Thompson', 79, 'Male', 'Flat 59, 149 Wall Street', 'Liverpool', 'Merseyside', 'L1 8JF', 'UK', '+44 7649 963844', 'thomas428@gmail.com', 'Dr Sanjay Reid', 'Brownlow Group Practice', '150 Mt Pleasant, Liverpool L69 3GD, United Kingdom', 'GE608510C', '023019201', 'cached_stale', '2026-02-24T00:00:00Z', 'Liverpool');
INSERT INTO patient_conditions (patient_id, condition_name, status, since_date) VALUES ('pt-0847', 'Obesity', 'active', '2016-04-25');
INSERT INTO patient_conditions (patient_id, condition_name, status, since_date) VALUES ('pt-0847', 'Dementia', 'history', '2012-11-13');
INSERT INTO patient_prescriptions (patient_id, drug, indication, dose, frequency, start_date, prescriber) VALUES ('pt-0847', 'Apixaban', 'Anticoagulant (AF/VTE)', '2.5 mg', 'once weekly', '2024-08-28', 'Dr Richard Patel');
INSERT INTO patient_prescriptions (patient_id, drug, indication, dose, frequency, start_date, prescriber) VALUES ('pt-0847', 'Sitagliptin', 'Type 2 diabetes', '1 g', 'with meals', '2024-06-13', 'Dr Hannah Jones');
INSERT INTO patient_appointments (patient_id, appointment_date, appointment_time, type, location, reason, verified_up_to_date) VALUES ('pt-0847', '2025-04-16', '14:15', 'Respiratory review', 'Community clinic', 'results discussion', 1);
INSERT INTO patient_vaccine_records (patient_id, vaccine, vaccine_date, product) VALUES ('pt-0847', 'COVID-19', '2021-06-23', 'Spikevax');
INSERT INTO patient_vaccine_records (patient_id, vaccine, vaccine_date, product) VALUES ('pt-0847', 'COVID-19 booster', '2020-09-11', 'Spikevax');
INSERT INTO patient_vaccine_records (patient_id, vaccine, vaccine_date, product) VALUES ('pt-0847', 'Shingles (Shingrix)', '2024-10-05', 'Shingrix');
INSERT INTO patient_vaccine_records (patient_id, vaccine, vaccine_date, product) VALUES ('pt-0847', 'RSV', '2023-08-02', 'Arexvy');

INSERT INTO patients (id, name, age, gender, address_line1, city, county, postcode, country, telephone, email, gp_name, gp_practice, gp_address, national_insurance_number, passport_number, cache_status, last_synced_at, meta_region) VALUES ('pt-0848', 'Charlotte Porter', 87, 'Female', '30 Belvedere Road', 'London', 'Greater London', 'SW1A 1JR', 'UK', '+44 7809 558119', 'charlotteporter@gmail.com', 'Dr Sophie Roberts', 'Brownlow Group Practice', '150 Mt Pleasant, Liverpool L69 3GD, United Kingdom', 'KD264392C', '258041819', 'verified_online', '2026-02-02T00:00:00Z', 'London');
INSERT INTO patient_conditions (patient_id, condition_name, status, since_date) VALUES ('pt-0848', 'Hypertension', 'controlled', '2017-03-09');
INSERT INTO patient_conditions (patient_id, condition_name, status, since_date) VALUES ('pt-0848', 'History of stroke/TIA', 'monitoring', '2011-07-20');
INSERT INTO patient_conditions (patient_id, condition_name, status, since_date) VALUES ('pt-0848', 'Gout', 'active', '2012-08-19');
INSERT INTO patient_conditions (patient_id, condition_name, status, since_date) VALUES ('pt-0848', 'Chronic back pain', 'active', '2025-01-02');
INSERT INTO patient_prescriptions (patient_id, drug, indication, dose, frequency, start_date, prescriber) VALUES ('pt-0848', 'Sertraline', 'Depression/Anxiety', '100 mg', 'at night', '2025-11-27', 'Dr Kieran Smith');
INSERT INTO patient_appointments (patient_id, appointment_date, appointment_time, type, location, reason, verified_up_to_date) VALUES ('pt-0848', '2024-12-22', '11:45', 'Respiratory review', 'Telehealth', 'treatment follow-up', 0);
INSERT INTO patient_appointments (patient_id, appointment_date, appointment_time, type, location, reason, verified_up_to_date) VALUES ('pt-0848', '2024-12-27', '11:20', 'GP review', 'GP practice', 'symptom check', 0);
INSERT INTO patient_appointments (patient_id, appointment_date, appointment_time, type, location, reason, verified_up_to_date) VALUES ('pt-0848', '2025-05-05', '15:50', 'Ophthalmology', 'Telehealth', 'vaccination', 0);
INSERT INTO patient_appointments (patient_id, appointment_date, appointment_time, type, location, reason, verified_up_to_date) VALUES ('pt-0848', '2025-08-04', '10:15', 'Vaccination appointment', 'Hospital outpatient department', 'results discussion', 1);

INSERT INTO patients (id, name, age, gender, address_line1, city, county, postcode, country, telephone, email, gp_name, gp_practice, gp_address, national_insurance_number, passport_number, cache_status, last_synced_at, meta_region) VALUES ('pt-0849', 'Claire Wright', 76, 'Female', '66 Queen Victoria Road', 'Newcastle upon Tyne', 'Tyne and Wear', 'NE1 4LP', 'UK', '+44 7248 172613', 'clairewright@icloud.com', 'Dr Chloe Smith', 'Brownlow Group Practice', '150 Mt Pleasant, Liverpool L69 3GD, United Kingdom', 'ZQ611326D', '144908422', 'cached_stale', '2026-02-15T00:00:00Z', 'Newcastle upon Tyne');
INSERT INTO patient_conditions (patient_id, condition_name, status, since_date) VALUES ('pt-0849', 'Hypercholesterolaemia', 'monitoring', '2020-12-17');
INSERT INTO patient_conditions (patient_id, condition_name, status, since_date) VALUES ('pt-0849', 'History of stroke/TIA', 'controlled', '2015-04-02');
INSERT INTO patient_conditions (patient_id, condition_name, status, since_date) VALUES ('pt-0849', 'Epilepsy', 'monitoring', '2023-03-16');
INSERT INTO patient_conditions (patient_id, condition_name, status, since_date) VALUES ('pt-0849', 'Depression', 'active', '2018-02-11');
INSERT INTO patient_conditions (patient_id, condition_name, status, since_date) VALUES ('pt-0849', 'COPD', 'active', '2015-06-07');
INSERT INTO patient_conditions (patient_id, condition_name, status, since_date) VALUES ('pt-0849', 'Hypothyroidism', 'monitoring', '2025-11-22');
INSERT INTO patient_prescriptions (patient_id, drug, indication, dose, frequency, start_date, prescriber) VALUES ('pt-0849', 'Omeprazole', 'Reflux/Ulcer prevention', '25 mg', 'once daily', '2024-07-05', 'Dr Maya Campbell');
INSERT INTO patient_appointments (patient_id, appointment_date, appointment_time, type, location, reason, verified_up_to_date) VALUES ('pt-0849', '2023-03-31', '14:20', 'Vaccination appointment', 'GP practice', 'vaccination', 1);
INSERT INTO patient_appointments (patient_id, appointment_date, appointment_time, type, location, reason, verified_up_to_date) VALUES ('pt-0849', '2025-04-15', '15:00', 'Physiotherapy', 'Home visit', 'treatment follow-up', 1);
INSERT INTO patient_vaccine_records (patient_id, vaccine, vaccine_date, product) VALUES ('pt-0849', 'COVID-19', '2016-04-05', 'Comirnaty');

INSERT INTO patients (id, name, age, gender, address_line1, city, county, postcode, country, telephone, email, gp_name, gp_practice, gp_address, national_insurance_number, passport_number, cache_status, last_synced_at, meta_region) VALUES ('pt-0850', 'Leah Gill', 81, 'Female', 'Unit 25, 140 Donegall Square South', 'Belfast', 'County Antrim', 'BT1 5JD', 'UK', '+44 7148 974180', 'leah.gill@hotmail.co.uk', 'Dr Niamh Stewart', 'Brownlow Group Practice', '150 Mt Pleasant, Liverpool L69 3GD, United Kingdom', 'IU410346A', '387310910', 'verified_online', '2026-03-01T00:00:00Z', 'Belfast');
INSERT INTO patient_conditions (patient_id, condition_name, status, since_date) VALUES ('pt-0850', 'Obesity', 'monitoring', '2017-04-16');
INSERT INTO patient_appointments (patient_id, appointment_date, appointment_time, type, location, reason, verified_up_to_date) VALUES ('pt-0850', '2025-07-28', '13:30', 'Medication review', 'GP practice', 'treatment follow-up', 1);
INSERT INTO patient_vaccine_records (patient_id, vaccine, vaccine_date, product) VALUES ('pt-0850', 'COVID-19', '2017-09-24', 'Comirnaty');

INSERT INTO patients (id, name, age, gender, address_line1, city, county, postcode, country, telephone, email, gp_name, gp_practice, gp_address, national_insurance_number, passport_number, cache_status, last_synced_at, meta_region) VALUES ('pt-0851', 'Edward Brown', 84, 'Male', 'Unit 35, 209 Morgan Arcade', 'Cardiff', 'South Glamorgan', 'CF10 1PL', 'UK', '+44 7821 299957', 'edward.brown@icloud.com', 'Dr David Smith', 'Brownlow Group Practice', '150 Mt Pleasant, Liverpool L69 3GD, United Kingdom', 'ZA621270A', '028890699', 'cached_recent', '2026-02-22T00:00:00Z', 'Cardiff');
INSERT INTO patient_prescriptions (patient_id, drug, indication, dose, frequency, start_date, prescriber) VALUES ('pt-0851', 'Losartan', 'Hypertension', '200 mg', 'as needed', '2025-11-21', 'Dr Owen Jones');
INSERT INTO patient_vaccine_records (patient_id, vaccine, vaccine_date, product) VALUES ('pt-0851', 'COVID-19', '2024-12-10', 'Spikevax');

INSERT INTO patients (id, name, age, gender, address_line1, city, county, postcode, country, telephone, email, gp_name, gp_practice, gp_address, national_insurance_number, passport_number, cache_status, last_synced_at, meta_region) VALUES ('pt-0852', 'Jasmine Green', 32, 'Female', '216 Little Lever Street', 'Manchester', 'Greater Manchester', 'M1 1AQ', 'UK', '+44 7495 327402', 'jasminegreen@icloud.com', 'Dr Kate Walsh', 'Brownlow Group Practice', '150 Mt Pleasant, Liverpool L69 3GD, United Kingdom', 'IU160861C', '447585054', 'verified_online', '2026-02-03T00:00:00Z', 'Manchester');

INSERT INTO patients (id, name, age, gender, address_line1, city, county, postcode, country, telephone, email, gp_name, gp_practice, gp_address, national_insurance_number, passport_number, cache_status, last_synced_at, meta_region) VALUES ('pt-0853', 'Louis Singh', 87, 'Male', 'Apt 55, 75 Suez Road', 'Cambridge', 'Cambridgeshire', 'CB1 3BS', 'UK', '+44 7285 293513', 'lsingh@hotmail.co.uk', 'Dr David Ahmed', 'Brownlow Group Practice', '150 Mt Pleasant, Liverpool L69 3GD, United Kingdom', 'TU112949D', '103824447', 'cached_stale', '2026-02-08T00:00:00Z', 'Cambridge');
INSERT INTO patient_conditions (patient_id, condition_name, status, since_date) VALUES ('pt-0853', 'Coronary heart disease', 'active', '2018-03-23');
INSERT INTO patient_conditions (patient_id, condition_name, status, since_date) VALUES ('pt-0853', 'Type 2 diabetes', 'monitoring', '2021-05-13');
INSERT INTO patient_prescriptions (patient_id, drug, indication, dose, frequency, start_date, prescriber) VALUES ('pt-0853', 'Co-codamol', 'Pain', '2.5 mg', 'at night', '2024-09-15', 'Dr Fatima Morgan');
INSERT INTO patient_prescriptions (patient_id, drug, indication, dose, frequency, start_date, prescriber) VALUES ('pt-0853', 'Losartan', 'Hypertension', '1 tablet', 'at night', '2023-10-09', 'Dr Chloe Clarke');
INSERT INTO patient_appointments (patient_id, appointment_date, appointment_time, type, location, reason, verified_up_to_date) VALUES ('pt-0853', '2023-10-25', '13:10', 'Respiratory review', 'Hospital outpatient department', 'results discussion', 0);
INSERT INTO patient_appointments (patient_id, appointment_date, appointment_time, type, location, reason, verified_up_to_date) VALUES ('pt-0853', '2026-03-09', '12:40', 'Physiotherapy', 'Community clinic', 'vaccination', 0);
INSERT INTO patient_appointments (patient_id, appointment_date, appointment_time, type, location, reason, verified_up_to_date) VALUES ('pt-0853', '2026-04-24', '13:45', 'Diabetes clinic', 'Home visit', 'results discussion', 0);
INSERT INTO patient_appointments (patient_id, appointment_date, appointment_time, type, location, reason, verified_up_to_date) VALUES ('pt-0853', '2026-07-25', '14:45', 'Physiotherapy', 'Telehealth', 'treatment follow-up', 1);
INSERT INTO patient_appointments (patient_id, appointment_date, appointment_time, type, location, reason, verified_up_to_date) VALUES ('pt-0853', '2026-11-04', '17:40', 'Respiratory review', 'GP practice', 'results discussion', 1);

INSERT INTO patients (id, name, age, gender, address_line1, city, county, postcode, country, telephone, email, gp_name, gp_practice, gp_address, national_insurance_number, passport_number, cache_status, last_synced_at, meta_region) VALUES ('pt-0854', 'Lily Walker', 93, 'Female', '196 George Street', 'Edinburgh', 'City of Edinburgh', 'EH2 2PR', 'UK', '+44 7454 647609', 'lily.walker44@hotmail.co.uk', 'Dr George Hughes', 'Brownlow Group Practice', '150 Mt Pleasant, Liverpool L69 3GD, United Kingdom', 'VG125955B', '681385538', 'verified_online', '2026-02-20T00:00:00Z', 'Edinburgh');
INSERT INTO patient_prescriptions (patient_id, drug, indication, dose, frequency, start_date, prescriber) VALUES ('pt-0854', 'Aspirin', 'Antiplatelet/Pain', '1 injection', 'with meals', '2024-03-31', 'Dr Aisha Evans');
INSERT INTO patient_prescriptions (patient_id, drug, indication, dose, frequency, start_date, prescriber) VALUES ('pt-0854', 'Losartan', 'Hypertension', '20 mg', 'at night', '2024-02-27', 'Dr Ibrahim Khan');
INSERT INTO patient_vaccine_records (patient_id, vaccine, vaccine_date, product) VALUES ('pt-0854', 'Influenza (seasonal)', '2023-10-27', NULL);
INSERT INTO patient_vaccine_records (patient_id, vaccine, vaccine_date, product) VALUES ('pt-0854', 'Shingles (Shingrix)', '2022-02-04', 'Shingrix');
INSERT INTO patient_vaccine_records (patient_id, vaccine, vaccine_date, product) VALUES ('pt-0854', 'MMR', '2021-03-29', NULL);

INSERT INTO patients (id, name, age, gender, address_line1, city, county, postcode, country, telephone, email, gp_name, gp_practice, gp_address, national_insurance_number, passport_number, cache_status, last_synced_at, meta_region) VALUES ('pt-0855', 'Arthur Shaw', 55, 'Male', 'Flat 23, 185 Sauchiehall Street', 'Glasgow', 'Glasgow City', 'G2 2PG', 'UK', '+44 7220 419067', 'arthurshaw@outlook.com', 'Dr Ibrahim Foster', 'Brownlow Group Practice', '150 Mt Pleasant, Liverpool L69 3GD, United Kingdom', 'PW366525B', '021550497', 'cached_recent', '2026-02-09T00:00:00Z', 'Glasgow');
INSERT INTO patient_conditions (patient_id, condition_name, status, since_date) VALUES ('pt-0855', 'Type 2 diabetes', 'controlled', '2017-08-31');
INSERT INTO patient_conditions (patient_id, condition_name, status, since_date) VALUES ('pt-0855', 'Heart failure', 'monitoring', '2013-12-20');
INSERT INTO patient_prescriptions (patient_id, drug, indication, dose, frequency, start_date, prescriber) VALUES ('pt-0855', 'Edoxaban', 'Anticoagulant (AF/VTE)', '10 mg', 'with meals', '2023-11-18', 'Dr Chloe Clarke');
INSERT INTO patient_prescriptions (patient_id, drug, indication, dose, frequency, start_date, prescriber) VALUES ('pt-0855', 'Furosemide', 'Oedema/Heart failure', '10 mg', 'as needed', '2023-11-24', 'Dr Ibrahim Ahmed');
INSERT INTO patient_vaccine_records (patient_id, vaccine, vaccine_date, product) VALUES ('pt-0855', 'COVID-19', '2020-06-14', 'Spikevax');
INSERT INTO patient_vaccine_records (patient_id, vaccine, vaccine_date, product) VALUES ('pt-0855', 'Pneumococcal', '2023-09-23', NULL);

INSERT INTO patients (id, name, age, gender, address_line1, city, county, postcode, country, telephone, email, gp_name, gp_practice, gp_address, national_insurance_number, passport_number, cache_status, last_synced_at, meta_region) VALUES ('pt-0856', 'Phoebe Knight', 41, 'Female', '108 Corporation Street', 'Birmingham', 'West Midlands', 'B1 1BB', 'UK', '+44 7629 152023', 'phoebeknight@gmail.com', 'Dr Ibrahim Wilson', 'Brownlow Group Practice', '150 Mt Pleasant, Liverpool L69 3GD, United Kingdom', 'MR326037B', '920836094', 'cached_recent', '2026-02-25T00:00:00Z', 'Birmingham');
INSERT INTO patient_conditions (patient_id, condition_name, status, since_date) VALUES ('pt-0856', 'Osteoarthritis', 'active', '2011-07-13');
INSERT INTO patient_appointments (patient_id, appointment_date, appointment_time, type, location, reason, verified_up_to_date) VALUES ('pt-0856', '2025-06-16', '12:40', 'Blood test', 'Hospital outpatient department', 'treatment follow-up', 1);
INSERT INTO patient_appointments (patient_id, appointment_date, appointment_time, type, location, reason, verified_up_to_date) VALUES ('pt-0856', '2026-10-21', '13:40', 'Mental health check-in', 'Community clinic', 'treatment follow-up', 0);

INSERT INTO patients (id, name, age, gender, address_line1, city, county, postcode, country, telephone, email, gp_name, gp_practice, gp_address, national_insurance_number, passport_number, cache_status, last_synced_at, meta_region) VALUES ('pt-0857', 'Theo Harrison', 52, 'Male', '122 Calverley Street', 'Leeds', 'West Yorkshire', 'LS1 1UR', 'UK', '+44 7963 247687', 'tharrison@hotmail.co.uk', 'Dr Priya Jones', 'Brownlow Group Practice', '150 Mt Pleasant, Liverpool L69 3GD, United Kingdom', 'SG054968C', '924722478', 'cached_recent', '2026-02-27T00:00:00Z', 'Leeds');
INSERT INTO patient_prescriptions (patient_id, drug, indication, dose, frequency, start_date, prescriber) VALUES ('pt-0857', 'Latanoprost', 'Glaucoma', '2 puffs', 'once daily', '2023-06-10', 'Dr Ibrahim Ahmed');
INSERT INTO patient_appointments (patient_id, appointment_date, appointment_time, type, location, reason, verified_up_to_date) VALUES ('pt-0857', '2025-04-27', '08:15', 'Medication review', 'Home visit', 'symptom check', 1);
INSERT INTO patient_appointments (patient_id, appointment_date, appointment_time, type, location, reason, verified_up_to_date) VALUES ('pt-0857', '2025-09-25', '10:15', 'Cardiology follow-up', 'Home visit', 'symptom check', 0);
INSERT INTO patient_vaccine_records (patient_id, vaccine, vaccine_date, product) VALUES ('pt-0857', 'COVID-19', '2021-06-05', 'Nuvaxovid');
INSERT INTO patient_vaccine_records (patient_id, vaccine, vaccine_date, product) VALUES ('pt-0857', 'Hepatitis B', '2023-10-09', NULL);

INSERT INTO patients (id, name, age, gender, address_line1, city, county, postcode, country, telephone, email, gp_name, gp_practice, gp_address, national_insurance_number, passport_number, cache_status, last_synced_at, meta_region) VALUES ('pt-0858', 'Lucas Phillips', 19, 'Male', 'Apt 63, 196 Waverley Bridge', 'Edinburgh', 'City of Edinburgh', 'EH2 2PR', 'UK', '+44 7143 532788', 'lucas.phillips70@outlook.com', 'Dr Ibrahim Reid', 'Brownlow Group Practice', '150 Mt Pleasant, Liverpool L69 3GD, United Kingdom', 'FG545939C', '218662832', 'cached_recent', '2026-03-02T00:00:00Z', 'Edinburgh');
INSERT INTO patient_conditions (patient_id, condition_name, status, since_date) VALUES ('pt-0858', 'Glaucoma', 'history', '2014-09-08');
INSERT INTO patient_conditions (patient_id, condition_name, status, since_date) VALUES ('pt-0858', 'Hypertension', 'active', '2018-03-25');
INSERT INTO patient_prescriptions (patient_id, drug, indication, dose, frequency, start_date, prescriber) VALUES ('pt-0858', 'Sacubitril/valsartan', 'Heart failure', '50 mg', 'once daily', '2023-07-24', 'Dr Robert Ahmed');
INSERT INTO patient_vaccine_records (patient_id, vaccine, vaccine_date, product) VALUES ('pt-0858', 'COVID-19', '2023-01-04', 'Spikevax');

INSERT INTO patients (id, name, age, gender, address_line1, city, county, postcode, country, telephone, email, gp_name, gp_practice, gp_address, national_insurance_number, passport_number, cache_status, last_synced_at, meta_region) VALUES ('pt-0859', 'Jude Jackson', 20, 'Male', 'Unit 19, 91 Hope Street', 'Glasgow', 'Glasgow City', 'G2 2QZ', 'UK', '+44 7604 473751', 'jjackson@outlook.com', 'Dr Owen Campbell', 'Brownlow Group Practice', '150 Mt Pleasant, Liverpool L69 3GD, United Kingdom', 'CJ301196B', '885328280', 'cached_recent', '2026-02-20T00:00:00Z', 'Glasgow');
INSERT INTO patient_conditions (patient_id, condition_name, status, since_date) VALUES ('pt-0859', 'Gastro-oesophageal reflux disease (GORD)', 'monitoring', '2025-02-22');
INSERT INTO patient_appointments (patient_id, appointment_date, appointment_time, type, location, reason, verified_up_to_date) VALUES ('pt-0859', '2026-04-25', '14:40', 'Medication review', 'GP practice', 'symptom check', 1);
INSERT INTO patient_appointments (patient_id, appointment_date, appointment_time, type, location, reason, verified_up_to_date) VALUES ('pt-0859', '2026-08-13', '16:40', 'Vaccination appointment', 'Community clinic', 'treatment follow-up', 1);
INSERT INTO patient_vaccine_records (patient_id, vaccine, vaccine_date, product) VALUES ('pt-0859', 'Td/Tdap (tetanus, diphtheria, pertussis)', '2024-11-15', NULL);

INSERT INTO patients (id, name, age, gender, address_line1, city, county, postcode, country, telephone, email, gp_name, gp_practice, gp_address, national_insurance_number, passport_number, cache_status, last_synced_at, meta_region) VALUES ('pt-0860', 'Lola Moore', 93, 'Female', 'Apt 18, 64 Custom House Place', 'Liverpool', 'Merseyside', 'L1 8BN', 'UK', '+44 7696 454681', 'lola.moore@outlook.com', 'Dr Sanjay Reid', 'Brownlow Group Practice', '150 Mt Pleasant, Liverpool L69 3GD, United Kingdom', 'DN625278B', '146456506', 'cached_recent', '2026-02-12T00:00:00Z', 'Liverpool');
INSERT INTO patient_conditions (patient_id, condition_name, status, since_date) VALUES ('pt-0860', 'Coronary heart disease', 'monitoring', '2016-01-03');
INSERT INTO patient_prescriptions (patient_id, drug, indication, dose, frequency, start_date, prescriber) VALUES ('pt-0860', 'Levetiracetam', 'Epilepsy', '25 mg', 'as needed', '2024-02-22', 'Dr Maya Patel');
INSERT INTO patient_appointments (patient_id, appointment_date, appointment_time, type, location, reason, verified_up_to_date) VALUES ('pt-0860', '2024-08-09', '15:10', 'Physiotherapy', 'Home visit', 'annual monitoring', 0);
INSERT INTO patient_appointments (patient_id, appointment_date, appointment_time, type, location, reason, verified_up_to_date) VALUES ('pt-0860', '2024-10-11', '14:45', 'GP review', 'Home visit', 'treatment follow-up', 1);
INSERT INTO patient_vaccine_records (patient_id, vaccine, vaccine_date, product) VALUES ('pt-0860', 'COVID-19', '2020-02-28', 'Nuvaxovid');
INSERT INTO patient_vaccine_records (patient_id, vaccine, vaccine_date, product) VALUES ('pt-0860', 'Influenza (seasonal)', '2017-08-06', NULL);

INSERT INTO patients (id, name, age, gender, address_line1, city, county, postcode, country, telephone, email, gp_name, gp_practice, gp_address, national_insurance_number, passport_number, cache_status, last_synced_at, meta_region) VALUES ('pt-0861', 'Bethany Walker', 46, 'Female', '2 Constitution Hill', 'London', 'Greater London', 'SW1A 1BW', 'UK', '+44 7802 512346', 'bwalker@hotmail.co.uk', 'Dr Fatima Ahmed', 'Brownlow Group Practice', '150 Mt Pleasant, Liverpool L69 3GD, United Kingdom', 'VB217708B', '770157872', 'cached_stale', '2026-02-16T00:00:00Z', 'London');
INSERT INTO patient_conditions (patient_id, condition_name, status, since_date) VALUES ('pt-0861', 'Gout', 'history', '2022-04-03');

INSERT INTO patients (id, name, age, gender, address_line1, city, county, postcode, country, telephone, email, gp_name, gp_practice, gp_address, national_insurance_number, passport_number, cache_status, last_synced_at, meta_region) VALUES ('pt-0862', 'Evie Evans', 55, 'Female', 'Apt 34, 118 Hope Street', 'Glasgow', 'Glasgow City', 'G2 2PG', 'UK', '+44 7322 575091', 'evieevans@outlook.com', 'Dr Owen Campbell', 'Brownlow Group Practice', '150 Mt Pleasant, Liverpool L69 3GD, United Kingdom', 'FP035924B', '541911275', 'cached_stale', '2026-02-13T00:00:00Z', 'Glasgow');
INSERT INTO patient_conditions (patient_id, condition_name, status, since_date) VALUES ('pt-0862', 'Obesity', 'controlled', '2025-04-23');
INSERT INTO patient_conditions (patient_id, condition_name, status, since_date) VALUES ('pt-0862', 'Overactive bladder', 'controlled', '2016-01-04');
INSERT INTO patient_prescriptions (patient_id, drug, indication, dose, frequency, start_date, prescriber) VALUES ('pt-0862', 'Warfarin', 'Anticoagulant', '5 mg', 'with meals', '2025-08-08', 'Dr Ibrahim Ahmed');
INSERT INTO patient_prescriptions (patient_id, drug, indication, dose, frequency, start_date, prescriber) VALUES ('pt-0862', 'Sertraline', 'Depression/Anxiety', '2.5 mg', 'once daily', '2025-04-07', 'Dr Robert Hughes');
INSERT INTO patient_appointments (patient_id, appointment_date, appointment_time, type, location, reason, verified_up_to_date) VALUES ('pt-0862', '2024-10-19', '16:50', 'Respiratory review', 'Home visit', 'routine review', 1);
INSERT INTO patient_appointments (patient_id, appointment_date, appointment_time, type, location, reason, verified_up_to_date) VALUES ('pt-0862', '2026-10-07', '14:20', 'Mental health check-in', 'GP practice', 'treatment follow-up', 1);

INSERT INTO patients (id, name, age, gender, address_line1, city, county, postcode, country, telephone, email, gp_name, gp_practice, gp_address, national_insurance_number, passport_number, cache_status, last_synced_at, meta_region) VALUES ('pt-0863', 'Gareth Allen', 20, 'Male', '131 Chicheley Street', 'London', 'Greater London', 'SE1 7PB', 'UK', '+44 7661 501650', 'gareth.allen58@outlook.com', 'Dr Sophie Roberts', 'Brownlow Group Practice', '150 Mt Pleasant, Liverpool L69 3GD, United Kingdom', 'KQ313936B', '274717546', 'cached_stale', '2026-02-05T00:00:00Z', 'London');
INSERT INTO patient_conditions (patient_id, condition_name, status, since_date) VALUES ('pt-0863', 'Type 2 diabetes', 'monitoring', '2013-01-26');
INSERT INTO patient_conditions (patient_id, condition_name, status, since_date) VALUES ('pt-0863', 'Glaucoma', 'monitoring', '2021-07-14');
INSERT INTO patient_conditions (patient_id, condition_name, status, since_date) VALUES ('pt-0863', 'Epilepsy', 'history', '2019-05-04');
INSERT INTO patient_appointments (patient_id, appointment_date, appointment_time, type, location, reason, verified_up_to_date) VALUES ('pt-0863', '2026-03-01', '15:50', 'Blood test', 'GP practice', 'symptom check', 1);

INSERT INTO patients (id, name, age, gender, address_line1, city, county, postcode, country, telephone, email, gp_name, gp_practice, gp_address, national_insurance_number, passport_number, cache_status, last_synced_at, meta_region) VALUES ('pt-0864', 'Lola Reid', 4, 'Female', 'Flat 7, 50 Deanery Road', 'Bristol', 'Bristol', 'BS1 5QH', 'UK', '+44 7457 114955', 'lolareid@hotmail.co.uk', 'Dr Rachel Reid', 'Brownlow Group Practice', '150 Mt Pleasant, Liverpool L69 3GD, United Kingdom', 'PU286007B', '645757639', 'verified_online', '2026-02-27T00:00:00Z', 'Bristol');
INSERT INTO patient_conditions (patient_id, condition_name, status, since_date) VALUES ('pt-0864', 'Gout', 'active', '2013-08-04');

INSERT INTO patients (id, name, age, gender, address_line1, city, county, postcode, country, telephone, email, gp_name, gp_practice, gp_address, national_insurance_number, passport_number, cache_status, last_synced_at, meta_region) VALUES ('pt-0865', 'Imogen Green', 53, 'Female', '88 Belvedere Road', 'London', 'Greater London', 'SE1 7PB', 'UK', '+44 7965 467301', 'imogengreen@icloud.com', 'Dr Fatima Ahmed', 'Brownlow Group Practice', '150 Mt Pleasant, Liverpool L69 3GD, United Kingdom', 'TP001786D', '055224392', 'verified_online', '2026-02-16T00:00:00Z', 'London');
INSERT INTO patient_conditions (patient_id, condition_name, status, since_date) VALUES ('pt-0865', 'Overactive bladder', 'controlled', '2024-08-18');
INSERT INTO patient_conditions (patient_id, condition_name, status, since_date) VALUES ('pt-0865', 'Depression', 'active', '2020-02-08');
INSERT INTO patient_prescriptions (patient_id, drug, indication, dose, frequency, start_date, prescriber) VALUES ('pt-0865', 'Allopurinol', 'Gout', '500 mg', 'as needed', '2024-09-21', 'Dr Zoe Jones');
INSERT INTO patient_prescriptions (patient_id, drug, indication, dose, frequency, start_date, prescriber) VALUES ('pt-0865', 'Insulin aspart', 'Diabetes', '100 mg', 'at night', '2024-07-02', 'Dr Chloe Ahmed');
INSERT INTO patient_appointments (patient_id, appointment_date, appointment_time, type, location, reason, verified_up_to_date) VALUES ('pt-0865', '2025-06-01', '16:40', 'Diabetes clinic', 'Home visit', 'results discussion', 1);
INSERT INTO patient_appointments (patient_id, appointment_date, appointment_time, type, location, reason, verified_up_to_date) VALUES ('pt-0865', '2025-06-12', '16:10', 'Diabetes clinic', 'Community clinic', 'annual monitoring', 0);
INSERT INTO patient_appointments (patient_id, appointment_date, appointment_time, type, location, reason, verified_up_to_date) VALUES ('pt-0865', '2025-11-24', '10:00', 'Ophthalmology', 'Home visit', 'routine review', 1);
INSERT INTO patient_appointments (patient_id, appointment_date, appointment_time, type, location, reason, verified_up_to_date) VALUES ('pt-0865', '2026-06-26', '17:00', 'Ophthalmology', 'Home visit', 'vaccination', 1);
INSERT INTO patient_vaccine_records (patient_id, vaccine, vaccine_date, product) VALUES ('pt-0865', 'COVID-19', '2018-10-27', 'Nuvaxovid');

INSERT INTO patients (id, name, age, gender, address_line1, city, county, postcode, country, telephone, email, gp_name, gp_practice, gp_address, national_insurance_number, passport_number, cache_status, last_synced_at, meta_region) VALUES ('pt-0866', 'Freya Williams', 75, 'Female', 'Unit 2, 165 Houldsworth Street', 'Manchester', 'Greater Manchester', 'M1 1EE', 'UK', '+44 7755 459260', 'freya210@icloud.com', 'Dr Priya O''Neill', 'Brownlow Group Practice', '150 Mt Pleasant, Liverpool L69 3GD, United Kingdom', 'PC217218D', '328695958', 'cached_stale', '2026-02-07T00:00:00Z', 'Manchester');
INSERT INTO patient_conditions (patient_id, condition_name, status, since_date) VALUES ('pt-0866', 'Post-stroke disability', 'active', '2018-09-24');
INSERT INTO patient_appointments (patient_id, appointment_date, appointment_time, type, location, reason, verified_up_to_date) VALUES ('pt-0866', '2025-11-16', '09:20', 'Cardiology follow-up', 'GP practice', 'routine review', 1);
INSERT INTO patient_appointments (patient_id, appointment_date, appointment_time, type, location, reason, verified_up_to_date) VALUES ('pt-0866', '2026-04-30', '14:20', 'Blood test', 'Hospital outpatient department', 'annual monitoring', 1);
INSERT INTO patient_appointments (patient_id, appointment_date, appointment_time, type, location, reason, verified_up_to_date) VALUES ('pt-0866', '2026-05-02', '16:20', 'Ophthalmology', 'Hospital outpatient department', 'treatment follow-up', 1);
INSERT INTO patient_vaccine_records (patient_id, vaccine, vaccine_date, product) VALUES ('pt-0866', 'COVID-19', '2018-05-16', 'Nuvaxovid');
INSERT INTO patient_vaccine_records (patient_id, vaccine, vaccine_date, product) VALUES ('pt-0866', 'COVID-19 booster', '2019-10-27', 'Spikevax');

INSERT INTO patients (id, name, age, gender, address_line1, city, county, postcode, country, telephone, email, gp_name, gp_practice, gp_address, national_insurance_number, passport_number, cache_status, last_synced_at, meta_region) VALUES ('pt-0867', 'Michael Foster', 83, 'Male', '181 West George Street', 'Glasgow', 'Glasgow City', 'G2 3AB', 'UK', '+44 7563 450243', 'michael24@outlook.com', 'Dr Owen Campbell', 'Brownlow Group Practice', '150 Mt Pleasant, Liverpool L69 3GD, United Kingdom', 'EP665210A', '203551615', 'verified_online', '2026-02-25T00:00:00Z', 'Glasgow');
INSERT INTO patient_prescriptions (patient_id, drug, indication, dose, frequency, start_date, prescriber) VALUES ('pt-0867', 'Tiotropium', 'COPD', '500 mg', 'as needed', '2024-07-08', 'Dr Ibrahim Foster');
INSERT INTO patient_appointments (patient_id, appointment_date, appointment_time, type, location, reason, verified_up_to_date) VALUES ('pt-0867', '2025-12-15', '08:45', 'Respiratory review', 'GP practice', 'results discussion', 1);
INSERT INTO patient_vaccine_records (patient_id, vaccine, vaccine_date, product) VALUES ('pt-0867', 'Influenza (seasonal)', '2019-01-05', NULL);
INSERT INTO patient_vaccine_records (patient_id, vaccine, vaccine_date, product) VALUES ('pt-0867', 'Pneumococcal', '2016-05-12', NULL);
INSERT INTO patient_vaccine_records (patient_id, vaccine, vaccine_date, product) VALUES ('pt-0867', 'RSV', '2018-06-07', 'Arexvy');

INSERT INTO patients (id, name, age, gender, address_line1, city, county, postcode, country, telephone, email, gp_name, gp_practice, gp_address, national_insurance_number, passport_number, cache_status, last_synced_at, meta_region) VALUES ('pt-0868', 'Maria Byrne', 73, 'Female', 'Unit 2, 144 South John Street', 'Liverpool', 'Merseyside', 'L1 8JQ', 'UK', '+44 7173 421754', 'maria.byrne@icloud.com', 'Dr Sanjay Reid', 'Brownlow Group Practice', '150 Mt Pleasant, Liverpool L69 3GD, United Kingdom', 'MC705077C', '660365300', 'cached_recent', '2026-02-20T00:00:00Z', 'Liverpool');
INSERT INTO patient_conditions (patient_id, condition_name, status, since_date) VALUES ('pt-0868', 'Generalised anxiety disorder', 'history', '2021-12-02');
INSERT INTO patient_conditions (patient_id, condition_name, status, since_date) VALUES ('pt-0868', 'Heart failure', 'history', '2021-12-06');
INSERT INTO patient_conditions (patient_id, condition_name, status, since_date) VALUES ('pt-0868', 'Gastro-oesophageal reflux disease (GORD)', 'controlled', '2019-11-06');
INSERT INTO patient_conditions (patient_id, condition_name, status, since_date) VALUES ('pt-0868', 'Dementia', 'history', '2015-07-18');
INSERT INTO patient_conditions (patient_id, condition_name, status, since_date) VALUES ('pt-0868', 'Chronic back pain', 'active', '2016-05-24');
INSERT INTO patient_conditions (patient_id, condition_name, status, since_date) VALUES ('pt-0868', 'Epilepsy', 'controlled', '2022-02-17');
INSERT INTO patient_prescriptions (patient_id, drug, indication, dose, frequency, start_date, prescriber) VALUES ('pt-0868', 'Oxybutynin', 'Overactive bladder', '1 g', 'twice daily', '2023-09-14', 'Dr Aisha Evans');
INSERT INTO patient_appointments (patient_id, appointment_date, appointment_time, type, location, reason, verified_up_to_date) VALUES ('pt-0868', '2025-07-03', '08:20', 'Mental health check-in', 'Hospital outpatient department', 'treatment follow-up', 1);
INSERT INTO patient_appointments (patient_id, appointment_date, appointment_time, type, location, reason, verified_up_to_date) VALUES ('pt-0868', '2026-07-12', '09:45', 'Blood test', 'Hospital outpatient department', 'treatment follow-up', 1);
INSERT INTO patient_appointments (patient_id, appointment_date, appointment_time, type, location, reason, verified_up_to_date) VALUES ('pt-0868', '2026-09-08', '13:10', 'Respiratory review', 'Home visit', 'annual monitoring', 0);

INSERT INTO patients (id, name, age, gender, address_line1, city, county, postcode, country, telephone, email, gp_name, gp_practice, gp_address, national_insurance_number, passport_number, cache_status, last_synced_at, meta_region) VALUES ('pt-0869', 'Ava Morris', 41, 'Female', '81 Newhall Street', 'Birmingham', 'West Midlands', 'B1 1BB', 'UK', '+44 7734 710862', 'ava519@outlook.com', 'Dr Rachel Foster', 'Brownlow Group Practice', '150 Mt Pleasant, Liverpool L69 3GD, United Kingdom', 'RV479966B', '471377371', 'verified_online', '2026-02-14T00:00:00Z', 'Birmingham');
INSERT INTO patient_conditions (patient_id, condition_name, status, since_date) VALUES ('pt-0869', 'Overactive bladder', 'active', '2014-04-05');
INSERT INTO patient_conditions (patient_id, condition_name, status, since_date) VALUES ('pt-0869', 'Osteoarthritis', 'active', '2025-10-04');
INSERT INTO patient_prescriptions (patient_id, drug, indication, dose, frequency, start_date, prescriber) VALUES ('pt-0869', 'Rivaroxaban', 'Anticoagulant (AF/VTE)', '2.5 mg', 'as needed', '2023-09-20', 'Dr Grace Khan');
INSERT INTO patient_prescriptions (patient_id, drug, indication, dose, frequency, start_date, prescriber) VALUES ('pt-0869', 'Gliclazide', 'Type 2 diabetes', '0.5 mg', 'twice daily', '2024-01-14', 'Dr Holly Khan');
INSERT INTO patient_appointments (patient_id, appointment_date, appointment_time, type, location, reason, verified_up_to_date) VALUES ('pt-0869', '2025-09-29', '11:40', 'Mental health check-in', 'Community clinic', 'symptom check', 1);

INSERT INTO patients (id, name, age, gender, address_line1, city, county, postcode, country, telephone, email, gp_name, gp_practice, gp_address, national_insurance_number, passport_number, cache_status, last_synced_at, meta_region) VALUES ('pt-0870', 'Abigail Phillips', 36, 'Female', '7 Westminster Bridge Road', 'London', 'Greater London', 'SW1A 1JR', 'UK', '+44 7396 188257', 'abigail.phillips91@gmail.com', 'Dr Fatima Ahmed', 'Brownlow Group Practice', '150 Mt Pleasant, Liverpool L69 3GD, United Kingdom', 'YC734790D', '634454101', 'verified_online', '2026-03-01T00:00:00Z', 'London');
INSERT INTO patient_conditions (patient_id, condition_name, status, since_date) VALUES ('pt-0870', 'Dementia', 'monitoring', '2022-08-06');
INSERT INTO patient_conditions (patient_id, condition_name, status, since_date) VALUES ('pt-0870', 'Atrial fibrillation', 'history', '2017-04-03');
INSERT INTO patient_conditions (patient_id, condition_name, status, since_date) VALUES ('pt-0870', 'Asthma', 'history', '2014-08-30');
INSERT INTO patient_appointments (patient_id, appointment_date, appointment_time, type, location, reason, verified_up_to_date) VALUES ('pt-0870', '2024-11-05', '17:10', 'Ophthalmology', 'Telehealth', 'vaccination', 0);
INSERT INTO patient_vaccine_records (patient_id, vaccine, vaccine_date, product) VALUES ('pt-0870', 'COVID-19', '2016-05-31', 'Comirnaty');

INSERT INTO patients (id, name, age, gender, address_line1, city, county, postcode, country, telephone, email, gp_name, gp_practice, gp_address, national_insurance_number, passport_number, cache_status, last_synced_at, meta_region) VALUES ('pt-0871', 'Aria Jackson', 63, 'Female', 'Unit 20, 115 Marmora Road', 'Cambridge', 'Cambridgeshire', 'CB1 3BS', 'UK', '+44 7706 323455', 'ariajackson@hotmail.co.uk', 'Dr Laura Jones', 'Brownlow Group Practice', '150 Mt Pleasant, Liverpool L69 3GD, United Kingdom', 'BQ776970C', '927834257', 'cached_recent', '2026-02-24T00:00:00Z', 'Cambridge');
INSERT INTO patient_vaccine_records (patient_id, vaccine, vaccine_date, product) VALUES ('pt-0871', 'COVID-19', '2023-06-27', 'Nuvaxovid');
INSERT INTO patient_vaccine_records (patient_id, vaccine, vaccine_date, product) VALUES ('pt-0871', 'Td/Tdap (tetanus, diphtheria, pertussis)', '2021-11-07', NULL);

INSERT INTO patients (id, name, age, gender, address_line1, city, county, postcode, country, telephone, email, gp_name, gp_practice, gp_address, national_insurance_number, passport_number, cache_status, last_synced_at, meta_region) VALUES ('pt-0872', 'Jack Williams', 31, 'Male', 'Unit 34, 11 Lever Street', 'Manchester', 'Greater Manchester', 'M1 1FJ', 'UK', '+44 7621 270926', 'jack.williams@gmail.com', 'Dr Kate Walsh', 'Brownlow Group Practice', '150 Mt Pleasant, Liverpool L69 3GD, United Kingdom', 'ZI050434A', '911726857', 'verified_online', '2026-02-06T00:00:00Z', 'Manchester');
INSERT INTO patient_conditions (patient_id, condition_name, status, since_date) VALUES ('pt-0872', 'Overactive bladder', 'monitoring', '2013-12-02');
INSERT INTO patient_appointments (patient_id, appointment_date, appointment_time, type, location, reason, verified_up_to_date) VALUES ('pt-0872', '2023-09-22', '16:40', 'Mental health check-in', 'GP practice', 'routine review', 1);
INSERT INTO patient_appointments (patient_id, appointment_date, appointment_time, type, location, reason, verified_up_to_date) VALUES ('pt-0872', '2023-09-26', '08:15', 'Ophthalmology', 'GP practice', 'annual monitoring', 1);
INSERT INTO patient_appointments (patient_id, appointment_date, appointment_time, type, location, reason, verified_up_to_date) VALUES ('pt-0872', '2024-05-08', '16:40', 'Blood test', 'Home visit', 'symptom check', 1);
INSERT INTO patient_appointments (patient_id, appointment_date, appointment_time, type, location, reason, verified_up_to_date) VALUES ('pt-0872', '2025-05-18', '09:45', 'Respiratory review', 'Hospital outpatient department', 'vaccination', 0);
INSERT INTO patient_appointments (patient_id, appointment_date, appointment_time, type, location, reason, verified_up_to_date) VALUES ('pt-0872', '2026-07-29', '12:50', 'Blood test', 'Community clinic', 'symptom check', 1);
INSERT INTO patient_vaccine_records (patient_id, vaccine, vaccine_date, product) VALUES ('pt-0872', 'COVID-19', '2019-12-14', 'Comirnaty');

INSERT INTO patients (id, name, age, gender, address_line1, city, county, postcode, country, telephone, email, gp_name, gp_practice, gp_address, national_insurance_number, passport_number, cache_status, last_synced_at, meta_region) VALUES ('pt-0873', 'Molly Harris', 62, 'Female', 'Apt 16, 67 South John Street', 'Liverpool', 'Merseyside', 'L1 8BN', 'UK', '+44 7723 337060', 'mharris@gmail.com', 'Dr Niamh Campbell', 'Brownlow Group Practice', '150 Mt Pleasant, Liverpool L69 3GD, United Kingdom', 'BI109044C', '095873700', 'cached_recent', '2026-02-04T00:00:00Z', 'Liverpool');
INSERT INTO patient_conditions (patient_id, condition_name, status, since_date) VALUES ('pt-0873', 'Chronic back pain', 'controlled', '2023-02-09');
INSERT INTO patient_conditions (patient_id, condition_name, status, since_date) VALUES ('pt-0873', 'Epilepsy', 'history', '2021-02-17');
INSERT INTO patient_conditions (patient_id, condition_name, status, since_date) VALUES ('pt-0873', 'Osteoporosis', 'monitoring', '2013-03-03');
INSERT INTO patient_conditions (patient_id, condition_name, status, since_date) VALUES ('pt-0873', 'Osteoarthritis', 'monitoring', '2021-10-26');
INSERT INTO patient_prescriptions (patient_id, drug, indication, dose, frequency, start_date, prescriber) VALUES ('pt-0873', 'Semaglutide', 'Type 2 diabetes/Weight management', '1 g', 'twice daily', '2023-09-14', 'Dr Hannah Jones');
INSERT INTO patient_prescriptions (patient_id, drug, indication, dose, frequency, start_date, prescriber) VALUES ('pt-0873', 'Levothyroxine', 'Hypothyroidism', '10 mg', 'at night', '2023-08-13', 'Dr Grace Khan');
INSERT INTO patient_appointments (patient_id, appointment_date, appointment_time, type, location, reason, verified_up_to_date) VALUES ('pt-0873', '2025-06-06', '12:20', 'GP review', 'Hospital outpatient department', 'annual monitoring', 1);
INSERT INTO patient_appointments (patient_id, appointment_date, appointment_time, type, location, reason, verified_up_to_date) VALUES ('pt-0873', '2026-06-22', '16:30', 'Diabetes clinic', 'Hospital outpatient department', 'treatment follow-up', 0);
INSERT INTO patient_vaccine_records (patient_id, vaccine, vaccine_date, product) VALUES ('pt-0873', 'Td/Tdap (tetanus, diphtheria, pertussis)', '2016-09-01', NULL);

INSERT INTO patients (id, name, age, gender, address_line1, city, county, postcode, country, telephone, email, gp_name, gp_practice, gp_address, national_insurance_number, passport_number, cache_status, last_synced_at, meta_region) VALUES ('pt-0874', 'Georgia Walker', 57, 'Female', 'Unit 21, 49 Houldsworth Street', 'Manchester', 'Greater Manchester', 'M1 1EB', 'UK', '+44 7362 158460', 'georgia344@outlook.com', 'Dr Michael Smith', 'Brownlow Group Practice', '150 Mt Pleasant, Liverpool L69 3GD, United Kingdom', 'JP792761D', '183749049', 'cached_stale', '2026-02-20T00:00:00Z', 'Manchester');
INSERT INTO patient_conditions (patient_id, condition_name, status, since_date) VALUES ('pt-0874', 'Dementia', 'controlled', '2025-07-22');

INSERT INTO patients (id, name, age, gender, address_line1, city, county, postcode, country, telephone, email, gp_name, gp_practice, gp_address, national_insurance_number, passport_number, cache_status, last_synced_at, meta_region) VALUES ('pt-0875', 'Amelia Allen', 54, 'Female', '21 Anchor Road', 'Bristol', 'Bristol', 'BS1 5QL', 'UK', '+44 7602 761805', 'amelia613@outlook.com', 'Dr Zoe O''Neill', 'Brownlow Group Practice', '150 Mt Pleasant, Liverpool L69 3GD, United Kingdom', 'LX913726C', '147368795', 'cached_stale', '2026-02-10T00:00:00Z', 'Bristol');
INSERT INTO patient_conditions (patient_id, condition_name, status, since_date) VALUES ('pt-0875', 'Glaucoma', 'active', '2012-09-17');
INSERT INTO patient_conditions (patient_id, condition_name, status, since_date) VALUES ('pt-0875', 'Depression', 'active', '2011-10-28');
INSERT INTO patient_prescriptions (patient_id, drug, indication, dose, frequency, start_date, prescriber) VALUES ('pt-0875', 'Salbutamol', 'Asthma/COPD (reliever)', '1 tablet', 'once weekly', '2024-07-14', 'Dr Aisha Evans');
INSERT INTO patient_prescriptions (patient_id, drug, indication, dose, frequency, start_date, prescriber) VALUES ('pt-0875', 'Colecalciferol', 'Vitamin D deficiency', '20 mg', 'once daily', '2025-03-17', 'Dr Maya Campbell');
INSERT INTO patient_appointments (patient_id, appointment_date, appointment_time, type, location, reason, verified_up_to_date) VALUES ('pt-0875', '2025-06-26', '09:10', 'Diabetes clinic', 'GP practice', 'results discussion', 1);
INSERT INTO patient_appointments (patient_id, appointment_date, appointment_time, type, location, reason, verified_up_to_date) VALUES ('pt-0875', '2025-08-13', '14:40', 'Vaccination appointment', 'Hospital outpatient department', 'results discussion', 1);
INSERT INTO patient_appointments (patient_id, appointment_date, appointment_time, type, location, reason, verified_up_to_date) VALUES ('pt-0875', '2025-11-15', '08:30', 'Medication review', 'GP practice', 'annual monitoring', 0);
INSERT INTO patient_appointments (patient_id, appointment_date, appointment_time, type, location, reason, verified_up_to_date) VALUES ('pt-0875', '2026-05-16', '13:45', 'Vaccination appointment', 'Home visit', 'results discussion', 1);
INSERT INTO patient_vaccine_records (patient_id, vaccine, vaccine_date, product) VALUES ('pt-0875', 'COVID-19', '2017-01-20', 'Spikevax');
INSERT INTO patient_vaccine_records (patient_id, vaccine, vaccine_date, product) VALUES ('pt-0875', 'COVID-19 booster', '2018-04-13', 'Comirnaty');

INSERT INTO patients (id, name, age, gender, address_line1, city, county, postcode, country, telephone, email, gp_name, gp_practice, gp_address, national_insurance_number, passport_number, cache_status, last_synced_at, meta_region) VALUES ('pt-0876', 'Gareth Knight', 61, 'Male', 'Flat 36, 174 Rose Street', 'Edinburgh', 'City of Edinburgh', 'EH2 2SB', 'UK', '+44 7116 211186', 'gareth.knight@hotmail.co.uk', 'Dr George Hughes', 'Brownlow Group Practice', '150 Mt Pleasant, Liverpool L69 3GD, United Kingdom', 'XA155247C', '483295693', 'cached_stale', '2026-03-03T00:00:00Z', 'Edinburgh');
INSERT INTO patient_conditions (patient_id, condition_name, status, since_date) VALUES ('pt-0876', 'Glaucoma', 'controlled', '2011-05-29');
INSERT INTO patient_conditions (patient_id, condition_name, status, since_date) VALUES ('pt-0876', 'Benign prostatic hyperplasia (BPH)', 'active', '2015-10-05');
INSERT INTO patient_conditions (patient_id, condition_name, status, since_date) VALUES ('pt-0876', 'Chronic back pain', 'controlled', '2014-10-17');
INSERT INTO patient_prescriptions (patient_id, drug, indication, dose, frequency, start_date, prescriber) VALUES ('pt-0876', 'Allopurinol', 'Gout', '100 mg', 'twice daily', '2023-11-27', 'Dr Helen Morgan');
INSERT INTO patient_appointments (patient_id, appointment_date, appointment_time, type, location, reason, verified_up_to_date) VALUES ('pt-0876', '2024-05-26', '17:20', 'GP review', 'Telehealth', 'routine review', 1);

INSERT INTO patients (id, name, age, gender, address_line1, city, county, postcode, country, telephone, email, gp_name, gp_practice, gp_address, national_insurance_number, passport_number, cache_status, last_synced_at, meta_region) VALUES ('pt-0877', 'Violet Smith', 24, 'Female', 'Flat 60, 129 Mill Road', 'Cambridge', 'Cambridgeshire', 'CB1 3NL', 'UK', '+44 7684 840929', 'violetsmith@icloud.com', 'Dr James Clarke', 'Brownlow Group Practice', '150 Mt Pleasant, Liverpool L69 3GD, United Kingdom', 'TD374882C', '759474676', 'cached_recent', '2026-02-28T00:00:00Z', 'Cambridge');
INSERT INTO patient_conditions (patient_id, condition_name, status, since_date) VALUES ('pt-0877', 'Gout', 'controlled', '2022-11-18');
INSERT INTO patient_conditions (patient_id, condition_name, status, since_date) VALUES ('pt-0877', 'History of stroke/TIA', 'monitoring', '2023-01-30');
INSERT INTO patient_conditions (patient_id, condition_name, status, since_date) VALUES ('pt-0877', 'Asthma', 'controlled', '2019-09-18');
INSERT INTO patient_prescriptions (patient_id, drug, indication, dose, frequency, start_date, prescriber) VALUES ('pt-0877', 'Insulin aspart', 'Diabetes', '200 mg', 'at night', '2024-04-05', 'Dr Fatima Taylor');
INSERT INTO patient_vaccine_records (patient_id, vaccine, vaccine_date, product) VALUES ('pt-0877', 'COVID-19', '2021-05-11', 'Nuvaxovid');

INSERT INTO patients (id, name, age, gender, address_line1, city, county, postcode, country, telephone, email, gp_name, gp_practice, gp_address, national_insurance_number, passport_number, cache_status, last_synced_at, meta_region) VALUES ('pt-0878', 'Imogen Barnes', 1, 'Female', 'Unit 7, 156 Claremont Road', 'Newcastle upon Tyne', 'Tyne and Wear', 'NE1 4LP', 'UK', '+44 7506 787134', 'imogenbarnes@outlook.com', 'Dr James Wilson', 'Brownlow Group Practice', '150 Mt Pleasant, Liverpool L69 3GD, United Kingdom', 'CX987389A', '929084719', 'verified_online', '2026-02-17T00:00:00Z', 'Newcastle upon Tyne');
INSERT INTO patient_conditions (patient_id, condition_name, status, since_date) VALUES ('pt-0878', 'Gastro-oesophageal reflux disease (GORD)', 'active', '2012-02-06');
INSERT INTO patient_conditions (patient_id, condition_name, status, since_date) VALUES ('pt-0878', 'Atrial fibrillation', 'controlled', '2017-02-19');
INSERT INTO patient_prescriptions (patient_id, drug, indication, dose, frequency, start_date, prescriber) VALUES ('pt-0878', 'Oxybutynin', 'Overactive bladder', '1 g', 'at night', '2025-05-02', 'Dr Aisha Evans');
INSERT INTO patient_prescriptions (patient_id, drug, indication, dose, frequency, start_date, prescriber) VALUES ('pt-0878', 'Allopurinol', 'Gout', '1 g', 'with meals', '2025-03-27', 'Dr Kieran Taylor');
INSERT INTO patient_appointments (patient_id, appointment_date, appointment_time, type, location, reason, verified_up_to_date) VALUES ('pt-0878', '2025-08-23', '08:10', 'Cardiology follow-up', 'Hospital outpatient department', 'treatment follow-up', 1);
INSERT INTO patient_appointments (patient_id, appointment_date, appointment_time, type, location, reason, verified_up_to_date) VALUES ('pt-0878', '2025-08-29', '16:10', 'Respiratory review', 'GP practice', 'annual monitoring', 0);
INSERT INTO patient_appointments (patient_id, appointment_date, appointment_time, type, location, reason, verified_up_to_date) VALUES ('pt-0878', '2026-07-03', '16:45', 'Cardiology follow-up', 'Hospital outpatient department', 'results discussion', 1);
INSERT INTO patient_appointments (patient_id, appointment_date, appointment_time, type, location, reason, verified_up_to_date) VALUES ('pt-0878', '2026-10-15', '11:50', 'GP review', 'Home visit', 'annual monitoring', 1);

INSERT INTO patients (id, name, age, gender, address_line1, city, county, postcode, country, telephone, email, gp_name, gp_practice, gp_address, national_insurance_number, passport_number, cache_status, last_synced_at, meta_region) VALUES ('pt-0879', 'Lola Martin', 15, 'Female', '29 Houldsworth Street', 'Manchester', 'Greater Manchester', 'M1 1EB', 'UK', '+44 7819 460113', 'lola.martin@gmail.com', 'Dr Kate Walsh', 'Brownlow Group Practice', '150 Mt Pleasant, Liverpool L69 3GD, United Kingdom', 'YI312282C', '079133552', 'verified_online', '2026-02-07T00:00:00Z', 'Manchester');
INSERT INTO patient_conditions (patient_id, condition_name, status, since_date) VALUES ('pt-0879', 'Gout', 'monitoring', '2020-01-30');
INSERT INTO patient_appointments (patient_id, appointment_date, appointment_time, type, location, reason, verified_up_to_date) VALUES ('pt-0879', '2025-07-02', '09:00', 'Cardiology follow-up', 'Hospital outpatient department', 'results discussion', 1);
INSERT INTO patient_vaccine_records (patient_id, vaccine, vaccine_date, product) VALUES ('pt-0879', 'COVID-19', '2023-10-20', 'Spikevax');

INSERT INTO patients (id, name, age, gender, address_line1, city, county, postcode, country, telephone, email, gp_name, gp_practice, gp_address, national_insurance_number, passport_number, cache_status, last_synced_at, meta_region) VALUES ('pt-0880', 'Hannah Wood', 82, 'Female', '2 Edward''s Walk', 'Newcastle upon Tyne', 'Tyne and Wear', 'NE1 4LP', 'UK', '+44 7432 314439', 'hwood@gmail.com', 'Dr Rachel Ahmed', 'Brownlow Group Practice', '150 Mt Pleasant, Liverpool L69 3GD, United Kingdom', 'YJ529898C', '167728473', 'cached_stale', '2026-02-25T00:00:00Z', 'Newcastle upon Tyne');
INSERT INTO patient_appointments (patient_id, appointment_date, appointment_time, type, location, reason, verified_up_to_date) VALUES ('pt-0880', '2024-05-21', '10:30', 'Mental health check-in', 'Telehealth', 'symptom check', 1);
INSERT INTO patient_appointments (patient_id, appointment_date, appointment_time, type, location, reason, verified_up_to_date) VALUES ('pt-0880', '2025-10-22', '15:45', 'GP review', 'Home visit', 'symptom check', 1);
INSERT INTO patient_vaccine_records (patient_id, vaccine, vaccine_date, product) VALUES ('pt-0880', 'COVID-19', '2022-12-15', 'Nuvaxovid');
INSERT INTO patient_vaccine_records (patient_id, vaccine, vaccine_date, product) VALUES ('pt-0880', 'Influenza (seasonal)', '2016-07-28', NULL);

INSERT INTO patients (id, name, age, gender, address_line1, city, county, postcode, country, telephone, email, gp_name, gp_practice, gp_address, national_insurance_number, passport_number, cache_status, last_synced_at, meta_region) VALUES ('pt-0881', 'Sophie Kelly', 76, 'Female', '83 Sauchiehall Street', 'Glasgow', 'Glasgow City', 'G1 2RD', 'UK', '+44 7742 171260', 'sophie.kelly37@icloud.com', 'Dr Richard Taylor', 'Brownlow Group Practice', '150 Mt Pleasant, Liverpool L69 3GD, United Kingdom', 'VP462756C', '477756830', 'cached_recent', '2026-02-17T00:00:00Z', 'Glasgow');
INSERT INTO patient_appointments (patient_id, appointment_date, appointment_time, type, location, reason, verified_up_to_date) VALUES ('pt-0881', '2025-11-30', '14:15', 'Ophthalmology', 'Telehealth', 'annual monitoring', 1);

INSERT INTO patients (id, name, age, gender, address_line1, city, county, postcode, country, telephone, email, gp_name, gp_practice, gp_address, national_insurance_number, passport_number, cache_status, last_synced_at, meta_region) VALUES ('pt-0882', 'Daniel Davies', 86, 'Male', 'Apt 9, 92 The Mall', 'London', 'Greater London', 'SW1A 1BA', 'UK', '+44 7359 557913', 'daniel.davies@gmail.com', 'Dr Grace Evans', 'Brownlow Group Practice', '150 Mt Pleasant, Liverpool L69 3GD, United Kingdom', 'PA838718C', '608460207', 'cached_stale', '2026-03-03T00:00:00Z', 'London');
INSERT INTO patient_conditions (patient_id, condition_name, status, since_date) VALUES ('pt-0882', 'Osteoporosis', 'controlled', '2011-05-22');
INSERT INTO patient_conditions (patient_id, condition_name, status, since_date) VALUES ('pt-0882', 'Epilepsy', 'active', '2026-02-02');
INSERT INTO patient_conditions (patient_id, condition_name, status, since_date) VALUES ('pt-0882', 'Glaucoma', 'active', '2018-06-16');
INSERT INTO patient_conditions (patient_id, condition_name, status, since_date) VALUES ('pt-0882', 'Chronic kidney disease', 'monitoring', '2020-03-24');
INSERT INTO patient_prescriptions (patient_id, drug, indication, dose, frequency, start_date, prescriber) VALUES ('pt-0882', 'Mirtazapine', 'Depression', '1 puff', 'once weekly', '2025-01-09', 'Dr David Wilson');
INSERT INTO patient_appointments (patient_id, appointment_date, appointment_time, type, location, reason, verified_up_to_date) VALUES ('pt-0882', '2024-06-25', '16:15', 'Ophthalmology', 'Telehealth', 'vaccination', 0);
INSERT INTO patient_appointments (patient_id, appointment_date, appointment_time, type, location, reason, verified_up_to_date) VALUES ('pt-0882', '2025-06-28', '13:20', 'Blood test', 'Community clinic', 'routine review', 1);
INSERT INTO patient_vaccine_records (patient_id, vaccine, vaccine_date, product) VALUES ('pt-0882', 'COVID-19', '2021-05-15', 'Spikevax');
INSERT INTO patient_vaccine_records (patient_id, vaccine, vaccine_date, product) VALUES ('pt-0882', 'COVID-19 booster', '2020-04-27', 'Spikevax');
INSERT INTO patient_vaccine_records (patient_id, vaccine, vaccine_date, product) VALUES ('pt-0882', 'Influenza (seasonal)', '2018-01-10', NULL);
INSERT INTO patient_vaccine_records (patient_id, vaccine, vaccine_date, product) VALUES ('pt-0882', 'Pneumococcal', '2019-08-20', NULL);
INSERT INTO patient_vaccine_records (patient_id, vaccine, vaccine_date, product) VALUES ('pt-0882', 'Shingles (Shingrix)', '2017-09-04', 'Shingrix');

INSERT INTO patients (id, name, age, gender, address_line1, city, county, postcode, country, telephone, email, gp_name, gp_practice, gp_address, national_insurance_number, passport_number, cache_status, last_synced_at, meta_region) VALUES ('pt-0883', 'Edward Shaw', 51, 'Male', '8 Malta Road', 'Cambridge', 'Cambridgeshire', 'CB1 3NU', 'UK', '+44 7334 735882', 'edwardshaw@gmail.com', 'Dr James Clarke', 'Brownlow Group Practice', '150 Mt Pleasant, Liverpool L69 3GD, United Kingdom', 'RZ863302B', '446561435', 'cached_stale', '2026-02-18T00:00:00Z', 'Cambridge');
INSERT INTO patient_conditions (patient_id, condition_name, status, since_date) VALUES ('pt-0883', 'Obesity', 'active', '2015-03-20');
INSERT INTO patient_prescriptions (patient_id, drug, indication, dose, frequency, start_date, prescriber) VALUES ('pt-0883', 'Insulin aspart', 'Diabetes', '25 mg', 'at night', '2023-08-17', 'Dr Ibrahim Ahmed');
INSERT INTO patient_appointments (patient_id, appointment_date, appointment_time, type, location, reason, verified_up_to_date) VALUES ('pt-0883', '2026-01-30', '08:00', 'Mental health check-in', 'Hospital outpatient department', 'results discussion', 1);
INSERT INTO patient_vaccine_records (patient_id, vaccine, vaccine_date, product) VALUES ('pt-0883', 'COVID-19', '2019-02-14', 'Nuvaxovid');
INSERT INTO patient_vaccine_records (patient_id, vaccine, vaccine_date, product) VALUES ('pt-0883', 'Td/Tdap (tetanus, diphtheria, pertussis)', '2022-10-07', NULL);
INSERT INTO patient_vaccine_records (patient_id, vaccine, vaccine_date, product) VALUES ('pt-0883', 'Hepatitis B', '2019-03-23', NULL);

INSERT INTO patients (id, name, age, gender, address_line1, city, county, postcode, country, telephone, email, gp_name, gp_practice, gp_address, national_insurance_number, passport_number, cache_status, last_synced_at, meta_region) VALUES ('pt-0884', 'Adam King', 43, 'Male', 'Unit 5, 182 Queen Victoria Road', 'Newcastle upon Tyne', 'Tyne and Wear', 'NE1 4LP', 'UK', '+44 7348 186095', 'adam.king94@hotmail.co.uk', 'Dr Grace Smith', 'Brownlow Group Practice', '150 Mt Pleasant, Liverpool L69 3GD, United Kingdom', 'ZE720719A', '621931759', 'cached_stale', '2026-02-18T00:00:00Z', 'Newcastle upon Tyne');
INSERT INTO patient_conditions (patient_id, condition_name, status, since_date) VALUES ('pt-0884', 'Hypothyroidism', 'history', '2014-05-11');
INSERT INTO patient_prescriptions (patient_id, drug, indication, dose, frequency, start_date, prescriber) VALUES ('pt-0884', 'Dapagliflozin', 'Type 2 diabetes/Heart failure/CKD', '0.5 mg', 'twice daily', '2024-08-17', 'Dr Chloe Khan');
INSERT INTO patient_appointments (patient_id, appointment_date, appointment_time, type, location, reason, verified_up_to_date) VALUES ('pt-0884', '2023-05-01', '17:30', 'Medication review', 'Telehealth', 'symptom check', 1);
INSERT INTO patient_appointments (patient_id, appointment_date, appointment_time, type, location, reason, verified_up_to_date) VALUES ('pt-0884', '2026-10-02', '16:00', 'Ophthalmology', 'GP practice', 'results discussion', 0);

INSERT INTO patients (id, name, age, gender, address_line1, city, county, postcode, country, telephone, email, gp_name, gp_practice, gp_address, national_insurance_number, passport_number, cache_status, last_synced_at, meta_region) VALUES ('pt-0885', 'Sophia Hall', 23, 'Female', 'Apt 70, 12 Deanery Road', 'Bristol', 'Bristol', 'BS1 5QH', 'UK', '+44 7842 551843', 'sophiahall@hotmail.co.uk', 'Dr Maya Hughes', 'Brownlow Group Practice', '150 Mt Pleasant, Liverpool L69 3GD, United Kingdom', 'YO534225C', '257519670', 'verified_online', '2026-02-28T00:00:00Z', 'Bristol');
INSERT INTO patient_conditions (patient_id, condition_name, status, since_date) VALUES ('pt-0885', 'Benign prostatic hyperplasia (BPH)', 'controlled', '2025-08-28');
INSERT INTO patient_appointments (patient_id, appointment_date, appointment_time, type, location, reason, verified_up_to_date) VALUES ('pt-0885', '2025-04-05', '13:30', 'Blood test', 'Home visit', 'vaccination', 1);

INSERT INTO patients (id, name, age, gender, address_line1, city, county, postcode, country, telephone, email, gp_name, gp_practice, gp_address, national_insurance_number, passport_number, cache_status, last_synced_at, meta_region) VALUES ('pt-0886', 'William Green', 25, 'Male', 'Unit 26, 17 Claremont Place', 'Newcastle upon Tyne', 'Tyne and Wear', 'NE1 4LP', 'UK', '+44 7778 532603', 'william471@icloud.com', 'Dr Ben Taylor', 'Brownlow Group Practice', '150 Mt Pleasant, Liverpool L69 3GD, United Kingdom', 'TW707426B', '903713637', 'cached_recent', '2026-02-22T00:00:00Z', 'Newcastle upon Tyne');
INSERT INTO patient_conditions (patient_id, condition_name, status, since_date) VALUES ('pt-0886', 'Coronary heart disease', 'history', '2021-12-21');
INSERT INTO patient_conditions (patient_id, condition_name, status, since_date) VALUES ('pt-0886', 'Hypothyroidism', 'monitoring', '2023-06-22');
INSERT INTO patient_prescriptions (patient_id, drug, indication, dose, frequency, start_date, prescriber) VALUES ('pt-0886', 'Amitriptyline', 'Neuropathic pain/Migraine prevention', '2.5 mg', 'with meals', '2025-07-11', 'Dr Owen Jones');
INSERT INTO patient_prescriptions (patient_id, drug, indication, dose, frequency, start_date, prescriber) VALUES ('pt-0886', 'Edoxaban', 'Anticoagulant (AF/VTE)', '20 mg', 'twice daily', '2024-09-10', 'Dr Hannah Jones');
INSERT INTO patient_appointments (patient_id, appointment_date, appointment_time, type, location, reason, verified_up_to_date) VALUES ('pt-0886', '2023-08-15', '10:40', 'Physiotherapy', 'Telehealth', 'treatment follow-up', 1);
INSERT INTO patient_vaccine_records (patient_id, vaccine, vaccine_date, product) VALUES ('pt-0886', 'Pneumococcal', '2024-03-03', NULL);

INSERT INTO patients (id, name, age, gender, address_line1, city, county, postcode, country, telephone, email, gp_name, gp_practice, gp_address, national_insurance_number, passport_number, cache_status, last_synced_at, meta_region) VALUES ('pt-0887', 'Logan Patel', 44, 'Male', '102 Constitution Hill', 'London', 'Greater London', 'SW1A 1BW', 'UK', '+44 7386 548186', 'lpatel@outlook.com', 'Dr Grace Evans', 'Brownlow Group Practice', '150 Mt Pleasant, Liverpool L69 3GD, United Kingdom', 'WD846678A', '859332921', 'verified_online', '2026-02-14T00:00:00Z', 'London');
INSERT INTO patient_vaccine_records (patient_id, vaccine, vaccine_date, product) VALUES ('pt-0887', 'Td/Tdap (tetanus, diphtheria, pertussis)', '2020-01-23', NULL);

INSERT INTO patients (id, name, age, gender, address_line1, city, county, postcode, country, telephone, email, gp_name, gp_practice, gp_address, national_insurance_number, passport_number, cache_status, last_synced_at, meta_region) VALUES ('pt-0888', 'Poppy Barnes', 50, 'Female', '99 Wharton Street', 'Cardiff', 'South Glamorgan', 'CF10 1AL', 'UK', '+44 7246 298082', 'poppy.barnes@outlook.com', 'Dr Priya Roberts', 'Brownlow Group Practice', '150 Mt Pleasant, Liverpool L69 3GD, United Kingdom', 'CC903917A', '947760464', 'verified_online', '2026-02-06T00:00:00Z', 'Cardiff');
INSERT INTO patient_conditions (patient_id, condition_name, status, since_date) VALUES ('pt-0888', 'COPD', 'controlled', '2013-08-28');
INSERT INTO patient_appointments (patient_id, appointment_date, appointment_time, type, location, reason, verified_up_to_date) VALUES ('pt-0888', '2024-11-23', '17:50', 'GP review', 'Home visit', 'vaccination', 1);
INSERT INTO patient_appointments (patient_id, appointment_date, appointment_time, type, location, reason, verified_up_to_date) VALUES ('pt-0888', '2025-08-17', '16:00', 'Medication review', 'Community clinic', 'results discussion', 0);

INSERT INTO patients (id, name, age, gender, address_line1, city, county, postcode, country, telephone, email, gp_name, gp_practice, gp_address, national_insurance_number, passport_number, cache_status, last_synced_at, meta_region) VALUES ('pt-0889', 'Joseph Lee', 23, 'Male', 'Unit 37, 139 Deanery Road', 'Bristol', 'Bristol', 'BS1 5QH', 'UK', '+44 7581 662603', 'joseph195@hotmail.co.uk', 'Dr Grace Foster', 'Brownlow Group Practice', '150 Mt Pleasant, Liverpool L69 3GD, United Kingdom', 'ST756023A', '825672589', 'cached_stale', '2026-02-22T00:00:00Z', 'Bristol');
INSERT INTO patient_vaccine_records (patient_id, vaccine, vaccine_date, product) VALUES ('pt-0889', 'COVID-19', '2018-04-29', 'Spikevax');
INSERT INTO patient_vaccine_records (patient_id, vaccine, vaccine_date, product) VALUES ('pt-0889', 'Hepatitis B', '2020-09-11', NULL);

INSERT INTO patients (id, name, age, gender, address_line1, city, county, postcode, country, telephone, email, gp_name, gp_practice, gp_address, national_insurance_number, passport_number, cache_status, last_synced_at, meta_region) VALUES ('pt-0890', 'Edward Howard', 89, 'Male', 'Flat 15, 92 Donegall Place', 'Belfast', 'County Antrim', 'BT1 5GA', 'UK', '+44 7592 548264', 'edwardhoward@outlook.com', 'Dr Grace Patel', 'Brownlow Group Practice', '150 Mt Pleasant, Liverpool L69 3GD, United Kingdom', 'GX246742C', '353800662', 'verified_online', '2026-03-01T00:00:00Z', 'Belfast');
INSERT INTO patient_prescriptions (patient_id, drug, indication, dose, frequency, start_date, prescriber) VALUES ('pt-0890', 'Semaglutide', 'Type 2 diabetes/Weight management', '1 injection', 'as needed', '2023-06-21', 'Dr Fatima Morgan');
INSERT INTO patient_prescriptions (patient_id, drug, indication, dose, frequency, start_date, prescriber) VALUES ('pt-0890', 'Citalopram', 'Depression/Anxiety', '2 puffs', 'as needed', '2025-01-29', 'Dr Robert Hughes');
INSERT INTO patient_appointments (patient_id, appointment_date, appointment_time, type, location, reason, verified_up_to_date) VALUES ('pt-0890', '2024-11-18', '08:00', 'GP review', 'GP practice', 'vaccination', 1);
INSERT INTO patient_appointments (patient_id, appointment_date, appointment_time, type, location, reason, verified_up_to_date) VALUES ('pt-0890', '2025-11-22', '13:45', 'Respiratory review', 'Home visit', 'treatment follow-up', 0);
INSERT INTO patient_appointments (patient_id, appointment_date, appointment_time, type, location, reason, verified_up_to_date) VALUES ('pt-0890', '2026-04-14', '12:45', 'Ophthalmology', 'GP practice', 'annual monitoring', 1);
INSERT INTO patient_appointments (patient_id, appointment_date, appointment_time, type, location, reason, verified_up_to_date) VALUES ('pt-0890', '2026-06-01', '12:20', 'Medication review', 'Telehealth', 'annual monitoring', 0);
INSERT INTO patient_appointments (patient_id, appointment_date, appointment_time, type, location, reason, verified_up_to_date) VALUES ('pt-0890', '2026-06-21', '08:40', 'Diabetes clinic', 'Hospital outpatient department', 'routine review', 0);
INSERT INTO patient_vaccine_records (patient_id, vaccine, vaccine_date, product) VALUES ('pt-0890', 'COVID-19', '2019-04-10', 'Spikevax');
INSERT INTO patient_vaccine_records (patient_id, vaccine, vaccine_date, product) VALUES ('pt-0890', 'COVID-19 booster', '2020-09-19', 'Spikevax');
INSERT INTO patient_vaccine_records (patient_id, vaccine, vaccine_date, product) VALUES ('pt-0890', 'Influenza (seasonal)', '2022-03-22', NULL);
INSERT INTO patient_vaccine_records (patient_id, vaccine, vaccine_date, product) VALUES ('pt-0890', 'Td/Tdap (tetanus, diphtheria, pertussis)', '2023-06-26', NULL);

INSERT INTO patients (id, name, age, gender, address_line1, city, county, postcode, country, telephone, email, gp_name, gp_practice, gp_address, national_insurance_number, passport_number, cache_status, last_synced_at, meta_region) VALUES ('pt-0891', 'Reuben O''Connor', 41, 'Male', '2 Briggate', 'Leeds', 'West Yorkshire', 'LS1 1UR', 'UK', '+44 7880 334223', 'reuben.oconnor93@outlook.com', 'Dr Priya Jones', 'Brownlow Group Practice', '150 Mt Pleasant, Liverpool L69 3GD, United Kingdom', 'GP056853C', '294866468', 'verified_online', '2026-02-19T00:00:00Z', 'Leeds');
INSERT INTO patient_conditions (patient_id, condition_name, status, since_date) VALUES ('pt-0891', 'Hypercholesterolaemia', 'controlled', '2017-12-09');
INSERT INTO patient_conditions (patient_id, condition_name, status, since_date) VALUES ('pt-0891', 'Gout', 'active', '2017-07-30');
INSERT INTO patient_prescriptions (patient_id, drug, indication, dose, frequency, start_date, prescriber) VALUES ('pt-0891', 'Donepezil', 'Dementia', '200 mg', 'twice daily', '2023-08-28', 'Dr Kieran O''Neill');
INSERT INTO patient_vaccine_records (patient_id, vaccine, vaccine_date, product) VALUES ('pt-0891', 'COVID-19', '2023-05-03', 'Nuvaxovid');
INSERT INTO patient_vaccine_records (patient_id, vaccine, vaccine_date, product) VALUES ('pt-0891', 'COVID-19 booster', '2023-08-31', 'Comirnaty');

INSERT INTO patients (id, name, age, gender, address_line1, city, county, postcode, country, telephone, email, gp_name, gp_practice, gp_address, national_insurance_number, passport_number, cache_status, last_synced_at, meta_region) VALUES ('pt-0892', 'Thomas Morris', 30, 'Male', 'Flat 7, 171 Princes Street', 'Edinburgh', 'City of Edinburgh', 'EH2 2SB', 'UK', '+44 7928 348986', 'thomas32@hotmail.co.uk', 'Dr Daniel Evans', 'Brownlow Group Practice', '150 Mt Pleasant, Liverpool L69 3GD, United Kingdom', 'HG724638D', '212845637', 'cached_stale', '2026-02-23T00:00:00Z', 'Edinburgh');
INSERT INTO patient_conditions (patient_id, condition_name, status, since_date) VALUES ('pt-0892', 'Osteoporosis', 'history', '2026-01-03');
INSERT INTO patient_conditions (patient_id, condition_name, status, since_date) VALUES ('pt-0892', 'Type 2 diabetes', 'active', '2020-08-25');
INSERT INTO patient_conditions (patient_id, condition_name, status, since_date) VALUES ('pt-0892', 'Osteoarthritis', 'history', '2012-03-04');
INSERT INTO patient_conditions (patient_id, condition_name, status, since_date) VALUES ('pt-0892', 'Gastro-oesophageal reflux disease (GORD)', 'history', '2013-01-15');
INSERT INTO patient_conditions (patient_id, condition_name, status, since_date) VALUES ('pt-0892', 'Overactive bladder', 'controlled', '2012-12-14');
INSERT INTO patient_conditions (patient_id, condition_name, status, since_date) VALUES ('pt-0892', 'Hypercholesterolaemia', 'controlled', '2019-11-20');
INSERT INTO patient_prescriptions (patient_id, drug, indication, dose, frequency, start_date, prescriber) VALUES ('pt-0892', 'Budesonide', 'Respiratory/Inflammation', '1 injection', 'at night', '2023-03-05', 'Dr Richard Patel');
INSERT INTO patient_appointments (patient_id, appointment_date, appointment_time, type, location, reason, verified_up_to_date) VALUES ('pt-0892', '2026-11-25', '14:00', 'Ophthalmology', 'Hospital outpatient department', 'results discussion', 0);

INSERT INTO patients (id, name, age, gender, address_line1, city, county, postcode, country, telephone, email, gp_name, gp_practice, gp_address, national_insurance_number, passport_number, cache_status, last_synced_at, meta_region) VALUES ('pt-0893', 'Beatrice Barnes', 57, 'Female', 'Unit 19, 148 Chicheley Street', 'London', 'Greater London', 'SW1A 1BB', 'UK', '+44 7731 201574', 'beatrice.barnes6@hotmail.co.uk', 'Dr Grace Evans', 'Brownlow Group Practice', '150 Mt Pleasant, Liverpool L69 3GD, United Kingdom', 'HJ584606B', '989240491', 'cached_stale', '2026-02-27T00:00:00Z', 'London');
INSERT INTO patient_conditions (patient_id, condition_name, status, since_date) VALUES ('pt-0893', 'Atrial fibrillation', 'history', '2017-06-15');
INSERT INTO patient_appointments (patient_id, appointment_date, appointment_time, type, location, reason, verified_up_to_date) VALUES ('pt-0893', '2024-01-12', '13:40', 'Mental health check-in', 'Community clinic', 'routine review', 1);
INSERT INTO patient_vaccine_records (patient_id, vaccine, vaccine_date, product) VALUES ('pt-0893', 'COVID-19', '2025-07-12', 'Nuvaxovid');

INSERT INTO patients (id, name, age, gender, address_line1, city, county, postcode, country, telephone, email, gp_name, gp_practice, gp_address, national_insurance_number, passport_number, cache_status, last_synced_at, meta_region) VALUES ('pt-0894', 'Ava Simpson', 51, 'Female', 'Unit 21, 95 Bakers Row', 'Cardiff', 'South Glamorgan', 'CF10 1AL', 'UK', '+44 7911 165189', 'ava.simpson@gmail.com', 'Dr David Smith', 'Brownlow Group Practice', '150 Mt Pleasant, Liverpool L69 3GD, United Kingdom', 'HH061845B', '774637043', 'verified_online', '2026-02-13T00:00:00Z', 'Cardiff');
INSERT INTO patient_appointments (patient_id, appointment_date, appointment_time, type, location, reason, verified_up_to_date) VALUES ('pt-0894', '2025-04-17', '10:00', 'Medication review', 'Community clinic', 'results discussion', 1);
INSERT INTO patient_appointments (patient_id, appointment_date, appointment_time, type, location, reason, verified_up_to_date) VALUES ('pt-0894', '2026-07-02', '09:50', 'Medication review', 'GP practice', 'routine review', 1);
INSERT INTO patient_vaccine_records (patient_id, vaccine, vaccine_date, product) VALUES ('pt-0894', 'COVID-19', '2022-10-12', 'Nuvaxovid');

INSERT INTO patients (id, name, age, gender, address_line1, city, county, postcode, country, telephone, email, gp_name, gp_practice, gp_address, national_insurance_number, passport_number, cache_status, last_synced_at, meta_region) VALUES ('pt-0895', 'Louis Robinson', 59, 'Male', 'Flat 53, 89 Briggate', 'Leeds', 'West Yorkshire', 'LS1 1UR', 'UK', '+44 7907 335121', 'louisrobinson@icloud.com', 'Dr Sophie Taylor', 'Brownlow Group Practice', '150 Mt Pleasant, Liverpool L69 3GD, United Kingdom', 'LN127180D', '574121007', 'cached_recent', '2026-02-23T00:00:00Z', 'Leeds');
INSERT INTO patient_conditions (patient_id, condition_name, status, since_date) VALUES ('pt-0895', 'Hypothyroidism', 'monitoring', '2018-05-30');
INSERT INTO patient_conditions (patient_id, condition_name, status, since_date) VALUES ('pt-0895', 'Chronic kidney disease', 'monitoring', '2020-09-28');
INSERT INTO patient_conditions (patient_id, condition_name, status, since_date) VALUES ('pt-0895', 'Hypercholesterolaemia', 'active', '2019-07-22');
INSERT INTO patient_conditions (patient_id, condition_name, status, since_date) VALUES ('pt-0895', 'Benign prostatic hyperplasia (BPH)', 'active', '2025-06-06');
INSERT INTO patient_conditions (patient_id, condition_name, status, since_date) VALUES ('pt-0895', 'Osteoporosis', 'controlled', '2015-10-23');

INSERT INTO patients (id, name, age, gender, address_line1, city, county, postcode, country, telephone, email, gp_name, gp_practice, gp_address, national_insurance_number, passport_number, cache_status, last_synced_at, meta_region) VALUES ('pt-0896', 'Muhammad Murphy', 83, 'Male', 'Apt 26, 175 Great Charles Street', 'Birmingham', 'West Midlands', 'B1 1BB', 'UK', '+44 7917 560129', 'muhammad.murphy72@outlook.com', 'Dr Zoe Campbell', 'Brownlow Group Practice', '150 Mt Pleasant, Liverpool L69 3GD, United Kingdom', 'ZU532590A', '176510757', 'cached_stale', '2026-02-26T00:00:00Z', 'Birmingham');
INSERT INTO patient_conditions (patient_id, condition_name, status, since_date) VALUES ('pt-0896', 'Osteoporosis', 'history', '2019-02-22');
INSERT INTO patient_conditions (patient_id, condition_name, status, since_date) VALUES ('pt-0896', 'Epilepsy', 'monitoring', '2023-04-09');
INSERT INTO patient_conditions (patient_id, condition_name, status, since_date) VALUES ('pt-0896', 'Hypertension', 'monitoring', '2024-07-28');
INSERT INTO patient_conditions (patient_id, condition_name, status, since_date) VALUES ('pt-0896', 'Chronic back pain', 'monitoring', '2024-08-24');
INSERT INTO patient_conditions (patient_id, condition_name, status, since_date) VALUES ('pt-0896', 'Benign prostatic hyperplasia (BPH)', 'active', '2021-08-02');
INSERT INTO patient_prescriptions (patient_id, drug, indication, dose, frequency, start_date, prescriber) VALUES ('pt-0896', 'Gliclazide', 'Type 2 diabetes', '1 g', 'once daily', '2023-05-24', 'Dr Kieran Smith');
INSERT INTO patient_appointments (patient_id, appointment_date, appointment_time, type, location, reason, verified_up_to_date) VALUES ('pt-0896', '2025-07-18', '11:20', 'Medication review', 'Community clinic', 'symptom check', 1);
INSERT INTO patient_appointments (patient_id, appointment_date, appointment_time, type, location, reason, verified_up_to_date) VALUES ('pt-0896', '2025-09-09', '08:50', 'Cardiology follow-up', 'Telehealth', 'annual monitoring', 1);
INSERT INTO patient_appointments (patient_id, appointment_date, appointment_time, type, location, reason, verified_up_to_date) VALUES ('pt-0896', '2025-12-18', '09:15', 'Vaccination appointment', 'Home visit', 'treatment follow-up', 0);

INSERT INTO patients (id, name, age, gender, address_line1, city, county, postcode, country, telephone, email, gp_name, gp_practice, gp_address, national_insurance_number, passport_number, cache_status, last_synced_at, meta_region) VALUES ('pt-0897', 'Harriet Knight', 60, 'Female', '181 The Headrow', 'Leeds', 'West Yorkshire', 'LS1 1UR', 'UK', '+44 7641 761903', 'harriet333@outlook.com', 'Dr Maya Patel', 'Brownlow Group Practice', '150 Mt Pleasant, Liverpool L69 3GD, United Kingdom', 'IG443016C', '891605694', 'verified_online', '2026-02-22T00:00:00Z', 'Leeds');
INSERT INTO patient_conditions (patient_id, condition_name, status, since_date) VALUES ('pt-0897', 'Gout', 'active', '2024-08-31');
INSERT INTO patient_appointments (patient_id, appointment_date, appointment_time, type, location, reason, verified_up_to_date) VALUES ('pt-0897', '2023-08-22', '13:30', 'Cardiology follow-up', 'Hospital outpatient department', 'annual monitoring', 1);
INSERT INTO patient_vaccine_records (patient_id, vaccine, vaccine_date, product) VALUES ('pt-0897', 'MMR', '2023-02-05', NULL);

INSERT INTO patients (id, name, age, gender, address_line1, city, county, postcode, country, telephone, email, gp_name, gp_practice, gp_address, national_insurance_number, passport_number, cache_status, last_synced_at, meta_region) VALUES ('pt-0898', 'Liam Kelly', 70, 'Male', 'Apt 69, 124 Constitution Hill', 'London', 'Greater London', 'SW1A 1BB', 'UK', '+44 7980 316469', 'lkelly@gmail.com', 'Dr Grace Evans', 'Brownlow Group Practice', '150 Mt Pleasant, Liverpool L69 3GD, United Kingdom', 'NZ791724C', '801008765', 'cached_stale', '2026-02-14T00:00:00Z', 'London');
INSERT INTO patient_conditions (patient_id, condition_name, status, since_date) VALUES ('pt-0898', 'Heart failure', 'history', '2012-06-15');
INSERT INTO patient_conditions (patient_id, condition_name, status, since_date) VALUES ('pt-0898', 'Depression', 'controlled', '2014-05-19');
INSERT INTO patient_appointments (patient_id, appointment_date, appointment_time, type, location, reason, verified_up_to_date) VALUES ('pt-0898', '2025-04-08', '11:30', 'Vaccination appointment', 'GP practice', 'vaccination', 1);
INSERT INTO patient_appointments (patient_id, appointment_date, appointment_time, type, location, reason, verified_up_to_date) VALUES ('pt-0898', '2025-05-06', '09:10', 'Mental health check-in', 'Home visit', 'routine review', 0);
INSERT INTO patient_appointments (patient_id, appointment_date, appointment_time, type, location, reason, verified_up_to_date) VALUES ('pt-0898', '2025-05-23', '11:10', 'Mental health check-in', 'Telehealth', 'vaccination', 0);
INSERT INTO patient_appointments (patient_id, appointment_date, appointment_time, type, location, reason, verified_up_to_date) VALUES ('pt-0898', '2025-12-03', '13:15', 'GP review', 'Home visit', 'routine review', 1);
INSERT INTO patient_vaccine_records (patient_id, vaccine, vaccine_date, product) VALUES ('pt-0898', 'Influenza (seasonal)', '2020-10-13', NULL);

INSERT INTO patients (id, name, age, gender, address_line1, city, county, postcode, country, telephone, email, gp_name, gp_practice, gp_address, national_insurance_number, passport_number, cache_status, last_synced_at, meta_region) VALUES ('pt-0899', 'Ava Foster', 73, 'Female', 'Apt 28, 25 Wharton Street', 'Cardiff', 'South Glamorgan', 'CF10 1PL', 'UK', '+44 7875 179583', 'afoster@gmail.com', 'Dr David Smith', 'Brownlow Group Practice', '150 Mt Pleasant, Liverpool L69 3GD, United Kingdom', 'MG627649B', '645372511', 'verified_online', '2026-02-15T00:00:00Z', 'Cardiff');
INSERT INTO patient_prescriptions (patient_id, drug, indication, dose, frequency, start_date, prescriber) VALUES ('pt-0899', 'Tirzepatide', 'Weight management/Type 2 diabetes', '10 mg', 'with meals', '2023-08-31', 'Dr Owen Taylor');
INSERT INTO patient_appointments (patient_id, appointment_date, appointment_time, type, location, reason, verified_up_to_date) VALUES ('pt-0899', '2024-05-03', '12:10', 'Respiratory review', 'Hospital outpatient department', 'symptom check', 1);
INSERT INTO patient_appointments (patient_id, appointment_date, appointment_time, type, location, reason, verified_up_to_date) VALUES ('pt-0899', '2026-04-10', '14:45', 'Medication review', 'Home visit', 'treatment follow-up', 1);

INSERT INTO patients (id, name, age, gender, address_line1, city, county, postcode, country, telephone, email, gp_name, gp_practice, gp_address, national_insurance_number, passport_number, cache_status, last_synced_at, meta_region) VALUES ('pt-0900', 'Robert James', 72, 'Male', 'Apt 32, 116 West Nile Street', 'Glasgow', 'Glasgow City', 'G2 2NR', 'UK', '+44 7537 281601', 'robert.james31@gmail.com', 'Dr Priya Clarke', 'Brownlow Group Practice', '150 Mt Pleasant, Liverpool L69 3GD, United Kingdom', 'QG955695B', '288035030', 'verified_online', '2026-02-09T00:00:00Z', 'Glasgow');
INSERT INTO patient_conditions (patient_id, condition_name, status, since_date) VALUES ('pt-0900', 'Gastro-oesophageal reflux disease (GORD)', 'active', '2024-02-05');
INSERT INTO patient_appointments (patient_id, appointment_date, appointment_time, type, location, reason, verified_up_to_date) VALUES ('pt-0900', '2023-09-15', '14:20', 'Cardiology follow-up', 'Telehealth', 'vaccination', 1);
INSERT INTO patient_appointments (patient_id, appointment_date, appointment_time, type, location, reason, verified_up_to_date) VALUES ('pt-0900', '2025-05-13', '10:40', 'Ophthalmology', 'Community clinic', 'symptom check', 0);
INSERT INTO patient_vaccine_records (patient_id, vaccine, vaccine_date, product) VALUES ('pt-0900', 'COVID-19', '2021-09-18', 'Spikevax');
INSERT INTO patient_vaccine_records (patient_id, vaccine, vaccine_date, product) VALUES ('pt-0900', 'Influenza (seasonal)', '2020-08-30', NULL);
INSERT INTO patient_vaccine_records (patient_id, vaccine, vaccine_date, product) VALUES ('pt-0900', 'Pneumococcal', '2024-03-13', NULL);
INSERT INTO patient_vaccine_records (patient_id, vaccine, vaccine_date, product) VALUES ('pt-0900', 'Td/Tdap (tetanus, diphtheria, pertussis)', '2023-02-18', NULL);

INSERT INTO patients (id, name, age, gender, address_line1, city, county, postcode, country, telephone, email, gp_name, gp_practice, gp_address, national_insurance_number, passport_number, cache_status, last_synced_at, meta_region) VALUES ('pt-0901', 'Lola Young', 52, 'Female', '4 Anchor Road', 'Bristol', 'Bristol', 'BS1 5AH', 'UK', '+44 7976 553820', 'lola.young58@outlook.com', 'Dr Rachel Reid', 'Brownlow Group Practice', '150 Mt Pleasant, Liverpool L69 3GD, United Kingdom', 'MQ782361A', '170253624', 'cached_recent', '2026-02-21T00:00:00Z', 'Bristol');
INSERT INTO patient_conditions (patient_id, condition_name, status, since_date) VALUES ('pt-0901', 'Osteoarthritis', 'active', '2016-09-22');
INSERT INTO patient_prescriptions (patient_id, drug, indication, dose, frequency, start_date, prescriber) VALUES ('pt-0901', 'Losartan', 'Hypertension', '20 mg', 'at night', '2024-12-01', 'Dr Hannah Wilson');
INSERT INTO patient_prescriptions (patient_id, drug, indication, dose, frequency, start_date, prescriber) VALUES ('pt-0901', 'Oxybutynin', 'Overactive bladder', '2 puffs', 'at night', '2023-04-19', 'Dr Helen Ahmed');
INSERT INTO patient_appointments (patient_id, appointment_date, appointment_time, type, location, reason, verified_up_to_date) VALUES ('pt-0901', '2023-05-01', '17:30', 'Blood test', 'Hospital outpatient department', 'results discussion', 0);
INSERT INTO patient_appointments (patient_id, appointment_date, appointment_time, type, location, reason, verified_up_to_date) VALUES ('pt-0901', '2023-09-19', '14:20', 'Vaccination appointment', 'Community clinic', 'treatment follow-up', 0);
INSERT INTO patient_appointments (patient_id, appointment_date, appointment_time, type, location, reason, verified_up_to_date) VALUES ('pt-0901', '2026-05-17', '16:15', 'Mental health check-in', 'Telehealth', 'treatment follow-up', 1);
INSERT INTO patient_appointments (patient_id, appointment_date, appointment_time, type, location, reason, verified_up_to_date) VALUES ('pt-0901', '2026-12-30', '10:30', 'Respiratory review', 'Home visit', 'treatment follow-up', 1);
INSERT INTO patient_vaccine_records (patient_id, vaccine, vaccine_date, product) VALUES ('pt-0901', 'COVID-19', '2019-06-21', 'Comirnaty');

INSERT INTO patients (id, name, age, gender, address_line1, city, county, postcode, country, telephone, email, gp_name, gp_practice, gp_address, national_insurance_number, passport_number, cache_status, last_synced_at, meta_region) VALUES ('pt-0902', 'Ruby Howard', 20, 'Female', 'Unit 28, 161 Edward''s Walk', 'Newcastle upon Tyne', 'Tyne and Wear', 'NE1 4LP', 'UK', '+44 7128 548723', 'rhoward@gmail.com', 'Dr Chloe Smith', 'Brownlow Group Practice', '150 Mt Pleasant, Liverpool L69 3GD, United Kingdom', 'DW449629B', '201004063', 'cached_recent', '2026-02-07T00:00:00Z', 'Newcastle upon Tyne');
INSERT INTO patient_conditions (patient_id, condition_name, status, since_date) VALUES ('pt-0902', 'Hypothyroidism', 'active', '2018-11-25');
INSERT INTO patient_appointments (patient_id, appointment_date, appointment_time, type, location, reason, verified_up_to_date) VALUES ('pt-0902', '2025-12-03', '12:30', 'Mental health check-in', 'Community clinic', 'annual monitoring', 1);
INSERT INTO patient_appointments (patient_id, appointment_date, appointment_time, type, location, reason, verified_up_to_date) VALUES ('pt-0902', '2026-01-27', '10:40', 'Cardiology follow-up', 'Community clinic', 'treatment follow-up', 1);
INSERT INTO patient_appointments (patient_id, appointment_date, appointment_time, type, location, reason, verified_up_to_date) VALUES ('pt-0902', '2026-10-26', '13:40', 'GP review', 'Telehealth', 'vaccination', 0);
INSERT INTO patient_vaccine_records (patient_id, vaccine, vaccine_date, product) VALUES ('pt-0902', 'COVID-19', '2023-07-28', 'Comirnaty');
INSERT INTO patient_vaccine_records (patient_id, vaccine, vaccine_date, product) VALUES ('pt-0902', 'MMR', '2023-01-18', NULL);

INSERT INTO patients (id, name, age, gender, address_line1, city, county, postcode, country, telephone, email, gp_name, gp_practice, gp_address, national_insurance_number, passport_number, cache_status, last_synced_at, meta_region) VALUES ('pt-0903', 'Ruby Hughes', 56, 'Female', 'Flat 42, 63 Belvedere Road', 'London', 'Greater London', 'SW1A 1AA', 'UK', '+44 7620 284125', 'ruby31@gmail.com', 'Dr Owen Evans', 'Brownlow Group Practice', '150 Mt Pleasant, Liverpool L69 3GD, United Kingdom', 'TQ539407B', '183660195', 'cached_stale', '2026-02-24T00:00:00Z', 'London');

INSERT INTO patients (id, name, age, gender, address_line1, city, county, postcode, country, telephone, email, gp_name, gp_practice, gp_address, national_insurance_number, passport_number, cache_status, last_synced_at, meta_region) VALUES ('pt-0904', 'Theo Hall', 29, 'Male', '171 Chicheley Street', 'London', 'Greater London', 'SW1A 1BD', 'UK', '+44 7957 586133', 'theo.hall74@outlook.com', 'Dr Kieran Smith', 'Brownlow Group Practice', '150 Mt Pleasant, Liverpool L69 3GD, United Kingdom', 'KZ642103C', '996824016', 'cached_recent', '2026-02-22T00:00:00Z', 'London');
INSERT INTO patient_conditions (patient_id, condition_name, status, since_date) VALUES ('pt-0904', 'Osteoarthritis', 'controlled', '2022-03-03');
INSERT INTO patient_vaccine_records (patient_id, vaccine, vaccine_date, product) VALUES ('pt-0904', 'COVID-19', '2025-01-13', 'Spikevax');
INSERT INTO patient_vaccine_records (patient_id, vaccine, vaccine_date, product) VALUES ('pt-0904', 'COVID-19 booster', '2025-08-09', 'Comirnaty');
INSERT INTO patient_vaccine_records (patient_id, vaccine, vaccine_date, product) VALUES ('pt-0904', 'Td/Tdap (tetanus, diphtheria, pertussis)', '2016-09-23', NULL);

INSERT INTO patients (id, name, age, gender, address_line1, city, county, postcode, country, telephone, email, gp_name, gp_practice, gp_address, national_insurance_number, passport_number, cache_status, last_synced_at, meta_region) VALUES ('pt-0905', 'Charlotte Fisher', 68, 'Female', 'Apt 12, 39 West Nile Street', 'Glasgow', 'Glasgow City', 'G2 2EN', 'UK', '+44 7653 792441', 'charlotte446@gmail.com', 'Dr Lucy Foster', 'Brownlow Group Practice', '150 Mt Pleasant, Liverpool L69 3GD, United Kingdom', 'KJ985185B', '869143494', 'cached_recent', '2026-02-04T00:00:00Z', 'Glasgow');
INSERT INTO patient_conditions (patient_id, condition_name, status, since_date) VALUES ('pt-0905', 'Type 2 diabetes', 'history', '2011-06-26');
INSERT INTO patient_conditions (patient_id, condition_name, status, since_date) VALUES ('pt-0905', 'Heart failure', 'monitoring', '2024-02-05');
INSERT INTO patient_conditions (patient_id, condition_name, status, since_date) VALUES ('pt-0905', 'Obesity', 'active', '2023-04-28');
INSERT INTO patient_conditions (patient_id, condition_name, status, since_date) VALUES ('pt-0905', 'Atrial fibrillation', 'monitoring', '2013-01-26');
INSERT INTO patient_prescriptions (patient_id, drug, indication, dose, frequency, start_date, prescriber) VALUES ('pt-0905', 'Budesonide', 'Respiratory/Inflammation', '5 mg', 'once daily', '2025-09-25', 'Dr Grace Khan');
INSERT INTO patient_prescriptions (patient_id, drug, indication, dose, frequency, start_date, prescriber) VALUES ('pt-0905', 'Sacubitril/valsartan', 'Heart failure', '50 mg', 'with meals', '2024-09-29', 'Dr Helen Morgan');
INSERT INTO patient_appointments (patient_id, appointment_date, appointment_time, type, location, reason, verified_up_to_date) VALUES ('pt-0905', '2025-07-10', '13:00', 'Blood test', 'Community clinic', 'annual monitoring', 0);
INSERT INTO patient_appointments (patient_id, appointment_date, appointment_time, type, location, reason, verified_up_to_date) VALUES ('pt-0905', '2026-10-21', '08:20', 'Vaccination appointment', 'Hospital outpatient department', 'treatment follow-up', 0);

INSERT INTO patients (id, name, age, gender, address_line1, city, county, postcode, country, telephone, email, gp_name, gp_practice, gp_address, national_insurance_number, passport_number, cache_status, last_synced_at, meta_region) VALUES ('pt-0906', 'Archie Murray', 85, 'Male', 'Apt 74, 114 Park Row', 'Leeds', 'West Yorkshire', 'LS1 1UR', 'UK', '+44 7484 215254', 'amurray@outlook.com', 'Dr Priya Jones', 'Brownlow Group Practice', '150 Mt Pleasant, Liverpool L69 3GD, United Kingdom', 'DD885082C', '656936526', 'verified_online', '2026-02-08T00:00:00Z', 'Leeds');
INSERT INTO patient_conditions (patient_id, condition_name, status, since_date) VALUES ('pt-0906', 'Gout', 'active', '2025-08-18');
INSERT INTO patient_prescriptions (patient_id, drug, indication, dose, frequency, start_date, prescriber) VALUES ('pt-0906', 'Omeprazole', 'Reflux/Ulcer prevention', '25 mg', 'once weekly', '2024-06-03', 'Dr Hannah Wilson');
INSERT INTO patient_appointments (patient_id, appointment_date, appointment_time, type, location, reason, verified_up_to_date) VALUES ('pt-0906', '2024-03-06', '11:30', 'GP review', 'Hospital outpatient department', 'vaccination', 1);
INSERT INTO patient_vaccine_records (patient_id, vaccine, vaccine_date, product) VALUES ('pt-0906', 'COVID-19', '2017-06-18', 'Nuvaxovid');

INSERT INTO patients (id, name, age, gender, address_line1, city, county, postcode, country, telephone, email, gp_name, gp_practice, gp_address, national_insurance_number, passport_number, cache_status, last_synced_at, meta_region) VALUES ('pt-0907', 'Freddie Taylor', 88, 'Male', 'Unit 34, 70 Donegall Square South', 'Belfast', 'County Antrim', 'BT1 5GA', 'UK', '+44 7215 463179', 'freddie301@gmail.com', 'Dr Aisha O''Neill', 'Brownlow Group Practice', '150 Mt Pleasant, Liverpool L69 3GD, United Kingdom', 'UG282820C', '646875453', 'cached_recent', '2026-02-21T00:00:00Z', 'Belfast');
INSERT INTO patient_prescriptions (patient_id, drug, indication, dose, frequency, start_date, prescriber) VALUES ('pt-0907', 'Amlodipine', 'Hypertension/Angina', '5 mg', 'once weekly', '2024-07-24', 'Dr Maya Campbell');
INSERT INTO patient_appointments (patient_id, appointment_date, appointment_time, type, location, reason, verified_up_to_date) VALUES ('pt-0907', '2025-08-13', '14:40', 'Respiratory review', 'Telehealth', 'vaccination', 1);
INSERT INTO patient_vaccine_records (patient_id, vaccine, vaccine_date, product) VALUES ('pt-0907', 'Influenza (seasonal)', '2022-11-04', NULL);
INSERT INTO patient_vaccine_records (patient_id, vaccine, vaccine_date, product) VALUES ('pt-0907', 'Pneumococcal', '2019-05-11', NULL);

INSERT INTO patients (id, name, age, gender, address_line1, city, county, postcode, country, telephone, email, gp_name, gp_practice, gp_address, national_insurance_number, passport_number, cache_status, last_synced_at, meta_region) VALUES ('pt-0908', 'Michael Ward', 24, 'Male', 'Flat 40, 12 Malta Road', 'Cambridge', 'Cambridgeshire', 'CB1 3QA', 'UK', '+44 7771 551553', 'michael.ward3@gmail.com', 'Dr Laura Jones', 'Brownlow Group Practice', '150 Mt Pleasant, Liverpool L69 3GD, United Kingdom', 'BM469149A', '061618205', 'cached_stale', '2026-02-07T00:00:00Z', 'Cambridge');
INSERT INTO patient_vaccine_records (patient_id, vaccine, vaccine_date, product) VALUES ('pt-0908', 'Hepatitis B', '2025-03-14', NULL);

INSERT INTO patients (id, name, age, gender, address_line1, city, county, postcode, country, telephone, email, gp_name, gp_practice, gp_address, national_insurance_number, passport_number, cache_status, last_synced_at, meta_region) VALUES ('pt-0909', 'George O''Connor', 60, 'Male', 'Flat 58, 106 Claremont Place', 'Newcastle upon Tyne', 'Tyne and Wear', 'NE1 4LP', 'UK', '+44 7742 804248', 'george.oconnor@gmail.com', 'Dr Aisha Foster', 'Brownlow Group Practice', '150 Mt Pleasant, Liverpool L69 3GD, United Kingdom', 'TO041750B', '024565426', 'cached_recent', '2026-03-03T00:00:00Z', 'Newcastle upon Tyne');
INSERT INTO patient_conditions (patient_id, condition_name, status, since_date) VALUES ('pt-0909', 'Glaucoma', 'controlled', '2024-07-02');
INSERT INTO patient_prescriptions (patient_id, drug, indication, dose, frequency, start_date, prescriber) VALUES ('pt-0909', 'Oxybutynin', 'Overactive bladder', '200 mg', 'once weekly', '2025-01-13', 'Dr Alex Wilson');
INSERT INTO patient_vaccine_records (patient_id, vaccine, vaccine_date, product) VALUES ('pt-0909', 'COVID-19', '2017-07-13', 'Nuvaxovid');

INSERT INTO patients (id, name, age, gender, address_line1, city, county, postcode, country, telephone, email, gp_name, gp_practice, gp_address, national_insurance_number, passport_number, cache_status, last_synced_at, meta_region) VALUES ('pt-0910', 'Muhammad Wright', 87, 'Male', '148 St Andrew Square', 'Edinburgh', 'City of Edinburgh', 'EH2 2LL', 'UK', '+44 7499 879129', 'mwright@outlook.com', 'Dr Robert Patel', 'Brownlow Group Practice', '150 Mt Pleasant, Liverpool L69 3GD, United Kingdom', 'IU311958B', '015145920', 'cached_recent', '2026-02-26T00:00:00Z', 'Edinburgh');
INSERT INTO patient_conditions (patient_id, condition_name, status, since_date) VALUES ('pt-0910', 'Osteoporosis', 'active', '2013-04-27');
INSERT INTO patient_conditions (patient_id, condition_name, status, since_date) VALUES ('pt-0910', 'Dementia', 'history', '2022-06-17');
INSERT INTO patient_conditions (patient_id, condition_name, status, since_date) VALUES ('pt-0910', 'Asthma', 'active', '2018-02-27');
INSERT INTO patient_prescriptions (patient_id, drug, indication, dose, frequency, start_date, prescriber) VALUES ('pt-0910', 'Levetiracetam', 'Epilepsy', '1 puff', 'once daily', '2023-07-08', 'Dr Alex Wilson');
INSERT INTO patient_appointments (patient_id, appointment_date, appointment_time, type, location, reason, verified_up_to_date) VALUES ('pt-0910', '2024-08-27', '08:00', 'Physiotherapy', 'Hospital outpatient department', 'vaccination', 1);
INSERT INTO patient_appointments (patient_id, appointment_date, appointment_time, type, location, reason, verified_up_to_date) VALUES ('pt-0910', '2025-02-08', '17:50', 'Vaccination appointment', 'Hospital outpatient department', 'results discussion', 1);
INSERT INTO patient_appointments (patient_id, appointment_date, appointment_time, type, location, reason, verified_up_to_date) VALUES ('pt-0910', '2025-11-21', '12:40', 'Mental health check-in', 'Hospital outpatient department', 'results discussion', 1);
INSERT INTO patient_appointments (patient_id, appointment_date, appointment_time, type, location, reason, verified_up_to_date) VALUES ('pt-0910', '2026-04-08', '09:30', 'Ophthalmology', 'Telehealth', 'routine review', 1);
INSERT INTO patient_appointments (patient_id, appointment_date, appointment_time, type, location, reason, verified_up_to_date) VALUES ('pt-0910', '2026-10-10', '14:15', 'Physiotherapy', 'Community clinic', 'routine review', 0);
INSERT INTO patient_vaccine_records (patient_id, vaccine, vaccine_date, product) VALUES ('pt-0910', 'Influenza (seasonal)', '2025-07-28', NULL);
INSERT INTO patient_vaccine_records (patient_id, vaccine, vaccine_date, product) VALUES ('pt-0910', 'Shingles (Shingrix)', '2022-10-14', 'Shingrix');

INSERT INTO patients (id, name, age, gender, address_line1, city, county, postcode, country, telephone, email, gp_name, gp_practice, gp_address, national_insurance_number, passport_number, cache_status, last_synced_at, meta_region) VALUES ('pt-0911', 'Bethany Murray', 58, 'Female', '121 Newhall Street', 'Birmingham', 'West Midlands', 'B1 1BB', 'UK', '+44 7235 774908', 'bethany.murray@outlook.com', 'Dr Chloe Roberts', 'Brownlow Group Practice', '150 Mt Pleasant, Liverpool L69 3GD, United Kingdom', 'KV233577A', '295720847', 'cached_recent', '2026-02-05T00:00:00Z', 'Birmingham');
INSERT INTO patient_conditions (patient_id, condition_name, status, since_date) VALUES ('pt-0911', 'Gout', 'active', '2013-06-28');
INSERT INTO patient_prescriptions (patient_id, drug, indication, dose, frequency, start_date, prescriber) VALUES ('pt-0911', 'Budesonide', 'Respiratory/Inflammation', '200 mg', 'twice daily', '2024-04-30', 'Dr Robert Ahmed');
INSERT INTO patient_appointments (patient_id, appointment_date, appointment_time, type, location, reason, verified_up_to_date) VALUES ('pt-0911', '2023-03-07', '09:50', 'Medication review', 'Community clinic', 'results discussion', 1);
INSERT INTO patient_appointments (patient_id, appointment_date, appointment_time, type, location, reason, verified_up_to_date) VALUES ('pt-0911', '2025-05-11', '11:15', 'Vaccination appointment', 'GP practice', 'symptom check', 1);

INSERT INTO patients (id, name, age, gender, address_line1, city, county, postcode, country, telephone, email, gp_name, gp_practice, gp_address, national_insurance_number, passport_number, cache_status, last_synced_at, meta_region) VALUES ('pt-0912', 'Robert Ali', 21, 'Male', 'Unit 14, 140 Bath Street', 'Glasgow', 'Glasgow City', 'G2 3AB', 'UK', '+44 7206 671197', 'robertali@hotmail.co.uk', 'Dr Ibrahim Foster', 'Brownlow Group Practice', '150 Mt Pleasant, Liverpool L69 3GD, United Kingdom', 'AU081739D', '617448510', 'cached_recent', '2026-03-02T00:00:00Z', 'Glasgow');
INSERT INTO patient_conditions (patient_id, condition_name, status, since_date) VALUES ('pt-0912', 'Chronic kidney disease', 'controlled', '2018-06-11');
INSERT INTO patient_appointments (patient_id, appointment_date, appointment_time, type, location, reason, verified_up_to_date) VALUES ('pt-0912', '2024-05-02', '10:15', 'Blood test', 'Home visit', 'treatment follow-up', 1);
INSERT INTO patient_appointments (patient_id, appointment_date, appointment_time, type, location, reason, verified_up_to_date) VALUES ('pt-0912', '2025-10-03', '13:20', 'Blood test', 'Telehealth', 'annual monitoring', 1);
INSERT INTO patient_appointments (patient_id, appointment_date, appointment_time, type, location, reason, verified_up_to_date) VALUES ('pt-0912', '2025-12-23', '17:15', 'Blood test', 'Hospital outpatient department', 'symptom check', 0);
INSERT INTO patient_appointments (patient_id, appointment_date, appointment_time, type, location, reason, verified_up_to_date) VALUES ('pt-0912', '2026-08-19', '15:10', 'Vaccination appointment', 'Home visit', 'symptom check', 1);

INSERT INTO patients (id, name, age, gender, address_line1, city, county, postcode, country, telephone, email, gp_name, gp_practice, gp_address, national_insurance_number, passport_number, cache_status, last_synced_at, meta_region) VALUES ('pt-0913', 'Georgia O''Connor', 24, 'Female', 'Unit 16, 61 Constitution Hill', 'London', 'Greater London', 'SW1A 1BH', 'UK', '+44 7351 178811', 'georgia.oconnor@gmail.com', 'Dr Kieran Smith', 'Brownlow Group Practice', '150 Mt Pleasant, Liverpool L69 3GD, United Kingdom', 'AV803188C', '421294256', 'cached_stale', '2026-02-13T00:00:00Z', 'London');
INSERT INTO patient_conditions (patient_id, condition_name, status, since_date) VALUES ('pt-0913', 'Asthma', 'controlled', '2012-02-24');
INSERT INTO patient_conditions (patient_id, condition_name, status, since_date) VALUES ('pt-0913', 'Gastro-oesophageal reflux disease (GORD)', 'monitoring', '2021-12-08');
INSERT INTO patient_appointments (patient_id, appointment_date, appointment_time, type, location, reason, verified_up_to_date) VALUES ('pt-0913', '2025-03-12', '17:20', 'GP review', 'Home visit', 'results discussion', 0);
INSERT INTO patient_appointments (patient_id, appointment_date, appointment_time, type, location, reason, verified_up_to_date) VALUES ('pt-0913', '2025-08-14', '09:10', 'Blood test', 'Hospital outpatient department', 'symptom check', 1);
INSERT INTO patient_appointments (patient_id, appointment_date, appointment_time, type, location, reason, verified_up_to_date) VALUES ('pt-0913', '2025-09-02', '10:20', 'Medication review', 'GP practice', 'results discussion', 0);
INSERT INTO patient_appointments (patient_id, appointment_date, appointment_time, type, location, reason, verified_up_to_date) VALUES ('pt-0913', '2025-10-12', '11:40', 'Blood test', 'Telehealth', 'treatment follow-up', 0);
INSERT INTO patient_appointments (patient_id, appointment_date, appointment_time, type, location, reason, verified_up_to_date) VALUES ('pt-0913', '2026-03-28', '13:15', 'Cardiology follow-up', 'GP practice', 'routine review', 1);
INSERT INTO patient_vaccine_records (patient_id, vaccine, vaccine_date, product) VALUES ('pt-0913', 'COVID-19', '2018-04-06', 'Spikevax');

INSERT INTO patients (id, name, age, gender, address_line1, city, county, postcode, country, telephone, email, gp_name, gp_practice, gp_address, national_insurance_number, passport_number, cache_status, last_synced_at, meta_region) VALUES ('pt-0914', 'Evie Gill', 39, 'Female', '65 Broad Street', 'Birmingham', 'West Midlands', 'B1 1BB', 'UK', '+44 7573 596099', 'egill@hotmail.co.uk', 'Dr Zoe Campbell', 'Brownlow Group Practice', '150 Mt Pleasant, Liverpool L69 3GD, United Kingdom', 'GS369631B', '594991494', 'cached_recent', '2026-02-23T00:00:00Z', 'Birmingham');
INSERT INTO patient_conditions (patient_id, condition_name, status, since_date) VALUES ('pt-0914', 'Glaucoma', 'controlled', '2024-01-18');
INSERT INTO patient_vaccine_records (patient_id, vaccine, vaccine_date, product) VALUES ('pt-0914', 'Td/Tdap (tetanus, diphtheria, pertussis)', '2018-10-28', NULL);

INSERT INTO patients (id, name, age, gender, address_line1, city, county, postcode, country, telephone, email, gp_name, gp_practice, gp_address, national_insurance_number, passport_number, cache_status, last_synced_at, meta_region) VALUES ('pt-0915', 'Erin Morgan', 47, 'Female', '52 Broad Street', 'Birmingham', 'West Midlands', 'B1 1BB', 'UK', '+44 7220 759891', 'erinmorgan@gmail.com', 'Dr Tom Clarke', 'Brownlow Group Practice', '150 Mt Pleasant, Liverpool L69 3GD, United Kingdom', 'IE397865A', '515019145', 'verified_online', '2026-03-04T00:00:00Z', 'Birmingham');
INSERT INTO patient_conditions (patient_id, condition_name, status, since_date) VALUES ('pt-0915', 'Overactive bladder', 'history', '2023-05-21');
INSERT INTO patient_appointments (patient_id, appointment_date, appointment_time, type, location, reason, verified_up_to_date) VALUES ('pt-0915', '2026-12-22', '12:30', 'Ophthalmology', 'Hospital outpatient department', 'annual monitoring', 0);
INSERT INTO patient_vaccine_records (patient_id, vaccine, vaccine_date, product) VALUES ('pt-0915', 'COVID-19', '2025-01-10', 'Comirnaty');
INSERT INTO patient_vaccine_records (patient_id, vaccine, vaccine_date, product) VALUES ('pt-0915', 'Td/Tdap (tetanus, diphtheria, pertussis)', '2022-03-06', NULL);
INSERT INTO patient_vaccine_records (patient_id, vaccine, vaccine_date, product) VALUES ('pt-0915', 'MMR', '2020-09-12', NULL);

INSERT INTO patients (id, name, age, gender, address_line1, city, county, postcode, country, telephone, email, gp_name, gp_practice, gp_address, national_insurance_number, passport_number, cache_status, last_synced_at, meta_region) VALUES ('pt-0916', 'William Gill', 56, 'Male', '143 Paradise Street', 'Liverpool', 'Merseyside', 'L1 8JQ', 'UK', '+44 7573 850242', 'williamgill@gmail.com', 'Dr Maya Patel', 'Brownlow Group Practice', '150 Mt Pleasant, Liverpool L69 3GD, United Kingdom', 'JI914091C', '439734559', 'cached_recent', '2026-02-08T00:00:00Z', 'Liverpool');
INSERT INTO patient_conditions (patient_id, condition_name, status, since_date) VALUES ('pt-0916', 'COPD', 'active', '2020-06-13');
INSERT INTO patient_conditions (patient_id, condition_name, status, since_date) VALUES ('pt-0916', 'Atrial fibrillation', 'history', '2025-07-02');
INSERT INTO patient_conditions (patient_id, condition_name, status, since_date) VALUES ('pt-0916', 'History of stroke/TIA', 'active', '2016-01-24');
INSERT INTO patient_conditions (patient_id, condition_name, status, since_date) VALUES ('pt-0916', 'Asthma', 'history', '2023-10-11');
INSERT INTO patient_conditions (patient_id, condition_name, status, since_date) VALUES ('pt-0916', 'Generalised anxiety disorder', 'controlled', '2016-11-27');
INSERT INTO patient_conditions (patient_id, condition_name, status, since_date) VALUES ('pt-0916', 'Osteoporosis', 'history', '2014-10-16');
INSERT INTO patient_prescriptions (patient_id, drug, indication, dose, frequency, start_date, prescriber) VALUES ('pt-0916', 'Lansoprazole', 'Reflux/Ulcer prevention', '2.5 mg', 'once daily', '2023-08-30', 'Dr Eleanor Foster');
INSERT INTO patient_appointments (patient_id, appointment_date, appointment_time, type, location, reason, verified_up_to_date) VALUES ('pt-0916', '2024-01-22', '16:10', 'Mental health check-in', 'Community clinic', 'vaccination', 1);
INSERT INTO patient_appointments (patient_id, appointment_date, appointment_time, type, location, reason, verified_up_to_date) VALUES ('pt-0916', '2025-10-31', '17:30', 'Mental health check-in', 'Hospital outpatient department', 'annual monitoring', 1);
INSERT INTO patient_appointments (patient_id, appointment_date, appointment_time, type, location, reason, verified_up_to_date) VALUES ('pt-0916', '2026-04-08', '16:10', 'Physiotherapy', 'GP practice', 'vaccination', 1);
INSERT INTO patient_vaccine_records (patient_id, vaccine, vaccine_date, product) VALUES ('pt-0916', 'Td/Tdap (tetanus, diphtheria, pertussis)', '2025-08-30', NULL);

INSERT INTO patients (id, name, age, gender, address_line1, city, county, postcode, country, telephone, email, gp_name, gp_practice, gp_address, national_insurance_number, passport_number, cache_status, last_synced_at, meta_region) VALUES ('pt-0917', 'Jack Phillips', 41, 'Male', '13 Donegall Place', 'Belfast', 'County Antrim', 'BT1 5JD', 'UK', '+44 7732 847102', 'jack.phillips4@outlook.com', 'Dr Rachel Patel', 'Brownlow Group Practice', '150 Mt Pleasant, Liverpool L69 3GD, United Kingdom', 'UF158898A', '177082436', 'cached_recent', '2026-03-03T00:00:00Z', 'Belfast');
INSERT INTO patient_appointments (patient_id, appointment_date, appointment_time, type, location, reason, verified_up_to_date) VALUES ('pt-0917', '2023-09-03', '10:15', 'Diabetes clinic', 'GP practice', 'treatment follow-up', 1);

INSERT INTO patients (id, name, age, gender, address_line1, city, county, postcode, country, telephone, email, gp_name, gp_practice, gp_address, national_insurance_number, passport_number, cache_status, last_synced_at, meta_region) VALUES ('pt-0918', 'Logan Wilson', 94, 'Male', 'Flat 5, 91 College Green', 'Bristol', 'Bristol', 'BS1 5QH', 'UK', '+44 7605 289312', 'lwilson@hotmail.co.uk', 'Dr Zoe O''Neill', 'Brownlow Group Practice', '150 Mt Pleasant, Liverpool L69 3GD, United Kingdom', 'HF105722D', '870234765', 'cached_recent', '2026-02-28T00:00:00Z', 'Bristol');
INSERT INTO patient_conditions (patient_id, condition_name, status, since_date) VALUES ('pt-0918', 'Glaucoma', 'controlled', '2019-08-30');
INSERT INTO patient_conditions (patient_id, condition_name, status, since_date) VALUES ('pt-0918', 'Obesity', 'history', '2017-09-03');
INSERT INTO patient_prescriptions (patient_id, drug, indication, dose, frequency, start_date, prescriber) VALUES ('pt-0918', 'Nitrofurantoin', 'UTI', '0.5 mg', 'once weekly', '2025-11-27', 'Dr Ibrahim Khan');
INSERT INTO patient_appointments (patient_id, appointment_date, appointment_time, type, location, reason, verified_up_to_date) VALUES ('pt-0918', '2023-12-19', '09:20', 'Physiotherapy', 'Hospital outpatient department', 'symptom check', 1);
INSERT INTO patient_appointments (patient_id, appointment_date, appointment_time, type, location, reason, verified_up_to_date) VALUES ('pt-0918', '2026-02-13', '11:30', 'Cardiology follow-up', 'Home visit', 'vaccination', 1);
INSERT INTO patient_appointments (patient_id, appointment_date, appointment_time, type, location, reason, verified_up_to_date) VALUES ('pt-0918', '2026-04-27', '10:40', 'Ophthalmology', 'Hospital outpatient department', 'treatment follow-up', 1);
INSERT INTO patient_appointments (patient_id, appointment_date, appointment_time, type, location, reason, verified_up_to_date) VALUES ('pt-0918', '2026-10-20', '11:50', 'GP review', 'Home visit', 'results discussion', 1);

INSERT INTO patients (id, name, age, gender, address_line1, city, county, postcode, country, telephone, email, gp_name, gp_practice, gp_address, national_insurance_number, passport_number, cache_status, last_synced_at, meta_region) VALUES ('pt-0919', 'Finley Ali', 16, 'Male', 'Unit 37, 125 Lever Street', 'Manchester', 'Greater Manchester', 'M1 1EE', 'UK', '+44 7765 750679', 'finley310@outlook.com', 'Dr Kate Morgan', 'Brownlow Group Practice', '150 Mt Pleasant, Liverpool L69 3GD, United Kingdom', 'TO496695A', '050626624', 'cached_stale', '2026-02-13T00:00:00Z', 'Manchester');
INSERT INTO patient_conditions (patient_id, condition_name, status, since_date) VALUES ('pt-0919', 'Type 2 diabetes', 'monitoring', '2024-02-24');
INSERT INTO patient_conditions (patient_id, condition_name, status, since_date) VALUES ('pt-0919', 'Osteoporosis', 'controlled', '2023-02-11');
INSERT INTO patient_appointments (patient_id, appointment_date, appointment_time, type, location, reason, verified_up_to_date) VALUES ('pt-0919', '2024-03-07', '16:40', 'Respiratory review', 'Hospital outpatient department', 'vaccination', 1);
INSERT INTO patient_appointments (patient_id, appointment_date, appointment_time, type, location, reason, verified_up_to_date) VALUES ('pt-0919', '2025-08-29', '11:45', 'Blood test', 'Hospital outpatient department', 'routine review', 0);
INSERT INTO patient_appointments (patient_id, appointment_date, appointment_time, type, location, reason, verified_up_to_date) VALUES ('pt-0919', '2026-04-05', '16:00', 'Blood test', 'GP practice', 'results discussion', 1);

INSERT INTO patients (id, name, age, gender, address_line1, city, county, postcode, country, telephone, email, gp_name, gp_practice, gp_address, national_insurance_number, passport_number, cache_status, last_synced_at, meta_region) VALUES ('pt-0920', 'Jacob Phillips', 59, 'Male', 'Unit 15, 187 Donegall Square', 'Belfast', 'County Antrim', 'BT1 5LR', 'UK', '+44 7852 493294', 'jacob.phillips57@hotmail.co.uk', 'Dr Aisha O''Neill', 'Brownlow Group Practice', '150 Mt Pleasant, Liverpool L69 3GD, United Kingdom', 'NG717089D', '108801606', 'cached_recent', '2026-02-04T00:00:00Z', 'Belfast');
INSERT INTO patient_conditions (patient_id, condition_name, status, since_date) VALUES ('pt-0920', 'Chronic kidney disease', 'history', '2013-07-10');
INSERT INTO patient_conditions (patient_id, condition_name, status, since_date) VALUES ('pt-0920', 'Asthma', 'history', '2022-02-15');
INSERT INTO patient_appointments (patient_id, appointment_date, appointment_time, type, location, reason, verified_up_to_date) VALUES ('pt-0920', '2024-11-25', '15:45', 'Cardiology follow-up', 'Community clinic', 'routine review', 1);
INSERT INTO patient_appointments (patient_id, appointment_date, appointment_time, type, location, reason, verified_up_to_date) VALUES ('pt-0920', '2026-10-21', '08:10', 'Vaccination appointment', 'Telehealth', 'treatment follow-up', 1);
INSERT INTO patient_appointments (patient_id, appointment_date, appointment_time, type, location, reason, verified_up_to_date) VALUES ('pt-0920', '2026-12-20', '17:10', 'Respiratory review', 'GP practice', 'annual monitoring', 1);
INSERT INTO patient_appointments (patient_id, appointment_date, appointment_time, type, location, reason, verified_up_to_date) VALUES ('pt-0920', '2027-02-16', '14:15', 'Diabetes clinic', 'Telehealth', 'routine review', 1);

INSERT INTO patients (id, name, age, gender, address_line1, city, county, postcode, country, telephone, email, gp_name, gp_practice, gp_address, national_insurance_number, passport_number, cache_status, last_synced_at, meta_region) VALUES ('pt-0921', 'Muhammad Reid', 54, 'Male', 'Apt 51, 200 Hope Street', 'Glasgow', 'Glasgow City', 'G2 2EN', 'UK', '+44 7922 827152', 'mreid@icloud.com', 'Dr Lucy Foster', 'Brownlow Group Practice', '150 Mt Pleasant, Liverpool L69 3GD, United Kingdom', 'XA533645A', '804691693', 'cached_recent', '2026-02-24T00:00:00Z', 'Glasgow');
INSERT INTO patient_conditions (patient_id, condition_name, status, since_date) VALUES ('pt-0921', 'Dementia', 'monitoring', '2015-10-04');
INSERT INTO patient_prescriptions (patient_id, drug, indication, dose, frequency, start_date, prescriber) VALUES ('pt-0921', 'Insulin aspart', 'Diabetes', '0.5 mg', 'with meals', '2026-02-08', 'Dr Sophie Khan');
INSERT INTO patient_prescriptions (patient_id, drug, indication, dose, frequency, start_date, prescriber) VALUES ('pt-0921', 'Semaglutide', 'Type 2 diabetes/Weight management', '2 puffs', 'once daily', '2024-09-03', 'Dr Chloe Ahmed');
INSERT INTO patient_prescriptions (patient_id, drug, indication, dose, frequency, start_date, prescriber) VALUES ('pt-0921', 'Simvastatin', 'High cholesterol', '0.5 mg', 'once daily', '2024-09-07', 'Dr Maya Patel');
INSERT INTO patient_appointments (patient_id, appointment_date, appointment_time, type, location, reason, verified_up_to_date) VALUES ('pt-0921', '2025-05-26', '15:30', 'Medication review', 'Hospital outpatient department', 'vaccination', 1);

INSERT INTO patients (id, name, age, gender, address_line1, city, county, postcode, country, telephone, email, gp_name, gp_practice, gp_address, national_insurance_number, passport_number, cache_status, last_synced_at, meta_region) VALUES ('pt-0922', 'Lucy James', 27, 'Female', '182 Park Row', 'Leeds', 'West Yorkshire', 'LS1 1UR', 'UK', '+44 7304 540295', 'lucy718@hotmail.co.uk', 'Dr Kieran Foster', 'Brownlow Group Practice', '150 Mt Pleasant, Liverpool L69 3GD, United Kingdom', 'TJ114077C', '867184115', 'cached_recent', '2026-02-09T00:00:00Z', 'Leeds');
INSERT INTO patient_conditions (patient_id, condition_name, status, since_date) VALUES ('pt-0922', 'Depression', 'active', '2025-04-18');
INSERT INTO patient_prescriptions (patient_id, drug, indication, dose, frequency, start_date, prescriber) VALUES ('pt-0922', 'Beclometasone dipropionate', 'Asthma/COPD', '200 mg', 'with meals', '2023-11-29', 'Dr Robert Hughes');
INSERT INTO patient_appointments (patient_id, appointment_date, appointment_time, type, location, reason, verified_up_to_date) VALUES ('pt-0922', '2025-08-03', '10:20', 'Blood test', 'Telehealth', 'vaccination', 0);
INSERT INTO patient_appointments (patient_id, appointment_date, appointment_time, type, location, reason, verified_up_to_date) VALUES ('pt-0922', '2026-01-09', '14:20', 'Cardiology follow-up', 'Hospital outpatient department', 'vaccination', 1);
INSERT INTO patient_appointments (patient_id, appointment_date, appointment_time, type, location, reason, verified_up_to_date) VALUES ('pt-0922', '2026-10-21', '15:40', 'GP review', 'Telehealth', 'symptom check', 1);

INSERT INTO patients (id, name, age, gender, address_line1, city, county, postcode, country, telephone, email, gp_name, gp_practice, gp_address, national_insurance_number, passport_number, cache_status, last_synced_at, meta_region) VALUES ('pt-0923', 'Ryan Jackson', 45, 'Male', '107 Wall Street', 'Liverpool', 'Merseyside', 'L1 8BU', 'UK', '+44 7654 801881', 'ryanjackson@outlook.com', 'Dr Fatima Stewart', 'Brownlow Group Practice', '150 Mt Pleasant, Liverpool L69 3GD, United Kingdom', 'VG133068B', '539138973', 'cached_stale', '2026-02-20T00:00:00Z', 'Liverpool');
INSERT INTO patient_conditions (patient_id, condition_name, status, since_date) VALUES ('pt-0923', 'Obesity', 'controlled', '2016-10-07');
INSERT INTO patient_appointments (patient_id, appointment_date, appointment_time, type, location, reason, verified_up_to_date) VALUES ('pt-0923', '2023-12-14', '12:45', 'Physiotherapy', 'Hospital outpatient department', 'symptom check', 1);
INSERT INTO patient_appointments (patient_id, appointment_date, appointment_time, type, location, reason, verified_up_to_date) VALUES ('pt-0923', '2025-03-25', '11:40', 'Mental health check-in', 'Community clinic', 'symptom check', 1);
INSERT INTO patient_appointments (patient_id, appointment_date, appointment_time, type, location, reason, verified_up_to_date) VALUES ('pt-0923', '2025-08-03', '10:15', 'Blood test', 'Community clinic', 'treatment follow-up', 1);
INSERT INTO patient_appointments (patient_id, appointment_date, appointment_time, type, location, reason, verified_up_to_date) VALUES ('pt-0923', '2026-07-23', '10:20', 'Respiratory review', 'Hospital outpatient department', 'symptom check', 1);
INSERT INTO patient_appointments (patient_id, appointment_date, appointment_time, type, location, reason, verified_up_to_date) VALUES ('pt-0923', '2027-01-31', '10:50', 'Mental health check-in', 'GP practice', 'results discussion', 0);

INSERT INTO patients (id, name, age, gender, address_line1, city, county, postcode, country, telephone, email, gp_name, gp_practice, gp_address, national_insurance_number, passport_number, cache_status, last_synced_at, meta_region) VALUES ('pt-0924', 'Leo Wilson', 48, 'Male', 'Flat 16, 49 Paradise Street', 'Liverpool', 'Merseyside', 'L1 8JF', 'UK', '+44 7153 650144', 'lwilson@outlook.com', 'Dr Owen Evans', 'Brownlow Group Practice', '150 Mt Pleasant, Liverpool L69 3GD, United Kingdom', 'EX052841A', '429666003', 'cached_recent', '2026-02-09T00:00:00Z', 'Liverpool');
INSERT INTO patient_conditions (patient_id, condition_name, status, since_date) VALUES ('pt-0924', 'COPD', 'active', '2013-09-01');
INSERT INTO patient_prescriptions (patient_id, drug, indication, dose, frequency, start_date, prescriber) VALUES ('pt-0924', 'Levetiracetam', 'Epilepsy', '2 puffs', 'at night', '2024-03-04', 'Dr David Wilson');
INSERT INTO patient_prescriptions (patient_id, drug, indication, dose, frequency, start_date, prescriber) VALUES ('pt-0924', 'Furosemide', 'Oedema/Heart failure', '1 puff', 'as needed', '2025-02-08', 'Dr Owen Hughes');
INSERT INTO patient_appointments (patient_id, appointment_date, appointment_time, type, location, reason, verified_up_to_date) VALUES ('pt-0924', '2025-08-09', '15:00', 'GP review', 'Hospital outpatient department', 'treatment follow-up', 0);

INSERT INTO patients (id, name, age, gender, address_line1, city, county, postcode, country, telephone, email, gp_name, gp_practice, gp_address, national_insurance_number, passport_number, cache_status, last_synced_at, meta_region) VALUES ('pt-0925', 'Peter O''Connor', 56, 'Male', 'Apt 23, 216 Deanery Road', 'Bristol', 'Bristol', 'BS1 5QL', 'UK', '+44 7288 358626', 'peter.oconnor93@hotmail.co.uk', 'Dr Grace Foster', 'Brownlow Group Practice', '150 Mt Pleasant, Liverpool L69 3GD, United Kingdom', 'ZV058739C', '469030706', 'cached_recent', '2026-03-04T00:00:00Z', 'Bristol');
INSERT INTO patient_conditions (patient_id, condition_name, status, since_date) VALUES ('pt-0925', 'Chronic back pain', 'history', '2013-04-12');

INSERT INTO patients (id, name, age, gender, address_line1, city, county, postcode, country, telephone, email, gp_name, gp_practice, gp_address, national_insurance_number, passport_number, cache_status, last_synced_at, meta_region) VALUES ('pt-0926', 'Reuben Edwards', 39, 'Male', '30 The Mall', 'London', 'Greater London', 'SW1A 1AA', 'UK', '+44 7143 923645', 'reuben.edwards@icloud.com', 'Dr Sophie Roberts', 'Brownlow Group Practice', '150 Mt Pleasant, Liverpool L69 3GD, United Kingdom', 'PU515547A', '252374601', 'verified_online', '2026-02-19T00:00:00Z', 'London');
INSERT INTO patient_conditions (patient_id, condition_name, status, since_date) VALUES ('pt-0926', 'Benign prostatic hyperplasia (BPH)', 'monitoring', '2023-04-25');
INSERT INTO patient_prescriptions (patient_id, drug, indication, dose, frequency, start_date, prescriber) VALUES ('pt-0926', 'Simvastatin', 'High cholesterol', '20 mg', 'as needed', '2023-12-02', 'Dr Eleanor Foster');
INSERT INTO patient_appointments (patient_id, appointment_date, appointment_time, type, location, reason, verified_up_to_date) VALUES ('pt-0926', '2024-07-19', '15:15', 'GP review', 'GP practice', 'results discussion', 1);
INSERT INTO patient_appointments (patient_id, appointment_date, appointment_time, type, location, reason, verified_up_to_date) VALUES ('pt-0926', '2026-06-03', '13:40', 'Physiotherapy', 'Home visit', 'results discussion', 0);

INSERT INTO patients (id, name, age, gender, address_line1, city, county, postcode, country, telephone, email, gp_name, gp_practice, gp_address, national_insurance_number, passport_number, cache_status, last_synced_at, meta_region) VALUES ('pt-0927', 'Alice Edwards', 80, 'Female', '211 Deanery Road', 'Bristol', 'Bristol', 'BS1 5AF', 'UK', '+44 7377 677587', 'alice.edwards66@gmail.com', 'Dr Kate Evans', 'Brownlow Group Practice', '150 Mt Pleasant, Liverpool L69 3GD, United Kingdom', 'YT567401D', '753518199', 'cached_stale', '2026-02-14T00:00:00Z', 'Bristol');
INSERT INTO patient_conditions (patient_id, condition_name, status, since_date) VALUES ('pt-0927', 'Atrial fibrillation', 'active', '2015-07-30');
INSERT INTO patient_prescriptions (patient_id, drug, indication, dose, frequency, start_date, prescriber) VALUES ('pt-0927', 'Sertraline', 'Depression/Anxiety', '1 injection', 'once daily', '2024-03-28', 'Dr Eleanor Foster');
INSERT INTO patient_prescriptions (patient_id, drug, indication, dose, frequency, start_date, prescriber) VALUES ('pt-0927', 'Alendronic acid', 'Osteoporosis', '100 mg', 'as needed', '2024-04-29', 'Dr Ben Hughes');
INSERT INTO patient_vaccine_records (patient_id, vaccine, vaccine_date, product) VALUES ('pt-0927', 'COVID-19', '2021-05-13', 'Nuvaxovid');
INSERT INTO patient_vaccine_records (patient_id, vaccine, vaccine_date, product) VALUES ('pt-0927', 'COVID-19 booster', '2023-05-19', 'Comirnaty');
INSERT INTO patient_vaccine_records (patient_id, vaccine, vaccine_date, product) VALUES ('pt-0927', 'Influenza (seasonal)', '2025-12-27', NULL);
INSERT INTO patient_vaccine_records (patient_id, vaccine, vaccine_date, product) VALUES ('pt-0927', 'Td/Tdap (tetanus, diphtheria, pertussis)', '2022-01-11', NULL);

INSERT INTO patients (id, name, age, gender, address_line1, city, county, postcode, country, telephone, email, gp_name, gp_practice, gp_address, national_insurance_number, passport_number, cache_status, last_synced_at, meta_region) VALUES ('pt-0928', 'Florence Evans', 78, 'Female', '39 West Nile Street', 'Glasgow', 'Glasgow City', 'G2 2QZ', 'UK', '+44 7451 375485', 'florence694@outlook.com', 'Dr Ibrahim Foster', 'Brownlow Group Practice', '150 Mt Pleasant, Liverpool L69 3GD, United Kingdom', 'KK930994D', '245409018', 'cached_recent', '2026-02-24T00:00:00Z', 'Glasgow');
INSERT INTO patient_prescriptions (patient_id, drug, indication, dose, frequency, start_date, prescriber) VALUES ('pt-0928', 'Budesonide', 'Respiratory/Inflammation', '1 tablet', 'twice daily', '2023-05-26', 'Dr Helen Ahmed');
INSERT INTO patient_appointments (patient_id, appointment_date, appointment_time, type, location, reason, verified_up_to_date) VALUES ('pt-0928', '2025-05-12', '17:30', 'Mental health check-in', 'Home visit', 'results discussion', 1);
INSERT INTO patient_vaccine_records (patient_id, vaccine, vaccine_date, product) VALUES ('pt-0928', 'COVID-19', '2021-10-30', 'Comirnaty');

INSERT INTO patients (id, name, age, gender, address_line1, city, county, postcode, country, telephone, email, gp_name, gp_practice, gp_address, national_insurance_number, passport_number, cache_status, last_synced_at, meta_region) VALUES ('pt-0929', 'Edward Clarke', 29, 'Male', 'Unit 36, 120 Morgan Arcade', 'Cardiff', 'South Glamorgan', 'CF10 1GB', 'UK', '+44 7817 388474', 'eclarke@outlook.com', 'Dr Hannah Jones', 'Brownlow Group Practice', '150 Mt Pleasant, Liverpool L69 3GD, United Kingdom', 'WJ998918D', '986275064', 'cached_stale', '2026-02-14T00:00:00Z', 'Cardiff');
INSERT INTO patient_conditions (patient_id, condition_name, status, since_date) VALUES ('pt-0929', 'Overactive bladder', 'active', '2014-06-25');
INSERT INTO patient_prescriptions (patient_id, drug, indication, dose, frequency, start_date, prescriber) VALUES ('pt-0929', 'Sertraline', 'Depression/Anxiety', '50 mg', 'once daily', '2025-05-03', 'Dr Fatima Taylor');

INSERT INTO patients (id, name, age, gender, address_line1, city, county, postcode, country, telephone, email, gp_name, gp_practice, gp_address, national_insurance_number, passport_number, cache_status, last_synced_at, meta_region) VALUES ('pt-0930', 'James Morgan', 82, 'Male', '75 Wyndham Arcade', 'Cardiff', 'South Glamorgan', 'CF10 1AG', 'UK', '+44 7364 779962', 'jmorgan@hotmail.co.uk', 'Dr David Smith', 'Brownlow Group Practice', '150 Mt Pleasant, Liverpool L69 3GD, United Kingdom', 'XJ806065C', '979448287', 'cached_recent', '2026-02-11T00:00:00Z', 'Cardiff');
INSERT INTO patient_conditions (patient_id, condition_name, status, since_date) VALUES ('pt-0930', 'Gastro-oesophageal reflux disease (GORD)', 'history', '2014-09-24');
INSERT INTO patient_conditions (patient_id, condition_name, status, since_date) VALUES ('pt-0930', 'Asthma', 'active', '2022-05-04');
INSERT INTO patient_conditions (patient_id, condition_name, status, since_date) VALUES ('pt-0930', 'Dementia', 'controlled', '2019-12-02');
INSERT INTO patient_conditions (patient_id, condition_name, status, since_date) VALUES ('pt-0930', 'Glaucoma', 'monitoring', '2016-08-05');
INSERT INTO patient_prescriptions (patient_id, drug, indication, dose, frequency, start_date, prescriber) VALUES ('pt-0930', 'Allopurinol', 'Gout', '1 tablet', 'once daily', '2023-08-26', 'Dr Robert Hughes');
INSERT INTO patient_appointments (patient_id, appointment_date, appointment_time, type, location, reason, verified_up_to_date) VALUES ('pt-0930', '2024-07-01', '09:15', 'Vaccination appointment', 'Community clinic', 'results discussion', 1);
INSERT INTO patient_appointments (patient_id, appointment_date, appointment_time, type, location, reason, verified_up_to_date) VALUES ('pt-0930', '2026-09-07', '15:00', 'Cardiology follow-up', 'Community clinic', 'symptom check', 1);

INSERT INTO patients (id, name, age, gender, address_line1, city, county, postcode, country, telephone, email, gp_name, gp_practice, gp_address, national_insurance_number, passport_number, cache_status, last_synced_at, meta_region) VALUES ('pt-0931', 'Molly Murphy', 63, 'Female', 'Apt 8, 117 South John Street', 'Liverpool', 'Merseyside', 'L1 8BQ', 'UK', '+44 7714 173386', 'molly.murphy@outlook.com', 'Dr Holly Roberts', 'Brownlow Group Practice', '150 Mt Pleasant, Liverpool L69 3GD, United Kingdom', 'CF941916D', '233280077', 'verified_online', '2026-02-24T00:00:00Z', 'Liverpool');
INSERT INTO patient_conditions (patient_id, condition_name, status, since_date) VALUES ('pt-0931', 'Hypertension', 'history', '2013-11-20');
INSERT INTO patient_prescriptions (patient_id, drug, indication, dose, frequency, start_date, prescriber) VALUES ('pt-0931', 'Simvastatin', 'High cholesterol', '25 mg', 'once weekly', '2025-04-12', 'Dr David Wilson');

INSERT INTO patients (id, name, age, gender, address_line1, city, county, postcode, country, telephone, email, gp_name, gp_practice, gp_address, national_insurance_number, passport_number, cache_status, last_synced_at, meta_region) VALUES ('pt-0932', 'Jenny Walker', 71, 'Female', 'Apt 62, 206 Chicheley Street', 'London', 'Greater London', 'SE1 7PB', 'UK', '+44 7541 937440', 'jenny.walker60@outlook.com', 'Dr Fatima Ahmed', 'Brownlow Group Practice', '150 Mt Pleasant, Liverpool L69 3GD, United Kingdom', 'AG102259D', '181988969', 'cached_stale', '2026-03-04T00:00:00Z', 'London');
INSERT INTO patient_conditions (patient_id, condition_name, status, since_date) VALUES ('pt-0932', 'Chronic back pain', 'active', '2017-09-12');
INSERT INTO patient_prescriptions (patient_id, drug, indication, dose, frequency, start_date, prescriber) VALUES ('pt-0932', 'Levothyroxine', 'Hypothyroidism', '1 tablet', 'with meals', '2024-08-06', 'Dr Kieran Taylor');
INSERT INTO patient_appointments (patient_id, appointment_date, appointment_time, type, location, reason, verified_up_to_date) VALUES ('pt-0932', '2027-02-15', '10:00', 'GP review', 'Hospital outpatient department', 'symptom check', 1);
INSERT INTO patient_vaccine_records (patient_id, vaccine, vaccine_date, product) VALUES ('pt-0932', 'Influenza (seasonal)', '2023-01-28', NULL);
INSERT INTO patient_vaccine_records (patient_id, vaccine, vaccine_date, product) VALUES ('pt-0932', 'MMR', '2021-08-21', NULL);

INSERT INTO patients (id, name, age, gender, address_line1, city, county, postcode, country, telephone, email, gp_name, gp_practice, gp_address, national_insurance_number, passport_number, cache_status, last_synced_at, meta_region) VALUES ('pt-0933', 'Reuben White', 48, 'Male', 'Flat 10, 92 Boar Lane', 'Leeds', 'West Yorkshire', 'LS1 1UR', 'UK', '+44 7268 245952', 'reuben894@hotmail.co.uk', 'Dr Fatima Morgan', 'Brownlow Group Practice', '150 Mt Pleasant, Liverpool L69 3GD, United Kingdom', 'BE953400B', '361127862', 'cached_recent', '2026-02-07T00:00:00Z', 'Leeds');
INSERT INTO patient_conditions (patient_id, condition_name, status, since_date) VALUES ('pt-0933', 'Gastro-oesophageal reflux disease (GORD)', 'active', '2013-06-01');
INSERT INTO patient_conditions (patient_id, condition_name, status, since_date) VALUES ('pt-0933', 'History of stroke/TIA', 'monitoring', '2012-09-17');
INSERT INTO patient_conditions (patient_id, condition_name, status, since_date) VALUES ('pt-0933', 'Gout', 'active', '2022-08-04');
INSERT INTO patient_appointments (patient_id, appointment_date, appointment_time, type, location, reason, verified_up_to_date) VALUES ('pt-0933', '2025-11-14', '16:40', 'Blood test', 'Telehealth', 'annual monitoring', 1);
INSERT INTO patient_appointments (patient_id, appointment_date, appointment_time, type, location, reason, verified_up_to_date) VALUES ('pt-0933', '2026-04-20', '16:30', 'Physiotherapy', 'Telehealth', 'symptom check', 1);

INSERT INTO patients (id, name, age, gender, address_line1, city, county, postcode, country, telephone, email, gp_name, gp_practice, gp_address, national_insurance_number, passport_number, cache_status, last_synced_at, meta_region) VALUES ('pt-0934', 'Sienna Ahmed', 85, 'Female', '210 Corporation Street', 'Birmingham', 'West Midlands', 'B1 1BB', 'UK', '+44 7872 606285', 'sienna.ahmed@gmail.com', 'Dr Tom Clarke', 'Brownlow Group Practice', '150 Mt Pleasant, Liverpool L69 3GD, United Kingdom', 'OG489417B', '182351501', 'cached_stale', '2026-02-24T00:00:00Z', 'Birmingham');
INSERT INTO patient_appointments (patient_id, appointment_date, appointment_time, type, location, reason, verified_up_to_date) VALUES ('pt-0934', '2025-11-16', '14:50', 'Medication review', 'Community clinic', 'symptom check', 0);

INSERT INTO patients (id, name, age, gender, address_line1, city, county, postcode, country, telephone, email, gp_name, gp_practice, gp_address, national_insurance_number, passport_number, cache_status, last_synced_at, meta_region) VALUES ('pt-0935', 'Sophia Ahmed', 45, 'Female', '156 Chicheley Street', 'London', 'Greater London', 'SW1A 1AA', 'UK', '+44 7653 870984', 'sophia.ahmed45@hotmail.co.uk', 'Dr Sophie Roberts', 'Brownlow Group Practice', '150 Mt Pleasant, Liverpool L69 3GD, United Kingdom', 'MB497626A', '709866297', 'cached_recent', '2026-02-13T00:00:00Z', 'London');
INSERT INTO patient_conditions (patient_id, condition_name, status, since_date) VALUES ('pt-0935', 'Chronic back pain', 'monitoring', '2012-10-09');
INSERT INTO patient_appointments (patient_id, appointment_date, appointment_time, type, location, reason, verified_up_to_date) VALUES ('pt-0935', '2025-10-19', '13:45', 'GP review', 'Community clinic', 'symptom check', 1);

INSERT INTO patients (id, name, age, gender, address_line1, city, county, postcode, country, telephone, email, gp_name, gp_practice, gp_address, national_insurance_number, passport_number, cache_status, last_synced_at, meta_region) VALUES ('pt-0936', 'Leo Murray', 20, 'Male', '113 Waverley Bridge', 'Edinburgh', 'City of Edinburgh', 'EH2 2PF', 'UK', '+44 7468 451282', 'leomurray@icloud.com', 'Dr John O''Neill', 'Brownlow Group Practice', '150 Mt Pleasant, Liverpool L69 3GD, United Kingdom', 'ST699047D', '578611535', 'cached_stale', '2026-02-14T00:00:00Z', 'Edinburgh');
INSERT INTO patient_conditions (patient_id, condition_name, status, since_date) VALUES ('pt-0936', 'Epilepsy', 'active', '2018-07-04');

INSERT INTO patients (id, name, age, gender, address_line1, city, county, postcode, country, telephone, email, gp_name, gp_practice, gp_address, national_insurance_number, passport_number, cache_status, last_synced_at, meta_region) VALUES ('pt-0937', 'Grace Russell', 54, 'Female', 'Apt 72, 117 Bath Street', 'Glasgow', 'Glasgow City', 'G2 2EN', 'UK', '+44 7879 907603', 'grace294@gmail.com', 'Dr Tom Stewart', 'Brownlow Group Practice', '150 Mt Pleasant, Liverpool L69 3GD, United Kingdom', 'MV421351C', '605726953', 'cached_stale', '2026-02-18T00:00:00Z', 'Glasgow');
INSERT INTO patient_conditions (patient_id, condition_name, status, since_date) VALUES ('pt-0937', 'Generalised anxiety disorder', 'history', '2022-08-05');
INSERT INTO patient_conditions (patient_id, condition_name, status, since_date) VALUES ('pt-0937', 'Depression', 'monitoring', '2018-04-25');
INSERT INTO patient_conditions (patient_id, condition_name, status, since_date) VALUES ('pt-0937', 'Osteoarthritis', 'history', '2021-07-18');
INSERT INTO patient_prescriptions (patient_id, drug, indication, dose, frequency, start_date, prescriber) VALUES ('pt-0937', 'Edoxaban', 'Anticoagulant (AF/VTE)', '2 puffs', 'with meals', '2024-03-29', 'Dr Chloe Khan');
INSERT INTO patient_prescriptions (patient_id, drug, indication, dose, frequency, start_date, prescriber) VALUES ('pt-0937', 'Tamsulosin', 'BPH', '1 g', 'as needed', '2025-06-30', 'Dr Chloe Clarke');
INSERT INTO patient_appointments (patient_id, appointment_date, appointment_time, type, location, reason, verified_up_to_date) VALUES ('pt-0937', '2025-04-27', '10:45', 'Vaccination appointment', 'Telehealth', 'treatment follow-up', 1);
INSERT INTO patient_appointments (patient_id, appointment_date, appointment_time, type, location, reason, verified_up_to_date) VALUES ('pt-0937', '2025-08-04', '15:50', 'GP review', 'GP practice', 'vaccination', 1);
INSERT INTO patient_appointments (patient_id, appointment_date, appointment_time, type, location, reason, verified_up_to_date) VALUES ('pt-0937', '2025-10-15', '13:30', 'Blood test', 'GP practice', 'vaccination', 1);

INSERT INTO patients (id, name, age, gender, address_line1, city, county, postcode, country, telephone, email, gp_name, gp_practice, gp_address, national_insurance_number, passport_number, cache_status, last_synced_at, meta_region) VALUES ('pt-0938', 'Rachel Morris', 20, 'Female', 'Apt 33, 183 Belvedere Road', 'London', 'Greater London', 'SW1A 1BD', 'UK', '+44 7519 990325', 'rachel.morris60@gmail.com', 'Dr Sophie Roberts', 'Brownlow Group Practice', '150 Mt Pleasant, Liverpool L69 3GD, United Kingdom', 'QW536279D', '854866484', 'cached_recent', '2026-02-02T00:00:00Z', 'London');
INSERT INTO patient_conditions (patient_id, condition_name, status, since_date) VALUES ('pt-0938', 'COPD', 'monitoring', '2022-08-24');
INSERT INTO patient_prescriptions (patient_id, drug, indication, dose, frequency, start_date, prescriber) VALUES ('pt-0938', 'Gliclazide', 'Type 2 diabetes', '2 puffs', 'once daily', '2025-05-19', 'Dr Richard Patel');
INSERT INTO patient_prescriptions (patient_id, drug, indication, dose, frequency, start_date, prescriber) VALUES ('pt-0938', 'Levothyroxine', 'Hypothyroidism', '200 mg', 'as needed', '2024-05-03', 'Dr Alex Wilson');
INSERT INTO patient_vaccine_records (patient_id, vaccine, vaccine_date, product) VALUES ('pt-0938', 'COVID-19', '2023-03-09', 'Nuvaxovid');

INSERT INTO patients (id, name, age, gender, address_line1, city, county, postcode, country, telephone, email, gp_name, gp_practice, gp_address, national_insurance_number, passport_number, cache_status, last_synced_at, meta_region) VALUES ('pt-0939', 'Sara Phillips', 70, 'Female', '48 Belvedere Road', 'London', 'Greater London', 'SW1A 1BH', 'UK', '+44 7660 895917', 'sara.phillips@outlook.com', 'Dr Sophie Roberts', 'Brownlow Group Practice', '150 Mt Pleasant, Liverpool L69 3GD, United Kingdom', 'GH120895C', '916726678', 'cached_recent', '2026-02-13T00:00:00Z', 'London');
INSERT INTO patient_conditions (patient_id, condition_name, status, since_date) VALUES ('pt-0939', 'COPD', 'controlled', '2019-06-12');
INSERT INTO patient_conditions (patient_id, condition_name, status, since_date) VALUES ('pt-0939', 'History of stroke/TIA', 'monitoring', '2024-04-24');
INSERT INTO patient_conditions (patient_id, condition_name, status, since_date) VALUES ('pt-0939', 'Asthma', 'active', '2014-09-08');
INSERT INTO patient_appointments (patient_id, appointment_date, appointment_time, type, location, reason, verified_up_to_date) VALUES ('pt-0939', '2025-03-29', '09:00', 'Medication review', 'GP practice', 'routine review', 0);
INSERT INTO patient_appointments (patient_id, appointment_date, appointment_time, type, location, reason, verified_up_to_date) VALUES ('pt-0939', '2025-05-20', '09:45', 'Diabetes clinic', 'Hospital outpatient department', 'symptom check', 1);
INSERT INTO patient_vaccine_records (patient_id, vaccine, vaccine_date, product) VALUES ('pt-0939', 'Influenza (seasonal)', '2021-10-08', NULL);

INSERT INTO patients (id, name, age, gender, address_line1, city, county, postcode, country, telephone, email, gp_name, gp_practice, gp_address, national_insurance_number, passport_number, cache_status, last_synced_at, meta_region) VALUES ('pt-0940', 'Grace O''Connor', 41, 'Female', '133 Bath Street', 'Glasgow', 'Glasgow City', 'G2 2QZ', 'UK', '+44 7473 384768', 'grace592@gmail.com', 'Dr Ben Jones', 'Brownlow Group Practice', '150 Mt Pleasant, Liverpool L69 3GD, United Kingdom', 'KZ653842C', '275079180', 'cached_stale', '2026-02-26T00:00:00Z', 'Glasgow');
INSERT INTO patient_conditions (patient_id, condition_name, status, since_date) VALUES ('pt-0940', 'Chronic back pain', 'controlled', '2015-06-08');
INSERT INTO patient_conditions (patient_id, condition_name, status, since_date) VALUES ('pt-0940', 'Epilepsy', 'history', '2015-07-03');
INSERT INTO patient_appointments (patient_id, appointment_date, appointment_time, type, location, reason, verified_up_to_date) VALUES ('pt-0940', '2023-04-08', '09:15', 'Blood test', 'Telehealth', 'vaccination', 1);
INSERT INTO patient_appointments (patient_id, appointment_date, appointment_time, type, location, reason, verified_up_to_date) VALUES ('pt-0940', '2026-08-24', '12:45', 'Cardiology follow-up', 'Hospital outpatient department', 'annual monitoring', 1);

INSERT INTO patients (id, name, age, gender, address_line1, city, county, postcode, country, telephone, email, gp_name, gp_practice, gp_address, national_insurance_number, passport_number, cache_status, last_synced_at, meta_region) VALUES ('pt-0941', 'Clara Barnes', 14, 'Female', 'Unit 28, 87 Paradise Street', 'Liverpool', 'Merseyside', 'L1 8JF', 'UK', '+44 7141 163405', 'clara.barnes37@icloud.com', 'Dr Hannah Hughes', 'Brownlow Group Practice', '150 Mt Pleasant, Liverpool L69 3GD, United Kingdom', 'KJ183814C', '727685622', 'verified_online', '2026-02-07T00:00:00Z', 'Liverpool');

INSERT INTO patients (id, name, age, gender, address_line1, city, county, postcode, country, telephone, email, gp_name, gp_practice, gp_address, national_insurance_number, passport_number, cache_status, last_synced_at, meta_region) VALUES ('pt-0942', 'Peter Young', 74, 'Male', '7 Broad Street', 'Birmingham', 'West Midlands', 'B1 1BB', 'UK', '+44 7633 304873', 'peter724@icloud.com', 'Dr Zoe Campbell', 'Brownlow Group Practice', '150 Mt Pleasant, Liverpool L69 3GD, United Kingdom', 'EO917813B', '942380902', 'cached_recent', '2026-02-03T00:00:00Z', 'Birmingham');
INSERT INTO patient_conditions (patient_id, condition_name, status, since_date) VALUES ('pt-0942', 'Hypertension', 'active', '2019-10-07');
INSERT INTO patient_conditions (patient_id, condition_name, status, since_date) VALUES ('pt-0942', 'Coronary heart disease', 'controlled', '2025-02-01');
INSERT INTO patient_prescriptions (patient_id, drug, indication, dose, frequency, start_date, prescriber) VALUES ('pt-0942', 'Finasteride', 'BPH', '1 injection', 'once daily', '2025-10-13', 'Dr Robert Hughes');
INSERT INTO patient_appointments (patient_id, appointment_date, appointment_time, type, location, reason, verified_up_to_date) VALUES ('pt-0942', '2026-07-21', '10:20', 'Physiotherapy', 'Telehealth', 'vaccination', 1);
INSERT INTO patient_vaccine_records (patient_id, vaccine, vaccine_date, product) VALUES ('pt-0942', 'COVID-19', '2018-07-27', 'Spikevax');

INSERT INTO patients (id, name, age, gender, address_line1, city, county, postcode, country, telephone, email, gp_name, gp_practice, gp_address, national_insurance_number, passport_number, cache_status, last_synced_at, meta_region) VALUES ('pt-0943', 'Victoria King', 51, 'Female', '134 Claremont Place', 'Newcastle upon Tyne', 'Tyne and Wear', 'NE1 4LP', 'UK', '+44 7635 468750', 'vking@icloud.com', 'Dr Rachel Ahmed', 'Brownlow Group Practice', '150 Mt Pleasant, Liverpool L69 3GD, United Kingdom', 'YJ326859B', '624183723', 'verified_online', '2026-03-01T00:00:00Z', 'Newcastle upon Tyne');
INSERT INTO patient_conditions (patient_id, condition_name, status, since_date) VALUES ('pt-0943', 'Epilepsy', 'active', '2012-10-12');
INSERT INTO patient_conditions (patient_id, condition_name, status, since_date) VALUES ('pt-0943', 'Overactive bladder', 'history', '2016-12-08');
INSERT INTO patient_conditions (patient_id, condition_name, status, since_date) VALUES ('pt-0943', 'COPD', 'monitoring', '2011-11-07');
INSERT INTO patient_conditions (patient_id, condition_name, status, since_date) VALUES ('pt-0943', 'Hypercholesterolaemia', 'active', '2024-09-08');
INSERT INTO patient_appointments (patient_id, appointment_date, appointment_time, type, location, reason, verified_up_to_date) VALUES ('pt-0943', '2023-11-07', '08:30', 'Respiratory review', 'Community clinic', 'symptom check', 1);
INSERT INTO patient_appointments (patient_id, appointment_date, appointment_time, type, location, reason, verified_up_to_date) VALUES ('pt-0943', '2025-04-17', '17:00', 'Ophthalmology', 'Telehealth', 'symptom check', 1);
INSERT INTO patient_appointments (patient_id, appointment_date, appointment_time, type, location, reason, verified_up_to_date) VALUES ('pt-0943', '2026-01-20', '10:00', 'Cardiology follow-up', 'Telehealth', 'results discussion', 1);
INSERT INTO patient_appointments (patient_id, appointment_date, appointment_time, type, location, reason, verified_up_to_date) VALUES ('pt-0943', '2026-10-18', '14:00', 'GP review', 'Telehealth', 'results discussion', 0);
INSERT INTO patient_vaccine_records (patient_id, vaccine, vaccine_date, product) VALUES ('pt-0943', 'COVID-19', '2020-01-02', 'Spikevax');
INSERT INTO patient_vaccine_records (patient_id, vaccine, vaccine_date, product) VALUES ('pt-0943', 'COVID-19 booster', '2017-10-26', 'Comirnaty');

INSERT INTO patients (id, name, age, gender, address_line1, city, county, postcode, country, telephone, email, gp_name, gp_practice, gp_address, national_insurance_number, passport_number, cache_status, last_synced_at, meta_region) VALUES ('pt-0944', 'Claire Wood', 12, 'Female', '20 Newhall Street', 'Birmingham', 'West Midlands', 'B1 1BB', 'UK', '+44 7610 571233', 'claire.wood@outlook.com', 'Dr Ibrahim Wilson', 'Brownlow Group Practice', '150 Mt Pleasant, Liverpool L69 3GD, United Kingdom', 'IB303977B', '555486136', 'cached_stale', '2026-02-16T00:00:00Z', 'Birmingham');

INSERT INTO patients (id, name, age, gender, address_line1, city, county, postcode, country, telephone, email, gp_name, gp_practice, gp_address, national_insurance_number, passport_number, cache_status, last_synced_at, meta_region) VALUES ('pt-0945', 'Alice Fisher', 85, 'Female', 'Apt 1, 25 Cyprus Road', 'Cambridge', 'Cambridgeshire', 'CB1 3PY', 'UK', '+44 7739 122118', 'alice.fisher@hotmail.co.uk', 'Dr Priya Hughes', 'Brownlow Group Practice', '150 Mt Pleasant, Liverpool L69 3GD, United Kingdom', 'MC103960C', '829190793', 'cached_recent', '2026-02-19T00:00:00Z', 'Cambridge');
INSERT INTO patient_conditions (patient_id, condition_name, status, since_date) VALUES ('pt-0945', 'Dementia', 'monitoring', '2022-08-09');
INSERT INTO patient_prescriptions (patient_id, drug, indication, dose, frequency, start_date, prescriber) VALUES ('pt-0945', 'Apixaban', 'Anticoagulant (AF/VTE)', '50 mg', 'at night', '2025-05-08', 'Dr Fatima Morgan');
INSERT INTO patient_appointments (patient_id, appointment_date, appointment_time, type, location, reason, verified_up_to_date) VALUES ('pt-0945', '2025-12-01', '11:00', 'Cardiology follow-up', 'Home visit', 'treatment follow-up', 1);

INSERT INTO patients (id, name, age, gender, address_line1, city, county, postcode, country, telephone, email, gp_name, gp_practice, gp_address, national_insurance_number, passport_number, cache_status, last_synced_at, meta_region) VALUES ('pt-0946', 'George Patel', 61, 'Male', '167 College Green', 'Bristol', 'Bristol', 'BS1 5UG', 'UK', '+44 7739 905567', 'george.patel54@gmail.com', 'Dr Grace Foster', 'Brownlow Group Practice', '150 Mt Pleasant, Liverpool L69 3GD, United Kingdom', 'KI258757C', '820154039', 'verified_online', '2026-02-20T00:00:00Z', 'Bristol');
INSERT INTO patient_conditions (patient_id, condition_name, status, since_date) VALUES ('pt-0946', 'Osteoporosis', 'active', '2012-12-15');
INSERT INTO patient_vaccine_records (patient_id, vaccine, vaccine_date, product) VALUES ('pt-0946', 'COVID-19', '2026-01-02', 'Spikevax');
INSERT INTO patient_vaccine_records (patient_id, vaccine, vaccine_date, product) VALUES ('pt-0946', 'Td/Tdap (tetanus, diphtheria, pertussis)', '2024-11-15', NULL);
INSERT INTO patient_vaccine_records (patient_id, vaccine, vaccine_date, product) VALUES ('pt-0946', 'MMR', '2025-05-15', NULL);

INSERT INTO patients (id, name, age, gender, address_line1, city, county, postcode, country, telephone, email, gp_name, gp_practice, gp_address, national_insurance_number, passport_number, cache_status, last_synced_at, meta_region) VALUES ('pt-0947', 'Liam Hughes', 70, 'Male', 'Flat 10, 188 South John Street', 'Liverpool', 'Merseyside', 'L1 8JF', 'UK', '+44 7996 185606', 'liam.hughes@gmail.com', 'Dr Amir Smith', 'Brownlow Group Practice', '150 Mt Pleasant, Liverpool L69 3GD, United Kingdom', 'UU293431D', '224982857', 'cached_stale', '2026-02-17T00:00:00Z', 'Liverpool');
INSERT INTO patient_conditions (patient_id, condition_name, status, since_date) VALUES ('pt-0947', 'Glaucoma', 'controlled', '2014-01-03');
INSERT INTO patient_prescriptions (patient_id, drug, indication, dose, frequency, start_date, prescriber) VALUES ('pt-0947', 'Bisoprolol', 'Hypertension/Heart failure/Arrhythmia', '10 mg', 'twice daily', '2024-07-08', 'Dr Holly Khan');
INSERT INTO patient_vaccine_records (patient_id, vaccine, vaccine_date, product) VALUES ('pt-0947', 'Influenza (seasonal)', '2016-12-22', NULL);
INSERT INTO patient_vaccine_records (patient_id, vaccine, vaccine_date, product) VALUES ('pt-0947', 'Shingles (Shingrix)', '2026-02-20', 'Shingrix');

INSERT INTO patients (id, name, age, gender, address_line1, city, county, postcode, country, telephone, email, gp_name, gp_practice, gp_address, national_insurance_number, passport_number, cache_status, last_synced_at, meta_region) VALUES ('pt-0948', 'Matthew King', 55, 'Male', '189 Waverley Bridge', 'Edinburgh', 'City of Edinburgh', 'EH2 2SA', 'UK', '+44 7701 383135', 'matthew.king53@gmail.com', 'Dr Matthew Evans', 'Brownlow Group Practice', '150 Mt Pleasant, Liverpool L69 3GD, United Kingdom', 'GC309936C', '971351085', 'verified_online', '2026-02-26T00:00:00Z', 'Edinburgh');
INSERT INTO patient_conditions (patient_id, condition_name, status, since_date) VALUES ('pt-0948', 'Gout', 'active', '2016-03-02');
INSERT INTO patient_appointments (patient_id, appointment_date, appointment_time, type, location, reason, verified_up_to_date) VALUES ('pt-0948', '2026-10-16', '17:50', 'Cardiology follow-up', 'Hospital outpatient department', 'routine review', 1);
INSERT INTO patient_vaccine_records (patient_id, vaccine, vaccine_date, product) VALUES ('pt-0948', 'Td/Tdap (tetanus, diphtheria, pertussis)', '2023-01-30', NULL);

INSERT INTO patients (id, name, age, gender, address_line1, city, county, postcode, country, telephone, email, gp_name, gp_practice, gp_address, national_insurance_number, passport_number, cache_status, last_synced_at, meta_region) VALUES ('pt-0949', 'Louise Murray', 92, 'Female', '122 Anchor Road', 'Bristol', 'Bristol', 'BS1 5TL', 'UK', '+44 7454 382668', 'louise199@outlook.com', 'Dr Maya Hughes', 'Brownlow Group Practice', '150 Mt Pleasant, Liverpool L69 3GD, United Kingdom', 'KG721778C', '607216274', 'verified_online', '2026-02-07T00:00:00Z', 'Bristol');
INSERT INTO patient_conditions (patient_id, condition_name, status, since_date) VALUES ('pt-0949', 'Chronic back pain', 'controlled', '2021-02-16');
INSERT INTO patient_conditions (patient_id, condition_name, status, since_date) VALUES ('pt-0949', 'Hypothyroidism', 'history', '2011-04-24');
INSERT INTO patient_conditions (patient_id, condition_name, status, since_date) VALUES ('pt-0949', 'Atrial fibrillation', 'active', '2020-09-05');
INSERT INTO patient_conditions (patient_id, condition_name, status, since_date) VALUES ('pt-0949', 'Obesity', 'history', '2014-01-07');
INSERT INTO patient_conditions (patient_id, condition_name, status, since_date) VALUES ('pt-0949', 'Chronic kidney disease', 'history', '2024-06-05');
INSERT INTO patient_conditions (patient_id, condition_name, status, since_date) VALUES ('pt-0949', 'Type 2 diabetes', 'monitoring', '2016-11-20');
INSERT INTO patient_prescriptions (patient_id, drug, indication, dose, frequency, start_date, prescriber) VALUES ('pt-0949', 'Latanoprost', 'Glaucoma', '1 puff', 'with meals', '2023-05-22', 'Dr Ibrahim Campbell');
INSERT INTO patient_appointments (patient_id, appointment_date, appointment_time, type, location, reason, verified_up_to_date) VALUES ('pt-0949', '2025-03-11', '16:20', 'GP review', 'Home visit', 'symptom check', 1);

INSERT INTO patients (id, name, age, gender, address_line1, city, county, postcode, country, telephone, email, gp_name, gp_practice, gp_address, national_insurance_number, passport_number, cache_status, last_synced_at, meta_region) VALUES ('pt-0950', 'Matthew Morris', 50, 'Male', 'Apt 77, 10 Waverley Bridge', 'Edinburgh', 'City of Edinburgh', 'EH2 2PB', 'UK', '+44 7148 296862', 'matthew.morris87@icloud.com', 'Dr Robert Patel', 'Brownlow Group Practice', '150 Mt Pleasant, Liverpool L69 3GD, United Kingdom', 'UG579882C', '400436120', 'verified_online', '2026-02-12T00:00:00Z', 'Edinburgh');
INSERT INTO patient_conditions (patient_id, condition_name, status, since_date) VALUES ('pt-0950', 'Osteoporosis', 'history', '2025-07-12');
INSERT INTO patient_appointments (patient_id, appointment_date, appointment_time, type, location, reason, verified_up_to_date) VALUES ('pt-0950', '2025-06-25', '11:50', 'GP review', 'Hospital outpatient department', 'treatment follow-up', 0);
INSERT INTO patient_appointments (patient_id, appointment_date, appointment_time, type, location, reason, verified_up_to_date) VALUES ('pt-0950', '2025-12-04', '13:15', 'Diabetes clinic', 'Community clinic', 'routine review', 1);

INSERT INTO patients (id, name, age, gender, address_line1, city, county, postcode, country, telephone, email, gp_name, gp_practice, gp_address, national_insurance_number, passport_number, cache_status, last_synced_at, meta_region) VALUES ('pt-0951', 'Daniel Lee', 57, 'Male', '61 Newton Street', 'Manchester', 'Greater Manchester', 'M1 1EB', 'UK', '+44 7793 371742', 'daniel.lee@gmail.com', 'Dr Kate Stewart', 'Brownlow Group Practice', '150 Mt Pleasant, Liverpool L69 3GD, United Kingdom', 'VV273316A', '935557531', 'cached_recent', '2026-02-23T00:00:00Z', 'Manchester');
INSERT INTO patient_conditions (patient_id, condition_name, status, since_date) VALUES ('pt-0951', 'Benign prostatic hyperplasia (BPH)', 'monitoring', '2022-07-27');
INSERT INTO patient_conditions (patient_id, condition_name, status, since_date) VALUES ('pt-0951', 'Generalised anxiety disorder', 'monitoring', '2025-01-01');
INSERT INTO patient_prescriptions (patient_id, drug, indication, dose, frequency, start_date, prescriber) VALUES ('pt-0951', 'Furosemide', 'Oedema/Heart failure', '1 injection', 'at night', '2023-10-24', 'Dr Ibrahim Khan');
INSERT INTO patient_appointments (patient_id, appointment_date, appointment_time, type, location, reason, verified_up_to_date) VALUES ('pt-0951', '2026-01-04', '10:00', 'Ophthalmology', 'GP practice', 'routine review', 1);
INSERT INTO patient_appointments (patient_id, appointment_date, appointment_time, type, location, reason, verified_up_to_date) VALUES ('pt-0951', '2026-01-20', '13:20', 'Diabetes clinic', 'Telehealth', 'results discussion', 0);
INSERT INTO patient_appointments (patient_id, appointment_date, appointment_time, type, location, reason, verified_up_to_date) VALUES ('pt-0951', '2026-07-20', '13:30', 'Diabetes clinic', 'Telehealth', 'symptom check', 1);
INSERT INTO patient_appointments (patient_id, appointment_date, appointment_time, type, location, reason, verified_up_to_date) VALUES ('pt-0951', '2026-09-11', '16:45', 'Blood test', 'Home visit', 'results discussion', 0);
INSERT INTO patient_vaccine_records (patient_id, vaccine, vaccine_date, product) VALUES ('pt-0951', 'COVID-19', '2019-03-18', 'Nuvaxovid');

INSERT INTO patients (id, name, age, gender, address_line1, city, county, postcode, country, telephone, email, gp_name, gp_practice, gp_address, national_insurance_number, passport_number, cache_status, last_synced_at, meta_region) VALUES ('pt-0952', 'Connor James', 93, 'Male', 'Flat 54, 8 New Street', 'Birmingham', 'West Midlands', 'B1 1BB', 'UK', '+44 7558 528119', 'connor767@gmail.com', 'Dr Tom Clarke', 'Brownlow Group Practice', '150 Mt Pleasant, Liverpool L69 3GD, United Kingdom', 'FI591987B', '247114786', 'verified_online', '2026-02-13T00:00:00Z', 'Birmingham');
INSERT INTO patient_prescriptions (patient_id, drug, indication, dose, frequency, start_date, prescriber) VALUES ('pt-0952', 'Alendronic acid', 'Osteoporosis', '1 tablet', 'as needed', '2025-06-28', 'Dr Kieran Ahmed');
INSERT INTO patient_prescriptions (patient_id, drug, indication, dose, frequency, start_date, prescriber) VALUES ('pt-0952', 'Citalopram', 'Depression/Anxiety', '1 injection', 'with meals', '2024-05-20', 'Dr Ibrahim Khan');
INSERT INTO patient_prescriptions (patient_id, drug, indication, dose, frequency, start_date, prescriber) VALUES ('pt-0952', 'Mirtazapine', 'Depression', '50 mg', 'at night', '2024-12-30', 'Dr Richard Patel');
INSERT INTO patient_vaccine_records (patient_id, vaccine, vaccine_date, product) VALUES ('pt-0952', 'Influenza (seasonal)', '2017-04-09', NULL);
INSERT INTO patient_vaccine_records (patient_id, vaccine, vaccine_date, product) VALUES ('pt-0952', 'Pneumococcal', '2021-08-16', NULL);

INSERT INTO patients (id, name, age, gender, address_line1, city, county, postcode, country, telephone, email, gp_name, gp_practice, gp_address, national_insurance_number, passport_number, cache_status, last_synced_at, meta_region) VALUES ('pt-0953', 'Matthew Evans', 85, 'Male', 'Unit 7, 89 Bath Street', 'Glasgow', 'Glasgow City', 'G2 2NR', 'UK', '+44 7129 411049', 'matthewevans@outlook.com', 'Dr Ben Jones', 'Brownlow Group Practice', '150 Mt Pleasant, Liverpool L69 3GD, United Kingdom', 'QV345052B', '697662729', 'cached_recent', '2026-02-14T00:00:00Z', 'Glasgow');
INSERT INTO patient_conditions (patient_id, condition_name, status, since_date) VALUES ('pt-0953', 'Atrial fibrillation', 'controlled', '2013-01-24');
INSERT INTO patient_conditions (patient_id, condition_name, status, since_date) VALUES ('pt-0953', 'Benign prostatic hyperplasia (BPH)', 'active', '2019-12-12');
INSERT INTO patient_conditions (patient_id, condition_name, status, since_date) VALUES ('pt-0953', 'Glaucoma', 'history', '2021-03-22');
INSERT INTO patient_conditions (patient_id, condition_name, status, since_date) VALUES ('pt-0953', 'Depression', 'monitoring', '2021-03-25');
INSERT INTO patient_conditions (patient_id, condition_name, status, since_date) VALUES ('pt-0953', 'Gout', 'history', '2022-12-21');
INSERT INTO patient_conditions (patient_id, condition_name, status, since_date) VALUES ('pt-0953', 'Type 2 diabetes', 'active', '2015-08-27');
INSERT INTO patient_prescriptions (patient_id, drug, indication, dose, frequency, start_date, prescriber) VALUES ('pt-0953', 'Amlodipine', 'Hypertension/Angina', '200 mg', 'with meals', '2024-08-04', 'Dr Alex Wilson');
INSERT INTO patient_appointments (patient_id, appointment_date, appointment_time, type, location, reason, verified_up_to_date) VALUES ('pt-0953', '2023-10-24', '13:20', 'Ophthalmology', 'Telehealth', 'vaccination', 0);
INSERT INTO patient_appointments (patient_id, appointment_date, appointment_time, type, location, reason, verified_up_to_date) VALUES ('pt-0953', '2025-03-25', '13:30', 'Blood test', 'Telehealth', 'routine review', 1);
INSERT INTO patient_appointments (patient_id, appointment_date, appointment_time, type, location, reason, verified_up_to_date) VALUES ('pt-0953', '2025-05-19', '17:50', 'Blood test', 'Telehealth', 'vaccination', 0);
INSERT INTO patient_vaccine_records (patient_id, vaccine, vaccine_date, product) VALUES ('pt-0953', 'COVID-19', '2017-06-21', 'Nuvaxovid');

INSERT INTO patients (id, name, age, gender, address_line1, city, county, postcode, country, telephone, email, gp_name, gp_practice, gp_address, national_insurance_number, passport_number, cache_status, last_synced_at, meta_region) VALUES ('pt-0954', 'Megan Edwards', 95, 'Female', 'Flat 52, 175 Chicheley Street', 'London', 'Greater London', 'SW1A 1AA', 'UK', '+44 7737 795027', 'megan90@hotmail.co.uk', 'Dr Kieran Khan', 'Brownlow Group Practice', '150 Mt Pleasant, Liverpool L69 3GD, United Kingdom', 'YQ727672C', '081458418', 'verified_online', '2026-02-12T00:00:00Z', 'London');
INSERT INTO patient_prescriptions (patient_id, drug, indication, dose, frequency, start_date, prescriber) VALUES ('pt-0954', 'Finasteride', 'BPH', '1 puff', 'at night', '2025-09-27', 'Dr Grace Khan');
INSERT INTO patient_prescriptions (patient_id, drug, indication, dose, frequency, start_date, prescriber) VALUES ('pt-0954', 'Oxybutynin', 'Overactive bladder', '200 mg', 'twice daily', '2023-09-26', 'Dr Ibrahim Foster');
INSERT INTO patient_appointments (patient_id, appointment_date, appointment_time, type, location, reason, verified_up_to_date) VALUES ('pt-0954', '2025-03-09', '15:00', 'Cardiology follow-up', 'Hospital outpatient department', 'annual monitoring', 1);
INSERT INTO patient_appointments (patient_id, appointment_date, appointment_time, type, location, reason, verified_up_to_date) VALUES ('pt-0954', '2026-05-23', '14:50', 'GP review', 'Hospital outpatient department', 'vaccination', 1);
INSERT INTO patient_vaccine_records (patient_id, vaccine, vaccine_date, product) VALUES ('pt-0954', 'Influenza (seasonal)', '2018-11-05', NULL);

INSERT INTO patients (id, name, age, gender, address_line1, city, county, postcode, country, telephone, email, gp_name, gp_practice, gp_address, national_insurance_number, passport_number, cache_status, last_synced_at, meta_region) VALUES ('pt-0955', 'Matilda King', 48, 'Female', 'Flat 59, 182 Bakers Row', 'Cardiff', 'South Glamorgan', 'CF10 1AB', 'UK', '+44 7177 741578', 'matildaking@outlook.com', 'Dr Daniel Hughes', 'Brownlow Group Practice', '150 Mt Pleasant, Liverpool L69 3GD, United Kingdom', 'MX022640B', '842501989', 'verified_online', '2026-03-01T00:00:00Z', 'Cardiff');
INSERT INTO patient_conditions (patient_id, condition_name, status, since_date) VALUES ('pt-0955', 'Chronic back pain', 'active', '2020-11-17');
INSERT INTO patient_conditions (patient_id, condition_name, status, since_date) VALUES ('pt-0955', 'Obesity', 'monitoring', '2022-05-04');
INSERT INTO patient_conditions (patient_id, condition_name, status, since_date) VALUES ('pt-0955', 'Gastro-oesophageal reflux disease (GORD)', 'monitoring', '2022-06-24');
INSERT INTO patient_conditions (patient_id, condition_name, status, since_date) VALUES ('pt-0955', 'Type 2 diabetes', 'active', '2012-05-12');
INSERT INTO patient_conditions (patient_id, condition_name, status, since_date) VALUES ('pt-0955', 'Glaucoma', 'monitoring', '2020-06-01');
INSERT INTO patient_prescriptions (patient_id, drug, indication, dose, frequency, start_date, prescriber) VALUES ('pt-0955', 'Alendronic acid', 'Osteoporosis', '25 mg', 'with meals', '2025-02-23', 'Dr Ibrahim Campbell');
INSERT INTO patient_appointments (patient_id, appointment_date, appointment_time, type, location, reason, verified_up_to_date) VALUES ('pt-0955', '2025-12-29', '13:45', 'Medication review', 'Home visit', 'treatment follow-up', 1);
INSERT INTO patient_vaccine_records (patient_id, vaccine, vaccine_date, product) VALUES ('pt-0955', 'COVID-19', '2024-06-22', 'Nuvaxovid');

INSERT INTO patients (id, name, age, gender, address_line1, city, county, postcode, country, telephone, email, gp_name, gp_practice, gp_address, national_insurance_number, passport_number, cache_status, last_synced_at, meta_region) VALUES ('pt-0956', 'Peter Martin', 82, 'Male', 'Flat 33, 178 Chicheley Street', 'London', 'Greater London', 'SE1 7PB', 'UK', '+44 7806 504199', 'petermartin@icloud.com', 'Dr Grace Evans', 'Brownlow Group Practice', '150 Mt Pleasant, Liverpool L69 3GD, United Kingdom', 'GW578695A', '224255270', 'verified_online', '2026-02-11T00:00:00Z', 'London');
INSERT INTO patient_appointments (patient_id, appointment_date, appointment_time, type, location, reason, verified_up_to_date) VALUES ('pt-0956', '2025-05-17', '16:45', 'Physiotherapy', 'Telehealth', 'treatment follow-up', 1);
INSERT INTO patient_vaccine_records (patient_id, vaccine, vaccine_date, product) VALUES ('pt-0956', 'Influenza (seasonal)', '2023-07-30', NULL);

INSERT INTO patients (id, name, age, gender, address_line1, city, county, postcode, country, telephone, email, gp_name, gp_practice, gp_address, national_insurance_number, passport_number, cache_status, last_synced_at, meta_region) VALUES ('pt-0957', 'Logan Ward', 46, 'Male', 'Flat 5, 74 Park Row', 'Leeds', 'West Yorkshire', 'LS1 1UR', 'UK', '+44 7258 125226', 'loganward@icloud.com', 'Dr Maya Patel', 'Brownlow Group Practice', '150 Mt Pleasant, Liverpool L69 3GD, United Kingdom', 'AX299690C', '948539597', 'cached_stale', '2026-02-04T00:00:00Z', 'Leeds');
INSERT INTO patient_conditions (patient_id, condition_name, status, since_date) VALUES ('pt-0957', 'Hypercholesterolaemia', 'history', '2023-12-10');
INSERT INTO patient_vaccine_records (patient_id, vaccine, vaccine_date, product) VALUES ('pt-0957', 'COVID-19', '2024-03-06', 'Spikevax');
INSERT INTO patient_vaccine_records (patient_id, vaccine, vaccine_date, product) VALUES ('pt-0957', 'COVID-19 booster', '2016-09-24', 'Spikevax');

INSERT INTO patients (id, name, age, gender, address_line1, city, county, postcode, country, telephone, email, gp_name, gp_practice, gp_address, national_insurance_number, passport_number, cache_status, last_synced_at, meta_region) VALUES ('pt-0958', 'Leo Morris', 82, 'Male', 'Unit 25, 11 Westminster Bridge Road', 'London', 'Greater London', 'SW1A 1BA', 'UK', '+44 7473 541037', 'lmorris@gmail.com', 'Dr Sophie Roberts', 'Brownlow Group Practice', '150 Mt Pleasant, Liverpool L69 3GD, United Kingdom', 'QD676551A', '012548534', 'cached_stale', '2026-02-08T00:00:00Z', 'London');
INSERT INTO patient_appointments (patient_id, appointment_date, appointment_time, type, location, reason, verified_up_to_date) VALUES ('pt-0958', '2025-03-18', '08:20', 'Cardiology follow-up', 'Telehealth', 'symptom check', 1);
INSERT INTO patient_appointments (patient_id, appointment_date, appointment_time, type, location, reason, verified_up_to_date) VALUES ('pt-0958', '2025-11-04', '16:15', 'Vaccination appointment', 'Telehealth', 'symptom check', 1);
INSERT INTO patient_vaccine_records (patient_id, vaccine, vaccine_date, product) VALUES ('pt-0958', 'COVID-19', '2022-12-07', 'Nuvaxovid');
INSERT INTO patient_vaccine_records (patient_id, vaccine, vaccine_date, product) VALUES ('pt-0958', 'COVID-19 booster', '2025-02-18', 'Comirnaty');
INSERT INTO patient_vaccine_records (patient_id, vaccine, vaccine_date, product) VALUES ('pt-0958', 'Shingles (Shingrix)', '2018-10-28', 'Shingrix');
INSERT INTO patient_vaccine_records (patient_id, vaccine, vaccine_date, product) VALUES ('pt-0958', 'RSV', '2024-07-06', 'Arexvy');

INSERT INTO patients (id, name, age, gender, address_line1, city, county, postcode, country, telephone, email, gp_name, gp_practice, gp_address, national_insurance_number, passport_number, cache_status, last_synced_at, meta_region) VALUES ('pt-0959', 'Charlie Wilson', 1, 'Male', 'Apt 61, 129 Great Charles Street', 'Birmingham', 'West Midlands', 'B1 1BB', 'UK', '+44 7192 129515', 'charliewilson@hotmail.co.uk', 'Dr Tom Clarke', 'Brownlow Group Practice', '150 Mt Pleasant, Liverpool L69 3GD, United Kingdom', 'EL048303C', '651677769', 'cached_stale', '2026-02-11T00:00:00Z', 'Birmingham');
INSERT INTO patient_conditions (patient_id, condition_name, status, since_date) VALUES ('pt-0959', 'Chronic back pain', 'active', '2021-12-18');
INSERT INTO patient_prescriptions (patient_id, drug, indication, dose, frequency, start_date, prescriber) VALUES ('pt-0959', 'Sitagliptin', 'Type 2 diabetes', '1 tablet', 'once weekly', '2024-11-08', 'Dr Michael Foster');
INSERT INTO patient_prescriptions (patient_id, drug, indication, dose, frequency, start_date, prescriber) VALUES ('pt-0959', 'Donepezil', 'Dementia', '500 mg', 'with meals', '2024-07-02', 'Dr Holly Khan');
INSERT INTO patient_appointments (patient_id, appointment_date, appointment_time, type, location, reason, verified_up_to_date) VALUES ('pt-0959', '2025-07-08', '08:20', 'Respiratory review', 'Hospital outpatient department', 'annual monitoring', 1);
INSERT INTO patient_appointments (patient_id, appointment_date, appointment_time, type, location, reason, verified_up_to_date) VALUES ('pt-0959', '2025-07-15', '16:20', 'Blood test', 'GP practice', 'treatment follow-up', 1);
INSERT INTO patient_appointments (patient_id, appointment_date, appointment_time, type, location, reason, verified_up_to_date) VALUES ('pt-0959', '2025-12-25', '13:30', 'Medication review', 'Home visit', 'routine review', 1);
INSERT INTO patient_appointments (patient_id, appointment_date, appointment_time, type, location, reason, verified_up_to_date) VALUES ('pt-0959', '2026-07-14', '12:15', 'Respiratory review', 'Telehealth', 'annual monitoring', 1);
INSERT INTO patient_vaccine_records (patient_id, vaccine, vaccine_date, product) VALUES ('pt-0959', 'Td/Tdap (tetanus, diphtheria, pertussis)', '2016-10-21', NULL);

INSERT INTO patients (id, name, age, gender, address_line1, city, county, postcode, country, telephone, email, gp_name, gp_practice, gp_address, national_insurance_number, passport_number, cache_status, last_synced_at, meta_region) VALUES ('pt-0960', 'Emily Howard', 79, 'Female', 'Flat 9, 147 Park Row', 'Leeds', 'West Yorkshire', 'LS1 1UR', 'UK', '+44 7618 415169', 'emily.howard83@hotmail.co.uk', 'Dr Kate Wilson', 'Brownlow Group Practice', '150 Mt Pleasant, Liverpool L69 3GD, United Kingdom', 'VC497785A', '981795069', 'cached_recent', '2026-02-11T00:00:00Z', 'Leeds');
INSERT INTO patient_conditions (patient_id, condition_name, status, since_date) VALUES ('pt-0960', 'Gout', 'history', '2025-05-24');
INSERT INTO patient_conditions (patient_id, condition_name, status, since_date) VALUES ('pt-0960', 'Dementia', 'controlled', '2023-10-23');
INSERT INTO patient_conditions (patient_id, condition_name, status, since_date) VALUES ('pt-0960', 'Osteoarthritis', 'active', '2013-12-28');
INSERT INTO patient_conditions (patient_id, condition_name, status, since_date) VALUES ('pt-0960', 'Glaucoma', 'active', '2017-12-09');
INSERT INTO patient_prescriptions (patient_id, drug, indication, dose, frequency, start_date, prescriber) VALUES ('pt-0960', 'Latanoprost', 'Glaucoma', '1 g', 'at night', '2023-09-01', 'Dr Rachel Smith');
INSERT INTO patient_appointments (patient_id, appointment_date, appointment_time, type, location, reason, verified_up_to_date) VALUES ('pt-0960', '2023-07-12', '08:00', 'Mental health check-in', 'Community clinic', 'annual monitoring', 1);
INSERT INTO patient_appointments (patient_id, appointment_date, appointment_time, type, location, reason, verified_up_to_date) VALUES ('pt-0960', '2024-12-29', '09:40', 'Diabetes clinic', 'Telehealth', 'treatment follow-up', 1);
INSERT INTO patient_appointments (patient_id, appointment_date, appointment_time, type, location, reason, verified_up_to_date) VALUES ('pt-0960', '2026-04-04', '13:10', 'Blood test', 'Home visit', 'results discussion', 1);
INSERT INTO patient_vaccine_records (patient_id, vaccine, vaccine_date, product) VALUES ('pt-0960', 'COVID-19', '2024-09-11', 'Comirnaty');
INSERT INTO patient_vaccine_records (patient_id, vaccine, vaccine_date, product) VALUES ('pt-0960', 'COVID-19 booster', '2025-08-05', 'Comirnaty');
INSERT INTO patient_vaccine_records (patient_id, vaccine, vaccine_date, product) VALUES ('pt-0960', 'Influenza (seasonal)', '2022-01-19', NULL);
INSERT INTO patient_vaccine_records (patient_id, vaccine, vaccine_date, product) VALUES ('pt-0960', 'MMR', '2018-09-10', NULL);

INSERT INTO patients (id, name, age, gender, address_line1, city, county, postcode, country, telephone, email, gp_name, gp_practice, gp_address, national_insurance_number, passport_number, cache_status, last_synced_at, meta_region) VALUES ('pt-0961', 'Charlotte Martin', 46, 'Female', '132 Custom House Place', 'Liverpool', 'Merseyside', 'L1 8BJ', 'UK', '+44 7411 713312', 'charlotte.martin15@outlook.com', 'Dr Niamh Campbell', 'Brownlow Group Practice', '150 Mt Pleasant, Liverpool L69 3GD, United Kingdom', 'JL696589C', '485986825', 'verified_online', '2026-02-03T00:00:00Z', 'Liverpool');
INSERT INTO patient_conditions (patient_id, condition_name, status, since_date) VALUES ('pt-0961', 'Osteoarthritis', 'history', '2011-07-09');
INSERT INTO patient_conditions (patient_id, condition_name, status, since_date) VALUES ('pt-0961', 'Type 2 diabetes', 'controlled', '2015-12-29');
INSERT INTO patient_prescriptions (patient_id, drug, indication, dose, frequency, start_date, prescriber) VALUES ('pt-0961', 'Semaglutide', 'Type 2 diabetes/Weight management', '20 mg', 'once weekly', '2024-11-29', 'Dr Owen Hughes');
INSERT INTO patient_prescriptions (patient_id, drug, indication, dose, frequency, start_date, prescriber) VALUES ('pt-0961', 'Salbutamol', 'Asthma/COPD (reliever)', '10 mg', 'at night', '2025-03-31', 'Dr Richard Wilson');

INSERT INTO patients (id, name, age, gender, address_line1, city, county, postcode, country, telephone, email, gp_name, gp_practice, gp_address, national_insurance_number, passport_number, cache_status, last_synced_at, meta_region) VALUES ('pt-0962', 'Olivia Ward', 66, 'Female', 'Apt 3, 30 Wall Street', 'Liverpool', 'Merseyside', 'L1 8LZ', 'UK', '+44 7896 879124', 'oward@gmail.com', 'Dr Holly Roberts', 'Brownlow Group Practice', '150 Mt Pleasant, Liverpool L69 3GD, United Kingdom', 'RG716463C', '943229311', 'cached_recent', '2026-02-02T00:00:00Z', 'Liverpool');
INSERT INTO patient_conditions (patient_id, condition_name, status, since_date) VALUES ('pt-0962', 'Glaucoma', 'monitoring', '2026-01-16');
INSERT INTO patient_conditions (patient_id, condition_name, status, since_date) VALUES ('pt-0962', 'Atrial fibrillation', 'monitoring', '2016-06-23');
INSERT INTO patient_conditions (patient_id, condition_name, status, since_date) VALUES ('pt-0962', 'Obesity', 'history', '2013-12-29');
INSERT INTO patient_conditions (patient_id, condition_name, status, since_date) VALUES ('pt-0962', 'Osteoarthritis', 'monitoring', '2023-03-10');
INSERT INTO patient_prescriptions (patient_id, drug, indication, dose, frequency, start_date, prescriber) VALUES ('pt-0962', 'Nitrofurantoin', 'UTI', '50 mg', 'with meals', '2023-07-12', 'Dr Chloe Ahmed');
INSERT INTO patient_appointments (patient_id, appointment_date, appointment_time, type, location, reason, verified_up_to_date) VALUES ('pt-0962', '2023-12-10', '08:00', 'Physiotherapy', 'Community clinic', 'treatment follow-up', 1);
INSERT INTO patient_appointments (patient_id, appointment_date, appointment_time, type, location, reason, verified_up_to_date) VALUES ('pt-0962', '2025-04-23', '13:40', 'Vaccination appointment', 'Telehealth', 'annual monitoring', 1);
INSERT INTO patient_appointments (patient_id, appointment_date, appointment_time, type, location, reason, verified_up_to_date) VALUES ('pt-0962', '2025-08-28', '11:20', 'Cardiology follow-up', 'GP practice', 'symptom check', 1);
INSERT INTO patient_vaccine_records (patient_id, vaccine, vaccine_date, product) VALUES ('pt-0962', 'Influenza (seasonal)', '2021-01-19', NULL);

INSERT INTO patients (id, name, age, gender, address_line1, city, county, postcode, country, telephone, email, gp_name, gp_practice, gp_address, national_insurance_number, passport_number, cache_status, last_synced_at, meta_region) VALUES ('pt-0963', 'Louise Murray', 90, 'Female', 'Apt 22, 189 Chicheley Street', 'London', 'Greater London', 'SW1A 1BD', 'UK', '+44 7789 139885', 'louise734@hotmail.co.uk', 'Dr Kieran Khan', 'Brownlow Group Practice', '150 Mt Pleasant, Liverpool L69 3GD, United Kingdom', 'FD666857C', '628581151', 'cached_recent', '2026-02-21T00:00:00Z', 'London');
INSERT INTO patient_conditions (patient_id, condition_name, status, since_date) VALUES ('pt-0963', 'Overactive bladder', 'controlled', '2013-08-23');
INSERT INTO patient_conditions (patient_id, condition_name, status, since_date) VALUES ('pt-0963', 'Hypertension', 'active', '2021-01-29');
INSERT INTO patient_prescriptions (patient_id, drug, indication, dose, frequency, start_date, prescriber) VALUES ('pt-0963', 'Finasteride', 'BPH', '25 mg', 'twice daily', '2023-09-16', 'Dr Kieran Smith');
INSERT INTO patient_prescriptions (patient_id, drug, indication, dose, frequency, start_date, prescriber) VALUES ('pt-0963', 'Salbutamol', 'Asthma/COPD (reliever)', '100 mg', 'twice daily', '2024-07-10', 'Dr Fatima Morgan');
INSERT INTO patient_appointments (patient_id, appointment_date, appointment_time, type, location, reason, verified_up_to_date) VALUES ('pt-0963', '2024-01-23', '12:00', 'GP review', 'GP practice', 'symptom check', 1);
INSERT INTO patient_appointments (patient_id, appointment_date, appointment_time, type, location, reason, verified_up_to_date) VALUES ('pt-0963', '2025-06-16', '15:40', 'Diabetes clinic', 'Telehealth', 'results discussion', 1);
INSERT INTO patient_appointments (patient_id, appointment_date, appointment_time, type, location, reason, verified_up_to_date) VALUES ('pt-0963', '2025-09-09', '10:50', 'Respiratory review', 'GP practice', 'vaccination', 0);
INSERT INTO patient_appointments (patient_id, appointment_date, appointment_time, type, location, reason, verified_up_to_date) VALUES ('pt-0963', '2026-07-22', '13:10', 'Mental health check-in', 'Community clinic', 'annual monitoring', 1);
INSERT INTO patient_vaccine_records (patient_id, vaccine, vaccine_date, product) VALUES ('pt-0963', 'COVID-19', '2024-02-17', 'Nuvaxovid');
INSERT INTO patient_vaccine_records (patient_id, vaccine, vaccine_date, product) VALUES ('pt-0963', 'Influenza (seasonal)', '2024-04-10', NULL);
INSERT INTO patient_vaccine_records (patient_id, vaccine, vaccine_date, product) VALUES ('pt-0963', 'Pneumococcal', '2024-02-18', NULL);
INSERT INTO patient_vaccine_records (patient_id, vaccine, vaccine_date, product) VALUES ('pt-0963', 'Shingles (Shingrix)', '2019-05-19', 'Shingrix');

INSERT INTO patients (id, name, age, gender, address_line1, city, county, postcode, country, telephone, email, gp_name, gp_practice, gp_address, national_insurance_number, passport_number, cache_status, last_synced_at, meta_region) VALUES ('pt-0964', 'Martin Cooper', 92, 'Male', 'Unit 35, 217 George Street', 'Edinburgh', 'City of Edinburgh', 'EH2 2AF', 'UK', '+44 7121 338337', 'martin.cooper7@gmail.com', 'Dr Chloe Foster', 'Brownlow Group Practice', '150 Mt Pleasant, Liverpool L69 3GD, United Kingdom', 'ZV834913A', '238458228', 'cached_recent', '2026-02-18T00:00:00Z', 'Edinburgh');
INSERT INTO patient_conditions (patient_id, condition_name, status, since_date) VALUES ('pt-0964', 'Osteoarthritis', 'active', '2019-05-30');
INSERT INTO patient_prescriptions (patient_id, drug, indication, dose, frequency, start_date, prescriber) VALUES ('pt-0964', 'Apixaban', 'Anticoagulant (AF/VTE)', '1 injection', 'at night', '2024-03-25', 'Dr Michael Foster');
INSERT INTO patient_appointments (patient_id, appointment_date, appointment_time, type, location, reason, verified_up_to_date) VALUES ('pt-0964', '2026-12-02', '12:10', 'Physiotherapy', 'Telehealth', 'treatment follow-up', 1);
INSERT INTO patient_vaccine_records (patient_id, vaccine, vaccine_date, product) VALUES ('pt-0964', 'Influenza (seasonal)', '2023-05-22', NULL);

INSERT INTO patients (id, name, age, gender, address_line1, city, county, postcode, country, telephone, email, gp_name, gp_practice, gp_address, national_insurance_number, passport_number, cache_status, last_synced_at, meta_region) VALUES ('pt-0965', 'Nora Scott', 19, 'Female', '109 West George Street', 'Glasgow', 'Glasgow City', 'G2 2TG', 'UK', '+44 7503 184078', 'nora.scott@hotmail.co.uk', 'Dr Priya Clarke', 'Brownlow Group Practice', '150 Mt Pleasant, Liverpool L69 3GD, United Kingdom', 'VQ561387A', '526758884', 'cached_stale', '2026-02-28T00:00:00Z', 'Glasgow');
INSERT INTO patient_conditions (patient_id, condition_name, status, since_date) VALUES ('pt-0965', 'Hypothyroidism', 'active', '2025-05-28');
INSERT INTO patient_vaccine_records (patient_id, vaccine, vaccine_date, product) VALUES ('pt-0965', 'COVID-19', '2021-08-11', 'Comirnaty');

INSERT INTO patients (id, name, age, gender, address_line1, city, county, postcode, country, telephone, email, gp_name, gp_practice, gp_address, national_insurance_number, passport_number, cache_status, last_synced_at, meta_region) VALUES ('pt-0966', 'Megan Murray', 24, 'Female', 'Apt 59, 8 Deanery Road', 'Bristol', 'Bristol', 'BS1 5TL', 'UK', '+44 7353 226549', 'megan.murray@hotmail.co.uk', 'Dr Rachel Reid', 'Brownlow Group Practice', '150 Mt Pleasant, Liverpool L69 3GD, United Kingdom', 'UI755788A', '878059591', 'cached_stale', '2026-02-26T00:00:00Z', 'Bristol');
INSERT INTO patient_conditions (patient_id, condition_name, status, since_date) VALUES ('pt-0966', 'Chronic back pain', 'controlled', '2014-01-09');
INSERT INTO patient_appointments (patient_id, appointment_date, appointment_time, type, location, reason, verified_up_to_date) VALUES ('pt-0966', '2023-12-17', '15:30', 'GP review', 'Community clinic', 'results discussion', 1);
INSERT INTO patient_vaccine_records (patient_id, vaccine, vaccine_date, product) VALUES ('pt-0966', 'COVID-19', '2025-01-01', 'Nuvaxovid');

INSERT INTO patients (id, name, age, gender, address_line1, city, county, postcode, country, telephone, email, gp_name, gp_practice, gp_address, national_insurance_number, passport_number, cache_status, last_synced_at, meta_region) VALUES ('pt-0967', 'Nathan Wilson', 53, 'Male', '133 The Mall', 'London', 'Greater London', 'SW1A 1BW', 'UK', '+44 7247 888027', 'nathanwilson@icloud.com', 'Dr Fatima Ahmed', 'Brownlow Group Practice', '150 Mt Pleasant, Liverpool L69 3GD, United Kingdom', 'NL143258C', '754560603', 'cached_recent', '2026-02-12T00:00:00Z', 'London');
INSERT INTO patient_conditions (patient_id, condition_name, status, since_date) VALUES ('pt-0967', 'Osteoarthritis', 'active', '2025-07-25');
INSERT INTO patient_conditions (patient_id, condition_name, status, since_date) VALUES ('pt-0967', 'Obesity', 'active', '2015-09-16');
INSERT INTO patient_appointments (patient_id, appointment_date, appointment_time, type, location, reason, verified_up_to_date) VALUES ('pt-0967', '2025-05-16', '12:45', 'Blood test', 'Community clinic', 'symptom check', 1);
INSERT INTO patient_appointments (patient_id, appointment_date, appointment_time, type, location, reason, verified_up_to_date) VALUES ('pt-0967', '2025-09-13', '11:50', 'GP review', 'Community clinic', 'annual monitoring', 1);
INSERT INTO patient_appointments (patient_id, appointment_date, appointment_time, type, location, reason, verified_up_to_date) VALUES ('pt-0967', '2027-02-08', '14:20', 'Respiratory review', 'Telehealth', 'routine review', 1);
INSERT INTO patient_vaccine_records (patient_id, vaccine, vaccine_date, product) VALUES ('pt-0967', 'COVID-19', '2017-05-15', 'Spikevax');

INSERT INTO patients (id, name, age, gender, address_line1, city, county, postcode, country, telephone, email, gp_name, gp_practice, gp_address, national_insurance_number, passport_number, cache_status, last_synced_at, meta_region) VALUES ('pt-0968', 'Theo Ali', 63, 'Male', '77 Custom House Place', 'Liverpool', 'Merseyside', 'L1 8JQ', 'UK', '+44 7609 395020', 'tali@outlook.com', 'Dr Hannah Hughes', 'Brownlow Group Practice', '150 Mt Pleasant, Liverpool L69 3GD, United Kingdom', 'MM514327B', '349758095', 'cached_recent', '2026-02-26T00:00:00Z', 'Liverpool');
INSERT INTO patient_conditions (patient_id, condition_name, status, since_date) VALUES ('pt-0968', 'Coronary heart disease', 'controlled', '2016-04-08');
INSERT INTO patient_conditions (patient_id, condition_name, status, since_date) VALUES ('pt-0968', 'Hypertension', 'controlled', '2020-07-01');
INSERT INTO patient_prescriptions (patient_id, drug, indication, dose, frequency, start_date, prescriber) VALUES ('pt-0968', 'Sertraline', 'Depression/Anxiety', '500 mg', 'once daily', '2024-03-09', 'Dr Ben Hughes');
INSERT INTO patient_appointments (patient_id, appointment_date, appointment_time, type, location, reason, verified_up_to_date) VALUES ('pt-0968', '2026-12-28', '08:40', 'Mental health check-in', 'Community clinic', 'routine review', 1);
INSERT INTO patient_vaccine_records (patient_id, vaccine, vaccine_date, product) VALUES ('pt-0968', 'Pneumococcal', '2016-05-10', NULL);

INSERT INTO patients (id, name, age, gender, address_line1, city, county, postcode, country, telephone, email, gp_name, gp_practice, gp_address, national_insurance_number, passport_number, cache_status, last_synced_at, meta_region) VALUES ('pt-0969', 'Isabella King', 37, 'Female', '54 Westminster Bridge Road', 'London', 'Greater London', 'SW1A 1JR', 'UK', '+44 7329 563912', 'isabella.king50@icloud.com', 'Dr Sophie Roberts', 'Brownlow Group Practice', '150 Mt Pleasant, Liverpool L69 3GD, United Kingdom', 'TD729788D', '147786551', 'verified_online', '2026-02-03T00:00:00Z', 'London');
INSERT INTO patient_conditions (patient_id, condition_name, status, since_date) VALUES ('pt-0969', 'Hypothyroidism', 'active', '2024-08-16');
INSERT INTO patient_conditions (patient_id, condition_name, status, since_date) VALUES ('pt-0969', 'Gastro-oesophageal reflux disease (GORD)', 'active', '2019-05-05');
INSERT INTO patient_prescriptions (patient_id, drug, indication, dose, frequency, start_date, prescriber) VALUES ('pt-0969', 'Sacubitril/valsartan', 'Heart failure', '20 mg', 'once daily', '2024-12-28', 'Dr Chloe Clarke');
INSERT INTO patient_appointments (patient_id, appointment_date, appointment_time, type, location, reason, verified_up_to_date) VALUES ('pt-0969', '2025-11-07', '08:10', 'Cardiology follow-up', 'Home visit', 'routine review', 1);
INSERT INTO patient_appointments (patient_id, appointment_date, appointment_time, type, location, reason, verified_up_to_date) VALUES ('pt-0969', '2026-05-01', '15:10', 'Mental health check-in', 'Telehealth', 'treatment follow-up', 1);
INSERT INTO patient_appointments (patient_id, appointment_date, appointment_time, type, location, reason, verified_up_to_date) VALUES ('pt-0969', '2026-05-27', '11:15', 'Diabetes clinic', 'GP practice', 'vaccination', 0);
INSERT INTO patient_vaccine_records (patient_id, vaccine, vaccine_date, product) VALUES ('pt-0969', 'COVID-19', '2025-01-22', 'Comirnaty');

INSERT INTO patients (id, name, age, gender, address_line1, city, county, postcode, country, telephone, email, gp_name, gp_practice, gp_address, national_insurance_number, passport_number, cache_status, last_synced_at, meta_region) VALUES ('pt-0970', 'Nathan Webb', 70, 'Male', 'Unit 39, 173 Westminster Bridge Road', 'London', 'Greater London', 'SW1A 1BA', 'UK', '+44 7965 818874', 'nathan.webb82@icloud.com', 'Dr Grace Evans', 'Brownlow Group Practice', '150 Mt Pleasant, Liverpool L69 3GD, United Kingdom', 'GJ314674D', '561911731', 'cached_stale', '2026-02-05T00:00:00Z', 'London');
INSERT INTO patient_prescriptions (patient_id, drug, indication, dose, frequency, start_date, prescriber) VALUES ('pt-0970', 'Warfarin', 'Anticoagulant', '1 tablet', 'once daily', '2025-10-30', 'Dr Ibrahim Ahmed');
INSERT INTO patient_appointments (patient_id, appointment_date, appointment_time, type, location, reason, verified_up_to_date) VALUES ('pt-0970', '2026-05-06', '11:15', 'Blood test', 'GP practice', 'treatment follow-up', 0);
INSERT INTO patient_vaccine_records (patient_id, vaccine, vaccine_date, product) VALUES ('pt-0970', 'COVID-19', '2016-08-03', 'Comirnaty');
INSERT INTO patient_vaccine_records (patient_id, vaccine, vaccine_date, product) VALUES ('pt-0970', 'Influenza (seasonal)', '2023-10-06', NULL);
INSERT INTO patient_vaccine_records (patient_id, vaccine, vaccine_date, product) VALUES ('pt-0970', 'Pneumococcal', '2024-09-03', NULL);

INSERT INTO patients (id, name, age, gender, address_line1, city, county, postcode, country, telephone, email, gp_name, gp_practice, gp_address, national_insurance_number, passport_number, cache_status, last_synced_at, meta_region) VALUES ('pt-0971', 'Maisie Thomas', 87, 'Female', '72 Little Lever Street', 'Manchester', 'Greater Manchester', 'M1 1AQ', 'UK', '+44 7524 547104', 'maisiethomas@gmail.com', 'Dr Kate Stewart', 'Brownlow Group Practice', '150 Mt Pleasant, Liverpool L69 3GD, United Kingdom', 'ER027400B', '183470009', 'cached_recent', '2026-02-07T00:00:00Z', 'Manchester');
INSERT INTO patient_conditions (patient_id, condition_name, status, since_date) VALUES ('pt-0971', 'History of stroke/TIA', 'history', '2022-03-03');
INSERT INTO patient_conditions (patient_id, condition_name, status, since_date) VALUES ('pt-0971', 'COPD', 'history', '2016-05-09');
INSERT INTO patient_conditions (patient_id, condition_name, status, since_date) VALUES ('pt-0971', 'Overactive bladder', 'history', '2016-05-06');
INSERT INTO patient_conditions (patient_id, condition_name, status, since_date) VALUES ('pt-0971', 'Heart failure', 'active', '2014-01-20');
INSERT INTO patient_conditions (patient_id, condition_name, status, since_date) VALUES ('pt-0971', 'Obesity', 'history', '2011-06-09');
INSERT INTO patient_conditions (patient_id, condition_name, status, since_date) VALUES ('pt-0971', 'Benign prostatic hyperplasia (BPH)', 'history', '2019-04-14');
INSERT INTO patient_prescriptions (patient_id, drug, indication, dose, frequency, start_date, prescriber) VALUES ('pt-0971', 'Amitriptyline', 'Neuropathic pain/Migraine prevention', '2 puffs', 'twice daily', '2026-01-13', 'Dr Ibrahim Khan');
INSERT INTO patient_prescriptions (patient_id, drug, indication, dose, frequency, start_date, prescriber) VALUES ('pt-0971', 'Ramipril', 'Hypertension/Heart failure', '1 puff', 'with meals', '2023-06-17', 'Dr Ben Hughes');
INSERT INTO patient_appointments (patient_id, appointment_date, appointment_time, type, location, reason, verified_up_to_date) VALUES ('pt-0971', '2026-09-12', '10:00', 'Medication review', 'Telehealth', 'routine review', 0);
INSERT INTO patient_vaccine_records (patient_id, vaccine, vaccine_date, product) VALUES ('pt-0971', 'Influenza (seasonal)', '2019-07-21', NULL);
INSERT INTO patient_vaccine_records (patient_id, vaccine, vaccine_date, product) VALUES ('pt-0971', 'Pneumococcal', '2020-07-11', NULL);
INSERT INTO patient_vaccine_records (patient_id, vaccine, vaccine_date, product) VALUES ('pt-0971', 'Shingles (Shingrix)', '2023-12-28', 'Shingrix');

INSERT INTO patients (id, name, age, gender, address_line1, city, county, postcode, country, telephone, email, gp_name, gp_practice, gp_address, national_insurance_number, passport_number, cache_status, last_synced_at, meta_region) VALUES ('pt-0972', 'Joseph Simpson', 74, 'Male', 'Apt 21, 53 Bath Street', 'Glasgow', 'Glasgow City', 'G2 2TG', 'UK', '+44 7374 989288', 'jsimpson@outlook.com', 'Dr Owen Campbell', 'Brownlow Group Practice', '150 Mt Pleasant, Liverpool L69 3GD, United Kingdom', 'SN481623C', '968692161', 'cached_stale', '2026-02-17T00:00:00Z', 'Glasgow');
INSERT INTO patient_conditions (patient_id, condition_name, status, since_date) VALUES ('pt-0972', 'Chronic back pain', 'controlled', '2015-08-13');
INSERT INTO patient_conditions (patient_id, condition_name, status, since_date) VALUES ('pt-0972', 'Generalised anxiety disorder', 'active', '2022-11-21');
INSERT INTO patient_prescriptions (patient_id, drug, indication, dose, frequency, start_date, prescriber) VALUES ('pt-0972', 'Levothyroxine', 'Hypothyroidism', '1 puff', 'once weekly', '2023-08-11', 'Dr Kieran Smith');
INSERT INTO patient_appointments (patient_id, appointment_date, appointment_time, type, location, reason, verified_up_to_date) VALUES ('pt-0972', '2026-06-05', '15:30', 'Diabetes clinic', 'Home visit', 'symptom check', 1);
INSERT INTO patient_vaccine_records (patient_id, vaccine, vaccine_date, product) VALUES ('pt-0972', 'COVID-19', '2022-12-14', 'Nuvaxovid');
INSERT INTO patient_vaccine_records (patient_id, vaccine, vaccine_date, product) VALUES ('pt-0972', 'Influenza (seasonal)', '2020-12-28', NULL);
INSERT INTO patient_vaccine_records (patient_id, vaccine, vaccine_date, product) VALUES ('pt-0972', 'Shingles (Shingrix)', '2018-10-13', 'Shingrix');

INSERT INTO patients (id, name, age, gender, address_line1, city, county, postcode, country, telephone, email, gp_name, gp_practice, gp_address, national_insurance_number, passport_number, cache_status, last_synced_at, meta_region) VALUES ('pt-0973', 'Georgia Wilson', 5, 'Female', 'Unit 17, 137 Westminster Bridge Road', 'London', 'Greater London', 'SW1A 1JR', 'UK', '+44 7555 914116', 'georgia408@outlook.com', 'Dr Grace Evans', 'Brownlow Group Practice', '150 Mt Pleasant, Liverpool L69 3GD, United Kingdom', 'NJ889290C', '028043134', 'cached_recent', '2026-02-23T00:00:00Z', 'London');
INSERT INTO patient_appointments (patient_id, appointment_date, appointment_time, type, location, reason, verified_up_to_date) VALUES ('pt-0973', '2025-04-03', '17:30', 'Blood test', 'Community clinic', 'annual monitoring', 1);
INSERT INTO patient_appointments (patient_id, appointment_date, appointment_time, type, location, reason, verified_up_to_date) VALUES ('pt-0973', '2025-06-04', '10:10', 'Diabetes clinic', 'GP practice', 'symptom check', 1);
INSERT INTO patient_appointments (patient_id, appointment_date, appointment_time, type, location, reason, verified_up_to_date) VALUES ('pt-0973', '2025-07-15', '11:15', 'Diabetes clinic', 'Community clinic', 'annual monitoring', 1);
INSERT INTO patient_vaccine_records (patient_id, vaccine, vaccine_date, product) VALUES ('pt-0973', 'MMR', '2017-10-31', NULL);

INSERT INTO patients (id, name, age, gender, address_line1, city, county, postcode, country, telephone, email, gp_name, gp_practice, gp_address, national_insurance_number, passport_number, cache_status, last_synced_at, meta_region) VALUES ('pt-0974', 'Charlie Davies', 86, 'Male', '156 West George Street', 'Glasgow', 'Glasgow City', 'G1 2RD', 'UK', '+44 7177 853846', 'charlie.davies65@hotmail.co.uk', 'Dr Owen Campbell', 'Brownlow Group Practice', '150 Mt Pleasant, Liverpool L69 3GD, United Kingdom', 'GX797603C', '193821592', 'verified_online', '2026-03-01T00:00:00Z', 'Glasgow');
INSERT INTO patient_conditions (patient_id, condition_name, status, since_date) VALUES ('pt-0974', 'Glaucoma', 'active', '2017-11-23');
INSERT INTO patient_conditions (patient_id, condition_name, status, since_date) VALUES ('pt-0974', 'Generalised anxiety disorder', 'controlled', '2022-08-16');
INSERT INTO patient_conditions (patient_id, condition_name, status, since_date) VALUES ('pt-0974', 'Dementia (moderate)', 'monitoring', '2023-01-13');
INSERT INTO patient_prescriptions (patient_id, drug, indication, dose, frequency, start_date, prescriber) VALUES ('pt-0974', 'Gabapentin', 'Neuropathic pain/Epilepsy', '200 mg', 'with meals', '2023-10-23', 'Dr Maya Campbell');
INSERT INTO patient_prescriptions (patient_id, drug, indication, dose, frequency, start_date, prescriber) VALUES ('pt-0974', 'Warfarin', 'Anticoagulant', '2.5 mg', 'twice daily', '2024-06-03', 'Dr Richard Wilson');
INSERT INTO patient_prescriptions (patient_id, drug, indication, dose, frequency, start_date, prescriber) VALUES ('pt-0974', 'Semaglutide', 'Type 2 diabetes/Weight management', '10 mg', 'once daily', '2024-08-14', 'Dr Chloe Khan');
INSERT INTO patient_appointments (patient_id, appointment_date, appointment_time, type, location, reason, verified_up_to_date) VALUES ('pt-0974', '2024-06-04', '14:30', 'Vaccination appointment', 'Telehealth', 'treatment follow-up', 1);
INSERT INTO patient_appointments (patient_id, appointment_date, appointment_time, type, location, reason, verified_up_to_date) VALUES ('pt-0974', '2025-05-01', '16:50', 'Mental health check-in', 'Hospital outpatient department', 'treatment follow-up', 1);
INSERT INTO patient_vaccine_records (patient_id, vaccine, vaccine_date, product) VALUES ('pt-0974', 'Influenza (seasonal)', '2023-05-16', NULL);
INSERT INTO patient_vaccine_records (patient_id, vaccine, vaccine_date, product) VALUES ('pt-0974', 'Shingles (Shingrix)', '2024-07-09', 'Shingrix');

INSERT INTO patients (id, name, age, gender, address_line1, city, county, postcode, country, telephone, email, gp_name, gp_practice, gp_address, national_insurance_number, passport_number, cache_status, last_synced_at, meta_region) VALUES ('pt-0975', 'Sophia Harrison', 91, 'Female', '104 Donegall Square', 'Belfast', 'County Antrim', 'BT1 5GA', 'UK', '+44 7310 953603', 'sophia.harrison@icloud.com', 'Dr Niamh Stewart', 'Brownlow Group Practice', '150 Mt Pleasant, Liverpool L69 3GD, United Kingdom', 'LR393369B', '747659116', 'cached_stale', '2026-02-11T00:00:00Z', 'Belfast');
INSERT INTO patient_vaccine_records (patient_id, vaccine, vaccine_date, product) VALUES ('pt-0975', 'Influenza (seasonal)', '2018-09-06', NULL);
INSERT INTO patient_vaccine_records (patient_id, vaccine, vaccine_date, product) VALUES ('pt-0975', 'Pneumococcal', '2021-08-17', NULL);
INSERT INTO patient_vaccine_records (patient_id, vaccine, vaccine_date, product) VALUES ('pt-0975', 'Td/Tdap (tetanus, diphtheria, pertussis)', '2018-01-19', NULL);

INSERT INTO patients (id, name, age, gender, address_line1, city, county, postcode, country, telephone, email, gp_name, gp_practice, gp_address, national_insurance_number, passport_number, cache_status, last_synced_at, meta_region) VALUES ('pt-0976', 'Hannah Shaw', 40, 'Female', 'Flat 44, 134 Belvedere Road', 'London', 'Greater London', 'SW1A 1BD', 'UK', '+44 7156 678260', 'hannah.shaw83@outlook.com', 'Dr Fatima Ahmed', 'Brownlow Group Practice', '150 Mt Pleasant, Liverpool L69 3GD, United Kingdom', 'ET528886B', '048131405', 'cached_stale', '2026-02-03T00:00:00Z', 'London');
INSERT INTO patient_conditions (patient_id, condition_name, status, since_date) VALUES ('pt-0976', 'Hypothyroidism', 'history', '2012-10-01');
INSERT INTO patient_conditions (patient_id, condition_name, status, since_date) VALUES ('pt-0976', 'Asthma', 'controlled', '2013-02-11');
INSERT INTO patient_prescriptions (patient_id, drug, indication, dose, frequency, start_date, prescriber) VALUES ('pt-0976', 'Warfarin', 'Anticoagulant', '20 mg', 'as needed', '2025-10-30', 'Dr Grace Khan');
INSERT INTO patient_prescriptions (patient_id, drug, indication, dose, frequency, start_date, prescriber) VALUES ('pt-0976', 'Losartan', 'Hypertension', '2 puffs', 'once weekly', '2023-10-24', 'Dr Kieran Smith');
INSERT INTO patient_prescriptions (patient_id, drug, indication, dose, frequency, start_date, prescriber) VALUES ('pt-0976', 'Finasteride', 'BPH', '50 mg', 'once daily', '2024-06-14', 'Dr Kieran O''Neill');
INSERT INTO patient_appointments (patient_id, appointment_date, appointment_time, type, location, reason, verified_up_to_date) VALUES ('pt-0976', '2026-02-07', '14:30', 'Blood test', 'Home visit', 'symptom check', 0);
INSERT INTO patient_vaccine_records (patient_id, vaccine, vaccine_date, product) VALUES ('pt-0976', 'Pneumococcal', '2024-10-02', NULL);

INSERT INTO patients (id, name, age, gender, address_line1, city, county, postcode, country, telephone, email, gp_name, gp_practice, gp_address, national_insurance_number, passport_number, cache_status, last_synced_at, meta_region) VALUES ('pt-0977', 'Harriet Campbell', 80, 'Female', '25 West George Street', 'Glasgow', 'Glasgow City', 'G2 2TG', 'UK', '+44 7207 137340', 'hcampbell@outlook.com', 'Dr Ben Jones', 'Brownlow Group Practice', '150 Mt Pleasant, Liverpool L69 3GD, United Kingdom', 'CM898244A', '358830089', 'cached_recent', '2026-02-07T00:00:00Z', 'Glasgow');
INSERT INTO patient_prescriptions (patient_id, drug, indication, dose, frequency, start_date, prescriber) VALUES ('pt-0977', 'Losartan', 'Hypertension', '100 mg', 'once daily', '2023-12-13', 'Dr Chloe Ahmed');
INSERT INTO patient_prescriptions (patient_id, drug, indication, dose, frequency, start_date, prescriber) VALUES ('pt-0977', 'Omeprazole', 'Reflux/Ulcer prevention', '100 mg', 'once daily', '2025-08-25', 'Dr Robert Jones');
INSERT INTO patient_prescriptions (patient_id, drug, indication, dose, frequency, start_date, prescriber) VALUES ('pt-0977', 'Amitriptyline', 'Neuropathic pain/Migraine prevention', '0.5 mg', 'twice daily', '2025-01-20', 'Dr Alex Brown');
INSERT INTO patient_appointments (patient_id, appointment_date, appointment_time, type, location, reason, verified_up_to_date) VALUES ('pt-0977', '2023-11-04', '14:00', 'Diabetes clinic', 'Home visit', 'treatment follow-up', 0);
INSERT INTO patient_appointments (patient_id, appointment_date, appointment_time, type, location, reason, verified_up_to_date) VALUES ('pt-0977', '2026-01-01', '16:50', 'Vaccination appointment', 'Hospital outpatient department', 'vaccination', 0);

INSERT INTO patients (id, name, age, gender, address_line1, city, county, postcode, country, telephone, email, gp_name, gp_practice, gp_address, national_insurance_number, passport_number, cache_status, last_synced_at, meta_region) VALUES ('pt-0978', 'Louis Young', 73, 'Male', '177 Paradise Place', 'Liverpool', 'Merseyside', 'L1 8LZ', 'UK', '+44 7759 239199', 'louis.young73@gmail.com', 'Dr Holly Roberts', 'Brownlow Group Practice', '150 Mt Pleasant, Liverpool L69 3GD, United Kingdom', 'FA833791D', '499231172', 'cached_recent', '2026-02-03T00:00:00Z', 'Liverpool');
INSERT INTO patient_conditions (patient_id, condition_name, status, since_date) VALUES ('pt-0978', 'Glaucoma', 'monitoring', '2012-02-23');
INSERT INTO patient_conditions (patient_id, condition_name, status, since_date) VALUES ('pt-0978', 'Coronary heart disease', 'active', '2018-06-09');
INSERT INTO patient_prescriptions (patient_id, drug, indication, dose, frequency, start_date, prescriber) VALUES ('pt-0978', 'Nitrofurantoin', 'UTI', '1 g', 'at night', '2023-06-02', 'Dr Fatima Taylor');
INSERT INTO patient_appointments (patient_id, appointment_date, appointment_time, type, location, reason, verified_up_to_date) VALUES ('pt-0978', '2026-09-16', '15:30', 'Ophthalmology', 'Telehealth', 'annual monitoring', 1);
INSERT INTO patient_vaccine_records (patient_id, vaccine, vaccine_date, product) VALUES ('pt-0978', 'COVID-19', '2022-02-26', 'Comirnaty');
INSERT INTO patient_vaccine_records (patient_id, vaccine, vaccine_date, product) VALUES ('pt-0978', 'Influenza (seasonal)', '2017-03-11', NULL);
INSERT INTO patient_vaccine_records (patient_id, vaccine, vaccine_date, product) VALUES ('pt-0978', 'Pneumococcal', '2016-05-26', NULL);

INSERT INTO patients (id, name, age, gender, address_line1, city, county, postcode, country, telephone, email, gp_name, gp_practice, gp_address, national_insurance_number, passport_number, cache_status, last_synced_at, meta_region) VALUES ('pt-0979', 'Florence Simpson', 56, 'Female', 'Apt 26, 79 Paradise Street', 'Liverpool', 'Merseyside', 'L1 8LZ', 'UK', '+44 7899 823459', 'florence.simpson@icloud.com', 'Dr Niamh Campbell', 'Brownlow Group Practice', '150 Mt Pleasant, Liverpool L69 3GD, United Kingdom', 'FP288638B', '147245197', 'verified_online', '2026-02-06T00:00:00Z', 'Liverpool');
INSERT INTO patient_conditions (patient_id, condition_name, status, since_date) VALUES ('pt-0979', 'Glaucoma', 'history', '2024-05-14');
INSERT INTO patient_vaccine_records (patient_id, vaccine, vaccine_date, product) VALUES ('pt-0979', 'COVID-19', '2025-06-13', 'Nuvaxovid');

INSERT INTO patients (id, name, age, gender, address_line1, city, county, postcode, country, telephone, email, gp_name, gp_practice, gp_address, national_insurance_number, passport_number, cache_status, last_synced_at, meta_region) VALUES ('pt-0980', 'Andrew Campbell', 65, 'Male', 'Apt 71, 181 New Street', 'Birmingham', 'West Midlands', 'B1 1BB', 'UK', '+44 7310 787862', 'andrewcampbell@icloud.com', 'Dr Rachel Foster', 'Brownlow Group Practice', '150 Mt Pleasant, Liverpool L69 3GD, United Kingdom', 'CI353491C', '884948488', 'cached_recent', '2026-02-14T00:00:00Z', 'Birmingham');
INSERT INTO patient_conditions (patient_id, condition_name, status, since_date) VALUES ('pt-0980', 'Obesity', 'active', '2022-04-12');
INSERT INTO patient_prescriptions (patient_id, drug, indication, dose, frequency, start_date, prescriber) VALUES ('pt-0980', 'Warfarin', 'Anticoagulant', '1 injection', 'at night', '2025-12-01', 'Dr Ibrahim Khan');
INSERT INTO patient_appointments (patient_id, appointment_date, appointment_time, type, location, reason, verified_up_to_date) VALUES ('pt-0980', '2025-06-09', '12:45', 'GP review', 'Home visit', 'symptom check', 0);
INSERT INTO patient_appointments (patient_id, appointment_date, appointment_time, type, location, reason, verified_up_to_date) VALUES ('pt-0980', '2026-01-13', '08:20', 'Diabetes clinic', 'Hospital outpatient department', 'routine review', 1);
INSERT INTO patient_vaccine_records (patient_id, vaccine, vaccine_date, product) VALUES ('pt-0980', 'COVID-19', '2022-11-27', 'Comirnaty');

INSERT INTO patients (id, name, age, gender, address_line1, city, county, postcode, country, telephone, email, gp_name, gp_practice, gp_address, national_insurance_number, passport_number, cache_status, last_synced_at, meta_region) VALUES ('pt-0981', 'Rosie Russell', 71, 'Female', 'Apt 19, 167 Donegall Place', 'Belfast', 'County Antrim', 'BT1 5GS', 'UK', '+44 7835 804031', 'rosie468@outlook.com', 'Dr Niamh Stewart', 'Brownlow Group Practice', '150 Mt Pleasant, Liverpool L69 3GD, United Kingdom', 'EH515978B', '274570664', 'cached_stale', '2026-02-14T00:00:00Z', 'Belfast');
INSERT INTO patient_conditions (patient_id, condition_name, status, since_date) VALUES ('pt-0981', 'COPD', 'monitoring', '2022-11-28');
INSERT INTO patient_appointments (patient_id, appointment_date, appointment_time, type, location, reason, verified_up_to_date) VALUES ('pt-0981', '2023-11-25', '12:45', 'Medication review', 'Telehealth', 'symptom check', 1);
INSERT INTO patient_appointments (patient_id, appointment_date, appointment_time, type, location, reason, verified_up_to_date) VALUES ('pt-0981', '2025-04-22', '09:50', 'GP review', 'Community clinic', 'results discussion', 1);
INSERT INTO patient_appointments (patient_id, appointment_date, appointment_time, type, location, reason, verified_up_to_date) VALUES ('pt-0981', '2026-10-21', '17:00', 'Mental health check-in', 'Home visit', 'routine review', 1);
INSERT INTO patient_appointments (patient_id, appointment_date, appointment_time, type, location, reason, verified_up_to_date) VALUES ('pt-0981', '2027-02-08', '14:30', 'Diabetes clinic', 'Hospital outpatient department', 'routine review', 1);

INSERT INTO patients (id, name, age, gender, address_line1, city, county, postcode, country, telephone, email, gp_name, gp_practice, gp_address, national_insurance_number, passport_number, cache_status, last_synced_at, meta_region) VALUES ('pt-0982', 'Connor Scott', 56, 'Male', 'Unit 8, 56 Waverley Bridge', 'Edinburgh', 'City of Edinburgh', 'EH1 1BQ', 'UK', '+44 7362 523498', 'connor.scott@gmail.com', 'Dr Ibrahim Reid', 'Brownlow Group Practice', '150 Mt Pleasant, Liverpool L69 3GD, United Kingdom', 'OF320420D', '966123213', 'cached_recent', '2026-02-11T00:00:00Z', 'Edinburgh');
INSERT INTO patient_conditions (patient_id, condition_name, status, since_date) VALUES ('pt-0982', 'COPD', 'active', '2011-10-15');
INSERT INTO patient_conditions (patient_id, condition_name, status, since_date) VALUES ('pt-0982', 'Osteoporosis', 'active', '2020-04-20');
INSERT INTO patient_conditions (patient_id, condition_name, status, since_date) VALUES ('pt-0982', 'Hypothyroidism', 'controlled', '2019-10-04');
INSERT INTO patient_prescriptions (patient_id, drug, indication, dose, frequency, start_date, prescriber) VALUES ('pt-0982', 'Warfarin', 'Anticoagulant', '10 mg', 'twice daily', '2024-09-21', 'Dr Ibrahim Khan');
INSERT INTO patient_appointments (patient_id, appointment_date, appointment_time, type, location, reason, verified_up_to_date) VALUES ('pt-0982', '2024-01-18', '13:00', 'Diabetes clinic', 'Hospital outpatient department', 'results discussion', 1);
INSERT INTO patient_appointments (patient_id, appointment_date, appointment_time, type, location, reason, verified_up_to_date) VALUES ('pt-0982', '2026-05-31', '12:50', 'Vaccination appointment', 'GP practice', 'annual monitoring', 1);
INSERT INTO patient_vaccine_records (patient_id, vaccine, vaccine_date, product) VALUES ('pt-0982', 'COVID-19', '2023-11-29', 'Spikevax');

INSERT INTO patients (id, name, age, gender, address_line1, city, county, postcode, country, telephone, email, gp_name, gp_practice, gp_address, national_insurance_number, passport_number, cache_status, last_synced_at, meta_region) VALUES ('pt-0983', 'Georgia Morris', 60, 'Female', '112 Corporation Street', 'Birmingham', 'West Midlands', 'B1 1BB', 'UK', '+44 7951 982118', 'georgia.morris10@hotmail.co.uk', 'Dr David Reid', 'Brownlow Group Practice', '150 Mt Pleasant, Liverpool L69 3GD, United Kingdom', 'WB426826A', '190597834', 'verified_online', '2026-02-19T00:00:00Z', 'Birmingham');
INSERT INTO patient_conditions (patient_id, condition_name, status, since_date) VALUES ('pt-0983', 'Overactive bladder', 'monitoring', '2014-12-20');
INSERT INTO patient_prescriptions (patient_id, drug, indication, dose, frequency, start_date, prescriber) VALUES ('pt-0983', 'Levothyroxine', 'Hypothyroidism', '0.5 mg', 'once weekly', '2025-06-26', 'Dr Helen Ahmed');
INSERT INTO patient_prescriptions (patient_id, drug, indication, dose, frequency, start_date, prescriber) VALUES ('pt-0983', 'Allopurinol', 'Gout', '1 tablet', 'once daily', '2023-12-03', 'Dr Eleanor Foster');

INSERT INTO patients (id, name, age, gender, address_line1, city, county, postcode, country, telephone, email, gp_name, gp_practice, gp_address, national_insurance_number, passport_number, cache_status, last_synced_at, meta_region) VALUES ('pt-0984', 'Jenny Martin', 43, 'Female', '115 Paradise Place', 'Liverpool', 'Merseyside', 'L1 8BU', 'UK', '+44 7107 219103', 'jenny440@outlook.com', 'Dr Hannah Hughes', 'Brownlow Group Practice', '150 Mt Pleasant, Liverpool L69 3GD, United Kingdom', 'AX158289B', '207343632', 'cached_stale', '2026-02-20T00:00:00Z', 'Liverpool');
INSERT INTO patient_conditions (patient_id, condition_name, status, since_date) VALUES ('pt-0984', 'Hypothyroidism', 'active', '2019-09-02');
INSERT INTO patient_appointments (patient_id, appointment_date, appointment_time, type, location, reason, verified_up_to_date) VALUES ('pt-0984', '2025-02-13', '14:20', 'Mental health check-in', 'Home visit', 'annual monitoring', 1);
INSERT INTO patient_vaccine_records (patient_id, vaccine, vaccine_date, product) VALUES ('pt-0984', 'COVID-19', '2016-07-08', 'Spikevax');

INSERT INTO patients (id, name, age, gender, address_line1, city, county, postcode, country, telephone, email, gp_name, gp_practice, gp_address, national_insurance_number, passport_number, cache_status, last_synced_at, meta_region) VALUES ('pt-0985', 'Georgia Green', 75, 'Female', 'Flat 43, 216 Claremont Road', 'Newcastle upon Tyne', 'Tyne and Wear', 'NE1 4LP', 'UK', '+44 7122 868265', 'georgia418@icloud.com', 'Dr Richard Jones', 'Brownlow Group Practice', '150 Mt Pleasant, Liverpool L69 3GD, United Kingdom', 'AL583170A', '621335051', 'cached_stale', '2026-02-14T00:00:00Z', 'Newcastle upon Tyne');
INSERT INTO patient_conditions (patient_id, condition_name, status, since_date) VALUES ('pt-0985', 'Osteoarthritis', 'active', '2018-03-02');
INSERT INTO patient_prescriptions (patient_id, drug, indication, dose, frequency, start_date, prescriber) VALUES ('pt-0985', 'Sertraline', 'Depression/Anxiety', '2 puffs', 'with meals', '2025-02-27', 'Dr Robert Ahmed');
INSERT INTO patient_vaccine_records (patient_id, vaccine, vaccine_date, product) VALUES ('pt-0985', 'COVID-19', '2023-05-15', 'Comirnaty');
INSERT INTO patient_vaccine_records (patient_id, vaccine, vaccine_date, product) VALUES ('pt-0985', 'COVID-19 booster', '2019-12-15', 'Comirnaty');
INSERT INTO patient_vaccine_records (patient_id, vaccine, vaccine_date, product) VALUES ('pt-0985', 'Shingles (Shingrix)', '2017-12-01', 'Shingrix');
INSERT INTO patient_vaccine_records (patient_id, vaccine, vaccine_date, product) VALUES ('pt-0985', 'MMR', '2017-06-02', NULL);

INSERT INTO patients (id, name, age, gender, address_line1, city, county, postcode, country, telephone, email, gp_name, gp_practice, gp_address, national_insurance_number, passport_number, cache_status, last_synced_at, meta_region) VALUES ('pt-0986', 'Beatrice Wilson', 35, 'Female', '188 Broad Street', 'Birmingham', 'West Midlands', 'B1 1BB', 'UK', '+44 7334 154994', 'beatricewilson@icloud.com', 'Dr Zoe Campbell', 'Brownlow Group Practice', '150 Mt Pleasant, Liverpool L69 3GD, United Kingdom', 'OR783464C', '872170191', 'cached_stale', '2026-02-22T00:00:00Z', 'Birmingham');
INSERT INTO patient_conditions (patient_id, condition_name, status, since_date) VALUES ('pt-0986', 'Depression', 'history', '2019-01-11');
INSERT INTO patient_conditions (patient_id, condition_name, status, since_date) VALUES ('pt-0986', 'Chronic back pain', 'active', '2025-12-02');
INSERT INTO patient_conditions (patient_id, condition_name, status, since_date) VALUES ('pt-0986', 'Osteoarthritis', 'active', '2021-12-30');
INSERT INTO patient_conditions (patient_id, condition_name, status, since_date) VALUES ('pt-0986', 'Hypothyroidism', 'monitoring', '2016-12-20');
INSERT INTO patient_appointments (patient_id, appointment_date, appointment_time, type, location, reason, verified_up_to_date) VALUES ('pt-0986', '2025-05-31', '09:40', 'Cardiology follow-up', 'Telehealth', 'symptom check', 1);
INSERT INTO patient_vaccine_records (patient_id, vaccine, vaccine_date, product) VALUES ('pt-0986', 'COVID-19', '2021-01-17', 'Spikevax');

INSERT INTO patients (id, name, age, gender, address_line1, city, county, postcode, country, telephone, email, gp_name, gp_practice, gp_address, national_insurance_number, passport_number, cache_status, last_synced_at, meta_region) VALUES ('pt-0987', 'Maisie Smith', 57, 'Female', '136 Belvedere Road', 'London', 'Greater London', 'SW1A 1BW', 'UK', '+44 7253 578561', 'maisiesmith@icloud.com', 'Dr Kieran Smith', 'Brownlow Group Practice', '150 Mt Pleasant, Liverpool L69 3GD, United Kingdom', 'GA117259D', '671032787', 'verified_online', '2026-02-17T00:00:00Z', 'London');
INSERT INTO patient_conditions (patient_id, condition_name, status, since_date) VALUES ('pt-0987', 'Osteoporosis', 'history', '2020-07-18');
INSERT INTO patient_prescriptions (patient_id, drug, indication, dose, frequency, start_date, prescriber) VALUES ('pt-0987', 'Co-codamol', 'Pain', '1 tablet', 'with meals', '2024-01-21', 'Dr Robert Jones');

INSERT INTO patients (id, name, age, gender, address_line1, city, county, postcode, country, telephone, email, gp_name, gp_practice, gp_address, national_insurance_number, passport_number, cache_status, last_synced_at, meta_region) VALUES ('pt-0988', 'Sophie Kelly', 63, 'Female', '219 Wall Street', 'Liverpool', 'Merseyside', 'L1 8JQ', 'UK', '+44 7758 237403', 'skelly@icloud.com', 'Dr Amir Smith', 'Brownlow Group Practice', '150 Mt Pleasant, Liverpool L69 3GD, United Kingdom', 'CG680436A', '134343886', 'verified_online', '2026-02-21T00:00:00Z', 'Liverpool');
INSERT INTO patient_conditions (patient_id, condition_name, status, since_date) VALUES ('pt-0988', 'Hypothyroidism', 'active', '2020-09-07');
INSERT INTO patient_conditions (patient_id, condition_name, status, since_date) VALUES ('pt-0988', 'Generalised anxiety disorder', 'monitoring', '2016-04-04');
INSERT INTO patient_prescriptions (patient_id, drug, indication, dose, frequency, start_date, prescriber) VALUES ('pt-0988', 'Colecalciferol', 'Vitamin D deficiency', '10 mg', 'as needed', '2025-04-08', 'Dr Kieran Smith');
INSERT INTO patient_prescriptions (patient_id, drug, indication, dose, frequency, start_date, prescriber) VALUES ('pt-0988', 'Amitriptyline', 'Neuropathic pain/Migraine prevention', '1 tablet', 'with meals', '2025-02-26', 'Dr Hannah Wilson');

INSERT INTO patients (id, name, age, gender, address_line1, city, county, postcode, country, telephone, email, gp_name, gp_practice, gp_address, national_insurance_number, passport_number, cache_status, last_synced_at, meta_region) VALUES ('pt-0989', 'Max Scott', 80, 'Male', 'Flat 25, 122 Wyndham Arcade', 'Cardiff', 'South Glamorgan', 'CF10 1AL', 'UK', '+44 7522 152285', 'max.scott@gmail.com', 'Dr Lucy Walsh', 'Brownlow Group Practice', '150 Mt Pleasant, Liverpool L69 3GD, United Kingdom', 'MZ908302B', '465255379', 'verified_online', '2026-02-07T00:00:00Z', 'Cardiff');
INSERT INTO patient_appointments (patient_id, appointment_date, appointment_time, type, location, reason, verified_up_to_date) VALUES ('pt-0989', '2025-05-25', '15:40', 'Cardiology follow-up', 'Hospital outpatient department', 'routine review', 0);
INSERT INTO patient_appointments (patient_id, appointment_date, appointment_time, type, location, reason, verified_up_to_date) VALUES ('pt-0989', '2027-02-13', '14:40', 'Ophthalmology', 'Home visit', 'annual monitoring', 0);

INSERT INTO patients (id, name, age, gender, address_line1, city, county, postcode, country, telephone, email, gp_name, gp_practice, gp_address, national_insurance_number, passport_number, cache_status, last_synced_at, meta_region) VALUES ('pt-0990', 'Thomas O''Connor', 80, 'Male', 'Unit 35, 111 Wall Street', 'Liverpool', 'Merseyside', 'L1 8LZ', 'UK', '+44 7305 152510', 'toconnor@hotmail.co.uk', 'Dr Owen Evans', 'Brownlow Group Practice', '150 Mt Pleasant, Liverpool L69 3GD, United Kingdom', 'PW685331D', '573342772', 'cached_recent', '2026-02-22T00:00:00Z', 'Liverpool');
INSERT INTO patient_prescriptions (patient_id, drug, indication, dose, frequency, start_date, prescriber) VALUES ('pt-0990', 'Omeprazole', 'Reflux/Ulcer prevention', '2.5 mg', 'with meals', '2023-07-29', 'Dr Eleanor Foster');
INSERT INTO patient_prescriptions (patient_id, drug, indication, dose, frequency, start_date, prescriber) VALUES ('pt-0990', 'Budesonide', 'Respiratory/Inflammation', '20 mg', 'once daily', '2023-06-04', 'Dr Richard Patel');
INSERT INTO patient_appointments (patient_id, appointment_date, appointment_time, type, location, reason, verified_up_to_date) VALUES ('pt-0990', '2024-08-09', '13:30', 'Blood test', 'Home visit', 'annual monitoring', 0);
INSERT INTO patient_appointments (patient_id, appointment_date, appointment_time, type, location, reason, verified_up_to_date) VALUES ('pt-0990', '2026-05-10', '15:10', 'Physiotherapy', 'Home visit', 'treatment follow-up', 1);
INSERT INTO patient_appointments (patient_id, appointment_date, appointment_time, type, location, reason, verified_up_to_date) VALUES ('pt-0990', '2027-03-04', '15:00', 'Blood test', 'Community clinic', 'treatment follow-up', 1);
INSERT INTO patient_vaccine_records (patient_id, vaccine, vaccine_date, product) VALUES ('pt-0990', 'Influenza (seasonal)', '2018-03-22', NULL);
INSERT INTO patient_vaccine_records (patient_id, vaccine, vaccine_date, product) VALUES ('pt-0990', 'Pneumococcal', '2025-11-05', NULL);
INSERT INTO patient_vaccine_records (patient_id, vaccine, vaccine_date, product) VALUES ('pt-0990', 'Shingles (Shingrix)', '2024-06-19', 'Shingrix');
INSERT INTO patient_vaccine_records (patient_id, vaccine, vaccine_date, product) VALUES ('pt-0990', 'Td/Tdap (tetanus, diphtheria, pertussis)', '2020-06-29', NULL);

INSERT INTO patients (id, name, age, gender, address_line1, city, county, postcode, country, telephone, email, gp_name, gp_practice, gp_address, national_insurance_number, passport_number, cache_status, last_synced_at, meta_region) VALUES ('pt-0991', 'Ada White', 22, 'Female', 'Unit 22, 48 Waverley Bridge', 'Edinburgh', 'City of Edinburgh', 'EH2 2SA', 'UK', '+44 7922 852361', 'ada.white86@gmail.com', 'Dr Matthew Evans', 'Brownlow Group Practice', '150 Mt Pleasant, Liverpool L69 3GD, United Kingdom', 'ZP640258D', '152104888', 'cached_recent', '2026-02-21T00:00:00Z', 'Edinburgh');
INSERT INTO patient_conditions (patient_id, condition_name, status, since_date) VALUES ('pt-0991', 'Epilepsy', 'active', '2015-11-29');
INSERT INTO patient_vaccine_records (patient_id, vaccine, vaccine_date, product) VALUES ('pt-0991', 'COVID-19', '2021-08-07', 'Spikevax');
INSERT INTO patient_vaccine_records (patient_id, vaccine, vaccine_date, product) VALUES ('pt-0991', 'COVID-19 booster', '2016-08-19', 'Comirnaty');
INSERT INTO patient_vaccine_records (patient_id, vaccine, vaccine_date, product) VALUES ('pt-0991', 'Td/Tdap (tetanus, diphtheria, pertussis)', '2023-12-27', NULL);

INSERT INTO patients (id, name, age, gender, address_line1, city, county, postcode, country, telephone, email, gp_name, gp_practice, gp_address, national_insurance_number, passport_number, cache_status, last_synced_at, meta_region) VALUES ('pt-0992', 'Oliver Evans', 58, 'Male', 'Unit 35, 41 Lower College Street', 'Bristol', 'Bristol', 'BS1 5AF', 'UK', '+44 7701 606758', 'oliver.evans@gmail.com', 'Dr Zoe O''Neill', 'Brownlow Group Practice', '150 Mt Pleasant, Liverpool L69 3GD, United Kingdom', 'YG141153A', '420982694', 'cached_stale', '2026-02-05T00:00:00Z', 'Bristol');
INSERT INTO patient_conditions (patient_id, condition_name, status, since_date) VALUES ('pt-0992', 'Asthma', 'controlled', '2014-12-05');
INSERT INTO patient_conditions (patient_id, condition_name, status, since_date) VALUES ('pt-0992', 'Hypercholesterolaemia', 'controlled', '2012-01-17');
INSERT INTO patient_conditions (patient_id, condition_name, status, since_date) VALUES ('pt-0992', 'Dementia', 'active', '2011-10-19');
INSERT INTO patient_prescriptions (patient_id, drug, indication, dose, frequency, start_date, prescriber) VALUES ('pt-0992', 'Levetiracetam', 'Epilepsy', '1 injection', 'with meals', '2025-04-23', 'Dr David Clarke');
INSERT INTO patient_prescriptions (patient_id, drug, indication, dose, frequency, start_date, prescriber) VALUES ('pt-0992', 'Rivaroxaban', 'Anticoagulant (AF/VTE)', '2.5 mg', 'with meals', '2024-08-18', 'Dr Matthew Campbell');
INSERT INTO patient_prescriptions (patient_id, drug, indication, dose, frequency, start_date, prescriber) VALUES ('pt-0992', 'Semaglutide', 'Type 2 diabetes/Weight management', '1 g', 'twice daily', '2024-10-28', 'Dr Holly Taylor');
INSERT INTO patient_appointments (patient_id, appointment_date, appointment_time, type, location, reason, verified_up_to_date) VALUES ('pt-0992', '2025-10-16', '13:45', 'Vaccination appointment', 'Home visit', 'routine review', 0);
INSERT INTO patient_appointments (patient_id, appointment_date, appointment_time, type, location, reason, verified_up_to_date) VALUES ('pt-0992', '2025-10-19', '17:30', 'Cardiology follow-up', 'Hospital outpatient department', 'annual monitoring', 1);
INSERT INTO patient_appointments (patient_id, appointment_date, appointment_time, type, location, reason, verified_up_to_date) VALUES ('pt-0992', '2027-01-21', '16:15', 'Respiratory review', 'Home visit', 'annual monitoring', 1);

INSERT INTO patients (id, name, age, gender, address_line1, city, county, postcode, country, telephone, email, gp_name, gp_practice, gp_address, national_insurance_number, passport_number, cache_status, last_synced_at, meta_region) VALUES ('pt-0993', 'Matthew Webb', 46, 'Male', 'Flat 24, 86 Belvedere Road', 'London', 'Greater London', 'SW1A 1AA', 'UK', '+44 7213 182006', 'matthew793@icloud.com', 'Dr Kieran Khan', 'Brownlow Group Practice', '150 Mt Pleasant, Liverpool L69 3GD, United Kingdom', 'LN515144B', '199465910', 'cached_recent', '2026-02-05T00:00:00Z', 'London');
INSERT INTO patient_conditions (patient_id, condition_name, status, since_date) VALUES ('pt-0993', 'Benign prostatic hyperplasia (BPH)', 'history', '2021-09-22');
INSERT INTO patient_vaccine_records (patient_id, vaccine, vaccine_date, product) VALUES ('pt-0993', 'COVID-19', '2021-11-26', 'Comirnaty');
INSERT INTO patient_vaccine_records (patient_id, vaccine, vaccine_date, product) VALUES ('pt-0993', 'MMR', '2018-12-18', NULL);

INSERT INTO patients (id, name, age, gender, address_line1, city, county, postcode, country, telephone, email, gp_name, gp_practice, gp_address, national_insurance_number, passport_number, cache_status, last_synced_at, meta_region) VALUES ('pt-0994', 'Jasmine Gill', 83, 'Female', 'Apt 8, 67 Great Charles Street', 'Birmingham', 'West Midlands', 'B1 1BB', 'UK', '+44 7606 216368', 'jasminegill@hotmail.co.uk', 'Dr Zoe Campbell', 'Brownlow Group Practice', '150 Mt Pleasant, Liverpool L69 3GD, United Kingdom', 'OG156819C', '166407481', 'cached_recent', '2026-02-17T00:00:00Z', 'Birmingham');
INSERT INTO patient_conditions (patient_id, condition_name, status, since_date) VALUES ('pt-0994', 'Depression', 'monitoring', '2016-11-23');
INSERT INTO patient_conditions (patient_id, condition_name, status, since_date) VALUES ('pt-0994', 'Hypothyroidism', 'monitoring', '2011-10-18');
INSERT INTO patient_conditions (patient_id, condition_name, status, since_date) VALUES ('pt-0994', 'History of stroke/TIA', 'history', '2020-11-14');
INSERT INTO patient_appointments (patient_id, appointment_date, appointment_time, type, location, reason, verified_up_to_date) VALUES ('pt-0994', '2024-09-23', '16:45', 'Blood test', 'Telehealth', 'symptom check', 1);
INSERT INTO patient_appointments (patient_id, appointment_date, appointment_time, type, location, reason, verified_up_to_date) VALUES ('pt-0994', '2025-09-01', '10:15', 'GP review', 'Telehealth', 'results discussion', 0);
INSERT INTO patient_appointments (patient_id, appointment_date, appointment_time, type, location, reason, verified_up_to_date) VALUES ('pt-0994', '2025-11-17', '10:30', 'Physiotherapy', 'Home visit', 'vaccination', 1);
INSERT INTO patient_appointments (patient_id, appointment_date, appointment_time, type, location, reason, verified_up_to_date) VALUES ('pt-0994', '2026-02-12', '17:10', 'Respiratory review', 'Community clinic', 'symptom check', 1);

INSERT INTO patients (id, name, age, gender, address_line1, city, county, postcode, country, telephone, email, gp_name, gp_practice, gp_address, national_insurance_number, passport_number, cache_status, last_synced_at, meta_region) VALUES ('pt-0995', 'Sara Harris', 80, 'Female', '93 West Nile Street', 'Glasgow', 'Glasgow City', 'G2 2NR', 'UK', '+44 7572 176384', 'sara.harris@hotmail.co.uk', 'Dr Zoe Jones', 'Brownlow Group Practice', '150 Mt Pleasant, Liverpool L69 3GD, United Kingdom', 'EH532115D', '720030008', 'cached_stale', '2026-03-02T00:00:00Z', 'Glasgow');
INSERT INTO patient_conditions (patient_id, condition_name, status, since_date) VALUES ('pt-0995', 'Hypertension', 'active', '2012-09-27');
INSERT INTO patient_conditions (patient_id, condition_name, status, since_date) VALUES ('pt-0995', 'Glaucoma', 'controlled', '2013-02-08');
INSERT INTO patient_conditions (patient_id, condition_name, status, since_date) VALUES ('pt-0995', 'Hypothyroidism', 'controlled', '2021-12-13');
INSERT INTO patient_prescriptions (patient_id, drug, indication, dose, frequency, start_date, prescriber) VALUES ('pt-0995', 'Sacubitril/valsartan', 'Heart failure', '500 mg', 'once daily', '2025-05-04', 'Dr Grace Khan');
INSERT INTO patient_appointments (patient_id, appointment_date, appointment_time, type, location, reason, verified_up_to_date) VALUES ('pt-0995', '2023-08-29', '12:20', 'Blood test', 'Telehealth', 'symptom check', 1);
INSERT INTO patient_appointments (patient_id, appointment_date, appointment_time, type, location, reason, verified_up_to_date) VALUES ('pt-0995', '2025-01-07', '11:10', 'Blood test', 'Telehealth', 'treatment follow-up', 1);
INSERT INTO patient_appointments (patient_id, appointment_date, appointment_time, type, location, reason, verified_up_to_date) VALUES ('pt-0995', '2025-07-30', '12:10', 'GP review', 'Community clinic', 'results discussion', 1);
INSERT INTO patient_appointments (patient_id, appointment_date, appointment_time, type, location, reason, verified_up_to_date) VALUES ('pt-0995', '2026-09-02', '11:00', 'Mental health check-in', 'Community clinic', 'symptom check', 1);

INSERT INTO patients (id, name, age, gender, address_line1, city, county, postcode, country, telephone, email, gp_name, gp_practice, gp_address, national_insurance_number, passport_number, cache_status, last_synced_at, meta_region) VALUES ('pt-0996', 'Victoria Ali', 25, 'Female', 'Apt 51, 165 Cyprus Road', 'Cambridge', 'Cambridgeshire', 'CB1 3EY', 'UK', '+44 7790 963960', 'victoria.ali@icloud.com', 'Dr Priya Hughes', 'Brownlow Group Practice', '150 Mt Pleasant, Liverpool L69 3GD, United Kingdom', 'VE864437C', '269393091', 'verified_online', '2026-02-10T00:00:00Z', 'Cambridge');
INSERT INTO patient_conditions (patient_id, condition_name, status, since_date) VALUES ('pt-0996', 'Gout', 'monitoring', '2018-02-05');
INSERT INTO patient_conditions (patient_id, condition_name, status, since_date) VALUES ('pt-0996', 'Osteoarthritis', 'active', '2016-03-30');
INSERT INTO patient_prescriptions (patient_id, drug, indication, dose, frequency, start_date, prescriber) VALUES ('pt-0996', 'Mirtazapine', 'Depression', '50 mg', 'with meals', '2025-01-19', 'Dr Grace Khan');
INSERT INTO patient_appointments (patient_id, appointment_date, appointment_time, type, location, reason, verified_up_to_date) VALUES ('pt-0996', '2025-08-25', '11:20', 'Respiratory review', 'Hospital outpatient department', 'routine review', 1);
INSERT INTO patient_appointments (patient_id, appointment_date, appointment_time, type, location, reason, verified_up_to_date) VALUES ('pt-0996', '2026-09-24', '16:40', 'Physiotherapy', 'GP practice', 'routine review', 1);

INSERT INTO patients (id, name, age, gender, address_line1, city, county, postcode, country, telephone, email, gp_name, gp_practice, gp_address, national_insurance_number, passport_number, cache_status, last_synced_at, meta_region) VALUES ('pt-0997', 'Sophia White', 3, 'Female', '179 Chicheley Street', 'London', 'Greater London', 'SW1A 1BH', 'UK', '+44 7114 220165', 'swhite@hotmail.co.uk', 'Dr Sophie Roberts', 'Brownlow Group Practice', '150 Mt Pleasant, Liverpool L69 3GD, United Kingdom', 'FK169252C', '921634606', 'cached_recent', '2026-03-03T00:00:00Z', 'London');
INSERT INTO patient_conditions (patient_id, condition_name, status, since_date) VALUES ('pt-0997', 'Gout', 'history', '2016-11-28');
INSERT INTO patient_appointments (patient_id, appointment_date, appointment_time, type, location, reason, verified_up_to_date) VALUES ('pt-0997', '2023-09-05', '14:10', 'Physiotherapy', 'GP practice', 'results discussion', 1);
INSERT INTO patient_appointments (patient_id, appointment_date, appointment_time, type, location, reason, verified_up_to_date) VALUES ('pt-0997', '2027-03-04', '17:00', 'Medication review', 'GP practice', 'vaccination', 1);
INSERT INTO patient_vaccine_records (patient_id, vaccine, vaccine_date, product) VALUES ('pt-0997', 'COVID-19', '2017-07-07', 'Spikevax');

INSERT INTO patients (id, name, age, gender, address_line1, city, county, postcode, country, telephone, email, gp_name, gp_practice, gp_address, national_insurance_number, passport_number, cache_status, last_synced_at, meta_region) VALUES ('pt-0998', 'Nancy Brown', 80, 'Female', 'Apt 79, 209 Queen Victoria Road', 'Newcastle upon Tyne', 'Tyne and Wear', 'NE1 4LP', 'UK', '+44 7908 728211', 'nancy.brown21@hotmail.co.uk', 'Dr Owen Roberts', 'Brownlow Group Practice', '150 Mt Pleasant, Liverpool L69 3GD, United Kingdom', 'AG990237C', '522850565', 'cached_stale', '2026-02-09T00:00:00Z', 'Newcastle upon Tyne');
INSERT INTO patient_conditions (patient_id, condition_name, status, since_date) VALUES ('pt-0998', 'Obesity', 'monitoring', '2015-11-09');
INSERT INTO patient_prescriptions (patient_id, drug, indication, dose, frequency, start_date, prescriber) VALUES ('pt-0998', 'Rivaroxaban', 'Anticoagulant (AF/VTE)', '1 tablet', 'once daily', '2024-06-29', 'Dr Sophie Khan');
INSERT INTO patient_appointments (patient_id, appointment_date, appointment_time, type, location, reason, verified_up_to_date) VALUES ('pt-0998', '2025-04-06', '12:20', 'Diabetes clinic', 'Community clinic', 'symptom check', 1);
INSERT INTO patient_appointments (patient_id, appointment_date, appointment_time, type, location, reason, verified_up_to_date) VALUES ('pt-0998', '2025-09-19', '15:50', 'Medication review', 'Community clinic', 'routine review', 1);
INSERT INTO patient_appointments (patient_id, appointment_date, appointment_time, type, location, reason, verified_up_to_date) VALUES ('pt-0998', '2025-10-14', '13:40', 'Blood test', 'Home visit', 'treatment follow-up', 0);
INSERT INTO patient_appointments (patient_id, appointment_date, appointment_time, type, location, reason, verified_up_to_date) VALUES ('pt-0998', '2026-10-01', '15:10', 'Mental health check-in', 'Telehealth', 'treatment follow-up', 1);
INSERT INTO patient_vaccine_records (patient_id, vaccine, vaccine_date, product) VALUES ('pt-0998', 'COVID-19', '2020-09-05', 'Nuvaxovid');
INSERT INTO patient_vaccine_records (patient_id, vaccine, vaccine_date, product) VALUES ('pt-0998', 'COVID-19 booster', '2023-12-16', 'Spikevax');
INSERT INTO patient_vaccine_records (patient_id, vaccine, vaccine_date, product) VALUES ('pt-0998', 'Influenza (seasonal)', '2025-08-20', NULL);

INSERT INTO patients (id, name, age, gender, address_line1, city, county, postcode, country, telephone, email, gp_name, gp_practice, gp_address, national_insurance_number, passport_number, cache_status, last_synced_at, meta_region) VALUES ('pt-0999', 'Eliza Brown', 17, 'Female', 'Flat 50, 57 Bath Street', 'Glasgow', 'Glasgow City', 'G2 2NR', 'UK', '+44 7349 968343', 'eliza796@hotmail.co.uk', 'Dr Ben Jones', 'Brownlow Group Practice', '150 Mt Pleasant, Liverpool L69 3GD, United Kingdom', 'BW433175C', '580870459', 'cached_recent', '2026-02-09T00:00:00Z', 'Glasgow');
INSERT INTO patient_conditions (patient_id, condition_name, status, since_date) VALUES ('pt-0999', 'Generalised anxiety disorder', 'controlled', '2011-07-25');
INSERT INTO patient_appointments (patient_id, appointment_date, appointment_time, type, location, reason, verified_up_to_date) VALUES ('pt-0999', '2026-05-16', '13:50', 'Diabetes clinic', 'Community clinic', 'treatment follow-up', 0);
INSERT INTO patient_vaccine_records (patient_id, vaccine, vaccine_date, product) VALUES ('pt-0999', 'COVID-19', '2024-07-13', 'Spikevax');

INSERT INTO patients (id, name, age, gender, address_line1, city, county, postcode, country, telephone, email, gp_name, gp_practice, gp_address, national_insurance_number, passport_number, cache_status, last_synced_at, meta_region) VALUES ('pt-1000', 'Aria Edwards', 61, 'Female', '75 Constitution Hill', 'London', 'Greater London', 'SW1A 1AA', 'UK', '+44 7460 772195', 'aedwards@icloud.com', 'Dr Sophie Roberts', 'Brownlow Group Practice', '150 Mt Pleasant, Liverpool L69 3GD, United Kingdom', 'US440036A', '760386897', 'cached_recent', '2026-03-04T00:00:00Z', 'London');
INSERT INTO patient_conditions (patient_id, condition_name, status, since_date) VALUES ('pt-1000', 'Chronic kidney disease', 'controlled', '2014-11-18');
INSERT INTO patient_conditions (patient_id, condition_name, status, since_date) VALUES ('pt-1000', 'Osteoarthritis', 'active', '2018-03-13');
INSERT INTO patient_prescriptions (patient_id, drug, indication, dose, frequency, start_date, prescriber) VALUES ('pt-1000', 'Sertraline', 'Depression/Anxiety', '200 mg', 'once weekly', '2023-03-15', 'Dr Grace Khan');
INSERT INTO patient_appointments (patient_id, appointment_date, appointment_time, type, location, reason, verified_up_to_date) VALUES ('pt-1000', '2023-09-10', '15:15', 'Blood test', 'GP practice', 'treatment follow-up', 1);
INSERT INTO patient_vaccine_records (patient_id, vaccine, vaccine_date, product) VALUES ('pt-1000', 'COVID-19', '2018-11-27', 'Comirnaty');
INSERT INTO patient_vaccine_records (patient_id, vaccine, vaccine_date, product) VALUES ('pt-1000', 'Pneumococcal', '2022-10-20', NULL);
INSERT INTO patient_vaccine_records (patient_id, vaccine, vaccine_date, product) VALUES ('pt-1000', 'Td/Tdap (tetanus, diphtheria, pertussis)', '2022-08-24', NULL);

COMMIT;

